HOST	TIME	CPU	MEMORY_RESIDENT	MEMORY_TOTAL_RESIDENT	MEMORY_USED	MEMORY_ALLOCATION_LIMIT	MEMORY_SIZE	DISK_USED	DISK_SIZE	NETWORK_IN	NETWORK_OUT	SWAP_IN	SWAP_OUT
em-p-ihep51	20260625070005778000000	29	23,216,652,460,032	23,216,677,285,888	14,548,956,741,214	25,154,938,761,216	25,945,969,811,456	22,034,264,555,520	29,685,706,653,696	603,851,149	3,407,906,932	0	0
em-p-ihep51	20260625070015797000000	40	23,214,629,523,456	23,215,072,579,584	14,608,399,657,215	25,154,938,761,216	25,945,969,811,456	22,034,264,555,520	29,685,706,653,696	643,709,922	5,063,976,827	0	0
em-p-ihep51	20260625070025787000000	33	23,213,594,648,576	23,214,044,319,744	14,591,670,219,797	25,154,938,761,216	25,945,969,811,456	22,034,264,555,520	29,685,706,653,696	679,621,296	4,666,336,447	0	0
em-p-ihep51	20260625070035787000000	28	23,245,531,447,296	23,243,473,149,952	14,639,358,934,817	25,154,938,761,216	25,945,969,811,456	22,034,264,555,520	29,685,706,653,696	532,040,594	3,305,754,851	0	0
em-p-ihep51	20260625070045800000000	23	23,251,100,827,648	23,251,165,462,528	14,650,293,686,261	25,154,938,761,216	25,945,969,811,456	22,034,264,555,520	29,685,706,653,696	560,627,226	4,653,510,589	0	0
em-p-ihep51	20260625070055822000000	22	23,252,699,279,360	23,252,812,795,904	14,643,084,086,197	25,154,938,761,216	25,945,969,811,456	22,034,264,555,520	29,685,706,653,696	572,361,268	4,196,864,367	0	0
em-p-ihep51	20260625070105928000000	21	23,252,698,091,520	23,252,739,629,056	14,638,644,550,576	25,154,938,761,216	25,945,969,811,456	22,034,264,555,520	29,685,706,653,696	578,493,909	5,316,080,689	0	0
em-p-ihep51	20260625070115930000000	24	23,252,707,815,424	23,252,767,014,912	14,633,838,200,797	25,154,938,761,216	25,945,969,811,456	22,034,264,555,520	29,685,706,653,696	734,467,991	5,680,556,813	0	0
em-p-ihep51	20260625070125935000000	19	23,254,438,400,000	23,254,301,954,048	14,642,417,585,714	25,154,938,761,216	25,945,969,811,456	22,034,264,555,520	29,685,706,653,696	599,526,539	6,092,490,110	0	0
em-p-ihep51	20260625070135947000000	22	23,255,732,191,232	23,255,795,974,144	14,655,790,945,097	25,154,938,761,216	25,945,969,811,456	22,034,264,555,520	29,685,706,653,696	464,266,775	3,611,540,924	0	0
em-p-ihep51	20260625070145947000000	26	23,259,875,409,920	23,260,043,239,424	14,671,320,928,947	25,154,938,761,216	25,945,969,811,456	22,034,264,555,520	29,685,706,653,696	378,722,322	3,842,955,261	0	0
em-p-ihep51	20260625070156053000000	23	23,261,854,769,152	23,262,031,122,432	14,645,436,734,447	25,154,938,761,216	25,945,969,811,456	22,034,264,555,520	29,685,706,653,696	329,915,139	2,975,270,832	0	0
em-p-ihep51	20260625070206050000000	19	23,263,912,255,488	23,262,568,595,456	14,688,985,075,796	25,154,938,761,216	25,945,969,811,456	22,034,264,555,520	29,685,706,653,696	342,859,417	2,410,153,222	0	0
em-p-ihep51	20260625070216135000000	17	23,247,074,938,880	23,247,354,576,896	14,670,589,409,951	25,154,938,761,216	25,945,969,811,456	22,034,264,555,520	29,685,706,653,696	510,387,410	4,168,543,332	0	0
em-p-ihep51	20260625070226143000000	15	23,247,747,502,080	23,248,307,286,016	14,651,067,514,681	25,154,938,761,216	25,945,969,811,456	22,034,264,555,520	29,685,706,653,696	332,528,389	1,724,043,704	0	0
em-p-ihep51	20260625070236146000000	19	23,237,005,774,848	23,237,129,928,704	14,651,099,293,164	25,154,938,761,216	25,945,969,811,456	22,034,264,555,520	29,685,706,653,696	314,297,275	2,887,250,838	0	0
em-p-ihep51	20260625070246149000000	14	23,230,301,921,280	23,230,429,949,952	14,559,621,450,788	25,154,938,761,216	25,945,969,811,456	22,034,264,555,520	29,685,706,653,696	461,718,865	2,592,220,005	0	0
em-p-ihep51	20260625070256172000000	14	23,210,763,300,864	23,210,892,107,776	14,532,109,470,592	25,154,938,761,216	25,945,969,811,456	22,034,264,555,520	29,685,706,653,696	478,100,750	4,404,572,633	0	0
em-p-ihep51	20260625070306142000000	14	23,210,771,783,680	23,210,920,296,448	14,533,480,788,271	25,154,938,761,216	25,945,969,811,456	22,034,264,555,520	29,685,706,653,696	547,916,950	4,697,146,877	0	0
em-p-ihep51	20260625070316238000000	14	23,210,770,489,344	23,210,853,568,512	14,534,152,222,365	25,154,938,761,216	25,945,969,811,456	22,034,264,555,520	29,685,706,653,696	338,731,414	4,590,569,547	0	0
em-p-ihep51	20260625070326349000000	13	23,210,769,223,680	23,211,201,593,344	14,528,437,152,103	25,154,938,761,216	25,945,969,811,456	22,034,264,555,520	29,685,706,653,696	460,617,322	4,759,355,168	0	0
em-p-ihep51	20260625070336335000000	12	23,210,766,929,920	23,211,102,187,520	14,532,383,845,045	25,154,938,761,216	25,945,969,811,456	22,034,264,555,520	29,685,706,653,696	357,472,053	3,376,434,153	0	0
em-p-ihep51	20260625070346466000000	14	23,210,765,086,720	23,210,843,762,688	14,535,464,674,349	25,154,938,761,216	25,945,969,811,456	22,034,264,555,520	29,685,706,653,696	643,149,702	1,779,891,068	0	0
em-p-ihep51	20260625070356550000000	15	23,210,736,279,552	23,210,814,832,640	14,531,456,919,077	25,154,938,761,216	25,945,969,811,456	22,034,264,555,520	29,685,706,653,696	445,262,069	776,951,774	0	0
em-p-ihep51	20260625070406549000000	16	23,210,732,716,032	23,210,813,915,136	14,536,815,341,105	25,154,938,761,216	25,945,969,811,456	22,034,264,555,520	29,685,706,653,696	737,530,257	1,287,761,734	0	0
em-p-ihep51	20260625070416652000000	16	23,210,732,851,200	23,210,979,667,968	14,531,318,096,306	25,154,938,761,216	25,945,969,811,456	22,034,264,555,520	29,685,706,653,696	429,359,976	991,094,779	0	0
em-p-ihep51	20260625070426682000000	13	23,210,717,986,816	23,210,785,845,248	14,534,567,320,637	25,154,938,761,216	25,945,969,811,456	22,034,264,555,520	29,685,706,653,696	514,556,189	2,483,332,325	0	0
em-p-ihep51	20260625070436646000000	12	23,210,716,798,976	23,210,824,204,288	14,532,158,327,926	25,154,938,761,216	25,945,969,811,456	22,034,264,555,520	29,685,706,653,696	388,523,529	1,126,320,922	0	0
em-p-ihep51	20260625070446779000000	14	23,210,715,774,976	23,211,056,812,032	14,534,264,264,195	25,154,938,761,216	25,945,969,811,456	22,034,264,555,520	29,685,706,653,696	509,292,521	1,130,472,649	0	0
em-p-ihep51	20260625070456867000000	15	23,206,114,336,768	23,206,157,647,872	14,509,396,775,255	25,154,938,761,216	25,945,969,811,456	22,034,264,555,520	29,685,706,653,696	316,124,575	496,470,493	0	0
em-p-ihep51	20260625070506936000000	17	23,198,223,605,760	23,198,279,380,992	14,511,523,091,118	25,154,938,761,216	25,945,969,811,456	22,034,264,555,520	29,685,706,653,696	412,952,208	730,598,557	0	0
em-p-ihep51	20260625070517023000000	15	23,198,223,769,600	23,198,276,251,648	14,517,837,778,481	25,154,938,761,216	25,945,969,811,456	22,034,264,555,520	29,685,706,653,696	383,146,902	561,596,239	0	0
em-p-ihep51	20260625070527113000000	17	23,198,223,663,104	23,198,313,754,624	14,518,095,275,231	25,154,938,761,216	25,945,969,811,456	22,034,264,555,520	29,685,706,653,696	395,172,485	699,176,160	0	0
em-p-ihep51	20260625070537208000000	17	23,198,223,638,528	23,198,629,117,952	14,510,622,873,797	25,154,938,761,216	25,945,969,811,456	22,034,264,555,520	29,685,706,653,696	409,201,857	1,211,845,619	0	0
em-p-ihep51	20260625070547291000000	12	23,198,221,340,672	23,198,289,760,256	14,509,462,810,468	25,154,938,761,216	25,945,969,811,456	22,034,264,555,520	29,685,706,653,696	353,289,955	1,835,741,551	0	0
em-p-ihep51	20260625070557385000000	13	23,198,222,422,016	23,198,306,922,496	14,516,360,517,546	25,154,938,761,216	25,945,969,811,456	22,034,264,555,520	29,685,706,653,696	339,744,185	1,107,790,522	0	0
em-p-ihep51	20260625070607488000000	15	23,198,221,234,176	23,198,286,671,872	14,513,497,739,229	25,154,938,761,216	25,945,969,811,456	22,034,264,555,520	29,685,706,653,696	390,654,839	997,213,647	0	0
em-p-ihep51	20260625070617473000000	14	23,198,222,585,856	23,198,832,574,464	14,509,984,497,478	25,154,938,761,216	25,945,969,811,456	22,034,264,555,520	29,685,706,653,696	446,977,699	922,431,030	0	0
em-p-ihep51	20260625070627556000000	10	23,198,222,479,360	23,198,334,877,696	14,512,505,195,948	25,154,938,761,216	25,945,969,811,456	22,034,264,555,520	29,685,706,653,696	464,678,970	723,937,742	0	0
em-p-ihep51	20260625070637673000000	13	23,198,222,372,864	23,198,282,588,160	14,520,150,270,778	25,154,938,761,216	25,945,969,811,456	22,034,264,555,520	29,685,706,653,696	468,175,751	725,748,519	0	0
em-p-ihep51	20260625070647741000000	17	23,198,222,155,776	23,198,337,740,800	14,516,394,347,526	25,154,938,761,216	25,945,969,811,456	22,034,264,555,520	29,685,706,653,696	255,259,988	788,709,481	0	0
em-p-ihep51	20260625070657836000000	17	23,198,219,304,960	23,198,334,558,208	14,512,499,958,630	25,154,938,761,216	25,945,969,811,456	22,034,264,555,520	29,685,706,653,696	240,686,558	729,690,278	0	0
em-p-ihep51	20260625070707932000000	18	23,198,240,817,152	23,198,875,598,848	14,529,460,111,247	25,154,938,761,216	25,945,969,811,456	22,034,264,555,520	29,685,706,653,696	425,917,303	702,346,905	0	0
em-p-ihep51	20260625070718026000000	15	23,198,240,780,288	23,198,357,065,728	14,518,816,278,048	25,154,938,761,216	25,945,969,811,456	22,034,264,555,520	29,685,706,653,696	200,968,197	665,279,036	0	0
em-p-ihep51	20260625070728127000000	9	23,198,238,253,056	23,198,544,551,936	14,524,779,497,881	25,154,938,761,216	25,945,969,811,456	22,034,264,555,520	29,685,706,653,696	483,051,047	738,875,322	0	0
em-p-ihep51	20260625070738216000000	14	23,198,238,367,744	23,198,350,077,952	14,534,936,823,041	25,154,938,761,216	25,945,969,811,456	22,034,264,555,520	29,685,706,653,696	220,828,679	2,789,983,955	0	0
em-p-ihep51	20260625070748297000000	14	23,198,238,498,816	23,198,349,787,136	14,521,128,580,499	25,154,938,761,216	25,945,969,811,456	22,034,264,555,520	29,685,706,653,696	234,610,978	1,263,493,526	0	0
em-p-ihep51	20260625070758385000000	16	23,198,238,765,056	23,198,349,012,992	14,516,103,126,971	25,154,938,761,216	25,945,969,811,456	22,034,264,555,520	29,685,706,653,696	235,874,961	557,597,867	0	0
em-p-ihep51	20260625070808468000000	18	23,198,522,343,424	23,198,636,122,112	14,524,456,528,924	25,154,938,761,216	25,945,969,811,456	22,034,264,555,520	29,685,706,653,696	230,953,730	634,313,070	0	0
em-p-ihep51	20260625070818555000000	14	23,198,609,006,592	23,198,727,241,728	14,530,120,785,525	25,154,938,761,216	25,945,969,811,456	22,034,264,555,520	29,685,706,653,696	246,431,187	427,866,458	0	0
em-p-ihep51	20260625070828640000000	12	23,198,868,094,976	23,198,984,228,864	14,533,056,511,148	25,154,938,761,216	25,945,969,811,456	22,034,264,555,520	29,685,706,653,696	249,050,978	496,184,299	0	0
em-p-ihep51	20260625070838730000000	9	23,198,869,176,320	23,198,982,205,440	14,535,818,229,470	25,154,938,761,216	25,945,969,811,456	22,034,264,555,520	29,685,706,653,696	268,451,692	488,072,195	0	0
em-p-ihep51	20260625070848804000000	11	23,204,060,606,464	23,204,482,228,224	14,543,402,647,638	25,154,938,761,216	25,945,969,811,456	22,034,264,555,520	29,685,706,653,696	228,631,641	476,897,789	0	0
em-p-ihep51	20260625070858882000000	11	23,218,465,349,632	23,218,577,518,592	14,557,290,647,678	25,154,938,761,216	25,945,969,811,456	22,034,264,555,520	29,685,706,653,696	270,084,832	889,283,735	0	0
em-p-ihep51	20260625070908961000000	15	23,220,408,684,544	23,220,521,762,816	14,554,424,423,333	25,154,938,761,216	25,945,969,811,456	22,034,264,555,520	29,685,706,653,696	191,748,383	1,531,060,209	0	0
em-p-ihep51	20260625070918961000000	12	23,220,408,684,544	23,220,524,544,000	14,544,905,308,565	25,154,938,761,216	25,945,969,811,456	22,034,264,555,520	29,685,706,653,696	219,359,779	447,504,209	0	0
em-p-ihep51	20260625070928978000000	12	23,220,409,765,888	23,220,525,322,240	14,542,050,847,573	25,154,938,761,216	25,945,969,811,456	22,034,264,555,520	29,685,706,653,696	112,153,319	293,504,295	0	0
em-p-ihep51	20260625070939066000000	11	23,220,411,281,408	23,220,526,641,152	14,548,667,126,646	25,154,938,761,216	25,945,969,811,456	22,034,264,555,520	29,685,706,653,696	108,803,504	292,037,881	0	0
em-p-ihep51	20260625070949147000000	13	23,220,411,281,408	23,220,526,604,288	14,554,083,419,618	25,154,938,761,216	25,945,969,811,456	22,034,264,555,520	29,685,706,653,696	163,430,046	508,169,225	0	0
em-p-ihep51	20260625070959159000000	14	23,220,948,062,208	23,221,340,372,992	14,553,276,142,482	25,154,938,761,216	25,945,969,811,456	22,034,264,555,520	29,685,706,653,696	211,977,659	473,625,968	0	0
em-p-ihep51	20260625071009302000000	27	23,220,972,957,696	23,221,100,888,064	14,575,540,096,150	25,154,938,761,216	25,945,969,811,456	22,034,264,555,520	29,685,706,653,696	757,560,298	3,186,556,350	0	0
em-p-ihep51	20260625071019287000000	27	23,221,513,662,464	23,221,708,353,536	14,563,988,116,818	25,154,938,761,216	25,945,969,811,456	22,034,264,555,520	29,685,706,653,696	948,246,025	3,801,856,380	0	0
em-p-ihep51	20260625071029276000000	20	23,221,504,286,720	23,221,683,249,152	14,562,965,029,585	25,154,938,761,216	25,945,969,811,456	22,034,264,555,520	29,685,706,653,696	604,555,485	2,837,354,505	0	0
em-p-ihep51	20260625071039377000000	18	23,232,670,171,136	23,232,056,688,640	14,577,013,786,865	25,154,938,761,216	25,945,969,811,456	22,034,264,555,520	29,685,706,653,696	337,020,282	1,856,205,851	0	0
em-p-ihep51	20260625071049368000000	18	23,243,908,902,912	23,243,999,563,776	14,583,036,159,495	25,154,938,761,216	25,945,969,811,456	22,034,264,555,520	29,685,706,653,696	272,910,268	1,624,069,955	0	0
em-p-ihep51	20260625071059454000000	18	23,254,054,739,968	23,253,501,472,768	14,594,108,246,926	25,154,938,761,216	25,945,969,811,456	22,034,264,555,520	29,685,706,653,696	185,039,084	1,780,780,190	0	0
em-p-ihep51	20260625071109555000000	26	23,259,570,196,480	23,259,657,347,072	14,610,536,519,128	25,154,938,761,216	25,945,969,811,456	22,034,264,555,520	29,685,706,653,696	1,258,269,330	4,530,484,288	0	0
em-p-ihep51	20260625071119648000000	21	23,255,223,156,736	23,256,527,532,032	14,629,944,211,230	25,154,938,761,216	25,945,969,811,456	22,034,264,555,520	29,685,706,653,696	662,396,890	2,934,977,596	0	0
em-p-ihep51	20260625071129744000000	21	23,265,771,053,056	23,265,583,230,976	14,651,249,178,863	25,154,938,761,216	25,945,969,811,456	22,034,264,555,520	29,685,706,653,696	1,176,734,574	3,656,609,750	0	0
em-p-ihep51	20260625071139849000000	27	23,267,024,527,360	23,267,585,380,352	14,644,100,349,924	25,154,938,761,216	25,945,969,811,456	22,034,264,555,520	29,685,706,653,696	992,864,524	4,433,402,916	0	0
em-p-ihep51	20260625071149861000000	25	23,259,707,334,656	23,262,673,616,896	14,618,835,144,610	25,154,938,761,216	25,945,969,811,456	22,034,264,555,520	29,685,706,653,696	856,943,181	3,505,232,875	0	0
em-p-ihep51	20260625071159828000000	19	23,247,943,434,240	23,247,761,731,584	14,602,973,182,943	25,154,938,761,216	25,945,969,811,456	22,034,264,555,520	29,685,706,653,696	953,266,086	2,873,361,639	0	0
em-p-ihep51	20260625071209938000000	19	23,243,148,615,680	23,243,181,768,704	14,629,291,194,760	25,154,938,761,216	25,945,969,811,456	22,034,264,555,520	29,685,706,653,696	801,474,942	3,201,875,198	0	0
em-p-ihep51	20260625071219943000000	13	23,242,339,774,464	23,242,495,102,976	14,604,720,028,698	25,154,938,761,216	25,945,969,811,456	22,034,264,555,520	29,685,706,653,696	233,520,801	1,586,206,726	0	0
em-p-ihep51	20260625071230020000000	9	23,234,702,163,968	23,235,651,919,872	14,586,358,932,427	25,154,938,761,216	25,945,969,811,456	22,034,264,555,520	29,685,706,653,696	224,741,139	1,110,927,971	0	0
em-p-ihep51	20260625071240107000000	25	23,228,973,617,152	23,229,131,202,560	14,575,824,992,201	25,154,938,761,216	25,945,969,811,456	22,034,264,555,520	29,685,706,653,696	1,568,434,761	3,051,082,526	0	0
em-p-ihep51	20260625071250151000000	41	23,205,593,235,456	23,206,390,685,696	14,551,633,074,362	25,154,938,761,216	25,945,969,811,456	22,034,264,555,520	29,685,706,653,696	636,936,032	710,348,810	0	0
em-p-ihep51	20260625071300209000000	10	23,195,512,782,848	23,195,938,304,000	14,552,236,978,042	25,154,938,761,216	25,945,969,811,456	22,034,264,555,520	29,685,706,653,696	648,564,825	1,935,567,633	0	0
em-p-ihep51	20260625071310319000000	12	23,195,508,305,920	23,195,689,689,088	14,562,244,831,428	25,154,938,761,216	25,945,969,811,456	22,034,264,555,520	29,685,706,653,696	1,259,064,726	3,224,006,577	0	0
em-p-ihep51	20260625071320415000000	20	23,195,503,681,536	23,195,645,014,016	14,566,070,204,079	25,154,938,761,216	25,945,969,811,456	22,034,264,555,520	29,685,706,653,696	1,427,964,494	4,260,959,158	0	0
em-p-ihep51	20260625071330421000000	26	23,195,511,463,936	23,195,605,184,512	14,566,333,723,944	25,154,938,761,216	25,945,969,811,456	22,034,264,555,520	29,685,706,653,696	1,418,198,875	2,405,681,698	0	0
em-p-ihep51	20260625071340513000000	19	23,195,507,978,240	23,195,576,541,184	14,563,380,164,013	25,154,938,761,216	25,945,969,811,456	22,034,264,555,520	29,685,706,653,696	918,644,551	3,041,568,229	0	0
em-p-ihep51	20260625071350611000000	19	23,195,508,064,256	23,196,045,185,024	14,570,258,456,556	25,154,938,761,216	25,945,969,811,456	22,034,264,555,520	29,685,706,653,696	1,441,069,609	2,684,441,408	0	0
em-p-ihep51	20260625071400718000000	22	23,195,510,194,176	23,195,580,833,792	14,567,411,555,283	25,154,938,761,216	25,945,969,811,456	22,034,264,555,520	29,685,706,653,696	1,003,456,886	2,241,499,350	0	0
em-p-ihep51	20260625071410722000000	17	23,195,509,538,816	23,195,950,567,424	14,569,032,418,153	25,154,938,761,216	25,945,969,811,456	22,034,264,555,520	29,685,706,653,696	897,535,633	2,616,880,051	0	0
em-p-ihep51	20260625071420720000000	25	23,195,521,703,936	23,195,576,131,584	14,567,430,448,806	25,154,938,761,216	25,945,969,811,456	22,034,264,555,520	29,685,706,653,696	574,797,177	2,274,035,571	0	0
em-p-ihep51	20260625071430710000000	26	23,195,523,452,928	23,195,576,426,496	14,567,057,521,746	25,154,938,761,216	25,945,969,811,456	22,034,264,555,520	29,685,706,653,696	165,260,053	1,250,881,223	0	0
em-p-ihep51	20260625071440728000000	27	23,195,535,400,960	23,195,582,103,552	14,574,812,749,660	25,154,938,761,216	25,945,969,811,456	22,034,264,555,520	29,685,706,653,696	202,003,645	1,430,236,557	0	0
em-p-ihep51	20260625071450777000000	25	23,195,525,091,328	23,195,577,184,256	14,570,520,584,084	25,154,938,761,216	25,945,969,811,456	22,034,264,555,520	29,685,706,653,696	433,985,656	1,533,107,015	0	0
em-p-ihep51	20260625071500763000000	20	23,196,182,257,664	23,196,247,941,120	14,565,904,284,231	25,154,938,761,216	25,945,969,811,456	22,034,264,555,520	29,685,706,653,696	495,954,855	1,338,343,274	0	0
em-p-ihep51	20260625071510774000000	22	23,196,185,628,672	23,196,336,783,360	14,579,813,495,710	25,154,938,761,216	25,945,969,811,456	22,034,264,555,520	29,685,706,653,696	633,898,229	1,836,679,362	0	0
em-p-ihep51	20260625071520775000000	23	23,196,188,565,504	23,196,413,788,160	14,583,690,871,233	25,154,938,761,216	25,945,969,811,456	22,034,264,555,520	29,685,706,653,696	543,643,807	3,449,945,840	0	0
em-p-ihep51	20260625071530867000000	19	23,196,189,937,664	23,196,268,929,024	14,575,109,888,750	25,154,938,761,216	25,945,969,811,456	22,034,264,555,520	29,685,706,653,696	726,310,738	1,330,202,817	0	0
em-p-ihep51	20260625071540930000000	13	23,196,183,031,808	23,196,247,777,280	14,573,572,141,736	25,154,938,761,216	25,945,969,811,456	22,034,264,555,520	29,685,706,653,696	678,790,580	932,312,207	0	0
em-p-ihep51	20260625071550937000000	13	23,196,180,549,632	23,196,244,381,696	14,569,547,089,382	25,154,938,761,216	25,945,969,811,456	22,034,264,555,520	29,685,706,653,696	151,045,065	436,998,623	0	0
em-p-ihep51	20260625071601021000000	11	23,196,180,713,472	23,196,247,056,384	14,572,688,545,622	25,154,938,761,216	25,945,969,811,456	22,034,264,555,520	29,685,706,653,696	296,674,253	1,174,488,212	0	0
em-p-ihep51	20260625071611102000000	17	23,196,180,713,472	23,196,252,061,696	14,571,081,237,872	25,154,938,761,216	25,945,969,811,456	22,034,264,555,520	29,685,706,653,696	303,107,207	980,997,214	0	0
em-p-ihep51	20260625071621100000000	9	23,196,178,231,296	23,196,242,022,400	14,568,596,160,801	25,154,938,761,216	25,945,969,811,456	22,034,264,555,520	29,685,706,653,696	176,934,908	342,190,054	0	0
em-p-ihep51	20260625071631201000000	9	23,196,179,202,048	23,196,244,004,864	14,566,845,407,802	25,154,938,761,216	25,945,969,811,456	22,034,264,555,520	29,685,706,653,696	93,488,427	663,843,782	0	0
em-p-ihep51	20260625071641213000000	9	23,196,179,202,048	23,196,283,883,520	14,570,141,339,712	25,154,938,761,216	25,945,969,811,456	22,034,264,555,520	29,685,706,653,696	98,967,467	232,133,222	0	0
em-p-ihep51	20260625071651301000000	9	23,196,179,365,888	23,196,278,530,048	14,568,076,117,633	25,154,938,761,216	25,945,969,811,456	22,034,264,555,520	29,685,706,653,696	133,757,234	379,854,875	0	0
em-p-ihep51	20260625071701379000000	9	23,196,177,043,456	23,196,276,224,000	14,564,928,634,490	25,154,938,761,216	25,945,969,811,456	22,034,264,555,520	29,685,706,653,696	98,574,355	698,998,944	0	0
em-p-ihep51	20260625071711468000000	9	23,196,177,207,296	23,196,273,426,432	14,569,978,454,151	25,154,938,761,216	25,945,969,811,456	22,034,264,555,520	29,685,706,653,696	93,975,536	370,837,808	0	0
em-p-ihep51	20260625071721541000000	8	23,195,102,199,808	23,195,406,536,704	14,540,977,692,512	25,154,938,761,216	25,945,969,811,456	22,034,264,555,520	29,685,706,653,696	96,684,779	3,035,187,701	0	0
em-p-ihep51	20260625071731617000000	6	23,182,926,237,696	23,183,012,945,920	14,543,227,563,909	25,154,938,761,216	25,945,969,811,456	22,034,264,555,520	29,685,706,653,696	115,054,543	784,311,184	0	0
em-p-ihep51	20260625071741633000000	8	23,182,926,401,536	23,183,012,835,328	14,553,337,607,411	25,154,938,761,216	25,945,969,811,456	22,034,264,555,520	29,685,706,653,696	163,732,035	295,692,939	0	0
em-p-ihep51	20260625071751725000000	14	23,182,926,295,040	23,183,011,008,512	14,540,457,369,281	25,154,938,761,216	25,945,969,811,456	22,034,264,555,520	29,685,706,653,696	245,235,358	464,774,588	0	0
em-p-ihep51	20260625071801807000000	9	23,182,926,458,880	23,183,024,996,352	14,544,414,117,162	25,154,938,761,216	25,945,969,811,456	22,034,264,555,520	29,685,706,653,696	215,140,260	400,047,234	0	0
em-p-ihep51	20260625071811907000000	9	23,182,926,458,880	23,183,011,418,112	14,547,614,474,297	25,154,938,761,216	25,945,969,811,456	22,034,264,555,520	29,685,706,653,696	154,206,233	391,267,705	0	0
em-p-ihep51	20260625071821990000000	7	23,182,925,271,040	23,183,012,352,000	14,544,594,156,796	25,154,938,761,216	25,945,969,811,456	22,034,264,555,520	29,685,706,653,696	301,641,428	440,514,677	0	0
em-p-ihep51	20260625071832089000000	11	23,182,926,352,384	23,183,491,792,896	14,539,595,421,862	25,154,938,761,216	25,945,969,811,456	22,034,264,555,520	29,685,706,653,696	212,438,792	454,444,302	0	0
em-p-ihep51	20260625071842174000000	6	23,182,926,245,888	23,183,014,559,744	14,542,102,731,919	25,154,938,761,216	25,945,969,811,456	22,034,264,555,520	29,685,706,653,696	155,043,523	831,704,350	0	0
em-p-ihep51	20260625071852260000000	6	23,182,926,409,728	23,183,015,092,224	14,537,795,046,108	25,154,938,761,216	25,945,969,811,456	22,034,264,555,520	29,685,706,653,696	316,508,323	1,062,673,566	0	0
em-p-ihep51	20260625071902370000000	7	23,182,925,922,304	23,183,016,259,584	14,542,533,289,120	25,154,938,761,216	25,945,969,811,456	22,034,264,555,520	29,685,706,653,696	374,400,577	927,604,396	0	0
em-p-ihep51	20260625071912440000000	13	23,182,925,975,552	23,183,342,522,368	14,546,335,605,965	25,154,938,761,216	25,945,969,811,456	22,034,264,555,520	29,685,706,653,696	141,572,736	565,136,190	0	0
em-p-ihep51	20260625071922552000000	7	23,182,929,383,424	23,182,988,734,464	14,542,997,282,546	25,154,938,761,216	25,945,969,811,456	22,034,264,555,520	29,685,706,653,696	126,649,478	248,836,184	0	0
em-p-ihep51	20260625071932618000000	8	23,183,307,747,328	23,183,367,950,336	14,548,709,464,401	25,154,938,761,216	25,945,969,811,456	22,034,264,555,520	29,685,706,653,696	126,801,251	245,816,444	0	0
em-p-ihep51	20260625071942712000000	10	23,183,308,070,912	23,183,363,104,768	14,537,321,603,922	25,154,938,761,216	25,945,969,811,456	22,034,264,555,520	29,685,706,653,696	145,260,603	385,312,729	0	0
em-p-ihep51	20260625071952804000000	7	23,183,306,776,576	23,183,361,454,080	14,538,231,542,212	25,154,938,761,216	25,945,969,811,456	22,034,264,555,520	29,685,706,653,696	88,317,441	256,014,029	0	0
em-p-ihep51	20260625072002907000000	9	23,182,786,338,816	23,182,854,344,704	14,546,217,899,325	25,154,938,761,216	25,945,969,811,456	22,034,264,555,520	29,685,706,653,696	177,366,630	1,171,669,031	0	0
em-p-ihep51	20260625072012940000000	25	23,183,920,947,200	23,183,648,862,208	14,598,824,895,519	25,154,938,761,216	25,945,969,811,456	22,034,264,555,520	29,685,706,653,696	338,646,993	1,110,883,315	0	0
em-p-ihep51	20260625072023019000000	18	23,184,289,959,936	23,184,368,828,416	14,553,749,947,391	25,154,938,761,216	25,945,969,811,456	22,034,264,555,520	29,685,706,653,696	320,768,686	867,720,490	0	0
em-p-ihep51	20260625072033048000000	23	23,187,208,351,744	23,187,265,101,824	14,570,365,917,527	25,154,938,761,216	25,945,969,811,456	22,034,264,555,520	29,685,706,653,696	249,848,464	549,822,146	0	0
em-p-ihep51	20260625072043063000000	23	23,181,362,483,200	23,181,417,979,904	14,549,575,238,837	25,154,938,761,216	25,945,969,811,456	22,034,264,555,520	29,685,706,653,696	228,160,823	922,346,760	0	0
em-p-ihep51	20260625072053065000000	20	23,181,361,459,200	23,181,446,782,976	14,542,932,491,885	25,154,938,761,216	25,945,969,811,456	22,034,264,555,520	29,685,706,653,696	774,894,994	500,809,006	0	0
em-p-ihep51	20260625072103206000000	15	23,181,358,387,200	23,181,435,617,280	14,543,242,515,195	25,154,938,761,216	25,945,969,811,456	22,034,264,555,520	29,685,706,653,696	850,917,500	738,110,100	0	0
em-p-ihep51	20260625072113189000000	16	23,181,355,978,752	23,181,458,939,904	14,549,837,425,120	25,154,938,761,216	25,945,969,811,456	22,034,264,555,520	29,685,706,653,696	832,276,025	532,915,366	0	0
em-p-ihep51	20260625072123273000000	14	23,181,359,251,456	23,181,864,140,800	14,551,413,091,041	25,154,938,761,216	25,945,969,811,456	22,034,264,555,520	29,685,706,653,696	571,136,403	1,948,391,790	0	0
em-p-ihep51	20260625072133349000000	17	23,181,365,436,416	23,181,545,160,704	14,549,138,662,915	25,154,938,761,216	25,945,969,811,456	22,034,264,555,520	29,685,706,653,696	389,119,786	1,159,940,456	0	0
em-p-ihep51	20260625072143450000000	12	23,181,641,592,832	23,181,745,152,000	14,543,361,843,344	25,154,938,761,216	25,945,969,811,456	22,034,264,555,520	29,685,706,653,696	479,863,107	1,117,169,794	0	0
em-p-ihep51	20260625072153556000000	8	23,181,641,486,336	23,181,745,233,920	14,539,175,518,332	25,154,938,761,216	25,945,969,811,456	22,034,264,555,520	29,685,706,653,696	378,490,971	342,963,975	0	0
em-p-ihep51	20260625072203643000000	10	23,181,642,838,016	23,182,248,452,096	14,544,433,131,581	25,154,938,761,216	25,945,969,811,456	22,034,264,555,520	29,685,706,653,696	481,382,590	963,192,575	0	0
em-p-ihep51	20260625072213638000000	11	23,181,639,544,832	23,181,808,553,984	14,548,614,341,101	25,154,938,761,216	25,945,969,811,456	22,034,264,555,520	29,685,706,653,696	554,092,040	627,145,152	0	0
em-p-ihep51	20260625072223727000000	9	23,181,642,788,864	23,181,803,360,256	14,541,067,002,943	25,154,938,761,216	25,945,969,811,456	22,034,264,555,520	29,685,706,653,696	285,788,650	471,526,254	0	0
em-p-ihep51	20260625072233826000000	8	23,181,642,682,368	23,181,731,311,616	14,549,644,358,330	25,154,938,761,216	25,945,969,811,456	22,034,264,555,520	29,685,706,653,696	529,652,339	615,429,837	0	0
em-p-ihep51	20260625072243922000000	11	23,181,642,846,208	23,182,140,452,864	14,540,553,331,149	25,154,938,761,216	25,945,969,811,456	22,034,264,555,520	29,685,706,653,696	194,881,035	561,743,388	0	0
em-p-ihep51	20260625072254007000000	7	23,181,643,816,960	23,181,734,965,248	14,541,388,803,940	25,154,938,761,216	25,945,969,811,456	22,034,264,555,520	29,685,706,653,696	345,496,648	947,667,687	0	0
em-p-ihep51	20260625072304102000000	9	23,181,643,980,800	23,181,735,006,208	14,544,926,907,969	25,154,938,761,216	25,945,969,811,456	22,034,264,555,520	29,685,706,653,696	299,260,263	1,231,289,945	0	0
em-p-ihep51	20260625072314182000000	9	23,181,643,874,304	23,181,739,376,640	14,542,202,756,488	25,154,938,761,216	25,945,969,811,456	22,034,264,555,520	29,685,706,653,696	291,422,226	403,301,180	0	0
em-p-ihep51	20260625072324257000000	6	23,181,644,144,640	23,181,727,223,808	14,541,297,506,934	25,154,938,761,216	25,945,969,811,456	22,034,264,555,520	29,685,706,653,696	103,408,474	251,517,978	0	0
em-p-ihep51	20260625072334281000000	7	23,181,643,067,392	23,181,724,704,768	14,540,588,595,729	25,154,938,761,216	25,945,969,811,456	22,034,264,555,520	29,685,706,653,696	155,517,385	310,202,019	0	0
em-p-ihep51	20260625072344371000000	6	23,181,644,148,736	23,181,712,109,568	14,542,443,839,403	25,154,938,761,216	25,945,969,811,456	22,034,264,555,520	29,685,706,653,696	178,681,077	365,843,357	0	0
em-p-ihep51	20260625072354461000000	6	23,181,645,389,824	23,181,738,663,936	14,538,218,147,482	25,154,938,761,216	25,945,969,811,456	22,034,264,555,520	29,685,706,653,696	98,597,383	212,927,118	0	0
em-p-ihep51	20260625072404556000000	6	23,181,641,936,896	23,181,709,746,176	14,544,716,514,923	25,154,938,761,216	25,945,969,811,456	22,034,264,555,520	29,685,706,653,696	109,764,650	565,354,621	0	0
em-p-ihep51	20260625072414647000000	8	23,181,643,018,240	23,181,710,921,728	14,539,904,931,708	25,154,938,761,216	25,945,969,811,456	22,034,264,555,520	29,685,706,653,696	218,256,591	705,980,483	0	0
em-p-ihep51	20260625072424744000000	10	23,181,641,830,400	23,181,704,589,312	14,539,635,763,469	25,154,938,761,216	25,945,969,811,456	22,034,264,555,520	29,685,706,653,696	90,012,449	600,275,526	0	0
em-p-ihep51	20260625072434835000000	7	23,181,644,259,328	23,181,729,902,592	14,538,445,870,192	25,154,938,761,216	25,945,969,811,456	22,034,264,555,520	29,685,706,653,696	157,528,424	556,094,309	0	0
em-p-ihep51	20260625072444926000000	7	23,181,644,152,832	23,181,705,322,496	14,541,150,289,720	25,154,938,761,216	25,945,969,811,456	22,034,264,555,520	29,685,706,653,696	148,767,483	347,408,829	0	0
em-p-ihep51	20260625072455005000000	6	23,181,642,964,992	23,181,704,040,448	14,542,451,991,340	25,154,938,761,216	25,945,969,811,456	22,034,264,555,520	29,685,706,653,696	124,319,039	276,955,771	0	0
em-p-ihep51	20260625072505106000000	10	23,181,644,210,176	23,182,233,288,704	14,542,017,030,302	25,154,938,761,216	25,945,969,811,456	22,034,264,555,520	29,685,706,653,696	257,020,088	557,556,975	0	0
em-p-ihep51	20260625072515101000000	12	23,181,643,022,336	23,181,705,056,256	14,557,364,218,438	25,154,938,761,216	25,945,969,811,456	22,034,264,555,520	29,685,706,653,696	97,430,123	246,142,995	0	0
em-p-ihep51	20260625072525196000000	11	23,181,642,915,840	23,181,712,281,600	14,545,987,215,846	25,154,938,761,216	25,945,969,811,456	22,034,264,555,520	29,685,706,653,696	151,417,363	288,650,343	0	0
em-p-ihep51	20260625072535284000000	9	23,181,644,378,112	23,181,714,640,896	14,539,027,620,876	25,154,938,761,216	25,945,969,811,456	22,034,264,555,520	29,685,706,653,696	112,996,027	400,466,614	0	0
em-p-ihep51	20260625072545381000000	9	23,181,642,072,064	23,182,341,353,472	14,540,577,927,399	25,154,938,761,216	25,945,969,811,456	22,034,264,555,520	29,685,706,653,696	276,237,559	2,971,210,930	0	0
em-p-ihep51	20260625072555491000000	10	23,181,877,014,528	23,181,949,300,736	14,543,624,591,495	25,154,938,761,216	25,945,969,811,456	22,034,264,555,520	29,685,706,653,696	338,810,815	809,139,743	0	0
em-p-ihep51	20260625072605499000000	11	23,181,875,826,688	23,181,951,442,944	14,543,108,537,097	25,154,938,761,216	25,945,969,811,456	22,034,264,555,520	29,685,706,653,696	299,785,322	465,204,541	0	0
em-p-ihep51	20260625072615511000000	15	23,181,876,908,032	23,182,006,493,184	14,536,550,072,188	25,154,938,761,216	25,945,969,811,456	22,034,264,555,520	29,685,706,653,696	337,813,910	575,150,690	0	0
em-p-ihep51	20260625072625614000000	12	23,181,875,720,192	23,181,992,394,752	14,543,759,269,172	25,154,938,761,216	25,945,969,811,456	22,034,264,555,520	29,685,706,653,696	181,110,013	384,273,294	0	0
em-p-ihep51	20260625072635621000000	17	23,181,879,607,296	23,181,994,012,672	14,542,271,199,164	25,154,938,761,216	25,945,969,811,456	22,034,264,555,520	29,685,706,653,696	376,378,004	653,930,592	0	0
em-p-ihep51	20260625072645638000000	16	23,181,878,312,960	23,182,003,027,968	14,541,074,649,156	25,154,938,761,216	25,945,969,811,456	22,034,264,555,520	29,685,706,653,696	352,087,091	592,238,039	0	0
em-p-ihep51	20260625072655729000000	12	23,181,878,476,800	23,181,996,720,128	14,540,051,260,842	25,154,938,761,216	25,945,969,811,456	22,034,264,555,520	29,685,706,653,696	219,908,888	479,706,215	0	0
em-p-ihep51	20260625072705811000000	8	23,181,877,288,960	23,181,988,171,776	14,541,279,857,394	25,154,938,761,216	25,945,969,811,456	22,034,264,555,520	29,685,706,653,696	122,760,998	942,526,021	0	0
em-p-ihep51	20260625072715914000000	10	23,181,878,370,304	23,181,981,368,320	14,538,767,464,508	25,154,938,761,216	25,945,969,811,456	22,034,264,555,520	29,685,706,653,696	309,381,428	801,889,212	0	0
em-p-ihep51	20260625072726018000000	9	23,181,880,709,120	23,182,033,735,680	14,540,386,191,163	25,154,938,761,216	25,945,969,811,456	22,034,264,555,520	29,685,706,653,696	135,017,714	363,405,418	0	0
em-p-ihep51	20260625072736089000000	8	23,181,882,060,800	23,181,987,799,040	14,545,857,801,590	25,154,938,761,216	25,945,969,811,456	22,034,264,555,520	29,685,706,653,696	279,725,066	505,462,017	0	0
em-p-ihep51	20260625072746190000000	9	23,181,884,116,992	23,181,987,721,216	14,538,577,913,676	25,154,938,761,216	25,945,969,811,456	22,034,264,555,520	29,685,706,653,696	256,857,500	502,295,711	0	0
em-p-ihep51	20260625072756205000000	10	23,181,882,818,560	23,181,993,525,248	14,541,062,132,094	25,154,938,761,216	25,945,969,811,456	22,034,264,555,520	29,685,706,653,696	235,347,156	413,547,463	0	0
em-p-ihep51	20260625072806300000000	9	23,181,884,477,440	23,182,018,039,808	14,541,092,877,458	25,154,938,761,216	25,945,969,811,456	22,034,264,555,520	29,685,706,653,696	143,770,703	319,301,677	0	0
em-p-ihep51	20260625072816389000000	10	23,181,884,338,176	23,181,992,628,224	14,538,279,179,740	25,154,938,761,216	25,945,969,811,456	22,034,264,555,520	29,685,706,653,696	180,600,478	1,100,395,307	0	0
em-p-ihep51	20260625072826400000000	9	23,181,884,231,680	23,181,993,000,960	14,537,234,116,589	25,154,938,761,216	25,945,969,811,456	22,034,264,555,520	29,685,706,653,696	304,584,212	1,100,771,178	0	0
em-p-ihep51	20260625072836481000000	9	23,181,884,395,520	23,181,991,063,552	14,539,297,770,138	25,154,938,761,216	25,945,969,811,456	22,034,264,555,520	29,685,706,653,696	291,722,358	794,892,645	0	0
em-p-ihep51	20260625072846485000000	10	23,181,884,289,024	23,181,965,340,672	14,537,171,240,078	25,154,938,761,216	25,945,969,811,456	22,034,264,555,520	29,685,706,653,696	160,004,203	424,858,001	0	0
em-p-ihep51	20260625072856484000000	8	23,182,464,589,824	23,181,957,328,896	14,534,885,698,033	25,154,938,761,216	25,945,969,811,456	22,034,264,555,520	29,685,706,653,696	220,905,508	363,418,368	0	0
em-p-ihep51	20260625072906514000000	10	23,182,871,986,176	23,182,944,133,120	14,540,982,651,584	25,154,938,761,216	25,945,969,811,456	22,034,264,555,520	29,685,706,653,696	127,537,056	868,609,948	0	0
em-p-ihep51	20260625072916499000000	10	23,182,871,879,680	23,183,485,100,032	14,538,374,325,205	25,154,938,761,216	25,945,969,811,456	22,034,264,555,520	29,685,706,653,696	123,329,921	269,340,512	0	0
em-p-ihep51	20260625072926575000000	10	23,182,871,773,184	23,182,936,268,800	14,534,429,645,689	25,154,938,761,216	25,945,969,811,456	22,034,264,555,520	29,685,706,653,696	239,980,106	477,458,549	0	0
em-p-ihep51	20260625072936581000000	8	23,182,873,014,272	23,182,938,341,376	14,535,510,257,218	25,154,938,761,216	25,945,969,811,456	22,034,264,555,520	29,685,706,653,696	233,495,060	551,557,164	0	0
em-p-ihep51	20260625072946588000000	10	23,182,334,959,616	23,182,467,649,536	14,542,194,026,458	25,154,938,761,216	25,945,969,811,456	22,034,264,555,520	29,685,706,653,696	277,718,705	1,003,560,580	0	0
em-p-ihep51	20260625072956608000000	10	23,182,333,771,776	23,182,411,624,448	14,536,839,531,465	25,154,938,761,216	25,945,969,811,456	22,034,264,555,520	29,685,706,653,696	312,258,069	951,628,720	0	0
em-p-ihep51	20260625073006624000000	26	23,182,339,735,552	23,182,404,313,088	14,565,462,239,019	25,154,938,761,216	25,945,969,811,456	22,034,264,555,520	29,685,706,653,696	668,187,804	2,037,643,974	0	0
em-p-ihep51	20260625073016659000000	32	23,182,345,965,568	23,182,407,962,624	14,559,420,447,808	25,154,938,761,216	25,945,969,811,456	22,034,264,555,520	29,685,706,653,696	479,133,568	2,710,175,790	0	0
em-p-ihep51	20260625073026752000000	24	23,182,343,245,824	23,182,817,304,576	14,556,273,734,192	25,154,938,761,216	25,945,969,811,456	22,034,264,555,520	29,685,706,653,696	834,827,943	1,569,037,552	0	0
em-p-ihep51	20260625073036804000000	22	23,182,373,793,792	23,182,454,525,952	14,541,429,924,960	25,154,938,761,216	25,945,969,811,456	22,034,264,555,520	29,685,706,653,696	373,038,714	532,248,179	0	0
em-p-ihep51	20260625073046826000000	21	23,182,380,716,032	23,182,483,427,328	14,540,641,542,321	25,154,938,761,216	25,945,969,811,456	22,034,264,555,520	29,685,706,653,696	173,860,884	528,620,434	8,192	0
em-p-ihep51	20260625073056932000000	17	23,182,380,531,712	23,182,968,008,704	14,542,237,022,565	25,154,938,761,216	25,945,969,811,456	22,034,264,555,520	29,685,706,653,696	674,834,090	770,235,811	8,192	0
em-p-ihep51	20260625073106944000000	18	23,182,381,043,712	23,182,472,794,112	14,544,250,040,485	25,154,938,761,216	25,945,969,811,456	22,034,264,555,520	29,685,706,653,696	336,337,308	3,018,373,309	4,096	0
em-p-ihep51	20260625073116938000000	19	23,182,381,207,552	23,182,474,133,504	14,543,057,964,161	25,154,938,761,216	25,945,969,811,456	22,034,264,555,520	29,685,706,653,696	343,066,151	1,253,061,715	0	0
em-p-ihep51	20260625073127025000000	13	23,182,381,096,960	23,182,473,502,720	14,539,675,622,891	25,154,938,761,216	25,945,969,811,456	22,034,264,555,520	29,685,706,653,696	541,681,034	703,113,715	0	0
em-p-ihep51	20260625073137144000000	20	23,182,382,288,896	23,182,482,522,112	14,543,458,018,194	25,154,938,761,216	25,945,969,811,456	22,034,264,555,520	29,685,706,653,696	304,764,374	491,683,046	0	0
em-p-ihep51	20260625073147227000000	18	23,182,382,452,736	23,182,471,417,856	14,542,684,921,226	25,154,938,761,216	25,945,969,811,456	22,034,264,555,520	29,685,706,653,696	236,174,458	633,201,359	0	0
em-p-ihep51	20260625073157210000000	11	23,182,382,235,648	23,182,474,346,496	14,541,383,673,046	25,154,938,761,216	25,945,969,811,456	22,034,264,555,520	29,685,706,653,696	410,745,839	549,104,314	0	0
em-p-ihep51	20260625073207221000000	12	23,182,383,587,328	23,183,184,539,648	14,539,248,926,830	25,154,938,761,216	25,945,969,811,456	22,034,264,555,520	29,685,706,653,696	409,351,623	2,202,935,413	0	0
em-p-ihep51	20260625073217323000000	15	23,182,385,393,664	23,182,544,809,984	14,543,698,615,916	25,154,938,761,216	25,945,969,811,456	22,034,264,555,520	29,685,706,653,696	405,282,088	913,486,961	0	0
em-p-ihep51	20260625073227324000000	18	23,182,385,303,552	23,182,547,275,776	14,537,812,129,089	25,154,938,761,216	25,945,969,811,456	22,034,264,555,520	29,685,706,653,696	517,591,048	1,116,679,549	0	0
em-p-ihep51	20260625073237425000000	15	23,183,068,065,792	23,183,269,056,512	14,542,820,547,095	25,154,938,761,216	25,945,969,811,456	22,034,264,555,520	29,685,706,653,696	440,095,095	1,134,607,070	0	0
em-p-ihep51	20260625073247433000000	18	23,183,067,181,056	23,183,228,272,640	14,537,874,985,206	25,154,938,761,216	25,945,969,811,456	22,034,264,555,520	29,685,706,653,696	341,812,650	794,305,253	0	0
em-p-ihep51	20260625073257531000000	12	23,183,116,169,216	23,183,274,336,256	14,536,439,135,230	25,154,938,761,216	25,945,969,811,456	22,034,264,555,520	29,685,706,653,696	384,607,749	610,155,627	0	0
em-p-ihep51	20260625073307617000000	12	23,183,116,169,216	23,183,274,258,432	14,540,663,013,560	25,154,938,761,216	25,945,969,811,456	22,034,264,555,520	29,685,706,653,696	243,869,226	597,669,608	0	0
em-p-ihep51	20260625073317696000000	8	23,183,116,062,720	23,183,769,473,024	14,535,263,764,808	25,154,938,761,216	25,945,969,811,456	22,034,264,555,520	29,685,706,653,696	259,141,354	315,040,056	0	0
em-p-ihep51	20260625073327716000000	7	23,183,114,874,880	23,183,271,231,488	14,537,429,804,619	25,154,938,761,216	25,945,969,811,456	22,034,264,555,520	29,685,706,653,696	152,489,857	242,344,882	0	0
em-p-ihep51	20260625073337795000000	9	23,183,114,874,880	23,183,271,235,584	14,530,832,090,369	25,154,938,761,216	25,945,969,811,456	22,034,264,555,520	29,685,706,653,696	248,736,414	406,608,180	0	0
em-p-ihep51	20260625073347803000000	11	23,183,114,874,880	23,183,273,615,360	14,535,732,768,455	25,154,938,761,216	25,945,969,811,456	22,034,264,555,520	29,685,706,653,696	218,523,792	682,120,732	0	0
em-p-ihep51	20260625073357824000000	11	23,183,115,956,224	23,183,271,370,752	14,539,770,567,499	25,154,938,761,216	25,945,969,811,456	22,034,264,555,520	29,685,706,653,696	219,361,256	988,241,630	0	0
em-p-ihep51	20260625073407832000000	13	23,183,111,299,072	23,183,283,650,560	14,545,801,346,133	25,154,938,761,216	25,945,969,811,456	22,034,264,555,520	29,685,706,653,696	333,162,667	1,077,563,891	0	0
em-p-ihep51	20260625073417914000000	14	23,186,008,109,056	23,186,163,261,440	14,555,868,699,986	25,154,938,761,216	25,945,969,811,456	22,034,264,555,520	29,685,706,653,696	196,635,432	2,022,073,523	0	0
em-p-ihep51	20260625073427916000000	12	23,186,009,190,400	23,186,177,662,976	14,567,678,206,687	25,154,938,761,216	25,945,969,811,456	22,034,264,555,520	29,685,706,653,696	158,947,570	382,360,820	0	0
em-p-ihep51	20260625073437931000000	13	23,186,008,002,560	23,186,163,351,552	14,536,203,985,841	25,154,938,761,216	25,945,969,811,456	22,034,264,555,520	29,685,706,653,696	226,650,085	521,120,897	0	0
em-p-ihep51	20260625073448015000000	10	23,186,008,002,560	23,186,163,376,128	14,542,958,562,286	25,154,938,761,216	25,945,969,811,456	22,034,264,555,520	29,685,706,653,696	389,822,875	662,028,966	0	0
em-p-ihep51	20260625073458089000000	10	23,186,009,354,240	23,186,166,640,640	14,542,875,589,754	25,154,938,761,216	25,945,969,811,456	22,034,264,555,520	29,685,706,653,696	241,582,254	396,798,898	0	0
em-p-ihep51	20260625073508096000000	13	23,186,008,059,904	23,186,163,773,440	14,554,867,019,666	25,154,938,761,216	25,945,969,811,456	22,034,264,555,520	29,685,706,653,696	337,685,632	831,267,349	0	0
em-p-ihep51	20260625073518197000000	11	23,186,007,953,408	23,186,105,442,304	14,552,608,044,728	25,154,938,761,216	25,945,969,811,456	22,034,264,555,520	29,685,706,653,696	292,369,546	1,154,645,481	0	0
em-p-ihep51	20260625073528202000000	11	23,186,009,194,496	23,186,130,493,440	14,552,366,623,152	25,154,938,761,216	25,945,969,811,456	22,034,264,555,520	29,685,706,653,696	199,075,265	631,646,192	0	0
em-p-ihep51	20260625073538287000000	11	23,186,008,010,752	23,186,183,319,552	14,546,429,926,922	25,154,938,761,216	25,945,969,811,456	22,034,264,555,520	29,685,706,653,696	244,420,215	458,983,873	0	0
em-p-ihep51	20260625073548361000000	16	23,186,009,088,000	23,186,114,269,184	14,548,202,033,142	25,154,938,761,216	25,945,969,811,456	22,034,264,555,520	29,685,706,653,696	204,015,528	532,334,112	0	0
em-p-ihep51	20260625073558363000000	18	23,186,009,088,000	23,186,120,380,416	14,554,614,508,803	25,154,938,761,216	25,945,969,811,456	22,034,264,555,520	29,685,706,653,696	132,563,470	429,664,924	0	0
em-p-ihep51	20260625073608376000000	17	23,186,006,986,752	23,186,114,990,080	14,555,947,331,774	25,154,938,761,216	25,945,969,811,456	22,034,264,555,520	29,685,706,653,696	265,199,074	649,214,137	0	0
em-p-ihep51	20260625073618385000000	15	23,186,005,798,912	23,186,107,375,616	14,546,415,612,183	25,154,938,761,216	25,945,969,811,456	22,034,264,555,520	29,685,706,653,696	146,327,366	538,779,460	0	0
em-p-ihep51	20260625073628480000000	15	23,186,007,957,504	23,186,120,003,584	14,552,770,110,169	25,154,938,761,216	25,945,969,811,456	22,034,264,555,520	29,685,706,653,696	268,172,511	397,637,895	0	0
em-p-ihep51	20260625073638566000000	15	23,186,006,773,760	23,186,119,077,888	14,559,293,896,874	25,154,938,761,216	25,945,969,811,456	22,034,264,555,520	29,685,706,653,696	300,254,676	857,216,730	0	0
em-p-ihep51	20260625073648609000000	19	23,186,045,976,576	23,186,575,388,672	14,550,117,624,940	25,154,938,761,216	25,945,969,811,456	22,034,264,555,520	29,685,706,653,696	206,953,694	901,326,786	0	0
em-p-ihep51	20260625073658668000000	18	23,186,044,788,736	23,186,157,297,664	14,554,438,770,865	25,154,938,761,216	25,945,969,811,456	22,034,264,555,520	29,685,706,653,696	141,512,999	417,261,783	0	0
em-p-ihep51	20260625073708730000000	13	23,186,046,394,368	23,186,160,189,440	14,568,138,343,639	25,154,938,761,216	25,945,969,811,456	22,034,264,555,520	29,685,706,653,696	345,187,981	446,487,569	0	0
em-p-ihep51	20260625073718850000000	15	23,186,048,720,896	23,186,165,846,016	14,555,427,510,592	25,154,938,761,216	25,945,969,811,456	22,034,264,555,520	29,685,706,653,696	213,594,152	483,266,512	0	0
em-p-ihep51	20260625073728935000000	15	23,186,052,227,072	23,186,600,075,264	14,559,786,521,797	25,154,938,761,216	25,945,969,811,456	22,034,264,555,520	29,685,706,653,696	412,137,938	342,784,727	0	0
em-p-ihep51	20260625073739007000000	17	23,186,052,120,576	23,186,165,301,248	14,564,927,068,762	25,154,938,761,216	25,945,969,811,456	22,034,264,555,520	29,685,706,653,696	125,955,865	353,220,110	0	0
em-p-ihep51	20260625073749092000000	15	23,186,049,855,488	23,186,162,610,176	14,550,396,007,618	25,154,938,761,216	25,945,969,811,456	22,034,264,555,520	29,685,706,653,696	186,123,301	395,040,873	0	0
em-p-ihep51	20260625073759210000000	11	23,186,047,639,552	23,186,589,462,528	14,556,838,417,595	25,154,938,761,216	25,945,969,811,456	22,034,264,555,520	29,685,706,653,696	119,180,204	728,606,767	0	0
em-p-ihep51	20260625073809299000000	14	23,186,118,131,712	23,186,194,214,912	14,560,485,897,859	25,154,938,761,216	25,945,969,811,456	22,034,264,555,520	29,685,706,653,696	156,396,677	816,232,566	0	0
em-p-ihep51	20260625073819337000000	22	23,186,110,447,616	23,186,187,591,680	14,558,874,853,657	25,154,938,761,216	25,945,969,811,456	22,034,264,555,520	29,685,706,653,696	356,894,656	693,037,556	0	0
em-p-ihep51	20260625073829334000000	20	23,186,102,976,512	23,186,181,300,224	14,557,406,000,684	25,154,938,761,216	25,945,969,811,456	22,034,264,555,520	29,685,706,653,696	370,733,971	730,472,171	0	0
em-p-ihep51	20260625073839341000000	21	23,186,109,997,056	23,186,179,674,112	14,559,260,526,662	25,154,938,761,216	25,945,969,811,456	22,034,264,555,520	29,685,706,653,696	370,759,378	684,725,556	0	0
em-p-ihep51	20260625073849343000000	22	23,186,106,580,992	23,186,170,892,288	14,550,929,552,143	25,154,938,761,216	25,945,969,811,456	22,034,264,555,520	29,685,706,653,696	403,562,067	866,079,138	0	0
em-p-ihep51	20260625073859431000000	15	23,186,100,916,224	23,186,166,079,488	14,554,880,935,615	25,154,938,761,216	25,945,969,811,456	22,034,264,555,520	29,685,706,653,696	456,214,696	596,953,792	0	0
em-p-ihep51	20260625073909509000000	15	23,186,094,870,528	23,186,652,200,960	14,561,392,002,135	25,154,938,761,216	25,945,969,811,456	22,034,264,555,520	29,685,706,653,696	397,451,997	1,172,935,908	0	0
em-p-ihep51	20260625073919597000000	11	23,186,093,846,528	23,186,154,323,968	14,555,883,137,009	25,154,938,761,216	25,945,969,811,456	22,034,264,555,520	29,685,706,653,696	398,632,977	868,568,313	0	0
em-p-ihep51	20260625073929689000000	11	23,186,094,927,872	23,186,156,617,728	14,559,210,653,552	25,154,938,761,216	25,945,969,811,456	22,034,264,555,520	29,685,706,653,696	267,141,885	1,014,714,977	0	0
em-p-ihep51	20260625073939685000000	14	23,186,094,821,376	23,186,173,493,248	14,556,953,579,604	25,154,938,761,216	25,945,969,811,456	22,034,264,555,520	29,685,706,653,696	218,694,764	658,795,903	0	0
em-p-ihep51	20260625073949783000000	12	23,186,092,445,696	23,186,150,326,272	14,555,654,578,282	25,154,938,761,216	25,945,969,811,456	22,034,264,555,520	29,685,706,653,696	368,988,776	578,274,050	0	0
em-p-ihep51	20260625073959887000000	10	23,186,092,515,328	23,186,231,721,984	14,557,394,149,934	25,154,938,761,216	25,945,969,811,456	22,034,264,555,520	29,685,706,653,696	250,103,118	1,620,274,140	0	0
em-p-ihep51	20260625074009931000000	22	23,185,627,385,856	23,185,687,199,744	14,603,752,142,113	25,154,938,761,216	25,945,969,811,456	22,034,264,555,520	29,685,706,653,696	408,693,705	2,052,497,359	0	0
em-p-ihep51	20260625074019925000000	23	23,185,628,467,200	23,185,909,600,256	14,583,506,864,004	25,154,938,761,216	25,945,969,811,456	22,034,264,555,520	29,685,706,653,696	445,955,534	1,105,290,372	0	0
em-p-ihep51	20260625074029931000000	19	23,185,657,548,800	23,185,721,950,208	14,583,659,158,154	25,154,938,761,216	25,945,969,811,456	22,034,264,555,520	29,685,706,653,696	300,989,821	482,051,482	0	0
em-p-ihep51	20260625074039926000000	16	23,185,658,781,696	23,185,726,300,160	14,561,761,464,046	25,154,938,761,216	25,945,969,811,456	22,034,264,555,520	29,685,706,653,696	311,313,026	523,780,889	0	0
em-p-ihep51	20260625074050012000000	10	23,185,851,928,576	23,185,919,553,536	14,531,755,950,440	25,154,938,761,216	25,945,969,811,456	22,034,264,555,520	29,685,706,653,696	173,764,452	843,767,981	0	0
em-p-ihep51	20260625074100127000000	12	23,185,852,092,416	23,185,920,987,136	14,535,130,872,734	25,154,938,761,216	25,945,969,811,456	22,034,264,555,520	29,685,706,653,696	174,288,278	832,451,638	0	0
em-p-ihep51	20260625074110197000000	10	23,185,851,985,920	23,185,921,368,064	14,538,120,823,291	25,154,938,761,216	25,945,969,811,456	22,034,264,555,520	29,685,706,653,696	262,959,680	540,543,837	0	0
em-p-ihep51	20260625074120298000000	11	23,185,852,149,760	23,185,917,980,672	14,531,464,691,906	25,154,938,761,216	25,945,969,811,456	22,034,264,555,520	29,685,706,653,696	286,515,310	511,131,379	0	0
em-p-ihep51	20260625074130408000000	11	23,185,853,120,512	23,186,358,370,304	14,533,041,211,908	25,154,938,761,216	25,945,969,811,456	22,034,264,555,520	29,685,706,653,696	263,373,224	481,760,645	0	0
em-p-ihep51	20260625074140404000000	12	23,185,853,120,512	23,185,924,538,368	14,534,012,474,566	25,154,938,761,216	25,945,969,811,456	22,034,264,555,520	29,685,706,653,696	107,446,916	274,931,024	0	0
em-p-ihep51	20260625074150504000000	12	23,185,853,014,016	23,185,922,121,728	14,535,422,854,835	25,154,938,761,216	25,945,969,811,456	22,034,264,555,520	29,685,706,653,696	153,673,734	468,944,595	0	0
em-p-ihep51	20260625074200596000000	10	23,185,852,100,608	23,185,968,459,776	14,530,471,052,254	25,154,938,761,216	25,945,969,811,456	22,034,264,555,520	29,685,706,653,696	130,501,575	339,134,644	0	0
em-p-ihep51	20260625074210684000000	12	23,185,851,994,112	23,185,982,943,232	14,535,016,197,039	25,154,938,761,216	25,945,969,811,456	22,034,264,555,520	29,685,706,653,696	101,574,131	675,963,034	0	0
em-p-ihep51	20260625074220694000000	13	23,185,861,066,752	23,186,001,473,536	14,532,273,562,975	25,154,938,761,216	25,945,969,811,456	22,034,264,555,520	29,685,706,653,696	218,069,698	1,206,402,527	0	0
em-p-ihep51	20260625074230712000000	12	23,185,863,225,344	23,186,002,411,520	14,531,197,855,890	25,154,938,761,216	25,945,969,811,456	22,034,264,555,520	29,685,706,653,696	222,854,502	441,626,069	0	0
em-p-ihep51	20260625074240740000000	15	23,185,864,306,688	23,185,996,886,016	14,539,521,446,064	25,154,938,761,216	25,945,969,811,456	22,034,264,555,520	29,685,706,653,696	158,503,941	289,702,295	0	0
em-p-ihep51	20260625074250833000000	11	23,185,861,496,832	23,186,325,741,568	14,532,235,436,524	25,154,938,761,216	25,945,969,811,456	22,034,264,555,520	29,685,706,653,696	155,484,145	394,417,134	0	0
em-p-ihep51	20260625074300914000000	9	23,185,861,390,336	23,185,904,791,552	14,536,378,375,229	25,154,938,761,216	25,945,969,811,456	22,034,264,555,520	29,685,706,653,696	233,697,010	475,269,243	0	0
em-p-ihep51	20260625074311013000000	9	23,185,861,586,944	23,186,103,914,496	14,542,235,957,902	25,154,938,761,216	25,945,969,811,456	22,034,264,555,520	29,685,706,653,696	173,666,215	1,046,963,778	0	0
em-p-ihep51	20260625074321103000000	12	23,185,861,447,680	23,185,904,144,384	14,538,471,433,015	25,154,938,761,216	25,945,969,811,456	22,034,264,555,520	29,685,706,653,696	186,230,190	372,301,333	0	0
em-p-ihep51	20260625074331207000000	11	23,185,861,611,520	23,185,904,168,960	14,538,102,275,159	25,154,938,761,216	25,945,969,811,456	22,034,264,555,520	29,685,706,653,696	114,723,533	849,123,942	0	0
em-p-ihep51	20260625074341224000000	10	23,185,860,423,680	23,185,900,519,424	14,536,584,331,158	25,154,938,761,216	25,945,969,811,456	22,034,264,555,520	29,685,706,653,696	142,470,049	960,979,886	0	0
em-p-ihep51	20260625074351302000000	14	23,185,860,317,184	23,186,314,104,832	14,539,867,779,579	25,154,938,761,216	25,945,969,811,456	22,034,264,555,520	29,685,706,653,696	195,210,726	424,837,493	0	0
em-p-ihep51	20260625074401315000000	12	23,185,861,287,936	23,185,920,397,312	14,538,502,656,374	25,154,938,761,216	25,945,969,811,456	22,034,264,555,520	29,685,706,653,696	218,126,640	453,220,324	0	0
em-p-ihep51	20260625074411330000000	13	23,185,860,374,528	23,185,964,793,856	14,543,578,509,856	25,154,938,761,216	25,945,969,811,456	22,034,264,555,520	29,685,706,653,696	185,740,391	2,481,645,529	0	0
em-p-ihep51	20260625074421346000000	9	23,185,860,268,032	23,185,911,431,168	14,534,990,185,082	25,154,938,761,216	25,945,969,811,456	22,034,264,555,520	29,685,706,653,696	125,160,903	405,136,357	0	0
em-p-ihep51	20260625074431426000000	9	23,185,861,509,120	23,185,905,590,272	14,537,640,500,446	25,154,938,761,216	25,945,969,811,456	22,034,264,555,520	29,685,706,653,696	146,748,022	345,780,629	0	0
em-p-ihep51	20260625074441442000000	13	23,185,860,321,280	23,185,906,937,856	14,528,594,436,217	25,154,938,761,216	25,945,969,811,456	22,034,264,555,520	29,685,706,653,696	154,862,439	772,653,249	0	0
em-p-ihep51	20260625074451446000000	11	23,185,860,325,376	23,185,903,816,704	14,526,371,790,514	25,154,938,761,216	25,945,969,811,456	22,034,264,555,520	29,685,706,653,696	235,389,863	1,541,623,913	0	0
em-p-ihep51	20260625074501451000000	13	23,185,859,137,536	23,186,013,884,416	14,533,448,121,094	25,154,938,761,216	25,945,969,811,456	22,034,264,555,520	29,685,706,653,696	376,264,265	1,429,819,781	0	0
em-p-ihep51	20260625074511540000000	21	23,185,867,857,920	23,186,092,937,216	14,544,232,257,450	25,154,938,761,216	25,945,969,811,456	22,034,264,555,520	29,685,706,653,696	385,359,466	1,355,074,628	0	0
em-p-ihep51	20260625074521557000000	13	23,185,867,792,384	23,185,953,161,216	14,541,248,570,218	25,154,938,761,216	25,945,969,811,456	22,034,264,555,520	29,685,706,653,696	170,114,222	2,011,510,768	0	0
em-p-ihep51	20260625074531637000000	14	23,185,867,894,784	23,185,965,510,656	14,534,264,883,586	25,154,938,761,216	25,945,969,811,456	22,034,264,555,520	29,685,706,653,696	362,714,185	877,679,475	0	0
em-p-ihep51	20260625074541755000000	10	23,185,866,870,784	23,185,953,980,416	14,527,046,643,367	25,154,938,761,216	25,945,969,811,456	22,034,264,555,520	29,685,706,653,696	133,836,067	283,733,851	0	0
em-p-ihep51	20260625074551812000000	8	23,185,865,682,944	23,185,952,776,192	14,533,869,382,719	25,154,938,761,216	25,945,969,811,456	22,034,264,555,520	29,685,706,653,696	185,610,530	394,010,942	0	0
em-p-ihep51	20260625074601903000000	12	23,185,864,495,104	23,185,953,259,520	14,531,664,425,100	25,154,938,761,216	25,945,969,811,456	22,034,264,555,520	29,685,706,653,696	375,212,305	730,866,393	0	0
em-p-ihep51	20260625074612023000000	14	23,185,864,495,104	23,186,488,545,280	14,541,427,410,807	25,154,938,761,216	25,945,969,811,456	22,034,264,555,520	29,685,706,653,696	371,960,026	900,587,576	0	0
em-p-ihep51	20260625074622096000000	16	23,185,865,576,448	23,185,947,463,680	14,533,264,023,606	25,154,938,761,216	25,945,969,811,456	22,034,264,555,520	29,685,706,653,696	223,008,752	872,861,659	0	0
em-p-ihep51	20260625074632190000000	14	23,185,866,928,128	23,185,958,715,392	14,533,413,886,745	25,154,938,761,216	25,945,969,811,456	22,034,264,555,520	29,685,706,653,696	263,397,435	707,273,025	0	0
em-p-ihep51	20260625074642285000000	16	23,185,867,091,968	23,185,963,536,384	14,532,568,130,897	25,154,938,761,216	25,945,969,811,456	22,034,264,555,520	29,685,706,653,696	181,160,977	353,685,458	0	0
em-p-ihep51	20260625074652279000000	14	23,185,865,904,128	23,185,958,014,976	14,527,666,300,827	25,154,938,761,216	25,945,969,811,456	22,034,264,555,520	29,685,706,653,696	146,167,957	421,335,982	0	0
em-p-ihep51	20260625074702377000000	10	23,185,865,797,632	23,185,957,949,440	14,525,611,067,509	25,154,938,761,216	25,945,969,811,456	22,034,264,555,520	29,685,706,653,696	240,273,044	468,296,742	0	0
em-p-ihep51	20260625074712479000000	13	23,185,869,746,176	23,185,959,223,296	14,537,778,446,395	25,154,938,761,216	25,945,969,811,456	22,034,264,555,520	29,685,706,653,696	271,944,254	629,867,644	0	0
em-p-ihep51	20260625074722478000000	12	23,185,868,558,336	23,186,440,462,336	14,534,790,557,352	25,154,938,761,216	25,945,969,811,456	22,034,264,555,520	29,685,706,653,696	112,931,290	281,457,223	0	0
em-p-ihep51	20260625074732573000000	14	23,185,870,716,928	23,185,960,357,888	14,534,684,358,015	25,154,938,761,216	25,945,969,811,456	22,034,264,555,520	29,685,706,653,696	147,686,977	550,276,938	0	0
em-p-ihep51	20260625074742588000000	15	23,185,870,610,432	23,185,962,622,976	14,538,098,426,996	25,154,938,761,216	25,945,969,811,456	22,034,264,555,520	29,685,706,653,696	232,943,173	1,009,387,886	0	0
em-p-ihep51	20260625074752687000000	14	23,185,870,774,272	23,186,130,124,800	14,529,543,544,701	25,154,938,761,216	25,945,969,811,456	22,034,264,555,520	29,685,706,653,696	240,058,914	892,161,856	0	0
em-p-ihep51	20260625074802759000000	14	23,185,916,624,896	23,186,007,535,616	14,532,913,805,338	25,154,938,761,216	25,945,969,811,456	22,034,264,555,520	29,685,706,653,696	203,657,028	356,068,319	0	0
em-p-ihep51	20260625074812788000000	15	23,185,917,706,240	23,186,497,417,216	14,534,135,553,359	25,154,938,761,216	25,945,969,811,456	22,034,264,555,520	29,685,706,653,696	183,977,879	366,945,313	0	0
em-p-ihep51	20260625074822878000000	15	23,185,917,870,080	23,185,998,630,912	14,529,378,916,710	25,154,938,761,216	25,945,969,811,456	22,034,264,555,520	29,685,706,653,696	164,157,005	386,522,953	0	0
em-p-ihep51	20260625074832902000000	15	23,185,917,763,584	23,185,998,000,128	14,526,946,150,973	25,154,938,761,216	25,945,969,811,456	22,034,264,555,520	29,685,706,653,696	101,678,014	313,716,168	0	0
em-p-ihep51	20260625074842907000000	15	23,185,917,657,088	23,185,990,512,640	14,531,478,176,715	25,154,938,761,216	25,945,969,811,456	22,034,264,555,520	29,685,706,653,696	128,343,069	364,316,767	0	0
em-p-ihep51	20260625074852998000000	11	23,185,917,820,928	23,185,990,483,968	14,530,481,277,260	25,154,938,761,216	25,945,969,811,456	22,034,264,555,520	29,685,706,653,696	107,650,613	291,804,804	0	0
em-p-ihep51	20260625074903092000000	11	23,185,916,633,088	23,186,010,501,120	14,529,222,820,454	25,154,938,761,216	25,945,969,811,456	22,034,264,555,520	29,685,706,653,696	230,185,472	1,326,956,273	0	0
em-p-ihep51	20260625074913195000000	19	23,185,917,714,432	23,185,989,173,248	14,538,295,757,930	25,154,938,761,216	25,945,969,811,456	22,034,264,555,520	29,685,706,653,696	209,169,972	1,242,736,583	0	0
em-p-ihep51	20260625074923281000000	14	23,185,916,526,592	23,185,981,829,120	14,526,169,665,531	25,154,938,761,216	25,945,969,811,456	22,034,264,555,520	29,685,706,653,696	250,341,730	437,973,217	0	0
em-p-ihep51	20260625074933285000000	8	23,185,917,878,272	23,185,983,139,840	14,528,919,603,680	25,154,938,761,216	25,945,969,811,456	22,034,264,555,520	29,685,706,653,696	108,518,646	360,924,088	0	0
em-p-ihep51	20260625074943300000000	11	23,185,917,693,952	23,186,299,195,392	14,529,706,655,683	25,154,938,761,216	25,945,969,811,456	22,034,264,555,520	29,685,706,653,696	139,473,446	1,464,998,406	0	0
em-p-ihep51	20260625074953296000000	6	23,185,917,771,776	23,186,036,424,704	14,530,270,135,043	25,154,938,761,216	25,945,969,811,456	22,034,264,555,520	29,685,706,653,696	114,457,214	895,923,999	0	0
em-p-ihep51	20260625075003307000000	12	23,185,918,742,528	23,186,035,503,104	14,534,705,070,332	25,154,938,761,216	25,945,969,811,456	22,034,264,555,520	29,685,706,653,696	239,051,822	938,855,287	0	0
em-p-ihep51	20260625075013402000000	19	23,185,918,906,368	23,186,178,248,704	14,555,307,145,534	25,154,938,761,216	25,945,969,811,456	22,034,264,555,520	29,685,706,653,696	316,738,294	673,604,034	0	0
em-p-ihep51	20260625075023437000000	16	23,185,918,865,408	23,186,034,941,952	14,542,169,883,638	25,154,938,761,216	25,945,969,811,456	22,034,264,555,520	29,685,706,653,696	220,511,498	819,770,101	0	0
em-p-ihep51	20260625075033433000000	17	23,185,919,029,248	23,186,027,511,808	14,536,053,272,830	25,154,938,761,216	25,945,969,811,456	22,034,264,555,520	29,685,706,653,696	128,367,298	851,362,034	0	0
em-p-ihep51	20260625075043534000000	18	23,185,920,004,096	23,186,031,943,680	14,532,566,487,840	25,154,938,761,216	25,945,969,811,456	22,034,264,555,520	29,685,706,653,696	302,329,639	648,630,353	0	0
em-p-ihep51	20260625075053625000000	12	23,185,919,897,600	23,186,024,710,144	14,530,435,904,953	25,154,938,761,216	25,945,969,811,456	22,034,264,555,520	29,685,706,653,696	214,656,889	409,160,146	0	0
em-p-ihep51	20260625075103712000000	14	23,185,920,094,208	23,186,026,106,880	14,536,163,298,909	25,154,938,761,216	25,945,969,811,456	22,034,264,555,520	29,685,706,653,696	300,518,837	673,748,290	0	0
em-p-ihep51	20260625075113711000000	12	23,185,919,954,944	23,186,026,401,792	14,550,472,579,708	25,154,938,761,216	25,945,969,811,456	22,034,264,555,520	29,685,706,653,696	453,692,954	897,741,108	0	0
em-p-ihep51	20260625075123838000000	11	23,185,919,045,632	23,186,047,201,280	14,553,169,923,423	25,154,938,761,216	25,945,969,811,456	22,034,264,555,520	29,685,706,653,696	240,159,920	342,592,416	0	0
em-p-ihep51	20260625075133929000000	14	23,185,918,939,136	23,186,024,546,304	14,549,656,667,399	25,154,938,761,216	25,945,969,811,456	22,034,264,555,520	29,685,706,653,696	121,593,666	304,684,981	0	0
em-p-ihep51	20260625075144013000000	15	23,185,917,751,296	23,186,023,477,248	14,552,930,970,523	25,154,938,761,216	25,945,969,811,456	22,034,264,555,520	29,685,706,653,696	385,119,966	956,577,547	0	0
em-p-ihep51	20260625075154107000000	16	23,185,918,832,640	23,186,025,037,824	14,538,912,463,626	25,154,938,761,216	25,945,969,811,456	22,034,264,555,520	29,685,706,653,696	132,921,295	966,544,551	0	0
em-p-ihep51	20260625075204173000000	16	23,185,919,102,976	23,186,023,374,848	14,526,408,200,298	25,154,938,761,216	25,945,969,811,456	22,034,264,555,520	29,685,706,653,696	351,209,195	769,570,848	0	0
em-p-ihep51	20260625075214287000000	14	23,185,920,569,344	23,186,026,651,648	14,531,247,545,778	25,154,938,761,216	25,945,969,811,456	22,034,264,555,520	29,685,706,653,696	432,185,083	631,723,209	0	0
em-p-ihep51	20260625075224273000000	13	23,185,919,381,504	23,186,115,469,312	14,528,930,680,395	25,154,938,761,216	25,945,969,811,456	22,034,264,555,520	29,685,706,653,696	261,770,477	362,034,694	0	0
em-p-ihep51	20260625075234370000000	12	23,185,920,733,184	23,186,094,559,232	14,531,098,036,547	25,154,938,761,216	25,945,969,811,456	22,034,264,555,520	29,685,706,653,696	182,215,124	399,606,033	0	0
em-p-ihep51	20260625075244463000000	11	23,185,920,626,688	23,186,075,185,152	14,539,674,873,156	25,154,938,761,216	25,945,969,811,456	22,034,264,555,520	29,685,706,653,696	253,578,828	353,737,509	0	0
em-p-ihep51	20260625075254565000000	11	23,185,920,520,192	23,186,075,422,720	14,528,091,298,245	25,154,938,761,216	25,945,969,811,456	22,034,264,555,520	29,685,706,653,696	479,536,704	666,852,914	0	0
em-p-ihep51	20260625075304661000000	12	23,185,920,684,032	23,186,078,306,304	14,522,995,702,659	25,154,938,761,216	25,945,969,811,456	22,034,264,555,520	29,685,706,653,696	370,057,358	1,122,551,201	0	0
em-p-ihep51	20260625075314779000000	13	23,185,924,464,640	23,186,023,440,384	14,529,533,408,453	25,154,938,761,216	25,945,969,811,456	22,034,264,555,520	29,685,706,653,696	188,419,160	882,509,524	0	0
em-p-ihep51	20260625075324862000000	11	23,185,924,358,144	23,186,024,996,864	14,527,732,194,928	25,154,938,761,216	25,945,969,811,456	22,034,264,555,520	29,685,706,653,696	168,315,950	609,748,559	0	0
em-p-ihep51	20260625075334960000000	11	23,185,923,174,400	23,186,028,351,488	14,524,961,480,465	25,154,938,761,216	25,945,969,811,456	22,034,264,555,520	29,685,706,653,696	95,217,213	305,990,635	0	0
em-p-ihep51	20260625075345080000000	13	23,185,921,986,560	23,186,049,110,016	14,526,595,363,576	25,154,938,761,216	25,945,969,811,456	22,034,264,555,520	29,685,706,653,696	267,145,902	479,025,167	0	0
em-p-ihep51	20260625075355167000000	11	23,185,923,063,808	23,186,043,457,536	14,528,988,711,225	25,154,938,761,216	25,945,969,811,456	22,034,264,555,520	29,685,706,653,696	115,753,875	371,228,781	0	0
em-p-ihep51	20260625075405271000000	16	23,185,923,497,984	23,186,026,176,512	14,530,357,864,173	25,154,938,761,216	25,945,969,811,456	22,034,264,555,520	29,685,706,653,696	387,580,887	2,373,236,363	0	0
em-p-ihep51	20260625075415346000000	16	23,185,923,391,488	23,186,024,714,240	14,528,512,257,943	25,154,938,761,216	25,945,969,811,456	22,034,264,555,520	29,685,706,653,696	231,838,829	725,668,096	0	0
em-p-ihep51	20260625075425351000000	10	23,185,923,391,488	23,186,017,116,160	14,526,833,920,606	25,154,938,761,216	25,945,969,811,456	22,034,264,555,520	29,685,706,653,696	203,882,744	315,445,541	0	0
em-p-ihep51	20260625075435453000000	14	23,185,922,203,648	23,186,032,418,816	14,527,010,380,586	25,154,938,761,216	25,945,969,811,456	22,034,264,555,520	29,685,706,653,696	105,520,821	693,397,770	0	0
em-p-ihep51	20260625075445486000000	13	23,185,922,367,488	23,186,005,950,464	14,525,956,626,505	25,154,938,761,216	25,945,969,811,456	22,034,264,555,520	29,685,706,653,696	128,253,547	898,334,637	0	0
em-p-ihep51	20260625075455547000000	13	23,185,921,179,648	23,186,008,887,296	14,526,835,694,160	25,154,938,761,216	25,945,969,811,456	22,034,264,555,520	29,685,706,653,696	181,605,662	460,299,346	0	0
em-p-ihep51	20260625075505626000000	13	23,185,922,260,992	23,186,005,860,352	14,531,960,005,434	25,154,938,761,216	25,945,969,811,456	22,034,264,555,520	29,685,706,653,696	265,898,116	556,355,473	0	0
em-p-ihep51	20260625075515655000000	18	23,185,925,664,768	23,186,011,127,808	14,541,790,331,363	25,154,938,761,216	25,945,969,811,456	22,034,264,555,520	29,685,706,653,696	119,451,835	354,882,105	0	0
em-p-ihep51	20260625075525644000000	17	23,185,925,664,768	23,186,417,328,128	14,535,826,270,431	25,154,938,761,216	25,945,969,811,456	22,034,264,555,520	29,685,706,653,696	205,947,711	561,064,711	0	0
em-p-ihep51	20260625075535757000000	16	23,185,926,746,112	23,186,010,890,240	14,528,927,192,953	25,154,938,761,216	25,945,969,811,456	22,034,264,555,520	29,685,706,653,696	214,081,288	412,617,268	0	0
em-p-ihep51	20260625075545752000000	17	23,185,926,959,104	23,186,016,174,080	14,533,486,418,430	25,154,938,761,216	25,945,969,811,456	22,034,264,555,520	29,685,706,653,696	180,257,291	565,706,751	0	0
em-p-ihep51	20260625075555769000000	15	23,185,926,852,608	23,186,010,775,552	14,531,439,462,068	25,154,938,761,216	25,945,969,811,456	22,034,264,555,520	29,685,706,653,696	285,794,777	1,065,319,831	0	0
em-p-ihep51	20260625075605801000000	21	23,185,927,016,448	23,186,037,727,232	14,533,177,930,178	25,154,938,761,216	25,945,969,811,456	22,034,264,555,520	29,685,706,653,696	266,987,309	1,057,243,759	0	0
em-p-ihep51	20260625075615788000000	21	23,185,927,991,296	23,185,994,625,024	14,537,009,578,686	25,154,938,761,216	25,945,969,811,456	22,034,264,555,520	29,685,706,653,696	453,750,407	863,575,772	0	0
em-p-ihep51	20260625075625803000000	22	23,191,018,868,736	23,190,750,851,072	14,550,007,309,156	25,154,938,761,216	25,945,969,811,456	22,034,264,555,520	29,685,706,653,696	112,428,992	321,997,429	0	0
em-p-ihep51	20260625075635812000000	17	23,181,822,275,584	23,182,053,203,968	14,529,434,524,965	25,154,938,761,216	25,945,969,811,456	22,034,264,555,520	29,685,706,653,696	124,889,198	352,516,694	0	0
em-p-ihep51	20260625075645828000000	17	23,181,822,275,584	23,181,901,348,864	14,527,923,728,588	25,154,938,761,216	25,945,969,811,456	22,034,264,555,520	29,685,706,653,696	172,477,013	606,499,572	0	0
em-p-ihep51	20260625075655934000000	22	23,181,822,169,088	23,181,903,175,680	14,533,101,692,982	25,154,938,761,216	25,945,969,811,456	22,034,264,555,520	29,685,706,653,696	235,953,178	465,138,448	0	0
em-p-ihep51	20260625075706014000000	16	23,181,820,059,648	23,181,900,808,192	14,531,065,045,984	25,154,938,761,216	25,945,969,811,456	22,034,264,555,520	29,685,706,653,696	137,473,168	381,217,482	0	0
em-p-ihep51	20260625075716018000000	13	23,181,829,521,408	23,181,904,601,088	14,526,700,305,711	25,154,938,761,216	25,945,969,811,456	22,034,264,555,520	29,685,706,653,696	257,982,297	750,613,770	0	0
em-p-ihep51	20260625075726033000000	14	23,181,828,333,568	23,181,906,169,856	14,527,868,349,353	25,154,938,761,216	25,945,969,811,456	22,034,264,555,520	29,685,706,653,696	109,894,225	680,353,189	0	0
em-p-ihep51	20260625075736117000000	8	23,181,830,492,160	23,181,939,617,792	14,527,952,188,843	25,154,938,761,216	25,945,969,811,456	22,034,264,555,520	29,685,706,653,696	123,925,052	985,033,993	0	0
em-p-ihep51	20260625075746122000000	12	23,181,830,385,664	23,181,936,033,792	14,535,595,400,205	25,154,938,761,216	25,945,969,811,456	22,034,264,555,520	29,685,706,653,696	207,606,539	606,303,799	0	0
em-p-ihep51	20260625075756133000000	13	23,181,829,230,592	23,182,028,795,904	14,531,872,100,640	25,154,938,761,216	25,945,969,811,456	22,034,264,555,520	29,685,706,653,696	159,110,962	822,072,545	0	0
em-p-ihep51	20260625075806234000000	15	23,181,830,549,504	23,181,913,804,800	14,533,012,322,291	25,154,938,761,216	25,945,969,811,456	22,034,264,555,520	29,685,706,653,696	235,757,358	1,095,213,417	0	0
em-p-ihep51	20260625075816310000000	12	23,181,827,096,576	23,181,889,236,992	14,530,328,314,249	25,154,938,761,216	25,945,969,811,456	22,034,264,555,520	29,685,706,653,696	158,806,693	532,345,432	0	0
em-p-ihep51	20260625075826388000000	10	23,181,829,255,168	23,181,878,976,512	14,526,390,904,234	25,154,938,761,216	25,945,969,811,456	22,034,264,555,520	29,685,706,653,696	126,303,936	519,174,786	0	0
em-p-ihep51	20260625075836476000000	11	23,181,830,500,352	23,181,948,506,112	14,528,863,712,403	25,154,938,761,216	25,945,969,811,456	22,034,264,555,520	29,685,706,653,696	128,108,035	630,326,192	0	0
em-p-ihep51	20260625075846563000000	13	23,181,829,423,104	23,181,878,439,936	14,532,695,406,984	25,154,938,761,216	25,945,969,811,456	22,034,264,555,520	29,685,706,653,696	182,511,447	968,730,505	0	0
em-p-ihep51	20260625075856652000000	11	23,181,830,393,856	23,182,357,032,960	14,530,451,463,615	25,154,938,761,216	25,945,969,811,456	22,034,264,555,520	29,685,706,653,696	323,594,788	1,133,922,700	0	0
em-p-ihep51	20260625075906740000000	15	23,181,830,557,696	23,181,879,988,224	14,529,909,826,483	25,154,938,761,216	25,945,969,811,456	22,034,264,555,520	29,685,706,653,696	413,988,072	1,348,205,940	0	0
em-p-ihep51	20260625075916817000000	15	23,181,830,451,200	23,181,905,977,344	14,529,110,949,714	25,154,938,761,216	25,945,969,811,456	22,034,264,555,520	29,685,706,653,696	251,887,210	418,999,604	0	0
em-p-ihep51	20260625075926928000000	9	23,181,829,537,792	23,181,920,096,256	14,525,968,786,995	25,154,938,761,216	25,945,969,811,456	22,034,264,555,520	29,685,706,653,696	233,979,503	456,617,871	0	0
em-p-ihep51	20260625075936997000000	12	23,181,828,349,952	23,181,931,626,496	14,526,914,160,577	25,154,938,761,216	25,945,969,811,456	22,034,264,555,520	29,685,706,653,696	119,546,364	511,723,805	0	0
em-p-ihep51	20260625075946994000000	15	23,181,829,431,296	23,181,904,891,904	14,537,323,648,818	25,154,938,761,216	25,945,969,811,456	22,034,264,555,520	29,685,706,653,696	420,001,147	650,430,995	0	0
em-p-ihep51	20260625075957089000000	13	23,181,829,246,976	23,182,278,524,928	14,526,859,478,821	25,154,938,761,216	25,945,969,811,456	22,034,264,555,520	29,685,706,653,696	269,237,531	1,653,464,696	0	0
em-p-ihep51	20260625080007171000000	36	23,182,355,460,096	23,182,683,123,712	14,579,522,755,159	25,154,938,761,216	25,945,969,811,456	22,034,264,555,520	29,685,706,653,696	796,773,006	4,382,360,857	0	0
em-p-ihep51	20260625080017183000000	44	23,183,695,138,816	23,183,786,242,048	14,586,927,581,942	25,154,938,761,216	25,945,969,811,456	22,034,264,555,520	29,685,706,653,696	723,030,959	3,362,974,050	0	0
em-p-ihep51	20260625080027231000000	36	23,183,688,847,360	23,183,756,439,552	14,547,357,844,659	25,154,938,761,216	25,945,969,811,456	22,034,264,555,520	29,685,706,653,696	807,959,466	2,509,725,731	0	0
em-p-ihep51	20260625080037261000000	26	23,183,690,768,384	23,183,910,895,616	14,563,362,260,645	25,154,938,761,216	25,945,969,811,456	22,034,264,555,520	29,685,706,653,696	341,516,401	1,957,689,783	0	0
em-p-ihep51	20260625080047310000000	21	23,183,690,629,120	23,183,734,272,000	14,542,419,734,792	25,154,938,761,216	25,945,969,811,456	22,034,264,555,520	29,685,706,653,696	485,210,865	1,659,293,378	0	0
em-p-ihep51	20260625080057306000000	20	23,183,690,522,624	23,183,734,247,424	14,542,312,123,829	25,154,938,761,216	25,945,969,811,456	22,034,264,555,520	29,685,706,653,696	322,591,490	766,728,061	0	0
em-p-ihep51	20260625080107389000000	19	23,183,689,498,624	23,184,198,090,752	14,549,119,122,833	25,154,938,761,216	25,945,969,811,456	22,034,264,555,520	29,685,706,653,696	396,105,593	1,002,316,523	0	0
em-p-ihep51	20260625080117420000000	21	23,183,688,237,056	23,183,860,813,824	14,545,850,511,605	25,154,938,761,216	25,945,969,811,456	22,034,264,555,520	29,685,706,653,696	314,374,243	2,067,532,756	0	0
em-p-ihep51	20260625080127412000000	19	23,183,688,232,960	23,183,738,228,736	14,548,427,482,366	25,154,938,761,216	25,945,969,811,456	22,034,264,555,520	29,685,706,653,696	177,064,125	1,217,962,234	0	0
em-p-ihep51	20260625080137516000000	22	23,183,672,848,384	23,183,734,685,696	14,547,605,275,433	25,154,938,761,216	25,945,969,811,456	22,034,264,555,520	29,685,706,653,696	169,670,146	1,161,197,289	0	0
em-p-ihep51	20260625080147611000000	19	23,183,672,692,736	23,183,734,112,256	14,543,894,219,254	25,154,938,761,216	25,945,969,811,456	22,034,264,555,520	29,685,706,653,696	327,380,876	1,400,613,209	0	0
em-p-ihep51	20260625080157706000000	18	23,183,666,757,632	23,183,719,694,336	14,543,800,145,477	25,154,938,761,216	25,945,969,811,456	22,034,264,555,520	29,685,706,653,696	249,547,350	784,509,913	0	0
em-p-ihep51	20260625080207812000000	18	23,183,675,133,952	23,183,726,723,072	14,547,958,030,105	25,154,938,761,216	25,945,969,811,456	22,034,264,555,520	29,685,706,653,696	187,220,041	637,783,695	0	0
em-p-ihep51	20260625080217915000000	20	23,183,674,789,888	23,184,132,075,520	14,543,000,561,374	25,154,938,761,216	25,945,969,811,456	22,034,264,555,520	29,685,706,653,696	319,609,238	1,324,342,527	0	0
em-p-ihep51	20260625080227921000000	17	23,183,672,537,088	23,183,804,080,128	14,544,960,397,527	25,154,938,761,216	25,945,969,811,456	22,034,264,555,520	29,685,706,653,696	399,947,305	2,156,043,011	0	0
em-p-ihep51	20260625080237900000000	18	23,183,672,700,928	23,183,795,486,720	14,546,658,592,971	25,154,938,761,216	25,945,969,811,456	22,034,264,555,520	29,685,706,653,696	217,895,130	776,239,024	0	0
em-p-ihep51	20260625080247919000000	20	23,183,672,881,152	23,183,797,698,560	14,545,852,503,390	25,154,938,761,216	25,945,969,811,456	22,034,264,555,520	29,685,706,653,696	256,093,635	634,368,080	0	0
em-p-ihep51	20260625080257950000000	16	23,183,672,885,248	23,183,795,978,240	14,540,993,719,794	25,154,938,761,216	25,945,969,811,456	22,034,264,555,520	29,685,706,653,696	251,367,207	1,013,327,546	0	0
em-p-ihep51	20260625080307959000000	16	23,184,178,196,480	23,184,301,584,384	14,549,186,755,770	25,154,938,761,216	25,945,969,811,456	22,034,264,555,520	29,685,706,653,696	354,073,335	1,468,675,968	0	0
em-p-ihep51	20260625080318053000000	15	23,184,178,085,888	23,184,343,420,928	14,540,274,135,098	25,154,938,761,216	25,945,969,811,456	22,034,264,555,520	29,685,706,653,696	320,798,091	882,475,850	0	0
em-p-ihep51	20260625080328141000000	13	23,184,194,842,624	23,184,683,405,312	14,541,388,205,160	25,154,938,761,216	25,945,969,811,456	22,034,264,555,520	29,685,706,653,696	362,642,249	771,112,021	0	0
em-p-ihep51	20260625080338227000000	12	23,184,208,084,992	23,184,332,918,784	14,546,291,344,685	25,154,938,761,216	25,945,969,811,456	22,034,264,555,520	29,685,706,653,696	137,381,399	738,823,741	0	0
em-p-ihep51	20260625080348304000000	13	23,184,549,933,056	23,184,673,783,808	14,544,398,428,517	25,154,938,761,216	25,945,969,811,456	22,034,264,555,520	29,685,706,653,696	204,867,850	895,712,541	0	0
em-p-ihep51	20260625080358312000000	13	23,184,550,096,896	23,184,673,878,016	14,545,121,895,757	25,154,938,761,216	25,945,969,811,456	22,034,264,555,520	29,685,706,653,696	265,814,595	646,232,444	0	0
em-p-ihep51	20260625080408332000000	15	23,184,549,990,400	23,184,672,309,248	14,549,527,756,900	25,154,938,761,216	25,945,969,811,456	22,034,264,555,520	29,685,706,653,696	204,133,732	815,345,875	0	0
em-p-ihep51	20260625080418328000000	13	23,184,554,586,112	23,184,638,976,000	14,536,819,611,125	25,154,938,761,216	25,945,969,811,456	22,034,264,555,520	29,685,706,653,696	195,671,374	827,163,707	0	0
em-p-ihep51	20260625080428431000000	13	23,184,557,715,456	23,184,641,646,592	14,535,993,462,223	25,154,938,761,216	25,945,969,811,456	22,034,264,555,520	29,685,706,653,696	249,030,369	1,170,219,969	0	0
em-p-ihep51	20260625080438521000000	14	23,184,555,450,368	23,184,996,810,752	14,536,334,075,227	25,154,938,761,216	25,945,969,811,456	22,034,264,555,520	29,685,706,653,696	319,221,632	920,862,373	0	0
em-p-ihep51	20260625080448604000000	15	23,184,554,532,864	23,184,640,651,264	14,535,253,342,272	25,154,938,761,216	25,945,969,811,456	22,034,264,555,520	29,685,706,653,696	217,308,023	689,495,737	0	0
em-p-ihep51	20260625080458631000000	15	23,184,554,532,864	23,184,641,503,232	14,540,361,160,873	25,154,938,761,216	25,945,969,811,456	22,034,264,555,520	29,685,706,653,696	175,453,148	564,415,594	0	0
em-p-ihep51	20260625080508626000000	18	23,184,555,720,704	23,184,657,481,728	14,547,240,016,930	25,154,938,761,216	25,945,969,811,456	22,034,264,555,520	29,685,706,653,696	403,483,713	985,373,920	0	0
em-p-ihep51	20260625080518724000000	15	23,184,556,150,784	23,184,642,080,768	14,547,347,457,132	25,154,938,761,216	25,945,969,811,456	22,034,264,555,520	29,685,706,653,696	263,771,613	744,414,925	0	0
em-p-ihep51	20260625080528734000000	19	23,184,555,933,696	23,184,640,811,008	14,551,507,106,351	25,154,938,761,216	25,945,969,811,456	22,034,264,555,520	29,685,706,653,696	482,789,788	780,895,443	0	0
em-p-ihep51	20260625080538823000000	15	23,184,553,668,608	23,184,638,656,512	14,546,377,907,423	25,154,938,761,216	25,945,969,811,456	22,034,264,555,520	29,685,706,653,696	224,734,340	748,267,432	0	0
em-p-ihep51	20260625080548925000000	16	23,184,555,020,288	23,184,790,843,392	14,539,571,867,835	25,154,938,761,216	25,945,969,811,456	22,034,264,555,520	29,685,706,653,696	358,200,838	1,370,673,704	0	0
em-p-ihep51	20260625080558932000000	19	23,184,554,913,792	23,184,640,585,728	14,543,480,335,682	25,154,938,761,216	25,945,969,811,456	22,034,264,555,520	29,685,706,653,696	195,843,930	861,591,345	0	0
em-p-ihep51	20260625080609037000000	15	23,184,553,742,336	23,184,633,040,896	14,548,864,584,034	25,154,938,761,216	25,945,969,811,456	22,034,264,555,520	29,685,706,653,696	247,296,488	825,278,828	0	0
em-p-ihep51	20260625080619055000000	18	23,184,552,480,768	23,185,066,360,832	14,541,619,690,389	25,154,938,761,216	25,945,969,811,456	22,034,264,555,520	29,685,706,653,696	323,564,987	2,197,393,527	0	0
em-p-ihep51	20260625080629057000000	16	23,184,552,611,840	23,184,650,883,072	14,546,034,930,328	25,154,938,761,216	25,945,969,811,456	22,034,264,555,520	29,685,706,653,696	366,462,301	1,369,254,415	0	0
em-p-ihep51	20260625080639166000000	13	23,184,552,611,840	23,184,644,034,560	14,542,438,195,814	25,154,938,761,216	25,945,969,811,456	22,034,264,555,520	29,685,706,653,696	353,990,747	424,681,965	0	0
em-p-ihep51	20260625080649235000000	14	23,184,550,236,160	23,184,646,623,232	14,546,805,322,095	25,154,938,761,216	25,945,969,811,456	22,034,264,555,520	29,685,706,653,696	198,456,004	700,594,428	0	0
em-p-ihep51	20260625080659322000000	11	23,185,439,805,440	23,185,619,324,928	14,540,010,867,592	25,154,938,761,216	25,945,969,811,456	22,034,264,555,520	29,685,706,653,696	386,189,224	879,136,205	0	0
em-p-ihep51	20260625080709416000000	14	23,185,590,439,936	23,185,663,733,760	14,554,005,881,772	25,154,938,761,216	25,945,969,811,456	22,034,264,555,520	29,685,706,653,696	372,980,410	1,248,643,158	0	0
em-p-ihep51	20260625080719496000000	9	23,185,591,791,616	23,185,659,777,024	14,540,186,458,442	25,154,938,761,216	25,945,969,811,456	22,034,264,555,520	29,685,706,653,696	252,894,948	1,135,272,098	0	0
em-p-ihep51	20260625080729503000000	7	23,185,825,972,224	23,185,898,487,808	14,538,763,432,353	25,154,938,761,216	25,945,969,811,456	22,034,264,555,520	29,685,706,653,696	419,667,537	691,763,598	0	0
em-p-ihep51	20260625080739508000000	10	23,185,825,865,728	23,185,892,065,280	14,545,787,695,253	25,154,938,761,216	25,945,969,811,456	22,034,264,555,520	29,685,706,653,696	600,367,363	965,579,319	0	0
em-p-ihep51	20260625080749497000000	9	23,185,823,600,640	23,185,889,710,080	14,541,577,816,596	25,154,938,761,216	25,945,969,811,456	22,034,264,555,520	29,685,706,653,696	344,492,717	873,752,873	0	0
em-p-ihep51	20260625080759603000000	9	23,185,004,322,816	23,184,727,240,704	14,548,550,033,510	25,154,938,761,216	25,945,969,811,456	22,034,264,555,520	29,685,706,653,696	229,877,485	604,430,686	0	0
em-p-ihep51	20260625080809616000000	9	23,185,368,195,072	23,185,414,291,456	14,553,237,122,460	25,154,938,761,216	25,945,969,811,456	22,034,264,555,520	29,685,706,653,696	157,410,407	620,270,932	0	0
em-p-ihep51	20260625080819633000000	8	23,185,746,018,304	23,185,793,560,576	14,546,111,925,360	25,154,938,761,216	25,945,969,811,456	22,034,264,555,520	29,685,706,653,696	256,790,954	478,429,543	0	0
em-p-ihep51	20260625080829726000000	10	23,186,122,219,520	23,186,158,878,720	14,546,750,406,388	25,154,938,761,216	25,945,969,811,456	22,034,264,555,520	29,685,706,653,696	133,520,233	1,064,247,494	0	0
em-p-ihep51	20260625080839813000000	9	23,186,498,150,400	23,186,565,226,496	14,545,174,570,259	25,154,938,761,216	25,945,969,811,456	22,034,264,555,520	29,685,706,653,696	249,972,179	1,199,600,335	0	0
em-p-ihep51	20260625080849828000000	12	23,183,376,662,528	23,183,482,470,400	14,544,136,560,218	25,154,938,761,216	25,945,969,811,456	22,034,264,555,520	29,685,706,653,696	309,918,198	915,437,038	0	0
em-p-ihep51	20260625080859915000000	17	23,183,378,821,120	23,183,485,755,392	14,538,577,157,795	25,154,938,761,216	25,945,969,811,456	22,034,264,555,520	29,685,706,653,696	528,341,344	967,720,715	0	0
em-p-ihep51	20260625080910009000000	16	23,183,393,677,312	23,183,539,523,584	14,545,811,585,952	25,154,938,761,216	25,945,969,811,456	22,034,264,555,520	29,685,706,653,696	368,753,536	1,553,303,453	0	0
em-p-ihep51	20260625080920126000000	14	23,183,393,570,816	23,183,486,832,640	14,534,643,637,156	25,154,938,761,216	25,945,969,811,456	22,034,264,555,520	29,685,706,653,696	224,323,048	621,464,674	0	0
em-p-ihep51	20260625080930129000000	14	23,183,394,791,424	23,183,610,458,112	14,541,330,135,173	25,154,938,761,216	25,945,969,811,456	22,034,264,555,520	29,685,706,653,696	178,556,649	2,093,777,946	0	0
em-p-ihep51	20260625080940132000000	17	23,183,394,922,496	23,183,488,098,304	14,543,593,445,000	25,154,938,761,216	25,945,969,811,456	22,034,264,555,520	29,685,706,653,696	441,820,017	1,496,619,014	0	0
em-p-ihep51	20260625080950218000000	16	23,183,394,816,000	23,183,962,824,704	14,539,881,957,559	25,154,938,761,216	25,945,969,811,456	22,034,264,555,520	29,685,706,653,696	198,086,042	1,278,994,390	0	0
em-p-ihep51	20260625081000313000000	14	23,183,395,082,240	23,183,488,335,872	14,541,296,322,594	25,154,938,761,216	25,945,969,811,456	22,034,264,555,520	29,685,706,653,696	536,050,716	1,648,595,818	20,480	0
em-p-ihep51	20260625081010334000000	29	23,183,402,106,880	23,183,495,606,272	14,580,000,330,645	25,154,938,761,216	25,945,969,811,456	22,034,264,555,520	29,685,706,653,696	533,101,838	2,162,853,613	8,192	0
em-p-ihep51	20260625081020328000000	22	23,183,400,919,040	23,183,910,969,344	14,560,509,724,102	25,154,938,761,216	25,945,969,811,456	22,034,264,555,520	29,685,706,653,696	347,368,490	1,839,801,167	0	0
em-p-ihep51	20260625081030439000000	22	23,183,404,433,408	23,183,488,163,840	14,559,306,595,402	25,154,938,761,216	25,945,969,811,456	22,034,264,555,520	29,685,706,653,696	300,842,926	2,112,668,564	0	0
em-p-ihep51	20260625081040448000000	18	23,183,399,890,944	23,183,483,445,248	14,553,203,646,187	25,154,938,761,216	25,945,969,811,456	22,034,264,555,520	29,685,706,653,696	238,470,586	1,383,439,928	0	0
em-p-ihep51	20260625081050468000000	20	23,183,398,735,872	23,183,487,795,200	14,538,476,609,075	25,154,938,761,216	25,945,969,811,456	22,034,264,555,520	29,685,706,653,696	302,334,181	2,825,445,318	0	0
em-p-ihep51	20260625081100556000000	19	23,183,399,784,448	23,183,482,056,704	14,540,410,004,821	25,154,938,761,216	25,945,969,811,456	22,034,264,555,520	29,685,706,653,696	443,016,590	2,409,613,247	0	0
em-p-ihep51	20260625081110554000000	23	23,183,399,677,952	23,183,484,194,816	14,552,567,601,965	25,154,938,761,216	25,945,969,811,456	22,034,264,555,520	29,685,706,653,696	361,330,759	2,152,967,652	0	0
em-p-ihep51	20260625081120668000000	18	23,183,397,535,744	23,183,481,991,168	14,541,967,109,186	25,154,938,761,216	25,945,969,811,456	22,034,264,555,520	29,685,706,653,696	364,535,537	2,175,997,054	0	0
em-p-ihep51	20260625081130785000000	20	23,183,397,429,248	23,183,500,005,376	14,542,865,216,137	25,154,938,761,216	25,945,969,811,456	22,034,264,555,520	29,685,706,653,696	203,128,208	1,455,995,177	0	0
em-p-ihep51	20260625081140862000000	18	23,183,396,405,248	23,183,478,652,928	14,544,009,589,578	25,154,938,761,216	25,945,969,811,456	22,034,264,555,520	29,685,706,653,696	240,451,630	1,256,417,603	0	0
em-p-ihep51	20260625081150970000000	22	23,183,407,648,768	23,183,492,304,896	14,541,125,743,342	25,154,938,761,216	25,945,969,811,456	22,034,264,555,520	29,685,706,653,696	303,445,223	1,586,925,075	0	0
em-p-ihep51	20260625081200974000000	15	23,183,406,460,928	23,183,657,426,944	14,537,315,901,045	25,154,938,761,216	25,945,969,811,456	22,034,264,555,520	29,685,706,653,696	303,007,453	1,511,811,699	0	0
em-p-ihep51	20260625081210960000000	18	23,183,410,778,112	23,183,494,574,080	14,544,563,469,571	25,154,938,761,216	25,945,969,811,456	22,034,264,555,520	29,685,706,653,696	378,389,021	1,410,908,796	0	0
em-p-ihep51	20260625081220990000000	17	23,183,410,864,128	23,183,890,046,976	14,538,400,870,967	25,154,938,761,216	25,945,969,811,456	22,034,264,555,520	29,685,706,653,696	222,303,697	2,119,520,402	0	0
em-p-ihep51	20260625081231090000000	12	23,183,409,758,208	23,183,495,192,576	14,532,083,677,654	25,154,938,761,216	25,945,969,811,456	22,034,264,555,520	29,685,706,653,696	301,846,930	1,583,455,328	0	0
em-p-ihep51	20260625081241071000000	13	23,183,409,922,048	23,183,585,869,824	14,547,666,332,898	25,154,938,761,216	25,945,969,811,456	22,034,264,555,520	29,685,706,653,696	183,941,712	1,170,697,837	0	0
em-p-ihep51	20260625081251088000000	13	23,182,873,755,648	23,183,044,386,816	14,542,642,047,703	25,154,938,761,216	25,945,969,811,456	22,034,264,555,520	29,685,706,653,696	207,852,518	1,450,460,989	0	0
em-p-ihep51	20260625081301197000000	13	23,182,873,616,384	23,183,048,380,416	14,547,888,091,248	25,154,938,761,216	25,945,969,811,456	22,034,264,555,520	29,685,706,653,696	371,078,737	1,677,699,806	0	0
em-p-ihep51	20260625081311277000000	15	23,182,873,509,888	23,183,066,329,088	14,552,233,518,784	25,154,938,761,216	25,945,969,811,456	22,034,264,555,520	29,685,706,653,696	167,828,348	800,559,503	0	0
em-p-ihep51	20260625081321253000000	14	23,182,873,673,728	23,182,989,877,248	14,545,594,091,619	25,154,938,761,216	25,945,969,811,456	22,034,264,555,520	29,685,706,653,696	177,782,123	695,673,061	0	0
em-p-ihep51	20260625081331262000000	12	23,182,875,181,056	23,182,985,609,216	14,548,960,240,294	25,154,938,761,216	25,945,969,811,456	22,034,264,555,520	29,685,706,653,696	144,846,101	504,978,229	0	0
em-p-ihep51	20260625081341359000000	11	23,182,875,181,056	23,182,971,621,376	14,550,909,421,832	25,154,938,761,216	25,945,969,811,456	22,034,264,555,520	29,685,706,653,696	174,625,676	544,921,013	0	0
em-p-ihep51	20260625081351461000000	11	23,182,876,262,400	23,182,997,016,576	14,547,950,733,251	25,154,938,761,216	25,945,969,811,456	22,034,264,555,520	29,685,706,653,696	204,305,960	707,007,465	0	0
em-p-ihep51	20260625081401566000000	11	23,182,877,777,920	23,183,021,469,696	14,551,470,450,644	25,154,938,761,216	25,945,969,811,456	22,034,264,555,520	29,685,706,653,696	288,308,679	1,139,575,891	0	0
em-p-ihep51	20260625081411568000000	12	23,182,877,704,192	23,183,181,697,024	14,562,038,347,664	25,154,938,761,216	25,945,969,811,456	22,034,264,555,520	29,685,706,653,696	304,802,153	2,987,025,695	0	0
em-p-ihep51	20260625081421585000000	13	23,182,877,564,928	23,183,260,860,416	14,552,024,498,266	25,154,938,761,216	25,945,969,811,456	22,034,264,555,520	29,685,706,653,696	331,484,481	1,282,012,412	0	0
em-p-ihep51	20260625081431652000000	11	23,183,297,015,808	23,183,391,211,520	14,564,009,410,769	25,154,938,761,216	25,945,969,811,456	22,034,264,555,520	29,685,706,653,696	242,120,282	566,064,757	0	0
em-p-ihep51	20260625081441760000000	12	23,183,297,015,808	23,183,387,615,232	14,565,838,708,509	25,154,938,761,216	25,945,969,811,456	22,034,264,555,520	29,685,706,653,696	265,830,263	847,966,567	0	0
em-p-ihep51	20260625081451835000000	8	23,183,295,827,968	23,183,386,415,104	14,569,986,874,763	25,154,938,761,216	25,945,969,811,456	22,034,264,555,520	29,685,706,653,696	296,334,625	611,618,848	0	0
em-p-ihep51	20260625081501849000000	13	23,183,297,986,560	23,183,422,304,256	14,553,058,812,214	25,154,938,761,216	25,945,969,811,456	22,034,264,555,520	29,685,706,653,696	393,152,913	1,044,557,910	0	0
em-p-ihep51	20260625081511964000000	20	23,182,000,529,408	23,182,239,043,584	14,553,182,367,113	25,154,938,761,216	25,945,969,811,456	22,034,264,555,520	29,685,706,653,696	544,387,944	1,322,890,054	0	0
em-p-ihep51	20260625081521951000000	16	23,182,000,390,144	23,182,255,218,688	14,545,621,885,265	25,154,938,761,216	25,945,969,811,456	22,034,264,555,520	29,685,706,653,696	302,579,444	1,782,745,875	0	0
em-p-ihep51	20260625081532043000000	16	23,181,199,298,560	23,181,763,076,096	14,549,412,543,072	25,154,938,761,216	25,945,969,811,456	22,034,264,555,520	29,685,706,653,696	331,094,533	1,432,099,171	0	0
em-p-ihep51	20260625081542146000000	16	23,181,198,110,720	23,181,280,129,024	14,536,518,616,876	25,154,938,761,216	25,945,969,811,456	22,034,264,555,520	29,685,706,653,696	280,247,479	1,511,073,165	0	0
em-p-ihep51	20260625081552226000000	13	23,180,722,368,512	23,180,780,085,248	14,547,691,229,786	25,154,938,761,216	25,945,969,811,456	22,034,264,555,520	29,685,706,653,696	186,147,806	816,005,438	0	0
em-p-ihep51	20260625081602317000000	17	23,180,723,720,192	23,180,781,289,472	14,548,809,042,883	25,154,938,761,216	25,945,969,811,456	22,034,264,555,520	29,685,706,653,696	209,951,817	654,128,317	0	0
em-p-ihep51	20260625081612392000000	16	23,180,722,618,368	23,180,931,219,456	14,555,689,891,503	25,154,938,761,216	25,945,969,811,456	22,034,264,555,520	29,685,706,653,696	278,438,075	1,822,377,437	0	0
em-p-ihep51	20260625081622486000000	12	23,180,721,561,600	23,180,780,642,304	14,555,459,136,683	25,154,938,761,216	25,945,969,811,456	22,034,264,555,520	29,685,706,653,696	136,546,801	1,081,232,845	0	0
em-p-ihep51	20260625081632488000000	13	23,180,725,456,896	23,180,797,935,616	14,550,814,688,792	25,154,938,761,216	25,945,969,811,456	22,034,264,555,520	29,685,706,653,696	264,476,293	761,622,586	0	0
em-p-ihep51	20260625081642519000000	15	23,180,725,350,400	23,180,821,606,400	14,555,373,725,677	25,154,938,761,216	25,945,969,811,456	22,034,264,555,520	29,685,706,653,696	182,699,576	844,912,529	0	0
em-p-ihep51	20260625081652503000000	13	23,180,725,514,240	23,180,796,231,680	14,557,255,326,567	25,154,938,761,216	25,945,969,811,456	22,034,264,555,520	29,685,706,653,696	395,287,205	1,344,732,638	0	0
em-p-ihep51	20260625081702611000000	9	23,180,725,407,744	23,180,794,003,456	14,551,939,392,946	25,154,938,761,216	25,945,969,811,456	22,034,264,555,520	29,685,706,653,696	210,149,819	1,024,915,166	0	0
em-p-ihep51	20260625081712701000000	11	23,180,280,348,672	23,180,349,276,160	14,559,356,418,305	25,154,938,761,216	25,945,969,811,456	22,034,264,555,520	29,685,706,653,696	166,696,676	714,590,938	0	0
em-p-ihep51	20260625081722810000000	10	23,180,280,242,176	23,180,369,879,040	14,557,824,349,781	25,154,938,761,216	25,945,969,811,456	22,034,264,555,520	29,685,706,653,696	176,278,272	656,118,031	0	0
em-p-ihep51	20260625081732778000000	17	23,180,280,135,680	23,180,353,675,264	14,561,238,941,042	25,154,938,761,216	25,945,969,811,456	22,034,264,555,520	29,685,706,653,696	205,404,248	632,047,835	0	0
em-p-ihep51	20260625081742794000000	11	23,180,279,332,864	23,180,352,671,744	14,559,743,860,655	25,154,938,761,216	25,945,969,811,456	22,034,264,555,520	29,685,706,653,696	158,430,596	635,764,532	0	0
em-p-ihep51	20260625081752871000000	11	23,180,280,684,544	23,180,791,574,528	14,562,267,460,553	25,154,938,761,216	25,945,969,811,456	22,034,264,555,520	29,685,706,653,696	198,978,974	704,181,195	0	0
em-p-ihep51	20260625081802968000000	8	23,180,280,578,048	23,180,354,674,688	14,560,991,013,554	25,154,938,761,216	25,945,969,811,456	22,034,264,555,520	29,685,706,653,696	244,217,288	684,256,051	0	0
em-p-ihep51	20260625081813095000000	8	23,180,280,471,552	23,180,359,663,616	14,565,922,595,206	25,154,938,761,216	25,945,969,811,456	22,034,264,555,520	29,685,706,653,696	239,863,078	1,254,315,527	0	0
em-p-ihep51	20260625081823116000000	14	23,180,279,447,552	23,180,357,255,168	14,569,585,455,477	25,154,938,761,216	25,945,969,811,456	22,034,264,555,520	29,685,706,653,696	421,959,802	1,773,513,994	0	0
em-p-ihep51	20260625081833105000000	13	23,180,289,609,728	23,180,392,488,960	14,563,861,906,852	25,154,938,761,216	25,945,969,811,456	22,034,264,555,520	29,685,706,653,696	398,882,324	1,236,632,975	0	0
em-p-ihep51	20260625081843200000000	14	23,180,291,698,688	23,180,434,063,360	14,562,506,292,719	25,154,938,761,216	25,945,969,811,456	22,034,264,555,520	29,685,706,653,696	507,514,077	2,396,587,152	0	0
em-p-ihep51	20260625081853281000000	13	23,180,293,181,440	23,180,411,719,680	14,561,505,394,992	25,154,938,761,216	25,945,969,811,456	22,034,264,555,520	29,685,706,653,696	477,043,115	1,583,036,955	0	0
em-p-ihep51	20260625081903373000000	11	23,180,294,156,288	23,180,907,610,112	14,563,151,310,888	25,154,938,761,216	25,945,969,811,456	22,034,264,555,520	29,685,706,653,696	262,588,821	801,229,467	0	0
em-p-ihep51	20260625081913375000000	15	23,180,294,049,792	23,180,412,461,056	14,558,585,129,930	25,154,938,761,216	25,945,969,811,456	22,034,264,555,520	29,685,706,653,696	205,766,429	1,325,765,235	0	0
em-p-ihep51	20260625081923464000000	12	23,180,294,213,632	23,180,440,190,976	14,564,296,402,074	25,154,938,761,216	25,945,969,811,456	22,034,264,555,520	29,685,706,653,696	305,066,602	792,380,055	0	0
em-p-ihep51	20260625081933579000000	10	23,180,379,246,592	23,180,486,991,872	14,561,298,941,479	25,154,938,761,216	25,945,969,811,456	22,034,264,555,520	29,685,706,653,696	399,630,335	1,516,787,569	0	0
em-p-ihep51	20260625081943662000000	12	23,180,441,583,616	23,180,631,121,920	14,565,079,153,020	25,154,938,761,216	25,945,969,811,456	22,034,264,555,520	29,685,706,653,696	477,521,154	1,605,595,131	0	0
em-p-ihep51	20260625081953659000000	11	23,180,444,012,544	23,180,555,374,592	14,564,727,596,937	25,154,938,761,216	25,945,969,811,456	22,034,264,555,520	29,685,706,653,696	377,587,210	883,802,087	0	0
em-p-ihep51	20260625082003673000000	13	23,180,439,261,184	23,180,549,210,112	14,536,520,391,237	25,154,938,761,216	25,945,969,811,456	22,034,264,555,520	29,685,706,653,696	275,793,544	830,510,036	0	0
em-p-ihep51	20260625082013700000000	25	23,196,850,515,968	23,197,381,959,680	14,609,244,826,862	25,154,938,761,216	25,945,969,811,456	22,034,264,555,520	29,685,706,653,696	691,446,330	1,933,756,529	0	0
em-p-ihep51	20260625082023812000000	21	23,199,062,278,144	23,199,413,182,464	14,596,286,316,360	25,154,938,761,216	25,945,969,811,456	22,034,264,555,520	29,685,706,653,696	509,022,625	1,209,301,427	0	0
em-p-ihep51	20260625082033831000000	18	23,200,067,350,528	23,200,189,808,640	14,585,817,129,302	25,154,938,761,216	25,945,969,811,456	22,034,264,555,520	29,685,706,653,696	187,283,838	2,080,662,486	0	0
em-p-ihep51	20260625082043822000000	16	23,200,313,249,792	23,200,435,089,408	14,575,411,244,762	25,154,938,761,216	25,945,969,811,456	22,034,264,555,520	29,685,706,653,696	319,787,046	831,084,096	0	0
em-p-ihep51	20260625082053820000000	16	23,200,314,490,880	23,200,413,773,824	14,569,783,301,155	25,154,938,761,216	25,945,969,811,456	22,034,264,555,520	29,685,706,653,696	385,455,419	1,242,796,904	0	0
em-p-ihep51	20260625082103914000000	19	23,202,738,614,272	23,200,765,190,144	14,614,998,610,991	25,154,938,761,216	25,945,969,811,456	22,034,264,555,520	29,685,706,653,696	382,788,756	1,471,838,571	0	0
em-p-ihep51	20260625082114007000000	21	23,218,909,155,328	23,219,080,437,760	14,590,256,316,933	25,154,938,761,216	25,945,969,811,456	22,034,264,555,520	29,685,706,653,696	613,075,585	1,531,604,988	0	0
em-p-ihep51	20260625082124084000000	14	23,219,048,271,872	23,219,176,464,384	14,589,384,586,585	25,154,938,761,216	25,945,969,811,456	22,034,264,555,520	29,685,706,653,696	454,034,801	1,214,689,159	0	0
em-p-ihep51	20260625082134074000000	17	23,219,165,487,104	23,219,265,642,496	14,584,618,750,695	25,154,938,761,216	25,945,969,811,456	22,034,264,555,520	29,685,706,653,696	333,241,864	954,118,823	0	0
em-p-ihep51	20260625082144166000000	14	23,219,429,842,944	23,219,447,967,744	14,587,553,911,694	25,154,938,761,216	25,945,969,811,456	22,034,264,555,520	29,685,706,653,696	686,430,708	1,027,070,761	0	0
em-p-ihep51	20260625082154258000000	18	23,213,228,281,856	23,215,904,059,392	14,553,942,910,540	25,154,938,761,216	25,945,969,811,456	22,034,264,555,520	29,685,706,653,696	272,958,706	965,939,672	0	0
em-p-ihep51	20260625082204349000000	10	23,210,571,444,224	23,209,727,729,664	14,564,573,827,632	25,154,938,761,216	25,945,969,811,456	22,034,264,555,520	29,685,706,653,696	457,675,636	784,724,624	0	0
em-p-ihep51	20260625082214465000000	20	23,187,002,155,008	23,184,796,676,096	14,552,702,936,877	25,154,938,761,216	25,945,969,811,456	22,034,264,555,520	29,685,706,653,696	505,378,893	1,033,345,334	0	0
em-p-ihep51	20260625082224478000000	16	23,194,121,654,272	23,194,521,796,608	14,561,955,161,579	25,154,938,761,216	25,945,969,811,456	22,034,264,555,520	29,685,706,653,696	450,173,192	2,113,563,277	0	0
em-p-ihep51	20260625082234484000000	15	23,194,122,665,984	23,194,212,749,312	14,555,343,016,432	25,154,938,761,216	25,945,969,811,456	22,034,264,555,520	29,685,706,653,696	422,652,355	2,270,212,913	0	0
em-p-ihep51	20260625082244488000000	17	23,194,122,829,824	23,194,272,595,968	14,575,168,884,677	25,154,938,761,216	25,945,969,811,456	22,034,264,555,520	29,685,706,653,696	687,009,503	1,338,556,117	0	0
em-p-ihep51	20260625082254583000000	11	23,194,121,641,984	23,194,293,858,304	14,562,817,531,608	25,154,938,761,216	25,945,969,811,456	22,034,264,555,520	29,685,706,653,696	656,751,527	984,931,301	0	0
em-p-ihep51	20260625082304704000000	11	23,185,288,028,160	23,193,910,820,864	14,574,189,572,988	25,154,938,761,216	25,945,969,811,456	22,034,264,555,520	29,685,706,653,696	185,141,382	606,605,682	0	0
em-p-ihep51	20260625082314695000000	14	23,201,883,471,872	23,202,054,451,200	14,598,151,026,102	25,154,938,761,216	25,945,969,811,456	22,034,264,555,520	29,685,706,653,696	244,791,237	793,845,709	0	0
em-p-ihep51	20260625082324707000000	17	23,201,883,635,712	23,202,028,138,496	14,601,232,348,311	25,154,938,761,216	25,945,969,811,456	22,034,264,555,520	29,685,706,653,696	299,401,766	672,840,321	0	0
em-p-ihep51	20260625082334720000000	14	23,201,885,151,232	23,202,029,670,400	14,596,139,732,003	25,154,938,761,216	25,945,969,811,456	22,034,264,555,520	29,685,706,653,696	259,720,609	607,767,873	0	0
em-p-ihep51	20260625082344732000000	12	23,201,886,232,576	23,202,048,741,376	14,591,627,615,216	25,154,938,761,216	25,945,969,811,456	22,034,264,555,520	29,685,706,653,696	239,734,597	615,774,793	0	0
em-p-ihep51	20260625082354824000000	13	23,207,504,523,264	23,207,520,083,968	14,597,531,157,183	25,154,938,761,216	25,945,969,811,456	22,034,264,555,520	29,685,706,653,696	291,845,808	1,209,976,828	0	0
em-p-ihep51	20260625082404917000000	15	23,214,288,973,824	23,214,303,199,232	14,591,030,877,208	25,154,938,761,216	25,945,969,811,456	22,034,264,555,520	29,685,706,653,696	303,924,943	2,252,923,605	0	0
em-p-ihep51	20260625082415014000000	15	23,218,337,669,120	23,219,024,867,328	14,594,410,381,738	25,154,938,761,216	25,945,969,811,456	22,034,264,555,520	29,685,706,653,696	228,491,992	718,330,054	0	0
em-p-ihep51	20260625082425020000000	11	23,218,730,094,592	23,218,873,352,192	14,601,086,807,188	25,154,938,761,216	25,945,969,811,456	22,034,264,555,520	29,685,706,653,696	175,607,770	535,942,946	0	0
em-p-ihep51	20260625082435026000000	15	23,218,728,218,624	23,219,265,634,304	14,602,615,483,585	25,154,938,761,216	25,945,969,811,456	22,034,264,555,520	29,685,706,653,696	163,659,846	1,429,969,410	0	0
em-p-ihep51	20260625082445041000000	19	23,219,123,613,696	23,219,313,070,080	14,613,186,124,840	25,154,938,761,216	25,945,969,811,456	22,034,264,555,520	29,685,706,653,696	184,059,855	1,553,282,964	0	0
em-p-ihep51	20260625082455137000000	16	23,219,403,821,056	23,219,410,513,920	14,616,331,871,623	25,154,938,761,216	25,945,969,811,456	22,034,264,555,520	29,685,706,653,696	158,545,343	595,133,494	0	0
em-p-ihep51	20260625082505238000000	18	23,220,115,378,176	23,220,183,097,344	14,612,554,679,625	25,154,938,761,216	25,945,969,811,456	22,034,264,555,520	29,685,706,653,696	282,502,607	910,533,365	0	0
em-p-ihep51	20260625082515248000000	17	23,222,034,825,216	23,222,110,863,360	14,621,053,218,438	25,154,938,761,216	25,945,969,811,456	22,034,264,555,520	29,685,706,653,696	360,634,404	1,013,318,584	0	0
em-p-ihep51	20260625082525257000000	17	23,222,300,295,168	23,222,924,472,320	14,616,538,778,860	25,154,938,761,216	25,945,969,811,456	22,034,264,555,520	29,685,706,653,696	262,813,719	1,028,366,520	0	0
em-p-ihep51	20260625082535260000000	17	23,222,579,621,888	23,222,723,309,568	14,612,128,437,132	25,154,938,761,216	25,945,969,811,456	22,034,264,555,520	29,685,706,653,696	320,885,142	1,160,713,372	0	0
em-p-ihep51	20260625082545268000000	22	23,219,334,914,048	23,219,452,686,336	14,607,772,878,020	25,154,938,761,216	25,945,969,811,456	22,034,264,555,520	29,685,706,653,696	418,684,098	1,074,506,599	0	0
em-p-ihep51	20260625082555275000000	15	23,219,404,787,712	23,220,429,967,360	14,606,665,688,259	25,154,938,761,216	25,945,969,811,456	22,034,264,555,520	29,685,706,653,696	338,388,336	805,334,430	0	0
em-p-ihep51	20260625082605279000000	16	23,214,177,075,200	23,214,295,162,880	14,597,492,224,621	25,154,938,761,216	25,945,969,811,456	22,034,264,555,520	29,685,706,653,696	451,064,527	823,894,107	0	0
em-p-ihep51	20260625082615382000000	19	23,211,780,653,056	23,211,243,110,400	14,610,576,494,518	25,154,938,761,216	25,945,969,811,456	22,034,264,555,520	29,685,706,653,696	216,007,688	584,352,821	0	0
em-p-ihep51	20260625082625380000000	17	23,214,929,686,528	23,215,026,581,504	14,596,556,441,294	25,154,938,761,216	25,945,969,811,456	22,034,264,555,520	29,685,706,653,696	313,263,253	901,511,039	0	0
em-p-ihep51	20260625082635387000000	21	23,213,078,122,496	23,213,471,793,152	14,588,829,381,350	25,154,938,761,216	25,945,969,811,456	22,034,264,555,520	29,685,706,653,696	429,466,982	883,013,593	0	0
em-p-ihep51	20260625082645487000000	16	23,231,916,879,872	23,232,037,617,664	14,618,508,922,643	25,154,938,761,216	25,945,969,811,456	22,034,264,555,520	29,685,706,653,696	213,908,548	1,171,131,521	0	0
em-p-ihep51	20260625082655562000000	16	23,232,612,483,072	23,232,764,764,160	14,611,727,482,476	25,154,938,761,216	25,945,969,811,456	22,034,264,555,520	29,685,706,653,696	298,246,074	1,227,176,568	0	0
em-p-ihep51	20260625082705589000000	15	23,232,758,001,664	23,233,100,476,416	14,615,179,318,607	25,154,938,761,216	25,945,969,811,456	22,034,264,555,520	29,685,706,653,696	624,349,326	2,115,667,686	0	0
em-p-ihep51	20260625082715677000000	13	23,232,901,079,040	23,233,018,957,824	14,571,647,901,870	25,154,938,761,216	25,945,969,811,456	22,034,264,555,520	29,685,706,653,696	301,242,857	2,378,292,591	0	0
em-p-ihep51	20260625082725764000000	10	23,232,899,784,704	23,233,040,453,632	14,575,430,930,403	25,154,938,761,216	25,945,969,811,456	22,034,264,555,520	29,685,706,653,696	175,607,521	772,455,564	0	0
em-p-ihep51	20260625082735843000000	9	23,231,796,350,976	23,231,951,114,240	14,585,463,596,827	25,154,938,761,216	25,945,969,811,456	22,034,264,555,520	29,685,706,653,696	165,371,976	564,071,019	0	0
em-p-ihep51	20260625082745851000000	16	23,230,019,555,328	23,230,708,064,256	14,575,939,893,715	25,154,938,761,216	25,945,969,811,456	22,034,264,555,520	29,685,706,653,696	211,830,184	605,447,185	0	0
em-p-ihep51	20260625082755853000000	12	23,230,018,478,080	23,230,151,143,424	14,572,919,924,842	25,154,938,761,216	25,945,969,811,456	22,034,264,555,520	29,685,706,653,696	163,200,631	1,194,347,633	0	0
em-p-ihep51	20260625082805945000000	13	23,230,018,641,920	23,230,176,206,848	14,576,344,009,650	25,154,938,761,216	25,945,969,811,456	22,034,264,555,520	29,685,706,653,696	249,943,174	850,252,235	0	0
em-p-ihep51	20260625082816031000000	15	23,230,020,694,016	23,230,569,259,008	14,576,898,229,796	25,154,938,761,216	25,945,969,811,456	22,034,264,555,520	29,685,706,653,696	396,069,320	1,351,133,958	0	0
em-p-ihep51	20260625082826125000000	17	23,230,031,437,824	23,230,170,984,448	14,571,086,263,481	25,154,938,761,216	25,945,969,811,456	22,034,264,555,520	29,685,706,653,696	470,354,271	1,248,648,539	0	0
em-p-ihep51	20260625082836204000000	12	23,202,547,118,080	23,207,109,861,376	14,525,639,350,413	25,154,938,761,216	25,945,969,811,456	22,034,264,555,520	29,685,706,653,696	498,904,510	646,367,733	0	0
em-p-ihep51	20260625082846296000000	15	23,196,498,296,832	23,196,634,107,904	14,523,626,664,603	25,154,938,761,216	25,945,969,811,456	22,034,264,555,520	29,685,706,653,696	436,338,659	843,791,511	0	0
em-p-ihep51	20260625082856381000000	11	23,196,495,921,152	23,196,648,103,936	14,527,582,571,124	25,154,938,761,216	25,945,969,811,456	22,034,264,555,520	29,685,706,653,696	362,981,523	666,867,936	0	0
em-p-ihep51	20260625082906476000000	15	23,196,588,990,464	23,196,725,751,808	14,523,457,561,997	25,154,938,761,216	25,945,969,811,456	22,034,264,555,520	29,685,706,653,696	227,374,278	1,042,051,297	0	0
em-p-ihep51	20260625082916568000000	13	23,196,588,011,520	23,196,712,214,528	14,525,438,951,681	25,154,938,761,216	25,945,969,811,456	22,034,264,555,520	29,685,706,653,696	220,857,205	608,149,880	0	0
em-p-ihep51	20260625082926652000000	13	23,196,590,063,616	23,197,154,725,888	14,523,619,347,936	25,154,938,761,216	25,945,969,811,456	22,034,264,555,520	29,685,706,653,696	548,706,227	1,130,648,054	0	0
em-p-ihep51	20260625082936765000000	14	23,196,593,737,728	23,196,708,675,584	14,527,615,649,658	25,154,938,761,216	25,945,969,811,456	22,034,264,555,520	29,685,706,653,696	419,626,493	1,328,718,288	0	0
em-p-ihep51	20260625082946751000000	15	23,196,593,823,744	23,196,859,871,232	14,527,236,126,181	25,154,938,761,216	25,945,969,811,456	22,034,264,555,520	29,685,706,653,696	664,520,141	2,814,600,148	0	0
em-p-ihep51	20260625082956768000000	16	23,196,593,684,480	23,196,709,388,288	14,525,536,302,994	25,154,938,761,216	25,945,969,811,456	22,034,264,555,520	29,685,706,653,696	181,147,469	790,348,439	0	0
em-p-ihep51	20260625083006873000000	22	23,196,604,137,472	23,196,762,161,152	14,541,682,555,851	25,154,938,761,216	25,945,969,811,456	22,034,264,555,520	29,685,706,653,696	558,136,292	2,154,371,488	0	0
em-p-ihep51	20260625083016880000000	23	23,196,601,102,336	23,196,808,630,272	14,547,720,597,534	25,154,938,761,216	25,945,969,811,456	22,034,264,555,520	29,685,706,653,696	478,722,943	1,910,159,829	0	0
em-p-ihep51	20260625083026962000000	19	23,196,596,625,408	23,196,709,072,896	14,541,626,697,388	25,154,938,761,216	25,945,969,811,456	22,034,264,555,520	29,685,706,653,696	921,668,532	1,788,384,867	0	0
em-p-ihep51	20260625083036979000000	18	23,196,595,331,072	23,196,748,673,024	14,527,294,271,522	25,154,938,761,216	25,945,969,811,456	22,034,264,555,520	29,685,706,653,696	379,795,401	623,434,950	0	0
em-p-ihep51	20260625083047068000000	16	23,196,592,955,392	23,196,707,069,952	14,527,997,716,847	25,154,938,761,216	25,945,969,811,456	22,034,264,555,520	29,685,706,653,696	280,960,226	636,405,724	0	0
em-p-ihep51	20260625083057174000000	19	23,196,595,113,984	23,196,706,234,368	14,525,031,371,972	25,154,938,761,216	25,945,969,811,456	22,034,264,555,520	29,685,706,653,696	381,382,200	1,123,745,163	0	0
em-p-ihep51	20260625083107179000000	16	23,196,594,352,128	23,196,707,266,560	14,537,009,968,709	25,154,938,761,216	25,945,969,811,456	22,034,264,555,520	29,685,706,653,696	452,023,095	1,462,565,773	0	0
em-p-ihep51	20260625083117277000000	19	23,196,594,278,400	23,196,704,845,824	14,533,764,021,157	25,154,938,761,216	25,945,969,811,456	22,034,264,555,520	29,685,706,653,696	517,224,869	2,067,305,730	0	0
em-p-ihep51	20260625083127306000000	24	23,196,594,356,224	23,196,704,354,304	14,528,792,130,564	25,154,938,761,216	25,945,969,811,456	22,034,264,555,520	29,685,706,653,696	354,290,871	1,430,255,894	0	0
em-p-ihep51	20260625083137293000000	16	23,196,590,006,272	23,196,742,598,656	14,528,526,199,467	25,154,938,761,216	25,945,969,811,456	22,034,264,555,520	29,685,706,653,696	492,741,267	914,967,530	0	0
em-p-ihep51	20260625083147271000000	18	23,196,590,006,272	23,196,730,798,080	14,529,414,486,920	25,154,938,761,216	25,945,969,811,456	22,034,264,555,520	29,685,706,653,696	419,653,410	783,232,289	0	0
em-p-ihep51	20260625083157275000000	13	23,196,591,087,616	23,196,706,975,744	14,524,631,295,877	25,154,938,761,216	25,945,969,811,456	22,034,264,555,520	29,685,706,653,696	258,667,835	469,394,072	0	0
em-p-ihep51	20260625083207290000000	15	23,196,606,488,576	23,196,723,429,376	14,531,014,007,259	25,154,938,761,216	25,945,969,811,456	22,034,264,555,520	29,685,706,653,696	257,344,074	628,535,149	0	0
em-p-ihep51	20260625083217287000000	14	23,196,604,227,584	23,196,725,825,536	14,527,492,435,129	25,154,938,761,216	25,945,969,811,456	22,034,264,555,520	29,685,706,653,696	382,966,913	882,621,975	0	0
em-p-ihep51	20260625083227302000000	13	23,196,603,064,320	23,196,720,672,768	14,522,492,729,015	25,154,938,761,216	25,945,969,811,456	22,034,264,555,520	29,685,706,653,696	332,505,487	1,102,110,333	0	0
em-p-ihep51	20260625083237310000000	13	23,196,604,305,408	23,196,721,823,744	14,534,009,366,521	25,154,938,761,216	25,945,969,811,456	22,034,264,555,520	29,685,706,653,696	339,807,775	807,113,600	0	0
em-p-ihep51	20260625083247324000000	16	23,196,597,182,464	23,196,728,827,904	14,527,797,516,572	25,154,938,761,216	25,945,969,811,456	22,034,264,555,520	29,685,706,653,696	336,037,765	671,391,117	0	0
em-p-ihep51	20260625083257327000000	15	23,196,598,263,808	23,196,810,715,136	14,523,526,264,758	25,154,938,761,216	25,945,969,811,456	22,034,264,555,520	29,685,706,653,696	255,296,914	501,502,127	0	0
em-p-ihep51	20260625083307338000000	14	23,196,598,157,312	23,196,800,061,440	14,531,433,256,827	25,154,938,761,216	25,945,969,811,456	22,034,264,555,520	29,685,706,653,696	344,550,062	834,839,251	0	0
em-p-ihep51	20260625083317418000000	18	23,196,598,321,152	23,196,799,459,328	14,530,642,113,863	25,154,938,761,216	25,945,969,811,456	22,034,264,555,520	29,685,706,653,696	318,640,175	608,499,713	0	0
em-p-ihep51	20260625083327433000000	14	23,196,600,684,544	23,197,418,655,744	14,523,996,810,259	25,154,938,761,216	25,945,969,811,456	22,034,264,555,520	29,685,706,653,696	185,585,933	2,072,951,935	0	0
em-p-ihep51	20260625083337501000000	12	23,196,600,598,528	23,196,802,281,472	14,523,943,705,931	25,154,938,761,216	25,945,969,811,456	22,034,264,555,520	29,685,706,653,696	336,855,342	790,771,725	0	0
em-p-ihep51	20260625083347491000000	13	23,196,599,574,528	23,196,797,657,088	14,527,516,664,812	25,154,938,761,216	25,945,969,811,456	22,034,264,555,520	29,685,706,653,696	333,646,922	1,107,062,896	0	0
em-p-ihep51	20260625083357627000000	13	23,196,599,468,032	23,196,801,970,176	14,526,859,342,844	25,154,938,761,216	25,945,969,811,456	22,034,264,555,520	29,685,706,653,696	212,969,387	950,315,296	0	0
em-p-ihep51	20260625083407595000000	19	23,196,597,043,200	23,196,795,559,936	14,533,134,914,679	25,154,938,761,216	25,945,969,811,456	22,034,264,555,520	29,685,706,653,696	452,997,202	1,192,518,557	0	0
em-p-ihep51	20260625083417621000000	15	23,196,596,019,200	23,196,789,039,104	14,527,823,586,254	25,154,938,761,216	25,945,969,811,456	22,034,264,555,520	29,685,706,653,696	203,527,527	573,024,755	0	0
em-p-ihep51	20260625083427705000000	13	23,196,602,396,672	23,197,231,443,968	14,524,445,002,113	25,154,938,761,216	25,945,969,811,456	22,034,264,555,520	29,685,706,653,696	449,920,761	837,105,402	0	0
em-p-ihep51	20260625083437729000000	12	23,196,604,559,360	23,197,187,518,464	14,527,594,689,821	25,154,938,761,216	25,945,969,811,456	22,034,264,555,520	29,685,706,653,696	285,865,654	447,838,471	0	0
em-p-ihep51	20260625083447714000000	16	23,196,604,723,200	23,196,797,874,176	14,528,133,967,257	25,154,938,761,216	25,945,969,811,456	22,034,264,555,520	29,685,706,653,696	196,190,962	528,771,280	0	0
em-p-ihep51	20260625083457722000000	10	23,196,604,616,704	23,196,795,523,072	14,523,152,726,755	25,154,938,761,216	25,945,969,811,456	22,034,264,555,520	29,685,706,653,696	303,538,308	563,881,889	0	0
em-p-ihep51	20260625083507744000000	16	23,196,604,510,208	23,196,898,709,504	14,531,839,400,484	25,154,938,761,216	25,945,969,811,456	22,034,264,555,520	29,685,706,653,696	396,501,088	1,315,529,091	0	0
em-p-ihep51	20260625083517841000000	18	23,196,603,244,544	23,196,850,733,056	14,533,654,059,337	25,154,938,761,216	25,945,969,811,456	22,034,264,555,520	29,685,706,653,696	448,604,365	1,862,486,024	0	0
em-p-ihep51	20260625083527937000000	18	23,196,598,571,008	23,196,785,913,856	14,532,719,176,995	25,154,938,761,216	25,945,969,811,456	22,034,264,555,520	29,685,706,653,696	583,688,951	2,350,384,413	0	0
em-p-ihep51	20260625083537935000000	19	23,196,602,081,280	23,196,799,381,504	14,529,365,352,696	25,154,938,761,216	25,945,969,811,456	22,034,264,555,520	29,685,706,653,696	286,450,434	574,652,048	0	0
em-p-ihep51	20260625083548026000000	15	23,196,601,974,784	23,196,786,970,624	14,528,831,954,485	25,154,938,761,216	25,945,969,811,456	22,034,264,555,520	29,685,706,653,696	502,498,401	882,577,729	0	0
em-p-ihep51	20260625083558038000000	20	23,196,604,297,216	23,196,789,440,512	14,530,669,057,490	25,154,938,761,216	25,945,969,811,456	22,034,264,555,520	29,685,706,653,696	301,560,936	534,316,626	0	0
em-p-ihep51	20260625083608055000000	21	23,196,604,190,720	23,196,792,156,160	14,538,123,057,595	25,154,938,761,216	25,945,969,811,456	22,034,264,555,520	29,685,706,653,696	354,675,017	815,468,996	0	0
em-p-ihep51	20260625083618072000000	18	23,196,604,084,224	23,196,810,477,568	14,530,284,473,471	25,154,938,761,216	25,945,969,811,456	22,034,264,555,520	29,685,706,653,696	305,096,696	874,774,499	0	0
em-p-ihep51	20260625083628094000000	16	23,196,604,170,240	23,197,082,730,496	14,531,260,778,054	25,154,938,761,216	25,945,969,811,456	22,034,264,555,520	29,685,706,653,696	375,879,116	1,400,127,756	0	0
em-p-ihep51	20260625083638124000000	17	23,197,387,304,960	23,197,574,176,768	14,539,602,911,632	25,154,938,761,216	25,945,969,811,456	22,034,264,555,520	29,685,706,653,696	480,816,017	2,179,977,367	0	0
em-p-ihep51	20260625083648109000000	23	23,197,390,983,168	23,197,580,259,328	14,537,868,047,980	25,154,938,761,216	25,945,969,811,456	22,034,264,555,520	29,685,706,653,696	469,541,404	1,149,753,026	0	0
em-p-ihep51	20260625083658200000000	17	23,197,392,064,512	23,197,574,230,016	14,533,386,569,038	25,154,938,761,216	25,945,969,811,456	22,034,264,555,520	29,685,706,653,696	261,583,597	579,253,689	0	0
em-p-ihep51	20260625083708346000000	15	23,197,395,402,752	23,197,581,619,200	14,537,422,857,959	25,154,938,761,216	25,945,969,811,456	22,034,264,555,520	29,685,706,653,696	527,354,685	766,377,815	0	0
em-p-ihep51	20260625083718394000000	13	23,197,394,108,416	23,197,496,156,160	14,528,260,473,601	25,154,938,761,216	25,945,969,811,456	22,034,264,555,520	29,685,706,653,696	206,500,592	520,186,951	0	0
em-p-ihep51	20260625083728397000000	12	23,197,394,432,000	23,197,531,709,440	14,529,633,047,742	25,154,938,761,216	25,945,969,811,456	22,034,264,555,520	29,685,706,653,696	584,030,308	990,248,604	0	0
em-p-ihep51	20260625083738519000000	12	23,197,394,866,176	23,197,504,348,160	14,529,200,086,136	25,154,938,761,216	25,945,969,811,456	22,034,264,555,520	29,685,706,653,696	336,378,228	504,421,532	0	0
em-p-ihep51	20260625083748500000000	12	23,197,394,759,680	23,197,497,192,448	14,524,452,435,611	25,154,938,761,216	25,945,969,811,456	22,034,264,555,520	29,685,706,653,696	318,672,781	736,235,273	0	0
em-p-ihep51	20260625083758605000000	13	23,197,394,923,520	23,197,496,070,144	14,529,553,494,563	25,154,938,761,216	25,945,969,811,456	22,034,264,555,520	29,685,706,653,696	167,135,799	1,023,324,275	0	0
em-p-ihep51	20260625083808599000000	15	23,197,394,817,024	23,197,500,506,112	14,535,621,898,721	25,154,938,761,216	25,945,969,811,456	22,034,264,555,520	29,685,706,653,696	371,389,766	1,109,845,499	0	0
em-p-ihep51	20260625083818706000000	11	23,197,394,710,528	23,197,497,446,400	14,532,158,307,900	25,154,938,761,216	25,945,969,811,456	22,034,264,555,520	29,685,706,653,696	143,022,826	377,644,799	0	0
em-p-ihep51	20260625083828714000000	12	23,197,395,410,944	23,197,499,068,416	14,532,492,847,933	25,154,938,761,216	25,945,969,811,456	22,034,264,555,520	29,685,706,653,696	148,086,481	427,078,627	0	0
em-p-ihep51	20260625083838786000000	11	23,197,395,304,448	23,197,925,056,512	14,529,372,197,103	25,154,938,761,216	25,945,969,811,456	22,034,264,555,520	29,685,706,653,696	357,818,419	537,067,827	0	0
em-p-ihep51	20260625083848797000000	13	23,197,395,468,288	23,197,487,206,400	14,534,872,195,661	25,154,938,761,216	25,945,969,811,456	22,034,264,555,520	29,685,706,653,696	170,568,048	645,288,809	0	0
em-p-ihep51	20260625083858798000000	12	23,197,395,468,288	23,197,482,639,360	14,535,138,246,284	25,154,938,761,216	25,945,969,811,456	22,034,264,555,520	29,685,706,653,696	259,817,580	1,005,995,838	0	0
em-p-ihep51	20260625083908810000000	17	23,197,394,735,104	23,197,563,138,048	14,538,159,139,353	25,154,938,761,216	25,945,969,811,456	22,034,264,555,520	29,685,706,653,696	208,144,194	2,821,346,893	0	0
em-p-ihep51	20260625083918828000000	16	23,197,394,595,840	23,197,485,740,032	14,542,902,991,604	25,154,938,761,216	25,945,969,811,456	22,034,264,555,520	29,685,706,653,696	325,568,436	1,731,732,110	0	0
em-p-ihep51	20260625083928868000000	18	23,197,397,725,184	23,197,477,699,584	14,536,109,289,531	25,154,938,761,216	25,945,969,811,456	22,034,264,555,520	29,685,706,653,696	346,907,100	1,215,311,400	0	0
em-p-ihep51	20260625083938946000000	13	23,197,395,460,096	23,197,473,894,400	14,533,006,080,354	25,154,938,761,216	25,945,969,811,456	22,034,264,555,520	29,685,706,653,696	270,158,113	526,698,771	0	0
em-p-ihep51	20260625083948962000000	12	23,196,975,759,360	23,197,083,611,136	14,525,727,125,823	25,154,938,761,216	25,945,969,811,456	22,034,264,555,520	29,685,706,653,696	369,117,691	736,527,753	0	0
em-p-ihep51	20260625083959050000000	12	23,196,975,759,360	23,197,055,115,264	14,526,961,290,331	25,154,938,761,216	25,945,969,811,456	22,034,264,555,520	29,685,706,653,696	300,323,731	633,730,575	0	0
em-p-ihep51	20260625084009079000000	26	23,196,992,610,304	23,197,070,831,616	14,559,628,555,253	25,154,938,761,216	25,945,969,811,456	22,034,264,555,520	29,685,706,653,696	472,130,921	1,519,441,726	0	0
em-p-ihep51	20260625084019140000000	26	23,197,008,699,392	23,197,112,750,080	14,556,669,260,252	25,154,938,761,216	25,945,969,811,456	22,034,264,555,520	29,685,706,653,696	576,211,739	1,068,103,361	0	0
em-p-ihep51	20260625084029153000000	22	23,191,959,052,288	23,191,984,644,096	14,534,039,330,936	25,154,938,761,216	25,945,969,811,456	22,034,264,555,520	29,685,706,653,696	353,160,444	768,545,766	0	0
em-p-ihep51	20260625084039205000000	19	23,191,959,916,544	23,192,041,041,920	14,543,016,714,123	25,154,938,761,216	25,945,969,811,456	22,034,264,555,520	29,685,706,653,696	265,974,389	1,039,498,072	0	0
em-p-ihep51	20260625084049174000000	21	23,191,958,204,416	23,192,103,227,392	14,534,390,924,369	25,154,938,761,216	25,945,969,811,456	22,034,264,555,520	29,685,706,653,696	357,486,690	3,719,517,859	0	0
em-p-ihep51	20260625084059196000000	18	23,191,961,575,424	23,192,038,264,832	14,532,957,017,199	25,154,938,761,216	25,945,969,811,456	22,034,264,555,520	29,685,706,653,696	437,713,229	1,729,487,212	0	0
em-p-ihep51	20260625084109269000000	19	23,191,958,065,152	23,192,035,520,512	14,539,482,508,079	25,154,938,761,216	25,945,969,811,456	22,034,264,555,520	29,685,706,653,696	699,813,214	1,191,646,013	0	0
em-p-ihep51	20260625084119264000000	18	23,191,957,041,152	23,192,014,397,440	14,532,351,840,398	25,154,938,761,216	25,945,969,811,456	22,034,264,555,520	29,685,706,653,696	403,958,256	750,733,562	0	0
em-p-ihep51	20260625084129275000000	21	23,191,959,089,152	23,192,033,259,520	14,534,063,947,135	25,154,938,761,216	25,945,969,811,456	22,034,264,555,520	29,685,706,653,696	343,449,217	627,954,281	0	0
em-p-ihep51	20260625084139291000000	17	23,191,958,982,656	23,192,014,143,488	14,535,251,504,928	25,154,938,761,216	25,945,969,811,456	22,034,264,555,520	29,685,706,653,696	131,533,968	426,327,051	0	0
em-p-ihep51	20260625084149308000000	19	23,191,960,064,000	23,192,080,564,224	14,527,585,704,164	25,154,938,761,216	25,945,969,811,456	22,034,264,555,520	29,685,706,653,696	351,710,467	820,484,779	0	0
em-p-ihep51	20260625084159336000000	18	23,191,959,416,832	23,192,649,977,856	14,533,889,754,503	25,154,938,761,216	25,945,969,811,456	22,034,264,555,520	29,685,706,653,696	638,112,497	1,287,571,880	0	0
em-p-ihep51	20260625084209428000000	16	23,191,966,441,472	23,192,022,122,496	14,536,621,950,683	25,154,938,761,216	25,945,969,811,456	22,034,264,555,520	29,685,706,653,696	417,650,802	1,581,279,346	0	0
em-p-ihep51	20260625084219525000000	14	23,191,962,877,952	23,192,016,412,672	14,533,352,101,532	25,154,938,761,216	25,945,969,811,456	22,034,264,555,520	29,685,706,653,696	389,398,154	899,881,790	0	0
em-p-ihep51	20260625084229612000000	15	23,191,962,931,200	23,192,015,937,536	14,527,206,287,431	25,154,938,761,216	25,945,969,811,456	22,034,264,555,520	29,685,706,653,696	375,601,413	990,975,276	0	0
em-p-ihep51	20260625084239725000000	15	23,191,965,253,632	23,192,074,002,432	14,532,205,651,090	25,154,938,761,216	25,945,969,811,456	22,034,264,555,520	29,685,706,653,696	737,929,854	1,014,966,435	0	0
em-p-ihep51	20260625084249715000000	16	23,191,960,477,696	23,192,209,424,384	14,530,501,511,611	25,154,938,761,216	25,945,969,811,456	22,034,264,555,520	29,685,706,653,696	729,977,413	2,100,206,595	0	0
em-p-ihep51	20260625084259817000000	14	23,191,960,608,768	23,192,112,828,416	14,523,889,337,225	25,154,938,761,216	25,945,969,811,456	22,034,264,555,520	29,685,706,653,696	150,966,509	609,612,135	0	0
em-p-ihep51	20260625084309904000000	15	23,191,960,506,368	23,192,674,693,120	14,541,490,260,388	25,154,938,761,216	25,945,969,811,456	22,034,264,555,520	29,685,706,653,696	562,590,423	721,890,195	0	0
em-p-ihep51	20260625084319975000000	14	23,191,959,318,528	23,192,099,745,792	14,528,674,108,913	25,154,938,761,216	25,945,969,811,456	22,034,264,555,520	29,685,706,653,696	281,042,031	884,607,308	0	0
em-p-ihep51	20260625084330078000000	14	23,191,959,502,848	23,192,099,024,896	14,532,472,069,981	25,154,938,761,216	25,945,969,811,456	22,034,264,555,520	29,685,706,653,696	325,691,355	1,322,360,760	0	0
em-p-ihep51	20260625084340078000000	15	23,191,960,854,528	23,192,098,242,560	14,538,542,252,572	25,154,938,761,216	25,945,969,811,456	22,034,264,555,520	29,685,706,653,696	320,821,301	757,239,079	0	0
em-p-ihep51	20260625084350170000000	17	23,191,957,311,488	23,192,427,843,584	14,543,213,208,353	25,154,938,761,216	25,945,969,811,456	22,034,264,555,520	29,685,706,653,696	296,900,196	817,979,253	0	0
em-p-ihep51	20260625084400275000000	15	23,191,958,282,240	23,192,095,834,112	14,529,087,737,158	25,154,938,761,216	25,945,969,811,456	22,034,264,555,520	29,685,706,653,696	159,882,422	716,040,805	0	0
em-p-ihep51	20260625084410305000000	18	23,191,958,446,080	23,192,162,807,808	14,543,086,092,592	25,154,938,761,216	25,945,969,811,456	22,034,264,555,520	29,685,706,653,696	373,311,891	925,526,503	0	0
em-p-ihep51	20260625084420404000000	19	23,191,960,879,104	23,192,098,095,104	14,530,880,406,146	25,154,938,761,216	25,945,969,811,456	22,034,264,555,520	29,685,706,653,696	377,808,420	1,103,872,023	0	0
em-p-ihep51	20260625084430499000000	14	23,191,958,568,960	23,192,083,984,384	14,528,257,526,963	25,154,938,761,216	25,945,969,811,456	22,034,264,555,520	29,685,706,653,696	430,733,277	788,283,363	0	0
em-p-ihep51	20260625084440585000000	16	23,191,958,732,800	23,192,084,119,552	14,532,269,191,659	25,154,938,761,216	25,945,969,811,456	22,034,264,555,520	29,685,706,653,696	208,377,810	589,590,937	0	0
em-p-ihep51	20260625084450607000000	15	23,191,957,544,960	23,192,082,874,368	14,532,291,602,521	25,154,938,761,216	25,945,969,811,456	22,034,264,555,520	29,685,706,653,696	714,217,677	1,357,361,579	0	0
em-p-ihep51	20260625084500702000000	13	23,191,958,896,640	23,192,225,574,912	14,529,493,791,676	25,154,938,761,216	25,945,969,811,456	22,034,264,555,520	29,685,706,653,696	352,789,372	1,104,586,730	0	0
em-p-ihep51	20260625084510795000000	20	23,191,957,774,336	23,192,245,157,888	14,541,735,437,797	25,154,938,761,216	25,945,969,811,456	22,034,264,555,520	29,685,706,653,696	513,988,742	1,827,824,946	0	0
em-p-ihep51	20260625084520886000000	18	23,191,958,933,504	23,192,098,193,408	14,537,736,781,758	25,154,938,761,216	25,945,969,811,456	22,034,264,555,520	29,685,706,653,696	321,878,151	2,752,863,206	0	0
em-p-ihep51	20260625084530905000000	15	23,191,959,064,576	23,192,542,035,968	14,541,418,926,244	25,154,938,761,216	25,945,969,811,456	22,034,264,555,520	29,685,706,653,696	443,636,350	1,265,360,524	0	0
em-p-ihep51	20260625084541014000000	19	23,191,958,958,080	23,192,080,113,664	14,548,446,658,302	25,154,938,761,216	25,945,969,811,456	22,034,264,555,520	29,685,706,653,696	286,047,030	620,693,384	0	0
em-p-ihep51	20260625084551105000000	21	23,191,961,387,008	23,192,085,446,656	14,532,205,442,371	25,154,938,761,216	25,945,969,811,456	22,034,264,555,520	29,685,706,653,696	286,375,364	663,145,446	0	0
em-p-ihep51	20260625084601187000000	16	23,191,961,550,848	23,192,085,438,464	14,530,482,032,307	25,154,938,761,216	25,945,969,811,456	22,034,264,555,520	29,685,706,653,696	145,188,317	533,468,125	0	0
em-p-ihep51	20260625084611277000000	15	23,191,968,952,320	23,192,096,518,144	14,538,779,437,066	25,154,938,761,216	25,945,969,811,456	22,034,264,555,520	29,685,706,653,696	550,045,768	932,720,737	0	0
em-p-ihep51	20260625084621364000000	17	23,191,992,623,104	23,192,114,905,088	14,530,405,205,275	25,154,938,761,216	25,945,969,811,456	22,034,264,555,520	29,685,706,653,696	293,040,217	965,225,503	0	0
em-p-ihep51	20260625084631452000000	15	23,191,992,664,064	23,192,115,310,592	14,535,518,300,352	25,154,938,761,216	25,945,969,811,456	22,034,264,555,520	29,685,706,653,696	345,574,253	1,230,516,191	0	0
em-p-ihep51	20260625084641542000000	21	23,191,995,092,992	23,192,434,278,400	14,531,663,497,347	25,154,938,761,216	25,945,969,811,456	22,034,264,555,520	29,685,706,653,696	222,812,776	1,410,674,732	0	0
em-p-ihep51	20260625084651628000000	19	23,191,992,721,408	23,192,115,748,864	14,531,399,070,009	25,154,938,761,216	25,945,969,811,456	22,034,264,555,520	29,685,706,653,696	308,431,045	762,936,996	0	0
em-p-ihep51	20260625084701632000000	13	23,191,994,232,832	23,192,115,331,072	14,527,642,966,921	25,154,938,761,216	25,945,969,811,456	22,034,264,555,520	29,685,706,653,696	399,441,901	841,422,733	0	0
em-p-ihep51	20260625084711751000000	12	23,191,996,284,928	23,192,143,667,200	14,533,106,618,466	25,154,938,761,216	25,945,969,811,456	22,034,264,555,520	29,685,706,653,696	290,334,756	503,569,092	0	0
em-p-ihep51	20260625084721856000000	13	23,191,994,990,592	23,192,714,133,504	14,530,101,220,175	25,154,938,761,216	25,945,969,811,456	22,034,264,555,520	29,685,706,653,696	442,195,463	948,160,752	0	0
em-p-ihep51	20260625084731917000000	14	23,192,427,417,600	23,192,591,413,248	14,533,750,287,878	25,154,938,761,216	25,945,969,811,456	22,034,264,555,520	29,685,706,653,696	514,241,945	1,073,036,079	0	0
em-p-ihep51	20260625084742001000000	15	23,192,430,653,440	23,192,535,273,472	14,531,144,544,021	25,154,938,761,216	25,945,969,811,456	22,034,264,555,520	29,685,706,653,696	520,139,869	1,549,580,126	0	0
em-p-ihep51	20260625084752084000000	13	23,192,430,546,944	23,192,561,217,536	14,525,538,627,179	25,154,938,761,216	25,945,969,811,456	22,034,264,555,520	29,685,706,653,696	328,646,006	1,185,141,236	0	0
em-p-ihep51	20260625084802148000000	13	23,192,429,469,696	23,192,536,616,960	14,529,400,023,088	25,154,938,761,216	25,945,969,811,456	22,034,264,555,520	29,685,706,653,696	308,410,927	1,099,608,968	0	0
em-p-ihep51	20260625084812258000000	13	23,192,429,363,200	23,192,538,882,048	14,532,561,581,753	25,154,938,761,216	25,945,969,811,456	22,034,264,555,520	29,685,706,653,696	327,316,805	648,966,868	0	0
em-p-ihep51	20260625084822323000000	13	23,192,429,527,040	23,192,514,465,792	14,531,224,816,584	25,154,938,761,216	25,945,969,811,456	22,034,264,555,520	29,685,706,653,696	415,005,363	718,037,245	0	0
em-p-ihep51	20260625084832433000000	14	23,192,430,714,880	23,192,518,283,264	14,529,640,415,834	25,154,938,761,216	25,945,969,811,456	22,034,264,555,520	29,685,706,653,696	245,798,241	664,764,181	0	0
em-p-ihep51	20260625084842514000000	12	23,192,429,420,544	23,192,516,337,664	14,531,396,215,433	25,154,938,761,216	25,945,969,811,456	22,034,264,555,520	29,685,706,653,696	261,185,164	517,120,414	0	0
em-p-ihep51	20260625084852599000000	11	23,192,431,742,976	23,192,519,553,024	14,529,163,894,043	25,154,938,761,216	25,945,969,811,456	22,034,264,555,520	29,685,706,653,696	209,808,779	628,681,960	0	0
em-p-ihep51	20260625084902706000000	18	23,192,431,636,480	23,192,542,318,592	14,534,650,030,433	25,154,938,761,216	25,945,969,811,456	22,034,264,555,520	29,685,706,653,696	186,526,669	435,821,127	0	0
em-p-ihep51	20260625084912781000000	21	23,192,432,881,664	23,192,514,854,912	14,540,772,381,184	25,154,938,761,216	25,945,969,811,456	22,034,264,555,520	29,685,706,653,696	318,693,618	1,680,400,225	0	0
em-p-ihep51	20260625084922875000000	13	23,192,432,881,664	23,192,497,504,256	14,531,430,770,346	25,154,938,761,216	25,945,969,811,456	22,034,264,555,520	29,685,706,653,696	297,041,966	1,014,959,265	0	0
em-p-ihep51	20260625084932961000000	16	23,192,434,122,752	23,192,494,612,480	14,538,839,541,672	25,154,938,761,216	25,945,969,811,456	22,034,264,555,520	29,685,706,653,696	299,426,169	877,405,237	0	0
em-p-ihep51	20260625084943032000000	21	23,192,432,934,912	23,192,493,117,440	14,535,628,123,840	25,154,938,761,216	25,945,969,811,456	22,034,264,555,520	29,685,706,653,696	321,572,029	784,464,377	0	0
em-p-ihep51	20260625084953049000000	16	23,192,434,180,096	23,192,493,252,608	14,535,585,503,197	25,154,938,761,216	25,945,969,811,456	22,034,264,555,520	29,685,706,653,696	364,907,114	878,689,576	0	0
em-p-ihep51	20260625085003071000000	22	23,192,438,968,320	23,192,553,111,552	14,539,843,641,470	25,154,938,761,216	25,945,969,811,456	22,034,264,555,520	29,685,706,653,696	584,676,201	1,635,110,119	0	0
em-p-ihep51	20260625085013177000000	30	23,192,451,248,128	23,192,602,693,632	14,559,146,548,290	25,154,938,761,216	25,945,969,811,456	22,034,264,555,520	29,685,706,653,696	872,080,088	2,746,230,068	0	0
em-p-ihep51	20260625085023195000000	24	23,192,442,023,936	23,192,499,814,400	14,542,887,830,141	25,154,938,761,216	25,945,969,811,456	22,034,264,555,520	29,685,706,653,696	502,800,271	1,366,362,654	0	0
em-p-ihep51	20260625085033259000000	22	23,192,439,762,944	23,192,493,338,624	14,534,408,437,313	25,154,938,761,216	25,945,969,811,456	22,034,264,555,520	29,685,706,653,696	298,299,482	897,182,038	0	0
em-p-ihep51	20260625085043345000000	22	23,192,442,085,376	23,192,514,355,200	14,540,735,366,007	25,154,938,761,216	25,945,969,811,456	22,034,264,555,520	29,685,706,653,696	301,177,327	1,239,671,207	0	0
em-p-ihep51	20260625085053393000000	21	23,192,441,274,368	23,192,498,147,328	14,540,251,963,673	25,154,938,761,216	25,945,969,811,456	22,034,264,555,520	29,685,706,653,696	372,392,539	1,154,950,859	0	0
em-p-ihep51	20260625085103400000000	23	23,192,434,520,064	23,192,501,727,232	14,540,142,154,622	25,154,938,761,216	25,945,969,811,456	22,034,264,555,520	29,685,706,653,696	458,552,278	1,130,210,347	0	0
em-p-ihep51	20260625085113408000000	18	23,192,433,463,296	23,192,533,946,368	14,538,719,675,156	25,154,938,761,216	25,945,969,811,456	22,034,264,555,520	29,685,706,653,696	465,000,071	1,121,176,103	0	0
em-p-ihep51	20260625085123506000000	15	23,192,433,356,800	23,192,485,953,536	14,544,947,518,010	25,154,938,761,216	25,945,969,811,456	22,034,264,555,520	29,685,706,653,696	466,015,124	710,576,622	0	0
em-p-ihep51	20260625085133583000000	15	23,192,433,250,304	23,192,487,178,240	14,538,885,621,958	25,154,938,761,216	25,945,969,811,456	22,034,264,555,520	29,685,706,653,696	306,796,796	664,075,599	0	0
em-p-ihep51	20260625085143591000000	22	23,192,432,328,704	23,192,485,715,968	14,547,669,834,464	25,154,938,761,216	25,945,969,811,456	22,034,264,555,520	29,685,706,653,696	320,762,707	620,910,356	0	0
em-p-ihep51	20260625085153609000000	17	23,192,433,680,384	23,192,528,125,952	14,541,516,707,222	25,154,938,761,216	25,945,969,811,456	22,034,264,555,520	29,685,706,653,696	542,029,661	1,105,345,023	0	0
em-p-ihep51	20260625085203623000000	14	23,192,439,517,184	23,192,522,346,496	14,537,301,052,162	25,154,938,761,216	25,945,969,811,456	22,034,264,555,520	29,685,706,653,696	301,278,334	1,403,881,519	0	0
em-p-ihep51	20260625085213655000000	22	23,192,496,173,056	23,192,577,404,928	14,551,053,497,917	25,154,938,761,216	25,945,969,811,456	22,034,264,555,520	29,685,706,653,696	505,407,208	1,590,972,755	0	0
em-p-ihep51	20260625085223675000000	22	23,192,500,768,768	23,192,619,585,536	14,537,979,708,400	25,154,938,761,216	25,945,969,811,456	22,034,264,555,520	29,685,706,653,696	643,596,674	1,112,745,379	0	0
em-p-ihep51	20260625085233666000000	14	23,192,498,900,992	23,192,574,521,344	14,535,772,154,894	25,154,938,761,216	25,945,969,811,456	22,034,264,555,520	29,685,706,653,696	267,241,282	860,944,352	0	0
em-p-ihep51	20260625085243711000000	23	23,192,514,666,496	23,192,745,218,048	14,545,771,268,337	25,154,938,761,216	25,945,969,811,456	22,034,264,555,520	29,685,706,653,696	625,283,914	908,794,745	0	0
em-p-ihep51	20260625085253707000000	16	23,192,513,499,136	23,192,592,048,128	14,527,643,070,314	25,154,938,761,216	25,945,969,811,456	22,034,264,555,520	29,685,706,653,696	387,512,303	617,738,255	0	0
em-p-ihep51	20260625085303806000000	14	23,192,508,747,776	23,192,607,174,656	14,535,202,650,921	25,154,938,761,216	25,945,969,811,456	22,034,264,555,520	29,685,706,653,696	370,481,045	1,174,080,318	0	0
em-p-ihep51	20260625085313904000000	17	23,192,507,838,464	23,192,671,748,096	14,528,139,778,656	25,154,938,761,216	25,945,969,811,456	22,034,264,555,520	29,685,706,653,696	306,029,399	881,715,690	0	0
em-p-ihep51	20260625085324012000000	13	23,192,506,650,624	23,192,668,901,376	14,533,076,744,270	25,154,938,761,216	25,945,969,811,456	22,034,264,555,520	29,685,706,653,696	417,877,350	1,739,039,325	0	0
em-p-ihep51	20260625085333990000000	19	23,192,508,809,216	23,192,696,217,600	14,535,861,135,344	25,154,938,761,216	25,945,969,811,456	22,034,264,555,520	29,685,706,653,696	379,035,297	1,445,623,608	0	0
em-p-ihep51	20260625085344106000000	13	23,192,506,466,304	23,192,956,493,824	14,530,811,280,299	25,154,938,761,216	25,945,969,811,456	22,034,264,555,520	29,685,706,653,696	285,736,409	1,763,658,091	0	0
em-p-ihep51	20260625085354085000000	17	23,192,502,095,872	23,192,636,719,104	14,532,105,698,478	25,154,938,761,216	25,945,969,811,456	22,034,264,555,520	29,685,706,653,696	562,144,536	2,120,467,024	0	0
em-p-ihep51	20260625085404216000000	16	23,193,083,748,352	23,192,573,906,944	14,543,233,486,334	25,154,938,761,216	25,945,969,811,456	22,034,264,555,520	29,685,706,653,696	412,742,028	1,060,672,577	0	0
em-p-ihep51	20260625085414191000000	16	23,203,330,187,264	23,203,402,821,632	14,547,084,370,646	25,154,938,761,216	25,945,969,811,456	22,034,264,555,520	29,685,706,653,696	208,141,884	765,407,123	0	0
em-p-ihep51	20260625085424286000000	14	23,203,330,351,104	23,203,402,903,552	14,533,661,136,125	25,154,938,761,216	25,945,969,811,456	22,034,264,555,520	29,685,706,653,696	214,208,579	500,292,049	0	0
em-p-ihep51	20260625085434336000000	18	23,203,371,974,656	23,203,445,067,776	14,532,789,801,500	25,154,938,761,216	25,945,969,811,456	22,034,264,555,520	29,685,706,653,696	291,406,060	575,126,666	0	0
em-p-ihep51	20260625085444349000000	18	23,203,370,786,816	23,203,469,119,488	14,535,735,223,585	25,154,938,761,216	25,945,969,811,456	22,034,264,555,520	29,685,706,653,696	424,462,258	954,273,269	0	0
em-p-ihep51	20260625085454361000000	19	23,203,382,300,672	23,203,460,648,960	14,538,530,041,252	25,154,938,761,216	25,945,969,811,456	22,034,264,555,520	29,685,706,653,696	581,836,781	1,367,785,430	0	0
em-p-ihep51	20260625085504382000000	24	23,203,384,627,200	23,203,456,528,384	14,544,436,108,626	25,154,938,761,216	25,945,969,811,456	22,034,264,555,520	29,685,706,653,696	385,595,309	1,192,402,240	0	0
em-p-ihep51	20260625085514391000000	23	23,208,572,338,176	23,208,645,353,472	14,566,883,482,602	25,154,938,761,216	25,945,969,811,456	22,034,264,555,520	29,685,706,653,696	524,273,885	1,411,206,396	0	0
em-p-ihep51	20260625085524393000000	20	23,208,572,502,016	23,208,619,487,232	14,541,330,461,515	25,154,938,761,216	25,945,969,811,456	22,034,264,555,520	29,685,706,653,696	439,226,298	863,979,997	0	0
em-p-ihep51	20260625085534388000000	20	23,208,573,472,768	23,208,619,638,784	14,536,460,436,787	25,154,938,761,216	25,945,969,811,456	22,034,264,555,520	29,685,706,653,696	520,121,553	1,228,594,483	0	0
em-p-ihep51	20260625085544406000000	18	23,208,570,019,840	23,208,619,765,760	14,540,723,563,998	25,154,938,761,216	25,945,969,811,456	22,034,264,555,520	29,685,706,653,696	737,851,831	1,031,402,761	0	0
em-p-ihep51	20260625085554507000000	17	23,208,569,913,344	23,208,639,184,896	14,534,284,279,880	25,154,938,761,216	25,945,969,811,456	22,034,264,555,520	29,685,706,653,696	687,930,285	1,198,047,947	0	0
em-p-ihep51	20260625085604511000000	18	23,208,569,913,344	23,208,618,643,456	14,533,940,759,449	25,154,938,761,216	25,945,969,811,456	22,034,264,555,520	29,685,706,653,696	246,301,439	924,104,726	0	0
em-p-ihep51	20260625085614623000000	18	23,208,569,802,752	23,208,685,522,944	14,537,699,093,256	25,154,938,761,216	25,945,969,811,456	22,034,264,555,520	29,685,706,653,696	886,839,088	1,253,238,342	0	0
em-p-ihep51	20260625085624623000000	17	23,208,569,802,752	23,209,032,896,512	14,537,407,142,113	25,154,938,761,216	25,945,969,811,456	22,034,264,555,520	29,685,706,653,696	277,697,984	1,249,971,113	0	0
em-p-ihep51	20260625085634627000000	17	23,208,571,101,184	23,208,620,904,448	14,531,280,690,755	25,154,938,761,216	25,945,969,811,456	22,034,264,555,520	29,685,706,653,696	318,839,320	1,154,125,906	0	0
em-p-ihep51	20260625085644620000000	22	23,208,566,677,504	23,208,654,643,200	14,535,393,362,298	25,154,938,761,216	25,945,969,811,456	22,034,264,555,520	29,685,706,653,696	639,822,892	1,164,432,609	0	0
em-p-ihep51	20260625085654623000000	19	23,208,567,648,256	23,208,653,676,544	14,531,560,959,159	25,154,938,761,216	25,945,969,811,456	22,034,264,555,520	29,685,706,653,696	262,838,989	731,411,314	0	0
em-p-ihep51	20260625085704643000000	15	23,208,567,267,328	23,208,654,934,016	14,533,430,067,128	25,154,938,761,216	25,945,969,811,456	22,034,264,555,520	29,685,706,653,696	462,547,376	923,513,685	0	0
em-p-ihep51	20260625085714645000000	15	23,208,569,319,424	23,208,658,763,776	14,536,502,263,682	25,154,938,761,216	25,945,969,811,456	22,034,264,555,520	29,685,706,653,696	276,944,822	564,886,375	0	0
em-p-ihep51	20260625085724740000000	12	23,208,569,380,864	23,208,663,928,832	14,537,768,156,895	25,154,938,761,216	25,945,969,811,456	22,034,264,555,520	29,685,706,653,696	157,049,050	533,130,655	0	0
em-p-ihep51	20260625085734788000000	16	23,208,571,703,296	23,208,689,717,248	14,534,162,971,672	25,154,938,761,216	25,945,969,811,456	22,034,264,555,520	29,685,706,653,696	426,887,573	827,549,942	0	0
em-p-ihep51	20260625085744763000000	20	23,208,513,212,416	23,208,757,145,600	14,539,901,017,086	25,154,938,761,216	25,945,969,811,456	22,034,264,555,520	29,685,706,653,696	360,807,091	1,572,035,375	0	0
em-p-ihep51	20260625085754765000000	16	23,208,654,565,376	23,208,750,825,472	14,546,996,136,296	25,154,938,761,216	25,945,969,811,456	22,034,264,555,520	29,685,706,653,696	285,309,559	1,727,933,258	0	0
em-p-ihep51	20260625085804819000000	23	23,208,668,872,704	23,208,771,805,184	14,557,154,891,359	25,154,938,761,216	25,945,969,811,456	22,034,264,555,520	29,685,706,653,696	451,454,500	912,876,764	0	0
em-p-ihep51	20260625085814875000000	42	23,208,672,010,240	23,208,763,203,584	14,546,832,922,730	25,154,938,761,216	25,945,969,811,456	22,034,264,555,520	29,685,706,653,696	362,376,761	1,012,104,966	0	0
em-p-ihep51	20260625085824855000000	46	23,208,667,504,640	23,208,767,508,480	14,544,456,277,223	25,154,938,761,216	25,945,969,811,456	22,034,264,555,520	29,685,706,653,696	394,919,801	1,072,134,177	0	0
em-p-ihep51	20260625085834937000000	45	23,208,685,342,720	23,208,782,299,136	14,541,211,637,738	25,154,938,761,216	25,945,969,811,456	22,034,264,555,520	29,685,706,653,696	630,332,924	1,395,033,015	0	0
em-p-ihep51	20260625085844905000000	37	23,208,669,478,912	23,208,765,468,672	14,541,935,900,495	25,154,938,761,216	25,945,969,811,456	22,034,264,555,520	29,685,706,653,696	376,627,038	1,425,786,683	0	0
em-p-ihep51	20260625085854915000000	27	23,208,668,487,680	23,208,926,617,600	14,539,605,338,522	25,154,938,761,216	25,945,969,811,456	22,034,264,555,520	29,685,706,653,696	499,671,336	2,957,781,577	0	0
em-p-ihep51	20260625085905012000000	20	23,208,666,079,232	23,208,761,200,640	14,530,990,176,364	25,154,938,761,216	25,945,969,811,456	22,034,264,555,520	29,685,706,653,696	534,692,789	1,424,677,730	0	0
em-p-ihep51	20260625085915018000000	21	23,208,667,652,096	23,209,171,791,872	14,538,469,756,673	25,154,938,761,216	25,945,969,811,456	22,034,264,555,520	29,685,706,653,696	385,280,991	2,079,389,622	0	0
em-p-ihep51	20260625085925029000000	18	23,208,658,669,568	23,208,714,895,360	14,549,185,396,685	25,154,938,761,216	25,945,969,811,456	22,034,264,555,520	29,685,706,653,696	346,897,556	973,378,645	0	0
em-p-ihep51	20260625085935059000000	23	23,208,663,404,544	23,208,709,406,720	14,538,809,003,842	25,154,938,761,216	25,945,969,811,456	22,034,264,555,520	29,685,706,653,696	459,091,392	973,296,007	0	0
em-p-ihep51	20260625085945165000000	21	23,208,639,139,840	23,209,175,359,488	14,557,326,340,322	25,154,938,761,216	25,945,969,811,456	22,034,264,555,520	29,685,706,653,696	579,321,343	1,302,985,219	0	0
em-p-ihep51	20260625085955166000000	21	23,208,639,033,344	23,208,682,250,240	14,555,403,656,280	25,154,938,761,216	25,945,969,811,456	22,034,264,555,520	29,685,706,653,696	628,074,492	1,306,547,436	0	0
em-p-ihep51	20260625090005237000000	35	23,208,709,316,608	23,207,940,403,200	14,583,487,988,700	25,154,938,761,216	25,945,969,811,456	22,034,264,555,520	29,685,706,653,696	634,279,775	2,217,666,930	0	0
em-p-ihep51	20260625090015295000000	51	23,213,652,791,296	23,213,032,939,520	14,632,477,593,020	25,154,938,761,216	25,945,969,811,456	22,034,264,555,520	29,685,706,653,696	860,354,755	2,471,496,163	0	0
em-p-ihep51	20260625090025277000000	46	23,226,890,878,976	23,226,938,712,064	14,605,574,066,029	25,154,938,761,216	25,945,969,811,456	22,034,264,555,520	29,685,706,653,696	575,129,704	2,162,600,444	0	0
em-p-ihep51	20260625090035283000000	42	23,217,191,444,480	23,221,311,746,048	14,584,792,412,865	25,154,938,761,216	25,945,969,811,456	22,034,264,555,520	29,685,706,653,696	511,533,910	1,434,822,220	0	0
em-p-ihep51	20260625090045299000000	31	23,201,037,070,336	23,201,086,230,528	14,591,359,247,152	25,154,938,761,216	25,945,969,811,456	22,034,264,555,520	29,685,706,653,696	614,568,535	1,856,822,264	0	0
em-p-ihep51	20260625090055299000000	28	23,201,680,146,432	23,201,297,158,144	14,589,875,133,215	25,154,938,761,216	25,945,969,811,456	22,034,264,555,520	29,685,706,653,696	640,584,418	1,299,468,662	0	0
em-p-ihep51	20260625090105311000000	22	23,201,892,085,760	23,202,128,134,144	14,592,110,299,471	25,154,938,761,216	25,945,969,811,456	22,034,264,555,520	29,685,706,653,696	876,972,743	3,391,961,323	0	0
em-p-ihep51	20260625090115308000000	24	23,201,968,402,432	23,202,020,544,512	14,556,848,505,350	25,154,938,761,216	25,945,969,811,456	22,034,264,555,520	29,685,706,653,696	999,332,627	1,704,950,005	0	0
em-p-ihep51	20260625090125313000000	23	23,201,965,199,360	23,202,036,092,928	14,542,689,743,196	25,154,938,761,216	25,945,969,811,456	22,034,264,555,520	29,685,706,653,696	500,799,869	1,134,707,927	0	0
em-p-ihep51	20260625090135309000000	24	23,201,964,011,520	23,202,060,042,240	14,547,416,519,000	25,154,938,761,216	25,945,969,811,456	22,034,264,555,520	29,685,706,653,696	507,777,671	1,192,966,083	0	0
em-p-ihep51	20260625090145331000000	26	23,201,971,032,064	23,202,069,803,008	14,538,572,599,808	25,154,938,761,216	25,945,969,811,456	22,034,264,555,520	29,685,706,653,696	658,139,518	1,115,069,562	0	0
em-p-ihep51	20260625090155430000000	21	23,201,969,995,776	23,202,083,753,984	14,536,750,530,643	25,154,938,761,216	25,945,969,811,456	22,034,264,555,520	29,685,706,653,696	515,100,094	1,389,173,129	0	0
em-p-ihep51	20260625090205431000000	21	23,201,977,683,968	23,202,063,355,904	14,540,493,197,528	25,154,938,761,216	25,945,969,811,456	22,034,264,555,520	29,685,706,653,696	458,327,724	1,596,334,398	0	0
em-p-ihep51	20260625090215533000000	18	23,201,975,308,288	23,202,061,221,888	14,531,334,096,853	25,154,938,761,216	25,945,969,811,456	22,034,264,555,520	29,685,706,653,696	630,189,582	1,401,786,788	0	0
em-p-ihep51	20260625090225630000000	20	23,201,976,279,040	23,202,545,143,808	14,540,541,559,414	25,154,938,761,216	25,945,969,811,456	22,034,264,555,520	29,685,706,653,696	590,687,677	1,095,706,851	0	0
em-p-ihep51	20260625090235633000000	20	23,202,059,837,440	23,202,147,119,104	14,543,786,464,333	25,154,938,761,216	25,945,969,811,456	22,034,264,555,520	29,685,706,653,696	473,569,585	1,016,181,737	0	0
em-p-ihep51	20260625090245634000000	23	23,202,060,914,688	23,202,143,092,736	14,538,456,560,503	25,154,938,761,216	25,945,969,811,456	22,034,264,555,520	29,685,706,653,696	343,396,923	974,961,722	0	0
em-p-ihep51	20260625090255720000000	20	23,202,063,564,800	23,202,145,529,856	14,543,598,461,740	25,154,938,761,216	25,945,969,811,456	22,034,264,555,520	29,685,706,653,696	808,252,762	1,244,123,171	0	0
em-p-ihep51	20260625090305738000000	22	23,202,058,174,464	23,202,145,206,272	14,536,603,344,384	25,154,938,761,216	25,945,969,811,456	22,034,264,555,520	29,685,706,653,696	292,186,850	862,512,603	4,096	0
em-p-ihep51	20260625090315831000000	19	23,202,057,023,488	23,202,222,747,648	14,539,250,323,083	25,154,938,761,216	25,945,969,811,456	22,034,264,555,520	29,685,706,653,696	367,337,293	2,232,426,817	0	0
em-p-ihep51	20260625090325927000000	18	23,202,914,488,320	23,203,081,826,304	14,542,935,163,862	25,154,938,761,216	25,945,969,811,456	22,034,264,555,520	29,685,706,653,696	443,147,643	1,827,787,825	0	0
em-p-ihep51	20260625090336026000000	15	23,202,915,569,664	23,203,095,646,208	14,542,582,845,657	25,154,938,761,216	25,945,969,811,456	22,034,264,555,520	29,685,706,653,696	569,802,789	1,244,890,084	0	0
em-p-ihep51	20260625090346114000000	18	23,202,974,482,432	23,203,140,440,064	14,546,843,479,006	25,154,938,761,216	25,945,969,811,456	22,034,264,555,520	29,685,706,653,696	762,448,385	1,402,435,048	0	0
em-p-ihep51	20260625090356228000000	16	23,203,233,980,416	23,203,396,390,912	14,541,174,644,579	25,154,938,761,216	25,945,969,811,456	22,034,264,555,520	29,685,706,653,696	696,866,791	1,111,743,821	0	0
em-p-ihep51	20260625090406246000000	19	23,200,301,518,848	23,200,511,922,176	14,537,947,125,681	25,154,938,761,216	25,945,969,811,456	22,034,264,555,520	29,685,706,653,696	406,396,080	1,555,781,427	0	0
em-p-ihep51	20260625090416245000000	21	23,200,860,598,272	23,200,967,974,912	14,538,350,014,447	25,154,938,761,216	25,945,969,811,456	22,034,264,555,520	29,685,706,653,696	422,880,709	994,729,277	0	0
em-p-ihep51	20260625090426351000000	15	23,200,860,921,856	23,200,965,337,088	14,539,422,835,434	25,154,938,761,216	25,945,969,811,456	22,034,264,555,520	29,685,706,653,696	375,268,289	571,388,242	0	0
em-p-ihep51	20260625090436345000000	16	23,200,861,196,288	23,201,458,696,192	14,538,385,179,578	25,154,938,761,216	25,945,969,811,456	22,034,264,555,520	29,685,706,653,696	339,477,293	668,597,376	0	0
em-p-ihep51	20260625090446443000000	21	23,200,862,273,536	23,200,970,215,424	14,544,213,671,700	25,154,938,761,216	25,945,969,811,456	22,034,264,555,520	29,685,706,653,696	552,314,118	1,280,797,789	0	0
em-p-ihep51	20260625090456532000000	16	23,200,864,653,312	23,200,944,103,424	14,535,537,210,224	25,154,938,761,216	25,945,969,811,456	22,034,264,555,520	29,685,706,653,696	479,388,460	1,173,754,712	0	0
em-p-ihep51	20260625090506588000000	29	23,200,876,421,120	23,200,958,492,672	14,537,597,797,555	25,154,938,761,216	25,945,969,811,456	22,034,264,555,520	29,685,706,653,696	675,963,355	1,694,749,401	0	0
em-p-ihep51	20260625090516550000000	28	23,200,859,684,864	23,200,957,075,456	14,546,969,892,540	25,154,938,761,216	25,945,969,811,456	22,034,264,555,520	29,685,706,653,696	586,660,841	937,335,213	0	0
em-p-ihep51	20260625090526561000000	22	23,201,236,475,904	23,201,315,688,448	14,542,745,572,598	25,154,938,761,216	25,945,969,811,456	22,034,264,555,520	29,685,706,653,696	469,089,998	892,024,791	0	0
em-p-ihep51	20260625090536567000000	27	23,201,241,071,616	23,201,337,921,536	14,546,218,750,328	25,154,938,761,216	25,945,969,811,456	22,034,264,555,520	29,685,706,653,696	855,074,997	1,238,036,380	0	0
em-p-ihep51	20260625090546563000000	27	23,201,232,093,184	23,201,377,296,384	14,542,013,075,098	25,154,938,761,216	25,945,969,811,456	22,034,264,555,520	29,685,706,653,696	554,186,639	1,471,914,566	0	0
em-p-ihep51	20260625090556655000000	21	23,201,228,771,328	23,201,305,899,008	14,542,325,774,288	25,154,938,761,216	25,945,969,811,456	22,034,264,555,520	29,685,706,653,696	1,026,373,395	2,978,391,661	0	0
em-p-ihep51	20260625090606741000000	22	23,201,324,621,824	23,201,404,112,896	14,542,170,545,246	25,154,938,761,216	25,945,969,811,456	22,034,264,555,520	29,685,706,653,696	282,011,451	677,991,822	0	0
em-p-ihep51	20260625090616826000000	18	23,201,323,433,984	23,201,447,620,608	14,541,864,106,880	25,154,938,761,216	25,945,969,811,456	22,034,264,555,520	29,685,706,653,696	333,190,254	1,377,334,096	0	0
em-p-ihep51	20260625090626909000000	16	23,201,324,515,328	23,201,462,116,352	14,536,920,338,439	25,154,938,761,216	25,945,969,811,456	22,034,264,555,520	29,685,706,653,696	572,466,882	1,605,874,770	0	0
em-p-ihep51	20260625090637015000000	14	23,201,324,679,168	23,201,447,616,512	14,537,465,930,225	25,154,938,761,216	25,945,969,811,456	22,034,264,555,520	29,685,706,653,696	639,591,749	746,368,591	0	0
em-p-ihep51	20260625090647083000000	17	23,201,545,428,992	23,201,456,988,160	14,541,241,941,482	25,154,938,761,216	25,945,969,811,456	22,034,264,555,520	29,685,706,653,696	168,543,941	599,576,422	0	0
em-p-ihep51	20260625090657176000000	17	23,201,809,403,904	23,201,934,282,752	14,536,642,468,559	25,154,938,761,216	25,945,969,811,456	22,034,264,555,520	29,685,706,653,696	396,943,361	940,928,273	0	0
em-p-ihep51	20260625090707274000000	15	23,201,810,374,656	23,201,935,536,128	14,550,731,515,228	25,154,938,761,216	25,945,969,811,456	22,034,264,555,520	29,685,706,653,696	1,002,342,346	1,270,548,945	0	0
em-p-ihep51	20260625090717338000000	17	23,201,812,197,376	23,201,936,650,240	14,538,986,765,496	25,154,938,761,216	25,945,969,811,456	22,034,264,555,520	29,685,706,653,696	455,212,223	1,095,826,480	0	0
em-p-ihep51	20260625090727434000000	21	23,201,812,197,376	23,201,951,809,536	14,544,755,615,770	25,154,938,761,216	25,945,969,811,456	22,034,264,555,520	29,685,706,653,696	962,685,515	1,183,456,765	0	0
em-p-ihep51	20260625090737574000000	22	23,201,818,513,408	23,202,351,337,472	14,547,646,674,996	25,154,938,761,216	25,945,969,811,456	22,034,264,555,520	29,685,706,653,696	495,124,936	1,153,216,219	0	0
em-p-ihep51	20260625090747634000000	20	23,201,817,325,568	23,201,943,420,928	14,541,150,984,350	25,154,938,761,216	25,945,969,811,456	22,034,264,555,520	29,685,706,653,696	582,145,010	1,567,349,071	0	0
em-p-ihep51	20260625090757709000000	14	23,201,817,325,568	23,201,941,098,496	14,544,239,933,198	25,154,938,761,216	25,945,969,811,456	22,034,264,555,520	29,685,706,653,696	381,110,650	842,301,485	0	0
em-p-ihep51	20260625090807721000000	18	23,201,820,839,936	23,201,972,523,008	14,548,616,189,506	25,154,938,761,216	25,945,969,811,456	22,034,264,555,520	29,685,706,653,696	206,583,431	585,220,080	0	0
em-p-ihep51	20260625090817809000000	21	23,201,818,836,992	23,201,944,731,648	14,545,869,214,737	25,154,938,761,216	25,945,969,811,456	22,034,264,555,520	29,685,706,653,696	209,941,105	662,880,044	0	0
em-p-ihep51	20260625090827892000000	17	23,201,817,542,656	23,201,948,196,864	14,547,909,359,833	25,154,938,761,216	25,945,969,811,456	22,034,264,555,520	29,685,706,653,696	241,960,545	577,891,197	0	0
em-p-ihep51	20260625090837918000000	16	23,201,816,248,320	23,201,997,803,520	14,544,053,957,748	25,154,938,761,216	25,945,969,811,456	22,034,264,555,520	29,685,706,653,696	199,322,314	492,128,311	0	0
em-p-ihep51	20260625090848008000000	15	23,201,822,339,072	23,201,954,115,584	14,534,749,754,105	25,154,938,761,216	25,945,969,811,456	22,034,264,555,520	29,685,706,653,696	494,139,625	1,079,012,705	0	0
em-p-ihep51	20260625090858092000000	15	23,201,823,690,752	23,201,952,235,520	14,535,878,856,626	25,154,938,761,216	25,945,969,811,456	22,034,264,555,520	29,685,706,653,696	526,781,235	1,040,555,856	0	0
em-p-ihep51	20260625090908195000000	19	23,201,827,364,864	23,201,951,842,304	14,547,433,158,648	25,154,938,761,216	25,945,969,811,456	22,034,264,555,520	29,685,706,653,696	304,826,684	1,899,579,395	0	0
em-p-ihep51	20260625090918225000000	20	23,201,824,980,992	23,201,968,295,936	14,535,811,907,669	25,154,938,761,216	25,945,969,811,456	22,034,264,555,520	29,685,706,653,696	309,467,346	1,383,940,449	0	0
em-p-ihep51	20260625090928288000000	14	23,201,825,067,008	23,202,324,590,592	14,536,462,907,725	25,154,938,761,216	25,945,969,811,456	22,034,264,555,520	29,685,706,653,696	371,214,362	1,985,174,351	0	0
em-p-ihep51	20260625090938383000000	17	23,201,825,304,576	23,201,949,634,560	14,543,923,762,389	25,154,938,761,216	25,945,969,811,456	22,034,264,555,520	29,685,706,653,696	297,165,431	1,465,118,985	0	0
em-p-ihep51	20260625090948482000000	20	23,201,836,056,576	23,201,960,775,680	14,537,880,818,004	25,154,938,761,216	25,945,969,811,456	22,034,264,555,520	29,685,706,653,696	407,804,647	841,474,471	0	0
em-p-ihep51	20260625090958572000000	12	23,201,835,253,760	23,202,481,602,560	14,535,471,901,301	25,154,938,761,216	25,945,969,811,456	22,034,264,555,520	29,685,706,653,696	602,649,750	1,028,845,452	0	0
em-p-ihep51	20260625091008605000000	42	23,201,859,145,728	23,201,985,835,008	14,558,781,461,723	25,154,938,761,216	25,945,969,811,456	22,034,264,555,520	29,685,706,653,696	733,323,513	2,158,955,843	0	0
em-p-ihep51	20260625091018683000000	24	23,201,859,735,552	23,201,986,027,520	14,552,658,542,100	25,154,938,761,216	25,945,969,811,456	22,034,264,555,520	29,685,706,653,696	602,680,163	1,657,103,241	0	0
em-p-ihep51	20260625091028692000000	22	23,201,931,366,400	23,202,521,808,896	14,549,863,745,568	25,154,938,761,216	25,945,969,811,456	22,034,264,555,520	29,685,706,653,696	419,774,470	1,991,505,103	0	0
em-p-ihep51	20260625091038698000000	20	23,201,934,663,680	23,202,059,673,600	14,541,975,604,285	25,154,938,761,216	25,945,969,811,456	22,034,264,555,520	29,685,706,653,696	638,240,354	1,923,703,255	0	0
em-p-ihep51	20260625091048703000000	22	23,201,933,799,424	23,202,034,950,144	14,546,317,411,383	25,154,938,761,216	25,945,969,811,456	22,034,264,555,520	29,685,706,653,696	800,494,860	2,218,022,365	0	0
em-p-ihep51	20260625091058710000000	27	23,201,933,582,336	23,202,057,428,992	14,540,982,198,277	25,154,938,761,216	25,945,969,811,456	22,034,264,555,520	29,685,706,653,696	536,633,671	1,520,805,030	0	0
em-p-ihep51	20260625091108708000000	18	23,201,932,398,592	23,202,021,376,000	14,546,293,615,499	25,154,938,761,216	25,945,969,811,456	22,034,264,555,520	29,685,706,653,696	529,687,731	1,767,832,873	0	0
em-p-ihep51	20260625091118801000000	18	23,201,932,558,336	23,202,019,282,944	14,542,097,047,088	25,154,938,761,216	25,945,969,811,456	22,034,264,555,520	29,685,706,653,696	672,222,290	1,608,825,339	0	0
em-p-ihep51	20260625091128893000000	18	23,201,932,877,824	23,202,007,277,568	14,548,806,012,600	25,154,938,761,216	25,945,969,811,456	22,034,264,555,520	29,685,706,653,696	543,745,866	1,416,501,572	0	0
em-p-ihep51	20260625091138889000000	27	23,201,929,715,712	23,202,008,813,568	14,542,195,868,425	25,154,938,761,216	25,945,969,811,456	22,034,264,555,520	29,685,706,653,696	500,426,347	1,434,251,265	0	0
em-p-ihep51	20260625091148979000000	24	23,201,927,581,696	23,202,002,243,584	14,542,138,872,574	25,154,938,761,216	25,945,969,811,456	22,034,264,555,520	29,685,706,653,696	644,954,332	2,038,012,620	0	0
em-p-ihep51	20260625091159073000000	14	23,201,928,683,520	23,202,000,478,208	14,535,707,304,589	25,154,938,761,216	25,945,969,811,456	22,034,264,555,520	29,685,706,653,696	595,540,024	3,093,489,604	0	0
em-p-ihep51	20260625091209165000000	21	23,201,931,227,136	23,202,053,378,048	14,545,188,807,528	25,154,938,761,216	25,945,969,811,456	22,034,264,555,520	29,685,706,653,696	731,654,108	2,685,085,153	0	0
em-p-ihep51	20260625091219254000000	14	23,201,932,578,816	23,202,006,560,768	14,535,453,215,557	25,154,938,761,216	25,945,969,811,456	22,034,264,555,520	29,685,706,653,696	282,020,073	816,324,435	0	0
em-p-ihep51	20260625091229353000000	18	23,201,930,379,264	23,202,002,984,960	14,542,682,507,928	25,154,938,761,216	25,945,969,811,456	22,034,264,555,520	29,685,706,653,696	538,412,136	1,441,702,486	0	0
em-p-ihep51	20260625091239446000000	18	23,201,930,649,600	23,202,003,095,552	14,540,550,746,742	25,154,938,761,216	25,945,969,811,456	22,034,264,555,520	29,685,706,653,696	866,312,338	1,558,095,142	0	0
em-p-ihep51	20260625091249525000000	14	23,203,453,165,568	23,203,643,133,952	14,553,223,218,642	25,154,938,761,216	25,945,969,811,456	22,034,264,555,520	29,685,706,653,696	415,689,595	929,085,434	0	0
em-p-ihep51	20260625091259614000000	14	23,196,009,725,952	23,196,083,572,736	14,538,389,915,285	25,154,938,761,216	25,945,969,811,456	22,034,264,555,520	29,685,706,653,696	697,519,918	1,306,238,414	0	0
em-p-ihep51	20260625091309699000000	13	23,196,010,196,992	23,196,242,759,680	14,542,230,574,608	25,154,938,761,216	25,945,969,811,456	22,034,264,555,520	29,685,706,653,696	451,508,704	1,328,535,858	0	0
em-p-ihep51	20260625091319784000000	11	23,196,012,216,320	23,196,072,112,128	14,534,197,417,134	25,154,938,761,216	25,945,969,811,456	22,034,264,555,520	29,685,706,653,696	512,771,648	1,859,968,331	0	0
em-p-ihep51	20260625091329880000000	12	23,196,011,028,480	23,196,151,427,072	14,537,287,497,525	25,154,938,761,216	25,945,969,811,456	22,034,264,555,520	29,685,706,653,696	802,303,666	1,697,093,447	0	0
em-p-ihep51	20260625091339958000000	13	23,196,012,380,160	23,196,153,036,800	14,536,709,769,305	25,154,938,761,216	25,945,969,811,456	22,034,264,555,520	29,685,706,653,696	533,278,622	1,319,340,294	0	0
em-p-ihep51	20260625091349970000000	16	23,196,011,085,824	23,196,161,646,592	14,533,604,576,799	25,154,938,761,216	25,945,969,811,456	22,034,264,555,520	29,685,706,653,696	392,917,215	1,149,599,133	0	0
em-p-ihep51	20260625091400061000000	15	23,196,011,085,824	23,196,087,730,176	14,540,708,761,395	25,154,938,761,216	25,945,969,811,456	22,034,264,555,520	29,685,706,653,696	350,326,662	798,010,842	0	0
em-p-ihep51	20260625091410068000000	16	23,196,007,809,024	23,196,112,781,312	14,541,815,709,281	25,154,938,761,216	25,945,969,811,456	22,034,264,555,520	29,685,706,653,696	537,366,412	1,282,437,306	0	0
em-p-ihep51	20260625091420070000000	15	23,196,010,217,472	23,196,227,014,656	14,536,637,496,103	25,154,938,761,216	25,945,969,811,456	22,034,264,555,520	29,685,706,653,696	190,532,378	1,671,971,080	0	0
em-p-ihep51	20260625091430165000000	15	23,196,006,699,008	23,196,524,822,528	14,546,421,992,365	25,154,938,761,216	25,945,969,811,456	22,034,264,555,520	29,685,706,653,696	273,664,385	1,007,766,505	0	0
em-p-ihep51	20260625091440268000000	16	23,196,011,294,720	23,196,073,066,496	14,540,873,047,676	25,154,938,761,216	25,945,969,811,456	22,034,264,555,520	29,685,706,653,696	792,382,099	2,058,632,731	0	0
em-p-ihep51	20260625091450270000000	17	23,196,011,188,224	23,196,073,152,512	14,541,916,702,599	25,154,938,761,216	25,945,969,811,456	22,034,264,555,520	29,685,706,653,696	1,357,107,707	2,027,822,956	0	0
em-p-ihep51	20260625091500278000000	22	23,196,005,408,768	23,196,067,262,464	14,543,717,220,763	25,154,938,761,216	25,945,969,811,456	22,034,264,555,520	29,685,706,653,696	760,456,980	1,364,675,615	0	0
em-p-ihep51	20260625091510310000000	40	23,196,021,420,032	23,196,096,057,344	14,561,511,768,345	25,154,938,761,216	25,945,969,811,456	22,034,264,555,520	29,685,706,653,696	830,384,464	1,409,412,281	0	0
em-p-ihep51	20260625091520376000000	22	23,196,018,937,856	23,196,085,694,464	14,543,318,615,526	25,154,938,761,216	25,945,969,811,456	22,034,264,555,520	29,685,706,653,696	841,632,896	1,082,141,657	0	0
em-p-ihep51	20260625091530496000000	19	23,196,016,664,576	23,196,522,041,344	14,547,757,401,470	25,154,938,761,216	25,945,969,811,456	22,034,264,555,520	29,685,706,653,696	448,506,549	1,986,933,881	0	0
em-p-ihep51	20260625091540576000000	21	23,196,014,260,224	23,196,137,431,040	14,536,583,172,590	25,154,938,761,216	25,945,969,811,456	22,034,264,555,520	29,685,706,653,696	312,116,913	1,755,671,357	0	0
em-p-ihep51	20260625091550574000000	15	23,196,014,043,136	23,196,124,311,552	14,538,896,487,796	25,154,938,761,216	25,945,969,811,456	22,034,264,555,520	29,685,706,653,696	682,433,349	1,551,754,841	0	0
em-p-ihep51	20260625091600556000000	16	23,196,014,043,136	23,196,124,405,760	14,545,387,192,389	25,154,938,761,216	25,945,969,811,456	22,034,264,555,520	29,685,706,653,696	455,348,726	1,208,157,041	0	0
em-p-ihep51	20260625091610581000000	19	23,196,022,362,112	23,196,138,598,400	14,545,515,306,427	25,154,938,761,216	25,945,969,811,456	22,034,264,555,520	29,685,706,653,696	681,061,048	1,881,644,469	0	0
em-p-ihep51	20260625091620667000000	16	23,196,019,187,712	23,196,134,375,424	14,539,561,064,163	25,154,938,761,216	25,945,969,811,456	22,034,264,555,520	29,685,706,653,696	546,653,779	1,541,935,817	0	0
em-p-ihep51	20260625091630690000000	16	23,196,010,766,336	23,196,120,625,152	14,540,461,625,818	25,154,938,761,216	25,945,969,811,456	22,034,264,555,520	29,685,706,653,696	349,269,893	967,708,670	0	0
em-p-ihep51	20260625091640768000000	18	23,196,119,314,432	23,196,229,279,744	14,538,081,910,896	25,154,938,761,216	25,945,969,811,456	22,034,264,555,520	29,685,706,653,696	379,534,441	760,286,404	0	0
em-p-ihep51	20260625091650883000000	14	23,196,118,020,096	23,196,485,951,488	14,539,716,671,531	25,154,938,761,216	25,945,969,811,456	22,034,264,555,520	29,685,706,653,696	537,663,903	1,121,255,715	0	0
em-p-ihep51	20260625091700910000000	15	23,196,125,859,840	23,196,238,774,272	14,537,610,438,342	25,154,938,761,216	25,945,969,811,456	22,034,264,555,520	29,685,706,653,696	425,614,223	1,140,966,987	0	0
em-p-ihep51	20260625091710888000000	16	23,196,126,941,184	23,196,236,767,232	14,541,735,236,901	25,154,938,761,216	25,945,969,811,456	22,034,264,555,520	29,685,706,653,696	703,718,341	1,166,859,488	0	0
em-p-ihep51	20260625091721009000000	15	23,196,125,921,280	23,196,252,475,392	14,542,816,462,350	25,154,938,761,216	25,945,969,811,456	22,034,264,555,520	29,685,706,653,696	720,443,693	1,575,218,665	0	0
em-p-ihep51	20260625091731011000000	17	23,196,124,733,440	23,196,255,649,792	14,538,300,640,953	25,154,938,761,216	25,945,969,811,456	22,034,264,555,520	29,685,706,653,696	899,290,393	1,905,402,949	0	0
em-p-ihep51	20260625091741116000000	15	23,196,124,626,944	23,196,235,116,544	14,536,522,496,537	25,154,938,761,216	25,945,969,811,456	22,034,264,555,520	29,685,706,653,696	984,934,581	1,678,640,913	0	0
em-p-ihep51	20260625091751116000000	16	23,196,125,872,128	23,196,223,021,056	14,540,943,816,677	25,154,938,761,216	25,945,969,811,456	22,034,264,555,520	29,685,706,653,696	565,357,912	1,138,280,879	0	0
em-p-ihep51	20260625091801121000000	17	23,196,126,842,880	23,196,777,926,656	14,540,771,889,002	25,154,938,761,216	25,945,969,811,456	22,034,264,555,520	29,685,706,653,696	429,758,397	833,288,546	0	0
em-p-ihep51	20260625091811121000000	16	23,196,129,275,904	23,196,233,629,696	14,537,840,989,190	25,154,938,761,216	25,945,969,811,456	22,034,264,555,520	29,685,706,653,696	414,622,350	957,839,448	0	0
em-p-ihep51	20260625091821218000000	19	23,196,130,250,752	23,196,221,415,424	14,537,902,497,548	25,154,938,761,216	25,945,969,811,456	22,034,264,555,520	29,685,706,653,696	645,358,214	1,214,811,980	0	0
em-p-ihep51	20260625091831316000000	13	23,197,165,584,384	23,197,312,221,184	14,536,538,086,659	25,154,938,761,216	25,945,969,811,456	22,034,264,555,520	29,685,706,653,696	760,377,299	1,856,542,453	0	0
em-p-ihep51	20260625091841419000000	17	23,197,165,477,888	23,197,256,990,720	14,541,034,862,574	25,154,938,761,216	25,945,969,811,456	22,034,264,555,520	29,685,706,653,696	761,594,940	1,041,910,669	0	0
em-p-ihep51	20260625091851418000000	18	23,201,912,512,512	23,201,714,786,304	14,568,249,602,854	25,154,938,761,216	25,945,969,811,456	22,034,264,555,520	29,685,706,653,696	439,433,227	1,122,974,019	0	0
em-p-ihep51	20260625091901521000000	19	23,209,831,731,200	23,209,522,302,976	14,579,217,229,725	25,154,938,761,216	25,945,969,811,456	22,034,264,555,520	29,685,706,653,696	736,709,906	2,082,146,304	0	0
em-p-ihep51	20260625091911515000000	21	23,217,615,179,776	23,217,485,754,368	14,577,094,006,722	25,154,938,761,216	25,945,969,811,456	22,034,264,555,520	29,685,706,653,696	590,637,451	1,976,069,621	0	0
em-p-ihep51	20260625091921613000000	14	23,230,769,328,128	23,230,641,963,008	14,590,571,217,932	25,154,938,761,216	25,945,969,811,456	22,034,264,555,520	29,685,706,653,696	758,337,855	950,364,865	0	0
em-p-ihep51	20260625091931613000000	17	23,235,970,392,064	23,236,058,419,200	14,597,480,016,281	25,154,938,761,216	25,945,969,811,456	22,034,264,555,520	29,685,706,653,696	462,862,817	2,839,276,986	0	0
em-p-ihep51	20260625091941720000000	15	23,235,966,803,968	23,236,092,366,848	14,573,840,239,411	25,154,938,761,216	25,945,969,811,456	22,034,264,555,520	29,685,706,653,696	539,692,653	953,816,711	0	0
em-p-ihep51	20260625091951721000000	16	23,220,695,715,840	23,220,569,452,544	14,538,344,164,300	25,154,938,761,216	25,945,969,811,456	22,034,264,555,520	29,685,706,653,696	464,562,635	897,789,774	0	0
em-p-ihep51	20260625092001853000000	16	23,205,881,516,032	23,205,955,137,536	14,541,399,143,972	25,154,938,761,216	25,945,969,811,456	22,034,264,555,520	29,685,706,653,696	797,979,143	1,767,952,369	0	0
em-p-ihep51	20260625092011870000000	31	23,205,882,900,480	23,205,955,452,928	14,588,391,615,411	25,154,938,761,216	25,945,969,811,456	22,034,264,555,520	29,685,706,653,696	751,527,053	1,484,092,756	0	0
em-p-ihep51	20260625092021928000000	21	23,205,875,666,944	23,205,970,120,704	14,564,302,419,463	25,154,938,761,216	25,945,969,811,456	22,034,264,555,520	29,685,706,653,696	640,477,149	1,551,736,426	0	0
em-p-ihep51	20260625092031966000000	25	23,205,879,128,064	23,205,988,114,432	14,556,142,201,809	25,154,938,761,216	25,945,969,811,456	22,034,264,555,520	29,685,706,653,696	498,923,298	1,427,466,679	0	0
em-p-ihep51	20260625092041972000000	18	23,208,491,139,072	23,208,598,798,336	14,552,437,876,540	25,154,938,761,216	25,945,969,811,456	22,034,264,555,520	29,685,706,653,696	527,032,695	1,100,109,350	0	0
em-p-ihep51	20260625092052080000000	20	23,203,232,505,856	23,203,740,131,328	14,540,924,207,467	25,154,938,761,216	25,945,969,811,456	22,034,264,555,520	29,685,706,653,696	719,532,642	1,409,009,729	0	0
em-p-ihep51	20260625092102078000000	18	23,203,280,412,672	23,203,398,594,560	14,541,999,582,237	25,154,938,761,216	25,945,969,811,456	22,034,264,555,520	29,685,706,653,696	363,058,241	1,426,005,439	0	0
em-p-ihep51	20260625092112172000000	17	23,203,278,041,088	23,203,383,468,032	14,548,894,832,015	25,154,938,761,216	25,945,969,811,456	22,034,264,555,520	29,685,706,653,696	705,477,783	1,785,924,295	0	0
em-p-ihep51	20260625092122265000000	15	23,203,277,041,664	23,203,385,954,304	14,545,788,225,337	25,154,938,761,216	25,945,969,811,456	22,034,264,555,520	29,685,706,653,696	718,043,766	963,463,087	0	0
em-p-ihep51	20260625092132283000000	18	23,203,277,045,760	23,203,782,123,520	14,543,172,826,308	25,154,938,761,216	25,945,969,811,456	22,034,264,555,520	29,685,706,653,696	359,852,988	757,215,543	0	0
em-p-ihep51	20260625092142284000000	15	23,203,277,209,600	23,203,381,633,024	14,548,120,551,396	25,154,938,761,216	25,945,969,811,456	22,034,264,555,520	29,685,706,653,696	410,277,469	955,150,710	0	0
em-p-ihep51	20260625092152293000000	20	23,204,331,954,176	23,204,434,317,312	14,540,461,126,401	25,154,938,761,216	25,945,969,811,456	22,034,264,555,520	29,685,706,653,696	303,285,528	1,268,984,967	0	0
em-p-ihep51	20260625092202381000000	14	23,204,338,442,240	23,204,442,914,816	14,541,328,961,287	25,154,938,761,216	25,945,969,811,456	22,034,264,555,520	29,685,706,653,696	704,245,878	1,770,541,107	0	0
em-p-ihep51	20260625092212395000000	19	23,204,338,335,744	23,204,442,267,648	14,542,785,329,058	25,154,938,761,216	25,945,969,811,456	22,034,264,555,520	29,685,706,653,696	993,519,653	1,539,589,904	0	0
em-p-ihep51	20260625092222470000000	17	23,205,397,938,176	23,205,486,821,376	14,542,393,898,366	25,154,938,761,216	25,945,969,811,456	22,034,264,555,520	29,685,706,653,696	1,316,990,075	1,580,381,417	0	0
em-p-ihep51	20260625092232467000000	16	23,205,397,991,424	23,205,486,850,048	14,539,505,892,466	25,154,938,761,216	25,945,969,811,456	22,034,264,555,520	29,685,706,653,696	812,096,710	1,312,264,192	0	0
em-p-ihep51	20260625092242569000000	14	23,205,405,335,552	23,206,203,400,192	14,549,590,412,316	25,154,938,761,216	25,945,969,811,456	22,034,264,555,520	29,685,706,653,696	524,114,645	1,248,582,590	0	0
em-p-ihep51	20260625092252660000000	16	23,195,655,880,704	23,197,373,882,368	14,544,892,958,839	25,154,938,761,216	25,945,969,811,456	22,034,264,555,520	29,685,706,653,696	693,143,844	2,562,099,323	0	0
em-p-ihep51	20260625092302763000000	18	23,181,334,110,208	23,181,411,962,880	14,541,908,587,035	25,154,938,761,216	25,945,969,811,456	22,034,264,555,520	29,685,706,653,696	704,583,279	1,135,109,604	0	0
em-p-ihep51	20260625092312863000000	18	23,181,333,086,208	23,181,953,466,368	14,537,933,333,319	25,154,938,761,216	25,945,969,811,456	22,034,264,555,520	29,685,706,653,696	590,259,074	1,599,321,647	0	0
em-p-ihep51	20260625092322887000000	20	23,181,332,979,712	23,181,403,721,728	14,545,198,922,835	25,154,938,761,216	25,945,969,811,456	22,034,264,555,520	29,685,706,653,696	455,008,488	1,195,244,434	0	0
em-p-ihep51	20260625092332972000000	16	23,181,333,143,552	23,181,400,297,472	14,540,540,451,651	25,154,938,761,216	25,945,969,811,456	22,034,264,555,520	29,685,706,653,696	342,203,351	852,428,531	0	0
em-p-ihep51	20260625092343004000000	18	23,181,331,849,216	23,181,489,029,120	14,538,492,669,691	25,154,938,761,216	25,945,969,811,456	22,034,264,555,520	29,685,706,653,696	889,850,809	1,387,657,827	0	0
em-p-ihep51	20260625092352999000000	17	23,181,333,037,056	23,181,932,003,328	14,544,061,403,788	25,154,938,761,216	25,945,969,811,456	22,034,264,555,520	29,685,706,653,696	426,278,317	710,129,436	0	0
em-p-ihep51	20260625092403081000000	14	23,181,330,554,880	23,181,475,700,736	14,536,758,214,396	25,154,938,761,216	25,945,969,811,456	22,034,264,555,520	29,685,706,653,696	217,608,288	486,761,649	0	0
em-p-ihep51	20260625092413089000000	14	23,181,328,343,040	23,181,474,529,280	14,542,882,239,042	25,154,938,761,216	25,945,969,811,456	22,034,264,555,520	29,685,706,653,696	456,414,998	1,409,519,814	0	0
em-p-ihep51	20260625092423148000000	15	23,181,329,313,792	23,181,888,995,328	14,543,268,810,049	25,154,938,761,216	25,945,969,811,456	22,034,264,555,520	29,685,706,653,696	805,240,192	1,359,944,991	0	0
em-p-ihep51	20260625092433114000000	16	23,181,329,477,632	23,181,475,950,592	14,537,210,936,191	25,154,938,761,216	25,945,969,811,456	22,034,264,555,520	29,685,706,653,696	746,405,846	1,410,441,653	0	0
em-p-ihep51	20260625092443216000000	18	23,181,330,558,976	23,181,477,310,464	14,544,328,491,523	25,154,938,761,216	25,945,969,811,456	22,034,264,555,520	29,685,706,653,696	614,978,899	1,695,203,514	0	0
em-p-ihep51	20260625092453207000000	19	23,181,330,452,480	23,181,477,855,232	14,544,743,402,884	25,154,938,761,216	25,945,969,811,456	22,034,264,555,520	29,685,706,653,696	903,721,951	2,166,389,603	0	0
em-p-ihep51	20260625092503230000000	18	23,181,637,984,256	23,181,956,014,080	14,543,146,773,961	25,154,938,761,216	25,945,969,811,456	22,034,264,555,520	29,685,706,653,696	655,157,708	1,172,866,599	0	0
em-p-ihep51	20260625092513232000000	26	23,181,640,417,280	23,181,734,416,384	14,563,983,237,303	25,154,938,761,216	25,945,969,811,456	22,034,264,555,520	29,685,706,653,696	595,878,202	1,206,105,768	0	0
em-p-ihep51	20260625092523325000000	19	23,181,637,226,496	23,181,731,487,744	14,549,386,860,609	25,154,938,761,216	25,945,969,811,456	22,034,264,555,520	29,685,706,653,696	342,237,871	771,678,261	0	0
em-p-ihep51	20260625092533411000000	18	23,181,637,120,000	23,182,193,856,512	14,547,175,574,536	25,154,938,761,216	25,945,969,811,456	22,034,264,555,520	29,685,706,653,696	540,388,440	998,017,559	0	0
em-p-ihep51	20260625092543501000000	17	23,181,635,825,664	23,181,727,956,992	14,544,436,614,421	25,154,938,761,216	25,945,969,811,456	22,034,264,555,520	29,685,706,653,696	359,746,188	927,078,047	0	0
em-p-ihep51	20260625092553596000000	19	23,181,635,825,664	23,181,727,961,088	14,544,948,826,958	25,154,938,761,216	25,945,969,811,456	22,034,264,555,520	29,685,706,653,696	668,013,264	1,113,671,107	0	0
em-p-ihep51	20260625092603687000000	14	23,181,634,834,432	23,181,726,896,128	14,541,904,783,457	25,154,938,761,216	25,945,969,811,456	22,034,264,555,520	29,685,706,653,696	369,484,057	1,316,992,775	0	0
em-p-ihep51	20260625092613808000000	18	23,181,634,723,840	23,181,735,874,560	14,539,918,242,507	25,154,938,761,216	25,945,969,811,456	22,034,264,555,520	29,685,706,653,696	789,525,924	1,717,475,235	0	0
em-p-ihep51	20260625092623882000000	16	23,181,635,805,184	23,181,716,234,240	14,541,886,418,457	25,154,938,761,216	25,945,969,811,456	22,034,264,555,520	29,685,706,653,696	745,242,325	1,277,657,928	0	0
em-p-ihep51	20260625092633883000000	22	23,181,639,483,392	23,181,718,913,024	14,543,688,509,699	25,154,938,761,216	25,945,969,811,456	22,034,264,555,520	29,685,706,653,696	363,229,978	1,002,965,425	0	0
em-p-ihep51	20260625092643986000000	21	23,187,920,478,208	23,188,331,798,528	14,563,865,817,377	25,154,938,761,216	25,945,969,811,456	22,034,264,555,520	29,685,706,653,696	963,150,060	1,462,194,471	0	0
em-p-ihep51	20260625092653999000000	24	23,173,291,855,872	23,173,371,633,664	14,543,376,118,677	25,154,938,761,216	25,945,969,811,456	22,034,264,555,520	29,685,706,653,696	502,441,955	905,924,669	0	0
em-p-ihep51	20260625092703979000000	16	23,173,293,203,456	23,173,373,206,528	14,546,488,847,787	25,154,938,761,216	25,945,969,811,456	22,034,264,555,520	29,685,706,653,696	469,965,613	1,039,555,680	0	0
em-p-ihep51	20260625092714002000000	20	23,174,158,884,864	23,174,361,276,416	14,544,035,766,142	25,154,938,761,216	25,945,969,811,456	22,034,264,555,520	29,685,706,653,696	637,464,045	1,169,197,351	0	0
em-p-ihep51	20260625092724077000000	15	23,172,975,439,872	23,173,061,709,824	14,539,779,946,383	25,154,938,761,216	25,945,969,811,456	22,034,264,555,520	29,685,706,653,696	368,532,959	1,304,761,033	0	0
em-p-ihep51	20260625092734092000000	20	23,172,975,255,552	23,173,055,516,672	14,543,983,934,940	25,154,938,761,216	25,945,969,811,456	22,034,264,555,520	29,685,706,653,696	861,803,364	3,086,102,898	0	0
em-p-ihep51	20260625092744109000000	22	23,172,967,071,744	23,173,050,351,616	14,538,542,169,725	25,154,938,761,216	25,945,969,811,456	22,034,264,555,520	29,685,706,653,696	826,745,968	2,155,155,262	0	0
em-p-ihep51	20260625092754208000000	19	23,175,970,394,112	23,175,078,477,824	14,563,153,654,955	25,154,938,761,216	25,945,969,811,456	22,034,264,555,520	29,685,706,653,696	451,214,037	1,093,105,441	0	0
em-p-ihep51	20260625092804297000000	16	23,172,226,244,608	23,172,826,132,480	14,544,013,148,534	25,154,938,761,216	25,945,969,811,456	22,034,264,555,520	29,685,706,653,696	487,422,894	950,142,439	0	0
em-p-ihep51	20260625092814390000000	17	23,175,735,439,360	23,175,816,404,992	14,543,070,700,301	25,154,938,761,216	25,945,969,811,456	22,034,264,555,520	29,685,706,653,696	535,841,466	1,827,535,402	0	0
em-p-ihep51	20260625092824510000000	14	23,164,618,706,944	23,165,099,786,240	14,541,336,204,615	25,154,938,761,216	25,945,969,811,456	22,034,264,555,520	29,685,706,653,696	931,066,302	1,713,669,178	0	0
em-p-ihep51	20260625092834581000000	16	23,164,617,519,104	23,164,698,673,152	14,541,879,262,050	25,154,938,761,216	25,945,969,811,456	22,034,264,555,520	29,685,706,653,696	637,510,766	1,191,441,924	0	0
em-p-ihep51	20260625092844681000000	15	23,164,618,870,784	23,164,700,672,000	14,543,061,724,980	25,154,938,761,216	25,945,969,811,456	22,034,264,555,520	29,685,706,653,696	582,790,850	1,365,068,861	0	0
em-p-ihep51	20260625092854689000000	18	23,164,617,682,944	23,164,699,848,704	14,539,160,396,630	25,154,938,761,216	25,945,969,811,456	22,034,264,555,520	29,685,706,653,696	642,235,679	1,551,584,990	0	0
em-p-ihep51	20260625092904680000000	16	23,167,263,080,448	23,166,430,572,544	14,564,895,400,054	25,154,938,761,216	25,945,969,811,456	22,034,264,555,520	29,685,706,653,696	439,398,681	1,261,059,379	0	0
em-p-ihep51	20260625092914774000000	18	23,166,852,317,184	23,167,107,129,344	14,539,528,820,116	25,154,938,761,216	25,945,969,811,456	22,034,264,555,520	29,685,706,653,696	609,275,123	2,166,717,267	0	0
em-p-ihep51	20260625092924871000000	16	23,166,852,145,152	23,166,930,186,240	14,539,171,537,590	25,154,938,761,216	25,945,969,811,456	22,034,264,555,520	29,685,706,653,696	414,395,281	1,644,144,528	0	0
em-p-ihep51	20260625092934879000000	18	23,166,854,193,152	23,167,244,120,064	14,544,815,462,594	25,154,938,761,216	25,945,969,811,456	22,034,264,555,520	29,685,706,653,696	269,458,517	709,424,891	0	0
em-p-ihep51	20260625092944903000000	19	23,166,854,193,152	23,166,973,280,256	14,545,599,114,626	25,154,938,761,216	25,945,969,811,456	22,034,264,555,520	29,685,706,653,696	676,467,630	1,367,544,751	0	0
em-p-ihep51	20260625092954960000000	20	23,166,859,218,944	23,166,977,855,488	14,547,114,787,114	25,154,938,761,216	25,945,969,811,456	22,034,264,555,520	29,685,706,653,696	575,950,819	855,023,718	0	0
em-p-ihep51	20260625093005004000000	24	23,174,347,087,872	23,173,928,022,016	14,573,085,664,754	25,154,938,761,216	25,945,969,811,456	22,034,264,555,520	29,685,706,653,696	1,112,836,382	2,826,701,059	0	0
em-p-ihep51	20260625093015081000000	34	23,169,014,820,864	23,169,003,143,168	14,573,696,152,859	25,154,938,761,216	25,945,969,811,456	22,034,264,555,520	29,685,706,653,696	1,741,834,760	3,620,667,976	0	0
em-p-ihep51	20260625093025036000000	32	23,169,419,681,792	23,169,811,128,320	14,564,901,442,995	25,154,938,761,216	25,945,969,811,456	22,034,264,555,520	29,685,706,653,696	983,948,110	3,286,476,743	0	0
em-p-ihep51	20260625093035083000000	29	23,170,915,414,016	23,171,030,630,400	14,552,619,300,969	25,154,938,761,216	25,945,969,811,456	22,034,264,555,520	29,685,706,653,696	655,086,272	2,157,297,299	0	0
em-p-ihep51	20260625093045111000000	25	23,168,413,954,048	23,168,645,111,808	14,554,619,519,994	25,154,938,761,216	25,945,969,811,456	22,034,264,555,520	29,685,706,653,696	885,972,618	1,659,405,052	0	0
em-p-ihep51	20260625093055116000000	20	23,167,611,076,608	23,167,727,042,560	14,548,661,735,825	25,154,938,761,216	25,945,969,811,456	22,034,264,555,520	29,685,706,653,696	419,299,955	1,531,158,283	0	0
em-p-ihep51	20260625093105126000000	18	23,167,610,970,112	23,167,727,173,632	14,543,230,190,962	25,154,938,761,216	25,945,969,811,456	22,034,264,555,520	29,685,706,653,696	395,153,628	1,163,565,156	0	0
em-p-ihep51	20260625093115119000000	18	23,167,434,420,224	23,168,108,208,128	14,549,643,263,958	25,154,938,761,216	25,945,969,811,456	22,034,264,555,520	29,685,706,653,696	254,312,167	1,014,424,233	0	0
em-p-ihep51	20260625093125212000000	17	23,167,434,313,728	23,167,552,671,744	14,548,664,539,153	25,154,938,761,216	25,945,969,811,456	22,034,264,555,520	29,685,706,653,696	465,376,243	857,460,036	0	0
em-p-ihep51	20260625093135312000000	18	23,167,434,207,232	23,167,542,673,408	14,546,039,503,461	25,154,938,761,216	25,945,969,811,456	22,034,264,555,520	29,685,706,653,696	366,906,430	913,231,352	0	0
em-p-ihep51	20260625093145427000000	21	23,167,434,371,072	23,167,545,368,576	14,545,503,967,569	25,154,938,761,216	25,945,969,811,456	22,034,264,555,520	29,685,706,653,696	348,096,075	1,283,683,355	0	0
em-p-ihep51	20260625093155497000000	16	23,167,433,453,568	23,167,542,296,576	14,545,399,429,602	25,154,938,761,216	25,945,969,811,456	22,034,264,555,520	29,685,706,653,696	570,395,900	1,465,432,125	0	0
em-p-ihep51	20260625093205600000000	17	23,167,438,217,216	23,167,547,228,160	14,546,304,604,137	25,154,938,761,216	25,945,969,811,456	22,034,264,555,520	29,685,706,653,696	465,785,892	964,680,125	0	0
em-p-ihep51	20260625093215591000000	18	23,167,440,756,736	23,167,549,652,992	14,544,651,687,484	25,154,938,761,216	25,945,969,811,456	22,034,264,555,520	29,685,706,653,696	459,627,234	877,774,251	0	0
em-p-ihep51	20260625093225693000000	15	23,167,439,462,400	23,167,562,354,688	14,542,040,904,346	25,154,938,761,216	25,945,969,811,456	22,034,264,555,520	29,685,706,653,696	498,366,172	1,075,304,002	0	0
em-p-ihep51	20260625093235687000000	16	23,167,435,894,784	23,167,570,178,048	14,549,154,054,259	25,154,938,761,216	25,945,969,811,456	22,034,264,555,520	29,685,706,653,696	567,789,423	1,178,294,323	0	0
em-p-ihep51	20260625093245699000000	19	23,167,437,135,872	23,167,533,957,120	14,542,975,544,285	25,154,938,761,216	25,945,969,811,456	22,034,264,555,520	29,685,706,653,696	513,445,643	1,769,281,930	0	0
em-p-ihep51	20260625093255705000000	15	23,167,437,029,376	23,167,535,837,184	14,544,405,792,922	25,154,938,761,216	25,945,969,811,456	22,034,264,555,520	29,685,706,653,696	883,258,572	1,697,157,954	0	0
em-p-ihep51	20260625093305714000000	17	23,167,435,841,536	23,167,531,364,352	14,546,098,472,716	25,154,938,761,216	25,945,969,811,456	22,034,264,555,520	29,685,706,653,696	555,188,270	1,506,927,313	0	0
em-p-ihep51	20260625093315803000000	14	23,167,435,841,536	23,167,529,955,328	14,539,325,981,579	25,154,938,761,216	25,945,969,811,456	22,034,264,555,520	29,685,706,653,696	461,759,599	1,435,011,200	0	0
em-p-ihep51	20260625093325895000000	13	23,167,435,845,632	23,167,532,331,008	14,543,497,957,835	25,154,938,761,216	25,945,969,811,456	22,034,264,555,520	29,685,706,653,696	569,543,718	1,170,036,379	0	0
em-p-ihep51	20260625093335990000000	14	23,167,437,086,720	23,167,548,542,976	14,545,300,146,325	25,154,938,761,216	25,945,969,811,456	22,034,264,555,520	29,685,706,653,696	675,725,414	1,715,566,930	0	0
em-p-ihep51	20260625093346090000000	15	23,167,434,498,048	23,167,607,545,856	14,539,927,344,555	25,154,938,761,216	25,945,969,811,456	22,034,264,555,520	29,685,706,653,696	924,029,213	2,194,389,649	0	0
em-p-ihep51	20260625093356087000000	15	23,167,437,094,912	23,167,604,658,176	14,546,995,633,753	25,154,938,761,216	25,945,969,811,456	22,034,264,555,520	29,685,706,653,696	1,291,227,515	1,828,583,632	0	0
em-p-ihep51	20260625093406182000000	15	23,167,436,070,912	23,167,524,249,600	14,547,707,637,891	25,154,938,761,216	25,945,969,811,456	22,034,264,555,520	29,685,706,653,696	479,827,558	1,369,695,992	0	0
em-p-ihep51	20260625093416203000000	16	23,167,435,964,416	23,167,516,426,240	14,545,295,170,425	25,154,938,761,216	25,945,969,811,456	22,034,264,555,520	29,685,706,653,696	753,041,891	1,468,146,426	0	0
em-p-ihep51	20260625093426211000000	16	23,167,435,964,416	23,167,507,156,992	14,545,053,751,189	25,154,938,761,216	25,945,969,811,456	22,034,264,555,520	29,685,706,653,696	537,696,575	1,663,969,095	0	0
em-p-ihep51	20260625093436203000000	16	23,167,437,045,760	23,167,579,459,584	14,541,238,335,637	25,154,938,761,216	25,945,969,811,456	22,034,264,555,520	29,685,706,653,696	907,511,345	2,102,213,965	0	0
em-p-ihep51	20260625093446299000000	15	23,167,437,406,208	23,167,578,750,976	14,543,592,751,616	25,154,938,761,216	25,945,969,811,456	22,034,264,555,520	29,685,706,653,696	1,040,656,866	3,173,014,015	0	0
em-p-ihep51	20260625093456373000000	10	23,167,437,266,944	23,167,525,089,280	14,544,923,680,525	25,154,938,761,216	25,945,969,811,456	22,034,264,555,520	29,685,706,653,696	472,835,981	1,752,172,997	0	0
em-p-ihep51	20260625093506466000000	13	23,167,437,430,784	23,167,525,085,184	14,544,238,966,151	25,154,938,761,216	25,945,969,811,456	22,034,264,555,520	29,685,706,653,696	806,204,034	1,582,324,256	0	0
em-p-ihep51	20260625093516497000000	21	23,167,436,136,448	23,167,527,469,056	14,554,721,960,087	25,154,938,761,216	25,945,969,811,456	22,034,264,555,520	29,685,706,653,696	742,980,685	1,358,022,919	0	0
em-p-ihep51	20260625093526535000000	27	23,167,427,936,256	23,167,515,107,328	14,549,612,579,539	25,154,938,761,216	25,945,969,811,456	22,034,264,555,520	29,685,706,653,696	1,167,316,269	2,351,651,480	0	0
em-p-ihep51	20260625093536522000000	25	23,167,432,527,872	23,167,526,850,560	14,544,786,812,201	25,154,938,761,216	25,945,969,811,456	22,034,264,555,520	29,685,706,653,696	1,342,276,539	2,097,349,495	0	0
em-p-ihep51	20260625093546528000000	18	23,167,431,233,536	23,167,518,728,192	14,545,703,045,846	25,154,938,761,216	25,945,969,811,456	22,034,264,555,520	29,685,706,653,696	1,042,318,659	1,637,105,772	0	0
em-p-ihep51	20260625093556529000000	16	23,167,431,397,376	23,167,549,239,296	14,546,280,532,417	25,154,938,761,216	25,945,969,811,456	22,034,264,555,520	29,685,706,653,696	749,156,427	1,410,087,572	0	0
em-p-ihep51	20260625093606548000000	17	23,167,432,642,560	23,167,520,518,144	14,548,386,786,484	25,154,938,761,216	25,945,969,811,456	22,034,264,555,520	29,685,706,653,696	690,487,711	2,058,744,681	0	0
em-p-ihep51	20260625093616647000000	14	23,167,432,699,904	23,167,521,800,192	14,540,884,236,584	25,154,938,761,216	25,945,969,811,456	22,034,264,555,520	29,685,706,653,696	943,540,969	1,710,080,904	0	0
em-p-ihep51	20260625093626760000000	14	23,167,434,051,584	23,168,046,833,664	14,548,586,930,558	25,154,938,761,216	25,945,969,811,456	22,034,264,555,520	29,685,706,653,696	542,672,822	1,069,744,042	0	0
em-p-ihep51	20260625093636749000000	20	23,167,450,435,584	23,167,509,843,968	14,550,099,105,461	25,154,938,761,216	25,945,969,811,456	22,034,264,555,520	29,685,706,653,696	1,166,595,053	1,261,160,016	0	0
em-p-ihep51	20260625093646752000000	21	23,167,450,599,424	23,167,509,872,640	14,550,605,431,878	25,154,938,761,216	25,945,969,811,456	22,034,264,555,520	29,685,706,653,696	434,950,163	1,045,891,356	0	0
em-p-ihep51	20260625093656838000000	17	23,167,452,364,800	23,167,510,163,456	14,548,796,909,541	25,154,938,761,216	25,945,969,811,456	22,034,264,555,520	29,685,706,653,696	613,515,411	1,259,308,433	0	0
em-p-ihep51	20260625093706920000000	14	23,167,449,882,624	23,167,894,237,184	14,553,477,495,590	25,154,938,761,216	25,945,969,811,456	22,034,264,555,520	29,685,706,653,696	950,079,464	1,145,341,858	0	0
em-p-ihep51	20260625093716935000000	16	23,167,450,046,464	23,167,509,917,696	14,547,188,953,668	25,154,938,761,216	25,945,969,811,456	22,034,264,555,520	29,685,706,653,696	454,771,274	1,042,192,388	0	0
em-p-ihep51	20260625093726949000000	17	23,167,451,074,560	23,167,549,259,776	14,549,044,651,430	25,154,938,761,216	25,945,969,811,456	22,034,264,555,520	29,685,706,653,696	879,909,320	1,802,899,582	0	0
em-p-ihep51	20260625093737042000000	20	23,167,455,666,176	23,167,519,461,376	14,553,890,961,537	25,154,938,761,216	25,945,969,811,456	22,034,264,555,520	29,685,706,653,696	1,079,929,210	1,575,679,413	0	0
em-p-ihep51	20260625093747153000000	22	23,167,453,614,080	23,167,513,354,240	14,546,277,858,589	25,154,938,761,216	25,945,969,811,456	22,034,264,555,520	29,685,706,653,696	1,255,001,145	2,139,473,766	0	0
em-p-ihep51	20260625093757245000000	16	23,167,453,507,584	23,167,517,904,896	14,544,143,158,013	25,154,938,761,216	25,945,969,811,456	22,034,264,555,520	29,685,706,653,696	707,688,054	1,066,383,458	0	0
em-p-ihep51	20260625093807334000000	15	23,167,455,670,272	23,167,520,714,752	14,552,554,244,504	25,154,938,761,216	25,945,969,811,456	22,034,264,555,520	29,685,706,653,696	762,883,521	1,279,786,316	0	0
em-p-ihep51	20260625093817447000000	20	23,167,455,559,680	23,167,778,660,352	14,550,304,588,575	25,154,938,761,216	25,945,969,811,456	22,034,264,555,520	29,685,706,653,696	433,258,545	824,888,837	0	0
em-p-ihep51	20260625093827512000000	15	23,167,456,641,024	23,167,522,926,592	14,546,540,256,019	25,154,938,761,216	25,945,969,811,456	22,034,264,555,520	29,685,706,653,696	741,530,547	1,326,821,093	0	0
em-p-ihep51	20260625093837595000000	15	23,167,454,375,936	23,167,520,768,000	14,546,876,319,705	25,154,938,761,216	25,945,969,811,456	22,034,264,555,520	29,685,706,653,696	661,685,021	1,109,996,577	0	0
em-p-ihep51	20260625093847686000000	18	23,167,463,833,600	23,168,063,123,456	14,546,625,453,091	25,154,938,761,216	25,945,969,811,456	22,034,264,555,520	29,685,706,653,696	543,841,699	1,746,070,512	0	0
em-p-ihep51	20260625093857708000000	24	23,167,463,718,912	23,167,532,810,240	14,551,103,608,290	25,154,938,761,216	25,945,969,811,456	22,034,264,555,520	29,685,706,653,696	712,030,313	1,767,837,191	0	0
em-p-ihep51	20260625093907801000000	25	23,167,452,524,544	23,167,538,339,840	14,559,496,803,484	25,154,938,761,216	25,945,969,811,456	22,034,264,555,520	29,685,706,653,696	678,804,486	2,890,743,863	0	0
em-p-ihep51	20260625093917785000000	20	23,167,461,953,536	23,167,532,228,608	14,544,759,673,797	25,154,938,761,216	25,945,969,811,456	22,034,264,555,520	29,685,706,653,696	648,155,271	2,021,615,319	0	0
em-p-ihep51	20260625093927873000000	15	23,167,462,162,432	23,167,549,788,160	14,550,193,328,228	25,154,938,761,216	25,945,969,811,456	22,034,264,555,520	29,685,706,653,696	1,151,689,995	1,486,572,356	0	0
em-p-ihep51	20260625093937911000000	16	23,167,462,326,272	23,167,549,865,984	14,550,089,230,369	25,154,938,761,216	25,945,969,811,456	22,034,264,555,520	29,685,706,653,696	539,650,357	965,965,112	0	0
em-p-ihep51	20260625093947913000000	18	23,167,462,326,272	23,167,550,107,648	14,547,458,467,072	25,154,938,761,216	25,945,969,811,456	22,034,264,555,520	29,685,706,653,696	471,362,136	1,039,320,444	0	0
em-p-ihep51	20260625093957911000000	16	23,167,457,574,912	23,167,946,956,800	14,547,945,798,669	25,154,938,761,216	25,945,969,811,456	22,034,264,555,520	29,685,706,653,696	568,601,950	892,119,283	0	0
em-p-ihep51	20260625094007941000000	23	23,167,462,436,864	23,167,555,211,264	14,567,796,527,269	25,154,938,761,216	25,945,969,811,456	22,034,264,555,520	29,685,706,653,696	552,821,034	1,890,158,971	0	0
em-p-ihep51	20260625094017933000000	34	23,167,098,585,088	23,166,690,635,776	14,597,554,949,849	25,154,938,761,216	25,945,969,811,456	22,034,264,555,520	29,685,706,653,696	602,459,787	1,789,336,450	0	0
em-p-ihep51	20260625094027929000000	30	23,167,108,677,632	23,167,556,149,248	14,563,545,382,748	25,154,938,761,216	25,945,969,811,456	22,034,264,555,520	29,685,706,653,696	854,001,695	1,771,423,513	0	0
em-p-ihep51	20260625094037966000000	29	23,165,133,221,888	23,165,196,349,440	14,573,965,633,961	25,154,938,761,216	25,945,969,811,456	22,034,264,555,520	29,685,706,653,696	683,061,906	1,325,506,825	0	0
em-p-ihep51	20260625094047979000000	22	23,165,133,500,416	23,165,196,480,512	14,567,243,556,931	25,154,938,761,216	25,945,969,811,456	22,034,264,555,520	29,685,706,653,696	554,552,542	1,154,979,054	0	0
em-p-ihep51	20260625094058017000000	22	23,165,037,834,240	23,165,101,297,664	14,553,795,312,526	25,154,938,761,216	25,945,969,811,456	22,034,264,555,520	29,685,706,653,696	687,163,439	1,969,352,923	0	0
em-p-ihep51	20260625094108024000000	27	23,165,024,931,840	23,165,090,476,032	14,558,765,414,695	25,154,938,761,216	25,945,969,811,456	22,034,264,555,520	29,685,706,653,696	740,853,380	1,659,802,993	0	0
em-p-ihep51	20260625094118041000000	32	23,165,018,173,440	23,165,077,757,952	14,554,221,615,107	25,154,938,761,216	25,945,969,811,456	22,034,264,555,520	29,685,706,653,696	743,317,493	1,382,275,206	0	0
em-p-ihep51	20260625094128016000000	27	23,165,106,405,376	23,165,322,518,528	14,554,503,807,887	25,154,938,761,216	25,945,969,811,456	22,034,264,555,520	29,685,706,653,696	725,977,864	2,959,531,151	0	0
em-p-ihep51	20260625094138043000000	27	23,165,112,156,160	23,165,191,311,360	14,549,393,927,865	25,154,938,761,216	25,945,969,811,456	22,034,264,555,520	29,685,706,653,696	629,780,095	1,477,358,626	0	0
em-p-ihep51	20260625094148046000000	23	23,165,112,045,568	23,165,160,869,888	14,557,274,496,469	25,154,938,761,216	25,945,969,811,456	22,034,264,555,520	29,685,706,653,696	214,659,994	1,405,760,830	0	0
em-p-ihep51	20260625094158141000000	23	23,165,113,987,072	23,165,168,623,616	14,548,770,517,763	25,154,938,761,216	25,945,969,811,456	22,034,264,555,520	29,685,706,653,696	528,118,293	1,222,506,545	0	0
em-p-ihep51	20260625094208244000000	19	23,165,118,902,272	23,165,192,880,128	14,561,771,061,771	25,154,938,761,216	25,945,969,811,456	22,034,264,555,520	29,685,706,653,696	820,691,102	1,415,176,800	0	0
em-p-ihep51	20260625094218324000000	17	23,165,118,795,776	23,165,190,754,304	14,554,941,990,940	25,154,938,761,216	25,945,969,811,456	22,034,264,555,520	29,685,706,653,696	670,827,026	1,153,563,571	4,096	0
em-p-ihep51	20260625094228353000000	19	23,165,121,585,152	23,165,174,493,184	14,557,361,930,234	25,154,938,761,216	25,945,969,811,456	22,034,264,555,520	29,685,706,653,696	285,755,394	753,588,017	0	0
em-p-ihep51	20260625094238428000000	17	23,165,121,478,656	23,165,177,647,104	14,560,251,586,632	25,154,938,761,216	25,945,969,811,456	22,034,264,555,520	29,685,706,653,696	599,647,958	1,541,538,622	0	0
em-p-ihep51	20260625094248514000000	14	23,165,117,808,640	23,165,171,105,792	14,552,156,617,170	25,154,938,761,216	25,945,969,811,456	22,034,264,555,520	29,685,706,653,696	643,285,178	1,256,243,150	0	0
em-p-ihep51	20260625094258631000000	16	23,165,114,552,320	23,165,167,603,712	14,553,117,920,095	25,154,938,761,216	25,945,969,811,456	22,034,264,555,520	29,685,706,653,696	861,489,395	1,554,713,812	0	0
em-p-ihep51	20260625094308719000000	22	23,165,111,992,320	23,165,237,760,000	14,558,563,377,988	25,154,938,761,216	25,945,969,811,456	22,034,264,555,520	29,685,706,653,696	692,558,340	2,093,079,684	0	0
em-p-ihep51	20260625094318713000000	20	23,165,115,637,760	23,165,172,584,448	14,551,780,596,220	25,154,938,761,216	25,945,969,811,456	22,034,264,555,520	29,685,706,653,696	724,173,985	1,882,623,962	0	0
em-p-ihep51	20260625094328827000000	12	23,165,114,449,920	23,165,164,425,216	14,548,384,436,608	25,154,938,761,216	25,945,969,811,456	22,034,264,555,520	29,685,706,653,696	294,833,517	658,732,027	0	0
em-p-ihep51	20260625094338948000000	17	23,165,115,797,504	23,165,234,978,816	14,554,052,731,269	25,154,938,761,216	25,945,969,811,456	22,034,264,555,520	29,685,706,653,696	640,143,362	1,142,118,445	0	0
em-p-ihep51	20260625094349026000000	16	23,165,119,311,872	23,165,181,612,032	14,550,765,080,421	25,154,938,761,216	25,945,969,811,456	22,034,264,555,520	29,685,706,653,696	402,639,288	1,540,673,231	0	0
em-p-ihep51	20260625094359117000000	16	23,165,119,205,376	23,165,248,679,936	14,553,319,389,939	25,154,938,761,216	25,945,969,811,456	22,034,264,555,520	29,685,706,653,696	205,058,810	1,456,225,307	0	0
em-p-ihep51	20260625094409220000000	17	23,165,122,949,120	23,165,281,091,584	14,559,373,360,572	25,154,938,761,216	25,945,969,811,456	22,034,264,555,520	29,685,706,653,696	416,231,457	1,556,967,294	4,096	0
em-p-ihep51	20260625094419215000000	17	23,165,120,765,952	23,165,430,054,912	14,550,814,531,122	25,154,938,761,216	25,945,969,811,456	22,034,264,555,520	29,685,706,653,696	399,236,578	2,296,650,512	12,288	0
em-p-ihep51	20260625094429261000000	28	23,165,102,899,200	23,165,740,482,560	14,564,938,100,984	25,154,938,761,216	25,945,969,811,456	22,034,264,555,520	29,685,706,653,696	690,904,234	1,718,764,558	0	0
em-p-ihep51	20260625094439245000000	27	23,165,099,532,288	23,165,372,788,736	14,558,517,014,002	25,154,938,761,216	25,945,969,811,456	22,034,264,555,520	29,685,706,653,696	732,819,653	2,974,607,974	8,192	0
em-p-ihep51	20260625094449335000000	22	23,165,103,984,640	23,165,240,037,376	14,559,959,076,053	25,154,938,761,216	25,945,969,811,456	22,034,264,555,520	29,685,706,653,696	850,371,062	2,627,964,185	4,096	0
em-p-ihep51	20260625094459433000000	21	23,165,103,984,640	23,165,705,064,448	14,566,218,203,032	25,154,938,761,216	25,945,969,811,456	22,034,264,555,520	29,685,706,653,696	438,405,203	1,027,830,614	0	0
em-p-ihep51	20260625094509446000000	30	23,165,121,052,672	23,165,250,969,600	14,569,029,717,410	25,154,938,761,216	25,945,969,811,456	22,034,264,555,520	29,685,706,653,696	1,332,170,736	2,275,107,708	0	0
em-p-ihep51	20260625094519461000000	30	23,165,119,758,336	23,165,246,627,840	14,562,056,889,602	25,154,938,761,216	25,945,969,811,456	22,034,264,555,520	29,685,706,653,696	1,050,598,519	2,418,360,737	0	0
em-p-ihep51	20260625094529458000000	21	23,165,120,999,424	23,165,250,293,760	14,560,939,981,217	25,154,938,761,216	25,945,969,811,456	22,034,264,555,520	29,685,706,653,696	732,918,761	1,238,601,921	0	0
em-p-ihep51	20260625094539530000000	20	23,165,120,892,928	23,165,248,286,720	14,552,504,077,987	25,154,938,761,216	25,945,969,811,456	22,034,264,555,520	29,685,706,653,696	369,297,452	1,188,982,125	0	0
em-p-ihep51	20260625094549644000000	17	23,165,121,056,768	23,165,245,063,168	14,553,031,516,575	25,154,938,761,216	25,945,969,811,456	22,034,264,555,520	29,685,706,653,696	953,396,406	2,047,397,663	0	0
em-p-ihep51	20260625094559720000000	18	23,165,122,031,616	23,165,245,992,960	14,552,772,565,395	25,154,938,761,216	25,945,969,811,456	22,034,264,555,520	29,685,706,653,696	632,606,019	1,536,964,501	0	0
em-p-ihep51	20260625094609808000000	18	23,165,121,327,104	23,165,248,765,952	14,555,030,859,003	25,154,938,761,216	25,945,969,811,456	22,034,264,555,520	29,685,706,653,696	715,767,341	1,791,933,351	0	0
em-p-ihep51	20260625094619931000000	16	23,165,120,032,768	23,165,217,865,728	14,553,872,038,673	25,154,938,761,216	25,945,969,811,456	22,034,264,555,520	29,685,706,653,696	617,894,637	1,406,312,492	0	0
em-p-ihep51	20260625094629919000000	20	23,165,119,922,176	23,165,218,324,480	14,552,637,438,363	25,154,938,761,216	25,945,969,811,456	22,034,264,555,520	29,685,706,653,696	640,158,118	1,150,208,994	0	0
em-p-ihep51	20260625094639994000000	21	23,165,120,196,608	23,165,470,261,248	14,555,388,720,032	25,154,938,761,216	25,945,969,811,456	22,034,264,555,520	29,685,706,653,696	501,357,289	1,213,386,528	0	0
em-p-ihep51	20260625094649997000000	19	23,165,122,519,040	23,165,219,364,864	14,552,014,700,500	25,154,938,761,216	25,945,969,811,456	22,034,264,555,520	29,685,706,653,696	646,583,762	1,042,448,146	0	0
em-p-ihep51	20260625094700007000000	19	23,165,123,600,384	23,165,222,580,224	14,554,830,417,883	25,154,938,761,216	25,945,969,811,456	22,034,264,555,520	29,685,706,653,696	1,048,186,127	2,067,994,673	0	0
em-p-ihep51	20260625094710028000000	17	23,165,127,385,088	23,165,223,600,128	14,567,124,402,242	25,154,938,761,216	25,945,969,811,456	22,034,264,555,520	29,685,706,653,696	1,099,550,888	2,222,795,971	0	0
em-p-ihep51	20260625094720116000000	17	23,165,120,491,520	23,165,226,233,856	14,558,012,661,270	25,154,938,761,216	25,945,969,811,456	22,034,264,555,520	29,685,706,653,696	887,751,956	1,353,533,707	0	0
em-p-ihep51	20260625094730216000000	18	23,165,120,380,928	23,165,214,990,336	14,557,364,378,953	25,154,938,761,216	25,945,969,811,456	22,034,264,555,520	29,685,706,653,696	533,793,693	1,975,110,392	0	0
em-p-ihep51	20260625094740213000000	18	23,165,121,462,272	23,165,215,674,368	14,560,500,882,363	25,154,938,761,216	25,945,969,811,456	22,034,264,555,520	29,685,706,653,696	461,812,515	1,735,848,853	0	0
em-p-ihep51	20260625094750316000000	17	23,165,121,736,704	23,165,257,932,800	14,553,212,286,422	25,154,938,761,216	25,945,969,811,456	22,034,264,555,520	29,685,706,653,696	564,255,466	1,399,743,482	0	0
em-p-ihep51	20260625094800290000000	17	23,165,123,846,144	23,165,194,051,584	14,548,961,400,271	25,154,938,761,216	25,945,969,811,456	22,034,264,555,520	29,685,706,653,696	655,241,880	1,590,373,297	0	0
em-p-ihep51	20260625094810294000000	16	23,165,127,634,944	23,165,204,656,128	14,560,955,212,273	25,154,938,761,216	25,945,969,811,456	22,034,264,555,520	29,685,706,653,696	592,560,580	1,370,525,582	0	0
em-p-ihep51	20260625094820384000000	18	23,165,125,259,264	23,165,200,343,040	14,550,406,166,501	25,154,938,761,216	25,945,969,811,456	22,034,264,555,520	29,685,706,653,696	456,063,113	694,618,806	0	0
em-p-ihep51	20260625094830473000000	15	23,165,127,528,448	23,165,228,699,648	14,548,389,698,653	25,154,938,761,216	25,945,969,811,456	22,034,264,555,520	29,685,706,653,696	323,610,753	1,141,387,430	0	0
em-p-ihep51	20260625094840583000000	17	23,165,129,695,232	23,165,217,091,584	14,553,214,317,686	25,154,938,761,216	25,945,969,811,456	22,034,264,555,520	29,685,706,653,696	333,778,715	2,615,842,355	0	0
em-p-ihep51	20260625094850600000000	17	23,165,129,121,792	23,165,201,432,576	14,555,312,745,984	25,154,938,761,216	25,945,969,811,456	22,034,264,555,520	29,685,706,653,696	449,117,123	2,466,787,461	0	0
em-p-ihep51	20260625094900685000000	19	23,165,129,015,296	23,165,275,086,848	14,550,873,418,579	25,154,938,761,216	25,945,969,811,456	22,034,264,555,520	29,685,706,653,696	892,321,368	1,574,818,043	0	0
em-p-ihep51	20260625094910788000000	21	23,165,121,835,008	23,165,197,328,384	14,570,850,402,267	25,154,938,761,216	25,945,969,811,456	22,034,264,555,520	29,685,706,653,696	1,470,609,672	2,509,158,655	0	0
em-p-ihep51	20260625094920855000000	17	23,166,487,232,512	23,166,267,523,072	14,576,092,503,403	25,154,938,761,216	25,945,969,811,456	22,034,264,555,520	29,685,706,653,696	797,827,017	1,155,726,484	0	0
em-p-ihep51	20260625094930873000000	22	23,169,763,827,712	23,169,876,586,496	14,582,719,016,146	25,154,938,761,216	25,945,969,811,456	22,034,264,555,520	29,685,706,653,696	720,420,153	1,227,946,327	0	0
em-p-ihep51	20260625094940951000000	19	23,170,233,176,064	23,170,348,941,312	14,577,531,767,415	25,154,938,761,216	25,945,969,811,456	22,034,264,555,520	29,685,706,653,696	567,180,284	1,291,121,239	0	0
em-p-ihep51	20260625094950942000000	16	23,171,025,104,896	23,171,547,185,152	14,553,188,531,475	25,154,938,761,216	25,945,969,811,456	22,034,264,555,520	29,685,706,653,696	815,655,186	1,254,892,622	0	0
em-p-ihep51	20260625095001072000000	14	23,171,025,317,888	23,171,141,144,576	14,549,659,542,892	25,154,938,761,216	25,945,969,811,456	22,034,264,555,520	29,685,706,653,696	466,032,421	1,373,795,883	0	0
em-p-ihep51	20260625095011061000000	29	23,171,265,585,152	23,171,400,257,536	14,576,920,603,800	25,154,938,761,216	25,945,969,811,456	22,034,264,555,520	29,685,706,653,696	1,327,757,951	2,856,787,409	0	0
em-p-ihep51	20260625095021167000000	20	23,171,266,830,336	23,171,375,792,128	14,554,478,059,329	25,154,938,761,216	25,945,969,811,456	22,034,264,555,520	29,685,706,653,696	983,210,294	2,265,162,443	0	0
em-p-ihep51	20260625095031176000000	21	23,171,434,160,128	23,171,543,744,512	14,556,806,931,190	25,154,938,761,216	25,945,969,811,456	22,034,264,555,520	29,685,706,653,696	818,729,393	1,434,882,934	0	0
em-p-ihep51	20260625095041173000000	23	23,171,428,171,776	23,171,541,258,240	14,559,421,283,470	25,154,938,761,216	25,945,969,811,456	22,034,264,555,520	29,685,706,653,696	402,710,168	866,057,429	0	0
em-p-ihep51	20260625095051171000000	18	23,171,427,520,512	23,171,537,846,272	14,553,545,764,829	25,154,938,761,216	25,945,969,811,456	22,034,264,555,520	29,685,706,653,696	440,534,475	828,226,255	0	0
em-p-ihep51	20260625095101261000000	18	23,171,427,573,760	23,171,537,899,520	14,554,337,099,778	25,154,938,761,216	25,945,969,811,456	22,034,264,555,520	29,685,706,653,696	278,241,850	1,065,143,043	0	0
em-p-ihep51	20260625095111357000000	16	23,171,436,142,592	23,171,545,051,136	14,553,341,086,187	25,154,938,761,216	25,945,969,811,456	22,034,264,555,520	29,685,706,653,696	668,272,300	1,483,920,435	0	0
em-p-ihep51	20260625095121458000000	17	23,171,436,036,096	23,171,884,916,736	14,553,046,120,954	25,154,938,761,216	25,945,969,811,456	22,034,264,555,520	29,685,706,653,696	476,722,287	854,348,988	0	0
em-p-ihep51	20260625095131551000000	18	23,171,427,831,808	23,171,529,601,024	14,556,921,960,814	25,154,938,761,216	25,945,969,811,456	22,034,264,555,520	29,685,706,653,696	698,495,391	1,447,434,789	0	0
em-p-ihep51	20260625095141666000000	19	23,171,431,264,256	23,171,657,138,176	14,555,368,273,959	25,154,938,761,216	25,945,969,811,456	22,034,264,555,520	29,685,706,653,696	992,796,007	2,245,382,387	0	0
em-p-ihep51	20260625095151707000000	22	23,171,434,745,856	23,171,589,365,760	14,559,061,377,318	25,154,938,761,216	25,945,969,811,456	22,034,264,555,520	29,685,706,653,696	1,009,319,410	3,714,453,906	0	0
em-p-ihep51	20260625095201699000000	19	23,171,440,697,344	23,171,543,298,048	14,550,410,557,349	25,154,938,761,216	25,945,969,811,456	22,034,264,555,520	29,685,706,653,696	726,713,219	1,044,920,425	0	0
em-p-ihep51	20260625095211723000000	19	23,176,416,903,168	23,175,748,472,832	14,570,413,933,858	25,154,938,761,216	25,945,969,811,456	22,034,264,555,520	29,685,706,653,696	846,787,862	1,578,410,738	0	0
em-p-ihep51	20260625095221813000000	17	23,177,590,583,296	23,180,247,965,696	14,547,526,766,216	25,154,938,761,216	25,945,969,811,456	22,034,264,555,520	29,685,706,653,696	770,152,585	1,378,337,149	0	0
em-p-ihep51	20260625095231820000000	23	23,173,709,643,776	23,174,253,027,328	14,555,485,540,935	25,154,938,761,216	25,945,969,811,456	22,034,264,555,520	29,685,706,653,696	896,642,900	1,362,482,588	0	0
em-p-ihep51	20260625095241913000000	19	23,173,708,460,032	23,173,796,110,336	14,551,727,403,784	25,154,938,761,216	25,945,969,811,456	22,034,264,555,520	29,685,706,653,696	506,806,355	1,303,891,780	0	0
em-p-ihep51	20260625095251925000000	19	23,173,707,698,176	23,173,795,307,520	14,545,109,128,307	25,154,938,761,216	25,945,969,811,456	22,034,264,555,520	29,685,706,653,696	828,056,542	1,386,531,545	0	0
em-p-ihep51	20260625095301934000000	17	23,173,708,779,520	23,173,801,754,624	14,551,263,785,735	25,154,938,761,216	25,945,969,811,456	22,034,264,555,520	29,685,706,653,696	684,862,367	1,640,664,469	0	0
em-p-ihep51	20260625095311957000000	20	23,173,708,943,360	23,173,795,811,328	14,559,007,491,656	25,154,938,761,216	25,945,969,811,456	22,034,264,555,520	29,685,706,653,696	764,139,164	1,963,732,710	0	0
em-p-ihep51	20260625095321976000000	21	23,173,711,269,888	23,173,798,236,160	14,550,908,440,127	25,154,938,761,216	25,945,969,811,456	22,034,264,555,520	29,685,706,653,696	1,072,241,241	1,670,593,519	0	0
em-p-ihep51	20260625095332067000000	18	23,173,712,187,392	23,173,799,567,360	14,548,486,028,995	25,154,938,761,216	25,945,969,811,456	22,034,264,555,520	29,685,706,653,696	221,345,991	623,901,512	0	0
em-p-ihep51	20260625095342164000000	18	23,173,713,432,576	23,173,825,978,368	14,553,832,786,437	25,154,938,761,216	25,945,969,811,456	22,034,264,555,520	29,685,706,653,696	729,137,608	1,228,650,704	0	0
em-p-ihep51	20260625095352276000000	18	23,173,716,025,344	23,173,803,614,208	14,553,377,134,276	25,154,938,761,216	25,945,969,811,456	22,034,264,555,520	29,685,706,653,696	421,358,176	969,893,967	0	0
em-p-ihep51	20260625095402261000000	14	23,173,714,841,600	23,173,883,064,320	14,548,565,863,041	25,154,938,761,216	25,945,969,811,456	22,034,264,555,520	29,685,706,653,696	176,201,759	886,902,351	0	0
em-p-ihep51	20260625095412282000000	20	23,173,718,720,512	23,174,061,408,256	14,559,657,021,300	25,154,938,761,216	25,945,969,811,456	22,034,264,555,520	29,685,706,653,696	711,743,290	2,007,399,704	0	0
em-p-ihep51	20260625095422385000000	22	23,173,706,981,376	23,173,893,066,752	14,550,999,045,842	25,154,938,761,216	25,945,969,811,456	22,034,264,555,520	29,685,706,653,696	374,294,906	1,177,108,467	0	0
em-p-ihep51	20260625095432388000000	21	23,173,706,981,376	23,173,895,839,744	14,549,529,376,245	25,154,938,761,216	25,945,969,811,456	22,034,264,555,520	29,685,706,653,696	758,258,099	1,756,240,658	0	0
em-p-ihep51	20260625095442398000000	19	23,173,710,221,312	23,173,947,252,736	14,547,747,877,048	25,154,938,761,216	25,945,969,811,456	22,034,264,555,520	29,685,706,653,696	693,263,715	1,484,035,165	0	0
em-p-ihep51	20260625095452416000000	22	23,173,715,300,352	23,173,901,746,176	14,550,022,548,963	25,154,938,761,216	25,945,969,811,456	22,034,264,555,520	29,685,706,653,696	551,602,678	1,096,543,397	0	0
em-p-ihep51	20260625095502485000000	17	23,173,277,474,816	23,173,463,416,832	14,553,700,828,914	25,154,938,761,216	25,945,969,811,456	22,034,264,555,520	29,685,706,653,696	1,069,209,147	1,545,958,943	0	0
em-p-ihep51	20260625095512621000000	24	23,173,273,804,800	23,173,463,732,224	14,569,672,122,210	25,154,938,761,216	25,945,969,811,456	22,034,264,555,520	29,685,706,653,696	867,182,243	1,788,108,942	0	0
em-p-ihep51	20260625095522606000000	23	23,173,274,181,632	23,174,010,392,576	14,556,837,653,500	25,154,938,761,216	25,945,969,811,456	22,034,264,555,520	29,685,706,653,696	961,223,282	1,494,681,676	0	0
em-p-ihep51	20260625095532640000000	25	23,173,297,315,840	23,173,480,779,776	14,562,264,561,259	25,154,938,761,216	25,945,969,811,456	22,034,264,555,520	29,685,706,653,696	945,528,259	1,371,656,527	0	0
em-p-ihep51	20260625095542741000000	33	23,173,289,320,448	23,173,473,701,888	14,563,624,282,867	25,154,938,761,216	25,945,969,811,456	22,034,264,555,520	29,685,706,653,696	368,482,048	1,035,378,769	0	0
em-p-ihep51	20260625095552734000000	28	23,173,288,308,736	23,174,024,773,632	14,561,355,593,616	25,154,938,761,216	25,945,969,811,456	22,034,264,555,520	29,685,706,653,696	456,152,777	2,853,734,953	0	0
em-p-ihep51	20260625095602746000000	26	23,173,290,565,632	23,173,475,934,208	14,552,099,554,823	25,154,938,761,216	25,945,969,811,456	22,034,264,555,520	29,685,706,653,696	471,785,764	1,709,495,297	0	0
em-p-ihep51	20260625095612837000000	17	23,173,289,594,880	23,173,459,210,240	14,563,244,298,182	25,154,938,761,216	25,945,969,811,456	22,034,264,555,520	29,685,706,653,696	959,500,254	1,637,647,963	0	0
em-p-ihep51	20260625095622969000000	24	23,173,288,972,288	23,173,458,030,592	14,553,993,567,711	25,154,938,761,216	25,945,969,811,456	22,034,264,555,520	29,685,706,653,696	743,307,034	1,583,531,143	0	0
em-p-ihep51	20260625095632938000000	24	23,173,288,886,272	23,173,460,828,160	14,553,698,963,323	25,154,938,761,216	25,945,969,811,456	22,034,264,555,520	29,685,706,653,696	652,297,351	1,732,119,606	0	0
em-p-ihep51	20260625095642932000000	24	23,173,285,597,184	23,173,424,549,888	14,554,959,492,988	25,154,938,761,216	25,945,969,811,456	22,034,264,555,520	29,685,706,653,696	889,595,069	1,694,116,664	0	0
em-p-ihep51	20260625095652993000000	29	23,173,286,785,024	23,173,434,368,000	14,558,141,825,151	25,154,938,761,216	25,945,969,811,456	22,034,264,555,520	29,685,706,653,696	517,891,926	917,859,973	0	0
em-p-ihep51	20260625095702964000000	25	23,173,286,678,528	23,173,924,253,696	14,554,268,566,806	25,154,938,761,216	25,945,969,811,456	22,034,264,555,520	29,685,706,653,696	317,592,115	928,637,593	0	0
em-p-ihep51	20260625095712976000000	22	23,173,288,030,208	23,173,437,947,904	14,557,340,036,943	25,154,938,761,216	25,945,969,811,456	22,034,264,555,520	29,685,706,653,696	801,964,926	2,192,221,012	0	0
em-p-ihep51	20260625095722977000000	19	23,173,290,463,232	23,173,442,166,784	14,550,079,278,832	25,154,938,761,216	25,945,969,811,456	22,034,264,555,520	29,685,706,653,696	789,717,433	1,649,635,834	0	0
em-p-ihep51	20260625095732986000000	19	23,173,292,568,576	23,173,466,238,976	14,552,897,464,643	25,154,938,761,216	25,945,969,811,456	22,034,264,555,520	29,685,706,653,696	653,276,720	1,440,927,156	0	0
em-p-ihep51	20260625095742994000000	20	23,173,291,544,576	23,173,439,692,800	14,564,319,683,612	25,154,938,761,216	25,945,969,811,456	22,034,264,555,520	29,685,706,653,696	691,480,070	1,213,175,596	0	0
em-p-ihep51	20260625095753004000000	18	23,173,290,438,656	23,173,614,395,392	14,550,036,104,629	25,154,938,761,216	25,945,969,811,456	22,034,264,555,520	29,685,706,653,696	334,124,802	1,949,426,765	0	0
em-p-ihep51	20260625095803025000000	15	23,173,292,568,576	23,173,470,867,456	14,546,332,355,529	25,154,938,761,216	25,945,969,811,456	22,034,264,555,520	29,685,706,653,696	478,276,313	1,451,696,209	0	0
em-p-ihep51	20260625095813147000000	15	23,173,291,761,664	23,173,446,660,096	14,556,373,055,909	25,154,938,761,216	25,945,969,811,456	22,034,264,555,520	29,685,706,653,696	257,582,215	875,365,017	0	0
em-p-ihep51	20260625095823224000000	19	23,173,290,573,824	23,173,445,103,616	14,552,514,084,288	25,154,938,761,216	25,945,969,811,456	22,034,264,555,520	29,685,706,653,696	717,570,483	1,323,108,385	0	0
em-p-ihep51	20260625095833215000000	16	23,173,288,443,904	23,173,436,923,904	14,551,613,695,815	25,154,938,761,216	25,945,969,811,456	22,034,264,555,520	29,685,706,653,696	691,744,129	1,832,777,352	0	0
em-p-ihep51	20260625095843249000000	18	23,173,289,525,248	23,173,770,371,072	14,548,203,011,981	25,154,938,761,216	25,945,969,811,456	22,034,264,555,520	29,685,706,653,696	945,586,312	2,044,189,881	0	0
em-p-ihep51	20260625095853275000000	18	23,173,282,181,120	23,173,411,950,592	14,551,806,340,804	25,154,938,761,216	25,945,969,811,456	22,034,264,555,520	29,685,706,653,696	1,094,210,269	2,395,456,221	0	0
em-p-ihep51	20260625095903244000000	19	23,173,281,767,424	23,173,413,982,208	14,555,986,369,041	25,154,938,761,216	25,945,969,811,456	22,034,264,555,520	29,685,706,653,696	1,309,445,838	2,063,904,552	0	0
em-p-ihep51	20260625095913383000000	19	23,173,281,964,032	23,173,434,150,912	14,555,582,417,656	25,154,938,761,216	25,945,969,811,456	22,034,264,555,520	29,685,706,653,696	850,949,123	2,797,303,720	0	0
em-p-ihep51	20260625095923370000000	19	23,173,282,095,104	23,173,423,779,840	14,545,765,947,000	25,154,938,761,216	25,945,969,811,456	22,034,264,555,520	29,685,706,653,696	1,035,141,782	2,057,451,933	0	0
em-p-ihep51	20260625095933385000000	18	23,173,289,177,088	23,173,473,300,480	14,548,145,836,466	25,154,938,761,216	25,945,969,811,456	22,034,264,555,520	29,685,706,653,696	492,789,973	1,109,951,187	0	0
em-p-ihep51	20260625095943409000000	19	23,173,289,070,592	23,173,424,730,112	14,558,590,215,207	25,154,938,761,216	25,945,969,811,456	22,034,264,555,520	29,685,706,653,696	660,955,458	1,549,232,072	0	0
em-p-ihep51	20260625095953516000000	26	23,173,290,315,776	23,173,454,016,512	14,564,998,438,738	25,154,938,761,216	25,945,969,811,456	22,034,264,555,520	29,685,706,653,696	606,347,157	1,479,323,269	0	0
em-p-ihep51	20260625100003533000000	35	23,173,317,861,376	23,173,467,258,880	14,573,250,201,579	25,154,938,761,216	25,945,969,811,456	22,034,264,555,520	29,685,706,653,696	622,656,012	3,026,169,714	0	0
em-p-ihep51	20260625100013576000000	47	23,173,330,784,256	23,173,467,373,568	14,610,730,816,159	25,154,938,761,216	25,945,969,811,456	22,034,264,555,520	29,685,706,653,696	1,289,224,469	3,346,444,821	0	0
em-p-ihep51	20260625100023577000000	35	23,173,332,025,344	23,173,490,077,696	14,574,589,265,077	25,154,938,761,216	25,945,969,811,456	22,034,264,555,520	29,685,706,653,696	1,008,506,571	2,052,863,799	0	0
em-p-ihep51	20260625100033571000000	25	23,173,322,694,656	23,173,458,067,456	14,570,932,668,547	25,154,938,761,216	25,945,969,811,456	22,034,264,555,520	29,685,706,653,696	826,805,739	1,502,971,908	0	0
em-p-ihep51	20260625100043666000000	27	23,173,321,846,784	23,173,457,764,352	14,570,587,970,144	25,154,938,761,216	25,945,969,811,456	22,034,264,555,520	29,685,706,653,696	1,090,687,814	1,787,686,499	0	0
em-p-ihep51	20260625100053677000000	28	23,173,322,711,040	23,173,467,033,600	14,562,351,332,844	25,154,938,761,216	25,945,969,811,456	22,034,264,555,520	29,685,706,653,696	950,612,542	1,847,464,327	0	0
em-p-ihep51	20260625100103673000000	23	23,173,316,882,432	23,173,453,139,968	14,554,722,288,283	25,154,938,761,216	25,945,969,811,456	22,034,264,555,520	29,685,706,653,696	385,937,268	1,226,265,817	0	0
em-p-ihep51	20260625100113747000000	22	23,173,317,046,272	23,173,453,152,256	14,554,626,480,201	25,154,938,761,216	25,945,969,811,456	22,034,264,555,520	29,685,706,653,696	532,148,485	1,115,957,164	0	0
em-p-ihep51	20260625100123864000000	19	23,173,248,843,776	23,173,454,430,208	14,556,792,103,792	25,154,938,761,216	25,945,969,811,456	22,034,264,555,520	29,685,706,653,696	851,738,730	1,445,456,790	0	0
em-p-ihep51	20260625100133979000000	18	23,174,474,088,448	23,174,976,794,624	14,552,190,528,346	25,154,938,761,216	25,945,969,811,456	22,034,264,555,520	29,685,706,653,696	323,107,826	1,147,682,205	0	0
em-p-ihep51	20260625100143999000000	26	23,172,015,046,656	23,172,125,683,712	14,553,428,155,672	25,154,938,761,216	25,945,969,811,456	22,034,264,555,520	29,685,706,653,696	362,082,085	1,427,340,802	0	0
em-p-ihep51	20260625100154008000000	23	23,172,016,865,280	23,172,123,537,408	14,553,047,268,572	25,154,938,761,216	25,945,969,811,456	22,034,264,555,520	29,685,706,653,696	655,346,397	2,799,027,832	0	0
em-p-ihep51	20260625100204110000000	20	23,172,033,359,872	23,172,420,567,040	14,548,530,507,247	25,154,938,761,216	25,945,969,811,456	22,034,264,555,520	29,685,706,653,696	969,044,964	2,417,340,312	0	0
em-p-ihep51	20260625100214110000000	25	23,172,038,275,072	23,172,138,389,504	14,550,901,517,379	25,154,938,761,216	25,945,969,811,456	22,034,264,555,520	29,685,706,653,696	1,411,573,631	2,153,177,681	0	0
em-p-ihep51	20260625100224209000000	18	23,172,024,619,008	23,172,123,607,040	14,555,117,790,384	25,154,938,761,216	25,945,969,811,456	22,034,264,555,520	29,685,706,653,696	816,885,335	1,992,752,265	0	0
em-p-ihep51	20260625100234307000000	22	23,172,020,027,392	23,172,115,976,192	14,547,814,148,357	25,154,938,761,216	25,945,969,811,456	22,034,264,555,520	29,685,706,653,696	460,216,560	1,195,154,015	0	0
em-p-ihep51	20260625100244393000000	21	23,172,022,566,912	23,172,129,476,608	14,554,642,696,980	25,154,938,761,216	25,945,969,811,456	22,034,264,555,520	29,685,706,653,696	458,151,428	1,308,556,216	0	0
em-p-ihep51	20260625100254405000000	17	23,172,020,355,072	23,172,118,446,080	14,549,235,694,005	25,154,938,761,216	25,945,969,811,456	22,034,264,555,520	29,685,706,653,696	1,090,897,310	1,553,847,382	0	0
em-p-ihep51	20260625100304489000000	16	23,172,019,167,232	23,172,114,903,040	14,556,391,038,412	25,154,938,761,216	25,945,969,811,456	22,034,264,555,520	29,685,706,653,696	708,864,624	1,771,450,869	0	0
em-p-ihep51	20260625100314491000000	17	23,172,017,979,392	23,172,135,387,136	14,554,146,775,232	25,154,938,761,216	25,945,969,811,456	22,034,264,555,520	29,685,706,653,696	891,627,532	2,435,364,466	0	0
em-p-ihep51	20260625100324599000000	16	23,172,372,611,072	23,172,442,324,992	14,551,691,693,775	25,154,938,761,216	25,945,969,811,456	22,034,264,555,520	29,685,706,653,696	1,377,414,868	1,908,910,183	0	0
em-p-ihep51	20260625100334691000000	15	23,172,370,132,992	23,172,436,336,640	14,550,093,423,042	25,154,938,761,216	25,945,969,811,456	22,034,264,555,520	29,685,706,653,696	665,604,921	1,272,044,879	0	0
em-p-ihep51	20260625100344805000000	17	23,172,370,284,544	23,172,531,130,368	14,554,446,294,215	25,154,938,761,216	25,945,969,811,456	22,034,264,555,520	29,685,706,653,696	654,139,368	1,328,426,125	0	0
em-p-ihep51	20260625100354870000000	16	23,172,372,606,976	23,172,485,382,144	14,555,015,418,505	25,154,938,761,216	25,945,969,811,456	22,034,264,555,520	29,685,706,653,696	895,617,170	1,531,607,105	4,096	0
em-p-ihep51	20260625100404966000000	21	23,172,374,933,504	23,172,485,971,968	14,549,455,142,350	25,154,938,761,216	25,945,969,811,456	22,034,264,555,520	29,685,706,653,696	747,214,470	1,897,121,801	0	0
em-p-ihep51	20260625100415065000000	19	23,172,376,014,848	23,172,632,391,680	14,558,255,370,607	25,154,938,761,216	25,945,969,811,456	22,034,264,555,520	29,685,706,653,696	855,406,516	1,795,887,192	0	0
em-p-ihep51	20260625100425069000000	24	23,172,377,509,888	23,173,110,468,608	14,556,768,059,861	25,154,938,761,216	25,945,969,811,456	22,034,264,555,520	29,685,706,653,696	633,692,285	2,208,642,224	0	0
em-p-ihep51	20260625100435157000000	19	23,172,390,912,000	23,172,575,358,976	14,551,850,082,737	25,154,938,761,216	25,945,969,811,456	22,034,264,555,520	29,685,706,653,696	1,070,658,090	1,934,924,678	0	0
em-p-ihep51	20260625100445249000000	15	23,172,390,805,504	23,172,575,510,528	14,552,383,554,434	25,154,938,761,216	25,945,969,811,456	22,034,264,555,520	29,685,706,653,696	688,387,489	1,356,210,529	0	0
em-p-ihep51	20260625100455338000000	16	23,172,388,544,512	23,172,611,637,248	14,552,261,123,111	25,154,938,761,216	25,945,969,811,456	22,034,264,555,520	29,685,706,653,696	314,191,114	1,335,855,660	0	0
em-p-ihep51	20260625100505437000000	17	23,172,389,896,192	23,172,570,812,416	14,551,908,778,060	25,154,938,761,216	25,945,969,811,456	22,034,264,555,520	29,685,706,653,696	678,752,394	1,315,911,317	0	0
em-p-ihep51	20260625100515434000000	18	23,172,391,948,288	23,172,573,822,976	14,555,647,601,039	25,154,938,761,216	25,945,969,811,456	22,034,264,555,520	29,685,706,653,696	662,403,509	1,126,302,112	0	0
em-p-ihep51	20260625100525541000000	18	23,172,395,159,552	23,172,586,557,440	14,561,823,979,180	25,154,938,761,216	25,945,969,811,456	22,034,264,555,520	29,685,706,653,696	852,814,518	2,826,767,943	0	0
em-p-ihep51	20260625100535565000000	23	23,172,397,768,704	23,172,498,231,296	14,552,854,187,079	25,154,938,761,216	25,945,969,811,456	22,034,264,555,520	29,685,706,653,696	858,715,272	1,829,133,261	0	0
em-p-ihep51	20260625100545558000000	20	23,172,393,291,776	23,172,490,612,736	14,552,081,863,162	25,154,938,761,216	25,945,969,811,456	22,034,264,555,520	29,685,706,653,696	1,015,414,820	1,808,848,248	0	0
em-p-ihep51	20260625100555656000000	21	23,172,397,776,896	23,172,496,551,936	14,558,323,364,402	25,154,938,761,216	25,945,969,811,456	22,034,264,555,520	29,685,706,653,696	656,937,149	1,737,252,185	0	0
em-p-ihep51	20260625100605755000000	23	23,172,397,670,400	23,172,568,625,152	14,559,711,556,130	25,154,938,761,216	25,945,969,811,456	22,034,264,555,520	29,685,706,653,696	584,079,696	1,402,950,361	0	0
em-p-ihep51	20260625100615767000000	29	23,172,406,415,360	23,172,505,960,448	14,558,501,969,367	25,154,938,761,216	25,945,969,811,456	22,034,264,555,520	29,685,706,653,696	652,437,460	1,438,362,792	0	0
em-p-ihep51	20260625100625767000000	23	23,172,406,984,704	23,172,504,485,888	14,548,975,209,124	25,154,938,761,216	25,945,969,811,456	22,034,264,555,520	29,685,706,653,696	896,152,897	2,021,022,308	0	0
em-p-ihep51	20260625100635860000000	19	23,172,402,122,752	23,172,507,041,792	14,554,879,417,514	25,154,938,761,216	25,945,969,811,456	22,034,264,555,520	29,685,706,653,696	1,257,175,780	1,926,078,440	0	0
em-p-ihep51	20260625100645968000000	24	23,172,396,834,816	23,172,494,880,768	14,561,229,717,249	25,154,938,761,216	25,945,969,811,456	22,034,264,555,520	29,685,706,653,696	963,082,675	1,432,795,235	0	0
em-p-ihep51	20260625100655992000000	27	23,172,395,651,072	23,172,493,705,216	14,557,191,875,706	25,154,938,761,216	25,945,969,811,456	22,034,264,555,520	29,685,706,653,696	372,890,483	837,712,036	0	0
em-p-ihep51	20260625100705980000000	20	23,172,394,356,736	23,172,565,180,416	14,566,668,045,514	25,154,938,761,216	25,945,969,811,456	22,034,264,555,520	29,685,706,653,696	600,034,501	1,300,115,878	0	0
em-p-ihep51	20260625100716085000000	23	23,175,101,259,776	23,175,352,811,520	14,565,177,932,209	25,154,938,761,216	25,945,969,811,456	22,034,264,555,520	29,685,706,653,696	799,531,311	1,960,026,408	0	0
em-p-ihep51	20260625100726178000000	18	23,173,933,383,680	23,174,032,228,352	14,551,803,655,634	25,154,938,761,216	25,945,969,811,456	22,034,264,555,520	29,685,706,653,696	823,521,966	1,904,800,055	0	0
em-p-ihep51	20260625100736263000000	14	23,172,096,716,800	23,172,200,603,648	14,554,678,842,221	25,154,938,761,216	25,945,969,811,456	22,034,264,555,520	29,685,706,653,696	961,703,875	1,198,233,931	0	0
em-p-ihep51	20260625100746287000000	19	23,172,092,018,688	23,172,631,601,152	14,553,273,907,048	25,154,938,761,216	25,945,969,811,456	22,034,264,555,520	29,685,706,653,696	742,313,142	1,329,745,000	0	0
em-p-ihep51	20260625100756284000000	13	23,172,092,018,688	23,172,187,734,016	14,550,019,727,876	25,154,938,761,216	25,945,969,811,456	22,034,264,555,520	29,685,706,653,696	213,626,106	605,096,481	0	0
em-p-ihep51	20260625100806376000000	18	23,172,091,912,192	23,172,198,256,640	14,553,309,538,664	25,154,938,761,216	25,945,969,811,456	22,034,264,555,520	29,685,706,653,696	565,565,935	1,153,996,205	0	0
em-p-ihep51	20260625100816470000000	16	23,172,091,969,536	23,172,184,469,504	14,551,347,599,006	25,154,938,761,216	25,945,969,811,456	22,034,264,555,520	29,685,706,653,696	1,093,303,515	1,728,687,995	0	0
em-p-ihep51	20260625100826558000000	18	23,172,094,025,728	23,172,226,244,608	14,545,823,215,688	25,154,938,761,216	25,945,969,811,456	22,034,264,555,520	29,685,706,653,696	990,399,954	1,291,423,548	0	0
em-p-ihep51	20260625100836664000000	18	23,172,098,969,600	23,172,645,056,512	14,560,464,667,020	25,154,938,761,216	25,945,969,811,456	22,034,264,555,520	29,685,706,653,696	671,696,966	2,406,246,882	0	0
em-p-ihep51	20260625100846746000000	21	23,172,098,940,928	23,172,200,370,176	14,552,220,465,745	25,154,938,761,216	25,945,969,811,456	22,034,264,555,520	29,685,706,653,696	613,045,859	2,514,238,421	0	0
em-p-ihep51	20260625100856754000000	18	23,172,100,186,112	23,172,607,270,912	14,551,225,454,840	25,154,938,761,216	25,945,969,811,456	22,034,264,555,520	29,685,706,653,696	566,590,793	1,343,519,290	0	0
em-p-ihep51	20260625100906774000000	20	23,172,107,370,496	23,172,211,531,776	14,560,818,668,638	25,154,938,761,216	25,945,969,811,456	22,034,264,555,520	29,685,706,653,696	398,637,203	1,693,406,162	0	0
em-p-ihep51	20260625100916891000000	23	23,172,103,041,024	23,172,207,878,144	14,551,323,968,926	25,154,938,761,216	25,945,969,811,456	22,034,264,555,520	29,685,706,653,696	1,030,682,249	1,712,369,529	0	0
em-p-ihep51	20260625100926894000000	22	23,172,102,004,736	23,172,219,883,520	14,558,121,559,214	25,154,938,761,216	25,945,969,811,456	22,034,264,555,520	29,685,706,653,696	945,703,572	2,074,747,751	0	0
em-p-ihep51	20260625100936981000000	15	23,172,100,874,240	23,172,214,116,352	14,552,807,368,964	25,154,938,761,216	25,945,969,811,456	22,034,264,555,520	29,685,706,653,696	1,757,108,510	2,280,315,096	0	0
em-p-ihep51	20260625100946979000000	16	23,172,101,844,992	23,172,217,778,176	14,558,153,473,178	25,154,938,761,216	25,945,969,811,456	22,034,264,555,520	29,685,706,653,696	562,693,034	1,192,247,728	0	0
em-p-ihep51	20260625100957073000000	16	23,172,103,196,672	23,172,216,598,528	14,562,175,372,488	25,154,938,761,216	25,945,969,811,456	22,034,264,555,520	29,685,706,653,696	709,822,522	1,410,815,706	0	0
em-p-ihep51	20260625101007144000000	32	23,172,117,667,840	23,172,362,719,232	14,572,419,921,359	25,154,938,761,216	25,945,969,811,456	22,034,264,555,520	29,685,706,653,696	1,105,714,668	2,889,929,519	0	0
em-p-ihep51	20260625101017205000000	29	23,172,113,362,944	23,172,227,141,632	14,571,576,316,324	25,154,938,761,216	25,945,969,811,456	22,034,264,555,520	29,685,706,653,696	803,486,178	2,933,537,684	0	0
em-p-ihep51	20260625101027204000000	26	23,172,110,921,728	23,172,282,851,328	14,565,523,819,976	25,154,938,761,216	25,945,969,811,456	22,034,264,555,520	29,685,706,653,696	1,322,068,169	2,589,981,495	0	0
em-p-ihep51	20260625101037207000000	26	23,172,108,443,648	23,172,439,347,200	14,556,545,067,241	25,154,938,761,216	25,945,969,811,456	22,034,264,555,520	29,685,706,653,696	930,080,422	2,391,964,532	0	0
em-p-ihep51	20260625101047218000000	24	23,172,104,802,304	23,172,403,658,752	14,554,063,224,442	25,154,938,761,216	25,945,969,811,456	22,034,264,555,520	29,685,706,653,696	1,000,353,830	2,679,173,113	0	0
em-p-ihep51	20260625101057238000000	23	23,172,103,856,128	23,172,218,417,152	14,558,614,870,560	25,154,938,761,216	25,945,969,811,456	22,034,264,555,520	29,685,706,653,696	906,889,162	3,611,307,686	0	0
em-p-ihep51	20260625101107341000000	28	23,172,095,275,008	23,172,214,374,400	14,567,802,717,729	25,154,938,761,216	25,945,969,811,456	22,034,264,555,520	29,685,706,653,696	1,548,190,717	2,900,189,099	0	0
em-p-ihep51	20260625101117331000000	28	23,172,098,789,376	23,172,212,125,696	14,559,216,631,049	25,154,938,761,216	25,945,969,811,456	22,034,264,555,520	29,685,706,653,696	1,740,609,927	2,833,833,861	0	0
em-p-ihep51	20260625101127328000000	19	23,172,090,847,232	23,172,192,755,712	14,554,981,485,867	25,154,938,761,216	25,945,969,811,456	22,034,264,555,520	29,685,706,653,696	881,046,068	2,250,323,812	0	0
em-p-ihep51	20260625101137352000000	26	23,172,092,899,328	23,172,201,943,040	14,561,866,950,125	25,154,938,761,216	25,945,969,811,456	22,034,264,555,520	29,685,706,653,696	687,515,521	2,234,980,472	0	0
em-p-ihep51	20260625101147332000000	30	23,172,107,100,160	23,172,221,112,320	14,557,216,571,736	25,154,938,761,216	25,945,969,811,456	22,034,264,555,520	29,685,706,653,696	1,147,677,037	2,596,621,751	0	0
em-p-ihep51	20260625101157400000000	22	23,172,108,341,248	23,172,218,691,584	14,551,022,282,500	25,154,938,761,216	25,945,969,811,456	22,034,264,555,520	29,685,706,653,696	1,094,654,758	2,320,157,538	0	0
em-p-ihep51	20260625101207504000000	24	23,172,102,991,872	23,172,212,789,248	14,559,455,176,089	25,154,938,761,216	25,945,969,811,456	22,034,264,555,520	29,685,706,653,696	1,599,148,980	3,270,276,546	0	0
em-p-ihep51	20260625101217507000000	22	23,172,100,669,440	23,172,293,292,032	14,555,960,438,326	25,154,938,761,216	25,945,969,811,456	22,034,264,555,520	29,685,706,653,696	1,651,210,016	2,462,707,786	0	0
em-p-ihep51	20260625101227536000000	26	23,172,105,744,384	23,172,190,248,960	14,555,592,151,681	25,154,938,761,216	25,945,969,811,456	22,034,264,555,520	29,685,706,653,696	1,330,968,445	2,248,945,180	0	0
em-p-ihep51	20260625101237581000000	23	23,172,485,021,696	23,172,566,618,112	14,568,324,861,965	25,154,938,761,216	25,945,969,811,456	22,034,264,555,520	29,685,706,653,696	1,146,202,068	2,032,563,241	0	0
em-p-ihep51	20260625101247576000000	27	23,172,484,915,200	23,172,615,036,928	14,558,302,605,245	25,154,938,761,216	25,945,969,811,456	22,034,264,555,520	29,685,706,653,696	815,039,650	1,865,633,323	0	0
em-p-ihep51	20260625101257607000000	25	23,172,485,079,040	23,172,568,719,360	14,562,133,239,366	25,154,938,761,216	25,945,969,811,456	22,034,264,555,520	29,685,706,653,696	1,200,243,647	2,224,405,368	0	0
em-p-ihep51	20260625101307641000000	30	23,172,487,434,240	23,172,568,743,936	14,565,949,353,015	25,154,938,761,216	25,945,969,811,456	22,034,264,555,520	29,685,706,653,696	858,853,094	3,630,594,001	0	0
em-p-ihep51	20260625101317727000000	25	23,172,488,679,424	23,172,622,012,416	14,568,439,572,666	25,154,938,761,216	25,945,969,811,456	22,034,264,555,520	29,685,706,653,696	718,031,312	1,601,575,279	0	0
em-p-ihep51	20260625101327721000000	25	23,172,492,595,200	23,173,122,445,312	14,562,142,221,461	25,154,938,761,216	25,945,969,811,456	22,034,264,555,520	29,685,706,653,696	1,146,547,547	2,440,181,612	0	0
em-p-ihep51	20260625101337813000000	16	23,172,488,073,216	23,172,782,870,528	14,548,092,872,804	25,154,938,761,216	25,945,969,811,456	22,034,264,555,520	29,685,706,653,696	708,908,322	2,092,484,440	0	0
em-p-ihep51	20260625101347840000000	19	23,172,485,570,560	23,172,824,637,440	14,555,811,363,878	25,154,938,761,216	25,945,969,811,456	22,034,264,555,520	29,685,706,653,696	1,554,095,208	3,000,153,260	0	0
em-p-ihep51	20260625101357852000000	25	23,172,497,416,192	23,172,630,994,944	14,554,638,120,446	25,154,938,761,216	25,945,969,811,456	22,034,264,555,520	29,685,706,653,696	877,446,069	1,543,845,682	0	0
em-p-ihep51	20260625101407869000000	21	23,172,495,245,312	23,172,626,882,560	14,557,969,528,658	25,154,938,761,216	25,945,969,811,456	22,034,264,555,520	29,685,706,653,696	1,023,791,542	3,148,706,811	0	0
em-p-ihep51	20260625101417867000000	23	23,172,490,756,096	23,172,686,839,808	14,559,958,894,727	25,154,938,761,216	25,945,969,811,456	22,034,264,555,520	29,685,706,653,696	1,240,890,532	1,735,727,487	0	0
em-p-ihep51	20260625101427975000000	20	23,172,675,452,928	23,172,863,995,904	14,566,077,272,801	25,154,938,761,216	25,945,969,811,456	22,034,264,555,520	29,685,706,653,696	777,484,095	2,008,265,783	0	0
em-p-ihep51	20260625101437986000000	23	23,172,673,077,248	23,172,867,522,560	14,553,454,221,360	25,154,938,761,216	25,945,969,811,456	22,034,264,555,520	29,685,706,653,696	555,623,419	1,703,079,058	0	0
em-p-ihep51	20260625101447978000000	21	23,172,672,966,656	23,172,861,554,688	14,559,994,630,361	25,154,938,761,216	25,945,969,811,456	22,034,264,555,520	29,685,706,653,696	968,985,407	2,023,459,896	0	0
em-p-ihep51	20260625101458095000000	19	23,172,706,340,864	23,172,894,871,552	14,546,855,715,796	25,154,938,761,216	25,945,969,811,456	22,034,264,555,520	29,685,706,653,696	1,028,164,489	1,839,189,054	0	0
em-p-ihep51	20260625101508106000000	25	23,172,709,961,728	23,172,904,075,264	14,565,287,358,484	25,154,938,761,216	25,945,969,811,456	22,034,264,555,520	29,685,706,653,696	1,258,870,675	1,951,106,935	0	0
em-p-ihep51	20260625101518118000000	24	23,172,709,961,728	23,172,853,616,640	14,561,988,367,279	25,154,938,761,216	25,945,969,811,456	22,034,264,555,520	29,685,706,653,696	1,507,685,736	1,974,451,975	0	0
em-p-ihep51	20260625101528118000000	27	23,172,729,085,952	23,172,887,281,664	14,564,102,720,519	25,154,938,761,216	25,945,969,811,456	22,034,264,555,520	29,685,706,653,696	1,100,688,326	1,689,876,391	0	0
em-p-ihep51	20260625101538158000000	25	23,172,720,005,120	23,173,495,414,784	14,544,641,885,360	25,154,938,761,216	25,945,969,811,456	22,034,264,555,520	29,685,706,653,696	403,132,450	2,607,432,659	0	0
em-p-ihep51	20260625101548140000000	18	23,172,716,601,344	23,172,842,606,592	14,549,068,472,641	25,154,938,761,216	25,945,969,811,456	22,034,264,555,520	29,685,706,653,696	605,280,423	1,564,688,662	0	0
em-p-ihep51	20260625101558170000000	22	23,172,744,609,792	23,172,813,070,336	14,554,683,291,133	25,154,938,761,216	25,945,969,811,456	22,034,264,555,520	29,685,706,653,696	566,208,491	1,693,548,984	0	0
em-p-ihep51	20260625101608162000000	23	23,172,736,184,320	23,172,804,767,744	14,558,243,954,495	25,154,938,761,216	25,945,969,811,456	22,034,264,555,520	29,685,706,653,696	900,847,297	1,487,908,842	0	0
em-p-ihep51	20260625101618171000000	21	23,172,737,265,664	23,172,826,931,200	14,553,030,092,095	25,154,938,761,216	25,945,969,811,456	22,034,264,555,520	29,685,706,653,696	772,381,809	1,434,045,492	0	0
em-p-ihep51	20260625101628187000000	18	23,172,739,862,528	23,172,809,072,640	14,547,680,726,120	25,154,938,761,216	25,945,969,811,456	22,034,264,555,520	29,685,706,653,696	697,770,525	1,130,212,950	0	0
em-p-ihep51	20260625101638201000000	24	23,172,746,833,920	23,172,814,823,424	14,551,853,332,483	25,154,938,761,216	25,945,969,811,456	22,034,264,555,520	29,685,706,653,696	488,205,246	1,562,887,067	0	0
em-p-ihep51	20260625101648212000000	22	23,172,750,557,184	23,173,746,118,656	14,556,450,991,256	25,154,938,761,216	25,945,969,811,456	22,034,264,555,520	29,685,706,653,696	569,422,138	1,326,202,935	0	0
em-p-ihep51	20260625101658295000000	24	23,172,758,605,824	23,172,818,604,032	14,552,927,085,752	25,154,938,761,216	25,945,969,811,456	22,034,264,555,520	29,685,706,653,696	717,031,764	1,612,645,380	0	0
em-p-ihep51	20260625101708350000000	27	23,172,757,577,728	23,172,821,413,888	14,561,899,890,492	25,154,938,761,216	25,945,969,811,456	22,034,264,555,520	29,685,706,653,696	1,457,893,285	2,281,775,822	0	0
em-p-ihep51	20260625101718326000000	20	23,172,762,218,496	23,172,823,822,336	14,554,123,448,195	25,154,938,761,216	25,945,969,811,456	22,034,264,555,520	29,685,706,653,696	769,895,910	2,036,108,092	0	0
em-p-ihep51	20260625101728329000000	18	23,172,756,602,880	23,172,821,876,736	14,547,253,931,150	25,154,938,761,216	25,945,969,811,456	22,034,264,555,520	29,685,706,653,696	632,016,806	2,369,105,732	0	0
em-p-ihep51	20260625101738432000000	18	23,172,754,120,704	23,172,817,547,264	14,559,573,383,888	25,154,938,761,216	25,945,969,811,456	22,034,264,555,520	29,685,706,653,696	981,599,500	2,538,183,621	0	0
em-p-ihep51	20260625101748527000000	20	23,172,749,369,344	23,172,810,010,624	14,554,981,258,644	25,154,938,761,216	25,945,969,811,456	22,034,264,555,520	29,685,706,653,696	829,465,399	1,378,486,582	0	0
em-p-ihep51	20260625101758629000000	20	23,172,756,660,224	23,173,260,062,720	14,553,966,142,533	25,154,938,761,216	25,945,969,811,456	22,034,264,555,520	29,685,706,653,696	499,868,125	1,259,815,512	0	0
em-p-ihep51	20260625101808630000000	21	23,172,752,883,712	23,172,814,209,024	14,555,942,916,014	25,154,938,761,216	25,945,969,811,456	22,034,264,555,520	29,685,706,653,696	696,935,826	1,203,355,039	0	0
em-p-ihep51	20260625101818635000000	22	23,172,749,361,152	23,173,043,040,256	14,556,122,442,629	25,154,938,761,216	25,945,969,811,456	22,034,264,555,520	29,685,706,653,696	466,996,855	2,915,609,041	0	0
em-p-ihep51	20260625101828643000000	19	23,172,748,034,048	23,173,354,020,864	14,551,635,990,820	25,154,938,761,216	25,945,969,811,456	22,034,264,555,520	29,685,706,653,696	1,336,391,126	1,858,382,377	0	0
em-p-ihep51	20260625101838646000000	13	23,172,749,115,392	23,172,858,015,744	14,547,461,643,493	25,154,938,761,216	25,945,969,811,456	22,034,264,555,520	29,685,706,653,696	541,747,726	1,645,700,481	0	0
em-p-ihep51	20260625101848745000000	16	23,172,745,662,464	23,172,854,972,416	14,548,401,836,914	25,154,938,761,216	25,945,969,811,456	22,034,264,555,520	29,685,706,653,696	686,411,213	2,167,923,330	0	0
em-p-ihep51	20260625101858753000000	20	23,172,920,889,344	23,173,044,711,424	14,558,636,741,959	25,154,938,761,216	25,945,969,811,456	22,034,264,555,520	29,685,706,653,696	622,147,838	1,734,595,390	0	0
em-p-ihep51	20260625101908770000000	19	23,172,925,374,464	23,173,438,910,464	14,551,179,814,598	25,154,938,761,216	25,945,969,811,456	22,034,264,555,520	29,685,706,653,696	1,062,691,073	2,284,666,403	0	0
em-p-ihep51	20260625101918781000000	22	23,172,924,346,368	23,173,032,771,584	14,552,344,288,832	25,154,938,761,216	25,945,969,811,456	22,034,264,555,520	29,685,706,653,696	1,056,327,536	1,812,666,665	0	0
em-p-ihep51	20260625101928784000000	22	23,172,925,726,720	23,173,047,488,512	14,547,123,146,491	25,154,938,761,216	25,945,969,811,456	22,034,264,555,520	29,685,706,653,696	1,099,121,227	1,596,298,010	0	0
em-p-ihep51	20260625101938879000000	20	23,172,923,351,040	23,173,065,641,984	14,553,510,314,373	25,154,938,761,216	25,945,969,811,456	22,034,264,555,520	29,685,706,653,696	771,322,635	1,888,859,245	0	0
em-p-ihep51	20260625101948967000000	17	23,172,924,432,384	23,173,037,555,712	14,549,589,694,497	25,154,938,761,216	25,945,969,811,456	22,034,264,555,520	29,685,706,653,696	1,112,192,550	1,920,256,326	0	0
em-p-ihep51	20260625101958999000000	15	23,172,925,513,728	23,173,039,169,536	14,546,072,544,911	25,154,938,761,216	25,945,969,811,456	22,034,264,555,520	29,685,706,653,696	459,425,222	1,323,557,345	0	0
em-p-ihep51	20260625102009016000000	31	23,172,943,499,264	23,173,057,634,304	14,577,526,503,132	25,154,938,761,216	25,945,969,811,456	22,034,264,555,520	29,685,706,653,696	1,448,187,208	3,357,321,503	0	0
em-p-ihep51	20260625102019045000000	37	23,172,941,012,992	23,173,055,070,208	14,584,733,973,241	25,154,938,761,216	25,945,969,811,456	22,034,264,555,520	29,685,706,653,696	1,057,867,880	2,355,613,957	0	0
em-p-ihep51	20260625102029147000000	26	23,172,940,718,080	23,173,458,243,584	14,565,451,163,258	25,154,938,761,216	25,945,969,811,456	22,034,264,555,520	29,685,706,653,696	1,009,608,974	2,534,697,976	0	0
em-p-ihep51	20260625102039213000000	23	23,176,526,200,832	23,176,755,175,424	14,559,668,028,081	25,154,938,761,216	25,945,969,811,456	22,034,264,555,520	29,685,706,653,696	875,978,884	1,998,163,035	0	0
em-p-ihep51	20260625102049215000000	21	23,172,070,670,336	23,172,645,597,184	14,552,815,231,092	25,154,938,761,216	25,945,969,811,456	22,034,264,555,520	29,685,706,653,696	1,093,557,357	2,298,404,906	0	0
em-p-ihep51	20260625102059234000000	23	23,172,068,511,744	23,172,159,270,912	14,558,922,223,921	25,154,938,761,216	25,945,969,811,456	22,034,264,555,520	29,685,706,653,696	725,975,878	1,068,397,059	0	0
em-p-ihep51	20260625102109260000000	24	23,172,069,593,088	23,172,156,387,328	14,566,005,961,143	25,154,938,761,216	25,945,969,811,456	22,034,264,555,520	29,685,706,653,696	571,695,389	1,484,536,402	0	0
em-p-ihep51	20260625102119275000000	23	23,172,486,684,672	23,172,573,409,280	14,562,679,491,638	25,154,938,761,216	25,945,969,811,456	22,034,264,555,520	29,685,706,653,696	1,017,619,476	1,696,160,586	0	0
em-p-ihep51	20260625102129316000000	24	23,172,485,390,336	23,172,568,219,648	14,586,150,818,020	25,154,938,761,216	25,945,969,811,456	22,034,264,555,520	29,685,706,653,696	348,429,327	1,644,784,180	0	0
em-p-ihep51	20260625102139335000000	33	23,172,491,223,040	23,172,574,236,672	14,582,563,017,761	25,154,938,761,216	25,945,969,811,456	22,034,264,555,520	29,685,706,653,696	830,244,281	1,944,353,871	0	0
em-p-ihep51	20260625102149317000000	30	23,172,497,281,024	23,172,573,982,720	14,581,654,895,949	25,154,938,761,216	25,945,969,811,456	22,034,264,555,520	29,685,706,653,696	887,717,838	1,872,422,913	0	0
em-p-ihep51	20260625102159306000000	26	23,172,483,174,400	23,172,562,075,648	14,575,054,648,919	25,154,938,761,216	25,945,969,811,456	22,034,264,555,520	29,685,706,653,696	1,265,803,759	2,008,255,811	0	0
em-p-ihep51	20260625102209346000000	22	23,172,483,452,928	23,172,563,058,688	14,577,784,661,861	25,154,938,761,216	25,945,969,811,456	22,034,264,555,520	29,685,706,653,696	856,634,264	1,558,359,269	0	0
em-p-ihep51	20260625102219368000000	18	23,172,485,562,368	23,172,563,161,088	14,557,988,602,177	25,154,938,761,216	25,945,969,811,456	22,034,264,555,520	29,685,706,653,696	744,965,278	1,433,273,885	0	0
em-p-ihep51	20260625102229442000000	22	23,172,482,265,088	23,172,999,864,320	14,551,829,811,593	25,154,938,761,216	25,945,969,811,456	22,034,264,555,520	29,685,706,653,696	1,140,921,158	1,883,450,361	0	0
em-p-ihep51	20260625102239532000000	16	23,172,482,428,928	23,172,562,690,048	14,557,059,721,588	25,154,938,761,216	25,945,969,811,456	22,034,264,555,520	29,685,706,653,696	1,317,555,363	1,700,040,973	0	0
em-p-ihep51	20260625102249627000000	19	23,172,483,399,680	23,172,665,507,840	14,551,842,276,362	25,154,938,761,216	25,945,969,811,456	22,034,264,555,520	29,685,706,653,696	656,991,748	1,506,334,758	0	0
em-p-ihep51	20260625102259724000000	17	23,172,481,134,592	23,172,597,538,816	14,552,474,331,959	25,154,938,761,216	25,945,969,811,456	22,034,264,555,520	29,685,706,653,696	814,458,713	1,986,438,620	0	0
em-p-ihep51	20260625102309834000000	18	23,172,481,134,592	23,172,582,752,256	14,561,616,080,355	25,154,938,761,216	25,945,969,811,456	22,034,264,555,520	29,685,706,653,696	779,279,482	1,975,821,736	0	0
em-p-ihep51	20260625102319836000000	20	23,172,482,215,936	23,172,585,250,816	14,556,913,366,822	25,154,938,761,216	25,945,969,811,456	22,034,264,555,520	29,685,706,653,696	889,978,576	1,366,474,317	0	0
em-p-ihep51	20260625102329911000000	19	23,172,486,955,008	23,172,588,048,384	14,551,646,516,241	25,154,938,761,216	25,945,969,811,456	22,034,264,555,520	29,685,706,653,696	815,039,942	1,479,940,184	0	0
em-p-ihep51	20260625102339935000000	19	23,172,487,229,440	23,173,133,541,376	14,557,354,021,446	25,154,938,761,216	25,945,969,811,456	22,034,264,555,520	29,685,706,653,696	1,035,139,762	1,766,993,640	0	0
em-p-ihep51	20260625102349938000000	19	23,172,483,760,128	23,172,581,744,640	14,563,484,726,555	25,154,938,761,216	25,945,969,811,456	22,034,264,555,520	29,685,706,653,696	888,230,111	1,585,381,759	0	0
em-p-ihep51	20260625102359933000000	22	23,172,485,808,128	23,172,584,263,680	14,552,598,819,357	25,154,938,761,216	25,945,969,811,456	22,034,264,555,520	29,685,706,653,696	733,855,187	1,273,724,000	0	0
em-p-ihep51	20260625102409942000000	19	23,172,489,486,336	23,172,601,901,056	14,558,993,952,784	25,154,938,761,216	25,945,969,811,456	22,034,264,555,520	29,685,706,653,696	725,161,865	1,386,349,913	0	0
em-p-ihep51	20260625102419941000000	18	23,172,489,379,840	23,173,084,487,680	14,552,446,409,606	25,154,938,761,216	25,945,969,811,456	22,034,264,555,520	29,685,706,653,696	467,972,937	1,609,842,353	0	0
em-p-ihep51	20260625102430046000000	17	23,172,490,928,128	23,172,811,853,824	14,551,619,987,072	25,154,938,761,216	25,945,969,811,456	22,034,264,555,520	29,685,706,653,696	967,358,837	2,131,408,700	0	0
em-p-ihep51	20260625102440069000000	16	23,172,488,028,160	23,172,667,789,312	14,552,428,719,487	25,154,938,761,216	25,945,969,811,456	22,034,264,555,520	29,685,706,653,696	676,240,974	2,593,641,915	0	0
em-p-ihep51	20260625102450071000000	20	23,172,489,269,248	23,172,684,271,616	14,562,577,167,676	25,154,938,761,216	25,945,969,811,456	22,034,264,555,520	29,685,706,653,696	490,119,263	1,066,563,175	0	0
em-p-ihep51	20260625102500091000000	22	23,172,491,595,776	23,172,674,945,024	14,559,178,123,163	25,154,938,761,216	25,945,969,811,456	22,034,264,555,520	29,685,706,653,696	639,480,564	1,642,590,782	0	0
em-p-ihep51	20260625102510105000000	26	23,172,496,347,136	23,172,679,053,312	14,572,012,841,996	25,154,938,761,216	25,945,969,811,456	22,034,264,555,520	29,685,706,653,696	634,320,968	1,630,080,149	0	0
em-p-ihep51	20260625102520117000000	26	23,172,505,972,736	23,173,126,320,128	14,565,552,786,621	25,154,938,761,216	25,945,969,811,456	22,034,264,555,520	29,685,706,653,696	427,558,801	1,578,123,662	0	0
em-p-ihep51	20260625102530125000000	22	23,172,508,291,072	23,172,677,992,448	14,563,487,555,525	25,154,938,761,216	25,945,969,811,456	22,034,264,555,520	29,685,706,653,696	897,224,166	1,591,005,312	0	0
em-p-ihep51	20260625102540133000000	20	23,172,506,996,736	23,172,680,093,696	14,556,738,881,952	25,154,938,761,216	25,945,969,811,456	22,034,264,555,520	29,685,706,653,696	553,688,987	1,691,508,398	0	0
em-p-ihep51	20260625102550134000000	17	23,172,504,784,896	23,172,675,657,728	14,555,121,934,681	25,154,938,761,216	25,945,969,811,456	22,034,264,555,520	29,685,706,653,696	562,145,988	2,111,715,771	0	0
em-p-ihep51	20260625102600119000000	23	23,172,509,270,016	23,172,693,409,792	14,555,039,331,911	25,154,938,761,216	25,945,969,811,456	22,034,264,555,520	29,685,706,653,696	481,110,395	1,612,767,463	0	0
em-p-ihep51	20260625102610140000000	29	23,172,516,511,744	23,172,679,237,632	14,570,399,806,977	25,154,938,761,216	25,945,969,811,456	22,034,264,555,520	29,685,706,653,696	657,093,826	1,434,467,031	0	0
em-p-ihep51	20260625102620153000000	24	23,172,504,358,912	23,172,669,403,136	14,558,355,150,679	25,154,938,761,216	25,945,969,811,456	22,034,264,555,520	29,685,706,653,696	318,793,555	1,201,846,367	0	0
em-p-ihep51	20260625102630172000000	23	23,172,506,628,096	23,173,152,964,608	14,559,136,019,544	25,154,938,761,216	25,945,969,811,456	22,034,264,555,520	29,685,706,653,696	438,222,025	1,132,985,280	0	0
em-p-ihep51	20260625102640177000000	25	23,172,503,879,680	23,172,665,774,080	14,553,236,876,034	25,154,938,761,216	25,945,969,811,456	22,034,264,555,520	29,685,706,653,696	279,261,766	685,564,877	0	0
em-p-ihep51	20260625102650210000000	27	23,172,506,472,448	23,172,669,444,096	14,564,265,989,172	25,154,938,761,216	25,945,969,811,456	22,034,264,555,520	29,685,706,653,696	472,426,316	1,085,173,471	0	0
em-p-ihep51	20260625102700219000000	27	23,172,509,986,816	23,172,680,794,112	14,556,016,738,547	25,154,938,761,216	25,945,969,811,456	22,034,264,555,520	29,685,706,653,696	702,167,794	1,503,162,328	0	0
em-p-ihep51	20260625102710204000000	22	23,172,507,926,528	23,172,676,485,120	14,562,580,459,017	25,154,938,761,216	25,945,969,811,456	22,034,264,555,520	29,685,706,653,696	838,046,396	2,577,902,382	0	0
em-p-ihep51	20260625102720206000000	18	23,172,503,384,064	23,172,606,672,896	14,553,534,263,651	25,154,938,761,216	25,945,969,811,456	22,034,264,555,520	29,685,706,653,696	729,145,086	1,542,583,853	0	0
em-p-ihep51	20260625102730224000000	17	23,172,507,111,424	23,172,622,114,816	14,557,671,097,761	25,154,938,761,216	25,945,969,811,456	22,034,264,555,520	29,685,706,653,696	930,436,067	2,100,697,599	0	0
em-p-ihep51	20260625102740229000000	21	23,172,505,710,592	23,173,100,027,904	14,556,452,636,989	25,154,938,761,216	25,945,969,811,456	22,034,264,555,520	29,685,706,653,696	525,230,121	1,156,651,946	0	0
em-p-ihep51	20260625102750241000000	21	23,172,502,257,664	23,172,618,993,664	14,555,408,702,580	25,154,938,761,216	25,945,969,811,456	22,034,264,555,520	29,685,706,653,696	508,564,914	1,212,156,331	0	0
em-p-ihep51	20260625102800247000000	22	23,172,504,580,096	23,172,621,365,248	14,561,599,666,108	25,154,938,761,216	25,945,969,811,456	22,034,264,555,520	29,685,706,653,696	630,555,252	1,085,161,030	0	0
em-p-ihep51	20260625102810249000000	23	23,172,500,213,760	23,172,621,778,944	14,558,012,203,373	25,154,938,761,216	25,945,969,811,456	22,034,264,555,520	29,685,706,653,696	449,168,655	954,368,286	0	0
em-p-ihep51	20260625102820340000000	18	23,172,511,424,512	23,172,780,089,344	14,553,921,314,136	25,154,938,761,216	25,945,969,811,456	22,034,264,555,520	29,685,706,653,696	474,951,896	1,309,601,937	0	0
em-p-ihep51	20260625102830448000000	21	23,172,516,913,152	23,172,633,812,992	14,556,658,966,270	25,154,938,761,216	25,945,969,811,456	22,034,264,555,520	29,685,706,653,696	538,921,847	2,218,918,478	0	0
em-p-ihep51	20260625102840485000000	22	23,172,512,378,880	23,172,634,378,240	14,554,007,394,366	25,154,938,761,216	25,945,969,811,456	22,034,264,555,520	29,685,706,653,696	703,415,676	1,675,711,250	0	0
em-p-ihep51	20260625102850524000000	22	23,172,517,298,176	23,172,637,741,056	14,560,513,886,539	25,154,938,761,216	25,945,969,811,456	22,034,264,555,520	29,685,706,653,696	517,470,591	1,491,212,421	0	0
em-p-ihep51	20260625102900498000000	21	23,172,516,380,672	23,172,667,863,040	14,554,743,119,854	25,154,938,761,216	25,945,969,811,456	22,034,264,555,520	29,685,706,653,696	794,547,974	1,648,660,662	0	0
em-p-ihep51	20260625102910514000000	24	23,172,515,282,944	23,172,759,916,544	14,565,927,278,772	25,154,938,761,216	25,945,969,811,456	22,034,264,555,520	29,685,706,653,696	664,276,703	3,494,731,641	0	0
em-p-ihep51	20260625102920507000000	21	23,172,510,445,568	23,172,646,572,032	14,554,722,022,919	25,154,938,761,216	25,945,969,811,456	22,034,264,555,520	29,685,706,653,696	974,115,863	2,095,142,550	0	0
em-p-ihep51	20260625102930526000000	17	23,172,503,724,032	23,172,631,650,304	14,553,745,346,952	25,154,938,761,216	25,945,969,811,456	22,034,264,555,520	29,685,706,653,696	385,892,641	1,225,787,529	0	0
em-p-ihep51	20260625102940626000000	19	23,172,511,723,520	23,172,637,368,320	14,555,180,827,774	25,154,938,761,216	25,945,969,811,456	22,034,264,555,520	29,685,706,653,696	694,908,365	2,147,678,653	0	0
em-p-ihep51	20260625102950722000000	20	23,172,509,446,144	23,172,614,352,896	14,564,851,619,289	25,154,938,761,216	25,945,969,811,456	22,034,264,555,520	29,685,706,653,696	1,060,219,497	1,387,791,312	0	0
em-p-ihep51	20260625103000764000000	25	23,172,518,735,872	23,172,621,582,336	14,557,190,007,285	25,154,938,761,216	25,945,969,811,456	22,034,264,555,520	29,685,706,653,696	640,983,261	2,222,234,345	0	0
em-p-ihep51	20260625103010759000000	46	23,172,511,215,616	23,172,617,412,608	14,584,940,797,993	25,154,938,761,216	25,945,969,811,456	22,034,264,555,520	29,685,706,653,696	1,343,272,680	3,293,941,989	0	0
em-p-ihep51	20260625103020784000000	37	23,172,265,197,568	23,172,370,108,416	14,580,468,489,005	25,154,938,761,216	25,945,969,811,456	22,034,264,555,520	29,685,706,653,696	843,277,379	2,138,733,494	0	0
em-p-ihep51	20260625103030788000000	32	23,172,266,496,000	23,172,375,252,992	14,563,041,052,921	25,154,938,761,216	25,945,969,811,456	22,034,264,555,520	29,685,706,653,696	1,345,845,509	1,775,799,219	0	0
em-p-ihep51	20260625103040880000000	21	23,172,260,478,976	23,172,364,447,744	14,559,882,569,020	25,154,938,761,216	25,945,969,811,456	22,034,264,555,520	29,685,706,653,696	829,790,371	2,471,968,995	0	0
em-p-ihep51	20260625103050909000000	22	23,172,261,691,392	23,172,364,943,360	14,561,663,633,950	25,154,938,761,216	25,945,969,811,456	22,034,264,555,520	29,685,706,653,696	794,882,855	2,412,767,530	0	0
em-p-ihep51	20260625103100996000000	25	23,172,264,017,920	23,172,380,327,936	14,558,544,895,004	25,154,938,761,216	25,945,969,811,456	22,034,264,555,520	29,685,706,653,696	788,798,658	1,745,213,570	0	0
em-p-ihep51	20260625103111010000000	23	23,172,257,185,792	23,172,362,407,936	14,566,914,241,633	25,154,938,761,216	25,945,969,811,456	22,034,264,555,520	29,685,706,653,696	1,040,603,608	1,705,456,113	0	0
em-p-ihep51	20260625103121079000000	24	23,172,255,891,456	23,172,361,555,968	14,558,942,290,322	25,154,938,761,216	25,945,969,811,456	22,034,264,555,520	29,685,706,653,696	558,080,369	1,322,313,863	0	0
em-p-ihep51	20260625103131169000000	22	23,172,260,646,912	23,172,371,226,624	14,559,062,927,425	25,154,938,761,216	25,945,969,811,456	22,034,264,555,520	29,685,706,653,696	977,223,287	2,121,273,960	0	0
em-p-ihep51	20260625103141274000000	25	23,172,264,525,824	23,172,371,259,392	14,564,201,506,992	25,154,938,761,216	25,945,969,811,456	22,034,264,555,520	29,685,706,653,696	989,413,022	1,927,684,647	0	0
em-p-ihep51	20260625103151273000000	23	23,172,263,231,488	23,172,370,161,664	14,565,371,073,545	25,154,938,761,216	25,945,969,811,456	22,034,264,555,520	29,685,706,653,696	393,833,058	1,114,520,639	0	0
em-p-ihep51	20260625103201272000000	23	23,174,039,543,808	23,174,142,853,120	14,567,340,189,280	25,154,938,761,216	25,945,969,811,456	22,034,264,555,520	29,685,706,653,696	1,478,369,374	2,214,074,055	0	0
em-p-ihep51	20260625103211377000000	22	23,174,037,221,376	23,174,144,815,104	14,566,357,239,479	25,154,938,761,216	25,945,969,811,456	22,034,264,555,520	29,685,706,653,696	725,900,079	1,173,375,364	0	0
em-p-ihep51	20260625103221365000000	21	23,174,026,874,880	23,174,126,387,200	14,574,831,231,757	25,154,938,761,216	25,945,969,811,456	22,034,264,555,520	29,685,706,653,696	355,815,305	1,107,270,067	0	0
em-p-ihep51	20260625103231462000000	19	23,174,024,392,704	23,174,107,697,152	14,556,454,924,234	25,154,938,761,216	25,945,969,811,456	22,034,264,555,520	29,685,706,653,696	603,928,680	1,249,360,923	0	0
em-p-ihep51	20260625103241561000000	21	23,174,026,866,688	23,174,125,678,592	14,558,687,175,627	25,154,938,761,216	25,945,969,811,456	22,034,264,555,520	29,685,706,653,696	485,496,535	1,147,410,178	8,192	0
em-p-ihep51	20260625103251654000000	19	23,174,025,572,352	23,174,107,086,848	14,563,144,708,913	25,154,938,761,216	25,945,969,811,456	22,034,264,555,520	29,685,706,653,696	528,730,379	1,618,602,991	0	0
em-p-ihep51	20260625103301753000000	21	23,174,032,756,736	23,174,087,757,824	14,558,614,611,244	25,154,938,761,216	25,945,969,811,456	22,034,264,555,520	29,685,706,653,696	271,123,454	1,602,237,885	0	0
em-p-ihep51	20260625103311842000000	20	23,174,031,781,888	23,174,083,878,912	14,561,414,403,035	25,154,938,761,216	25,945,969,811,456	22,034,264,555,520	29,685,706,653,696	579,353,544	1,120,582,914	0	0
em-p-ihep51	20260625103321946000000	21	23,174,032,920,576	23,174,076,014,592	14,559,547,619,371	25,154,938,761,216	25,945,969,811,456	22,034,264,555,520	29,685,706,653,696	305,120,773	800,922,416	0	0
em-p-ihep51	20260625103332050000000	16	23,174,281,818,112	23,174,327,209,984	14,565,140,163,118	25,154,938,761,216	25,945,969,811,456	22,034,264,555,520	29,685,706,653,696	470,633,255	1,180,132,803	0	0
em-p-ihep51	20260625103342035000000	18	23,174,284,570,624	23,174,329,774,080	14,559,193,915,513	25,154,938,761,216	25,945,969,811,456	22,034,264,555,520	29,685,706,653,696	374,154,511	951,479,206	0	0
em-p-ihep51	20260625103352129000000	16	23,174,295,035,904	23,174,823,133,184	14,562,982,236,837	25,154,938,761,216	25,945,969,811,456	22,034,264,555,520	29,685,706,653,696	499,506,368	2,259,644,658	0	0
em-p-ihep51	20260625103402222000000	22	23,174,292,627,456	23,174,360,981,504	14,566,360,809,368	25,154,938,761,216	25,945,969,811,456	22,034,264,555,520	29,685,706,653,696	751,018,406	2,767,809,287	0	0
em-p-ihep51	20260625103412307000000	23	23,174,292,897,792	23,174,336,405,504	14,565,907,425,263	25,154,938,761,216	25,945,969,811,456	22,034,264,555,520	29,685,706,653,696	736,766,673	1,672,823,560	0	0
em-p-ihep51	20260625103422345000000	20	23,174,292,791,296	23,174,339,715,072	14,563,961,879,132	25,154,938,761,216	25,945,969,811,456	22,034,264,555,520	29,685,706,653,696	754,525,209	1,996,575,342	0	0
em-p-ihep51	20260625103432397000000	21	23,174,363,729,920	23,174,407,630,848	14,558,215,101,808	25,154,938,761,216	25,945,969,811,456	22,034,264,555,520	29,685,706,653,696	778,895,603	1,554,603,473	0	0
em-p-ihep51	20260625103442412000000	17	23,174,363,942,912	23,174,480,613,376	14,555,563,082,785	25,154,938,761,216	25,945,969,811,456	22,034,264,555,520	29,685,706,653,696	241,122,836	947,709,360	0	0
em-p-ihep51	20260625103452503000000	17	23,174,364,917,760	23,174,483,255,296	14,561,962,723,959	25,154,938,761,216	25,945,969,811,456	22,034,264,555,520	29,685,706,653,696	567,902,558	1,205,803,535	0	0
em-p-ihep51	20260625103502600000000	18	23,174,374,543,360	23,174,517,051,392	14,567,509,891,221	25,154,938,761,216	25,945,969,811,456	22,034,264,555,520	29,685,706,653,696	301,112,784	1,176,899,535	0	0
em-p-ihep51	20260625103512633000000	29	23,174,373,593,088	23,174,559,760,384	14,580,923,332,349	25,154,938,761,216	25,945,969,811,456	22,034,264,555,520	29,685,706,653,696	378,870,799	1,269,409,149	0	0
em-p-ihep51	20260625103522625000000	26	23,174,378,135,552	23,174,497,378,304	14,566,751,771,567	25,154,938,761,216	25,945,969,811,456	22,034,264,555,520	29,685,706,653,696	814,395,356	1,455,461,283	0	0
em-p-ihep51	20260625103532626000000	24	23,174,378,250,240	23,174,507,274,240	14,568,708,606,960	25,154,938,761,216	25,945,969,811,456	22,034,264,555,520	29,685,706,653,696	439,889,909	1,305,633,549	0	0
em-p-ihep51	20260625103542730000000	27	23,174,372,098,048	23,174,487,846,912	14,563,279,284,762	25,154,938,761,216	25,945,969,811,456	22,034,264,555,520	29,685,706,653,696	454,731,778	1,744,861,856	0	0
em-p-ihep51	20260625103552758000000	21	23,174,372,208,640	23,174,488,735,744	14,566,024,123,963	25,154,938,761,216	25,945,969,811,456	22,034,264,555,520	29,685,706,653,696	400,618,913	1,309,551,542	0	0
em-p-ihep51	20260625103602882000000	26	23,174,373,339,136	23,174,516,649,984	14,566,584,289,118	25,154,938,761,216	25,945,969,811,456	22,034,264,555,520	29,685,706,653,696	747,944,477	1,918,155,212	0	0
em-p-ihep51	20260625103612829000000	34	23,174,358,134,784	23,174,481,948,672	14,572,180,139,116	25,154,938,761,216	25,945,969,811,456	22,034,264,555,520	29,685,706,653,696	1,096,104,634	2,045,437,979	0	0
em-p-ihep51	20260625103622876000000	33	23,174,354,845,696	23,174,472,237,056	14,564,595,034,206	25,154,938,761,216	25,945,969,811,456	22,034,264,555,520	29,685,706,653,696	1,142,082,238	1,791,392,611	4,096	0
em-p-ihep51	20260625103632861000000	30	23,174,354,628,608	23,174,476,865,536	14,565,458,752,767	25,154,938,761,216	25,945,969,811,456	22,034,264,555,520	29,685,706,653,696	1,231,384,945	1,851,534,792	8,192	0
em-p-ihep51	20260625103642873000000	27	23,174,365,872,128	23,174,483,935,232	14,573,115,292,535	25,154,938,761,216	25,945,969,811,456	22,034,264,555,520	29,685,706,653,696	1,378,053,525	1,792,605,257	0	0
em-p-ihep51	20260625103652870000000	28	23,174,366,846,976	23,174,485,528,576	14,567,311,963,043	25,154,938,761,216	25,945,969,811,456	22,034,264,555,520	29,685,706,653,696	661,928,653	1,620,647,821	0	0
em-p-ihep51	20260625103702907000000	31	23,174,371,971,072	23,174,491,463,680	14,566,187,549,675	25,154,938,761,216	25,945,969,811,456	22,034,264,555,520	29,685,706,653,696	688,829,784	1,660,447,752	0	0
em-p-ihep51	20260625103712895000000	34	23,174,375,514,112	23,174,620,352,512	14,576,502,125,594	25,154,938,761,216	25,945,969,811,456	22,034,264,555,520	29,685,706,653,696	838,471,994	2,888,590,999	0	0
em-p-ihep51	20260625103722880000000	23	23,174,377,373,696	23,174,522,036,224	14,568,235,187,176	25,154,938,761,216	25,945,969,811,456	22,034,264,555,520	29,685,706,653,696	771,146,966	2,201,726,411	0	0
em-p-ihep51	20260625103732905000000	16	23,174,376,079,360	23,174,521,024,512	14,571,014,899,851	25,154,938,761,216	25,945,969,811,456	22,034,264,555,520	29,685,706,653,696	749,338,260	1,331,849,611	0	0
em-p-ihep51	20260625103743005000000	18	23,174,375,387,136	23,175,060,766,720	14,572,866,042,182	25,154,938,761,216	25,945,969,811,456	22,034,264,555,520	29,685,706,653,696	812,789,050	1,391,465,646	0	0
em-p-ihep51	20260625103753110000000	21	23,174,375,170,048	23,174,520,610,816	14,568,445,654,225	25,154,938,761,216	25,945,969,811,456	22,034,264,555,520	29,685,706,653,696	869,816,361	1,993,985,959	0	0
em-p-ihep51	20260625103803144000000	24	23,174,375,174,144	23,174,521,131,008	14,570,705,170,327	25,154,938,761,216	25,945,969,811,456	22,034,264,555,520	29,685,706,653,696	1,075,409,569	2,109,071,190	0	0
em-p-ihep51	20260625103813127000000	26	23,174,372,315,136	23,175,013,097,472	14,565,204,106,007	25,154,938,761,216	25,945,969,811,456	22,034,264,555,520	29,685,706,653,696	632,600,623	1,460,275,920	0	0
em-p-ihep51	20260625103823219000000	30	23,174,366,134,272	23,174,537,023,488	14,565,803,511,732	25,154,938,761,216	25,945,969,811,456	22,034,264,555,520	29,685,706,653,696	578,400,669	1,170,845,826	0	0
em-p-ihep51	20260625103833317000000	19	23,174,366,298,112	23,174,435,561,472	14,563,022,314,434	25,154,938,761,216	25,945,969,811,456	22,034,264,555,520	29,685,706,653,696	174,113,609	1,286,600,434	0	0
em-p-ihep51	20260625103843341000000	27	23,174,413,922,304	23,174,486,626,304	14,570,151,479,201	25,154,938,761,216	25,945,969,811,456	22,034,264,555,520	29,685,706,653,696	393,426,310	1,721,307,938	0	0
em-p-ihep51	20260625103853403000000	22	23,174,401,171,456	23,174,473,469,952	14,562,291,314,354	25,154,938,761,216	25,945,969,811,456	22,034,264,555,520	29,685,706,653,696	1,089,190,643	1,657,382,218	0	0
em-p-ihep51	20260625103903446000000	19	23,174,387,474,432	23,174,456,430,592	14,563,402,100,623	25,154,938,761,216	25,945,969,811,456	22,034,264,555,520	29,685,706,653,696	928,784,501	1,989,087,875	0	0
em-p-ihep51	20260625103913451000000	23	23,174,392,115,200	23,174,461,411,328	14,559,836,722,597	25,154,938,761,216	25,945,969,811,456	22,034,264,555,520	29,685,706,653,696	478,453,424	1,437,321,687	0	0
em-p-ihep51	20260625103923451000000	24	23,174,390,820,864	23,174,733,275,136	14,564,985,504,775	25,154,938,761,216	25,945,969,811,456	22,034,264,555,520	29,685,706,653,696	932,565,455	1,516,776,118	0	0
em-p-ihep51	20260625103933547000000	23	23,174,388,555,776	23,174,463,700,992	14,562,158,232,396	25,154,938,761,216	25,945,969,811,456	22,034,264,555,520	29,685,706,653,696	685,266,033	1,148,753,152	0	0
em-p-ihep51	20260625103943644000000	18	23,174,388,609,024	23,174,464,880,640	14,558,810,768,516	25,154,938,761,216	25,945,969,811,456	22,034,264,555,520	29,685,706,653,696	394,941,082	1,345,636,616	0	0
em-p-ihep51	20260625103953743000000	19	23,174,390,988,800	23,174,954,262,528	14,560,221,273,216	25,154,938,761,216	25,945,969,811,456	22,034,264,555,520	29,685,706,653,696	396,163,441	1,035,938,495	0	0
em-p-ihep51	20260625104003781000000	27	23,174,406,561,792	23,174,487,355,392	14,575,247,935,666	25,154,938,761,216	25,945,969,811,456	22,034,264,555,520	29,685,706,653,696	566,600,271	2,110,180,700	0	0
em-p-ihep51	20260625104013817000000	39	23,174,404,108,288	23,174,634,573,824	14,622,240,315,902	25,154,938,761,216	25,945,969,811,456	22,034,264,555,520	29,685,706,653,696	662,506,770	3,106,867,709	0	0
em-p-ihep51	20260625104023814000000	31	23,174,385,102,848	23,174,478,876,672	14,571,452,705,067	25,154,938,761,216	25,945,969,811,456	22,034,264,555,520	29,685,706,653,696	520,992,330	1,274,767,663	0	0
em-p-ihep51	20260625104033824000000	34	23,174,233,239,552	23,174,478,143,488	14,588,244,078,303	25,154,938,761,216	25,945,969,811,456	22,034,264,555,520	29,685,706,653,696	208,961,915	712,851,966	0	0
em-p-ihep51	20260625104043905000000	30	23,174,537,601,024	23,174,620,598,272	14,563,855,430,650	25,154,938,761,216	25,945,969,811,456	22,034,264,555,520	29,685,706,653,696	557,565,507	1,134,815,628	0	0
em-p-ihep51	20260625104053979000000	25	23,174,554,898,432	23,174,637,658,112	14,573,231,120,333	25,154,938,761,216	25,945,969,811,456	22,034,264,555,520	29,685,706,653,696	560,819,761	1,031,113,427	0	0
em-p-ihep51	20260625104103963000000	34	23,174,552,522,752	23,174,638,333,952	14,570,195,638,467	25,154,938,761,216	25,945,969,811,456	22,034,264,555,520	29,685,706,653,696	456,112,920	1,248,938,155	0	0
em-p-ihep51	20260625104113956000000	28	23,174,552,797,184	23,174,635,720,704	14,578,337,944,273	25,154,938,761,216	25,945,969,811,456	22,034,264,555,520	29,685,706,653,696	834,484,180	951,852,697	0	0
em-p-ihep51	20260625104123939000000	25	23,174,547,886,080	23,174,701,850,624	14,565,273,012,740	25,154,938,761,216	25,945,969,811,456	22,034,264,555,520	29,685,706,653,696	594,052,830	1,879,122,391	0	0
em-p-ihep51	20260625104133948000000	17	23,174,547,779,584	23,174,643,400,704	14,561,863,202,576	25,154,938,761,216	25,945,969,811,456	22,034,264,555,520	29,685,706,653,696	435,817,928	1,283,427,051	0	0
em-p-ihep51	20260625104143964000000	18	23,174,550,863,872	23,174,633,787,392	14,565,260,363,390	25,154,938,761,216	25,945,969,811,456	22,034,264,555,520	29,685,706,653,696	376,827,775	1,109,909,062	0	0
em-p-ihep51	20260625104154063000000	20	23,174,550,646,784	23,174,633,811,968	14,566,021,931,550	25,154,938,761,216	25,945,969,811,456	22,034,264,555,520	29,685,706,653,696	419,859,609	838,696,989	0	0
em-p-ihep51	20260625104204179000000	23	23,174,548,795,392	23,174,665,359,360	14,559,829,755,326	25,154,938,761,216	25,945,969,811,456	22,034,264,555,520	29,685,706,653,696	298,079,882	838,785,096	0	0
em-p-ihep51	20260625104214194000000	20	23,174,548,598,784	23,174,657,474,560	14,564,684,889,074	25,154,938,761,216	25,945,969,811,456	22,034,264,555,520	29,685,706,653,696	402,826,748	976,500,890	0	0
em-p-ihep51	20260625104224202000000	22	23,174,560,432,128	23,174,818,611,200	14,563,851,500,096	25,154,938,761,216	25,945,969,811,456	22,034,264,555,520	29,685,706,653,696	399,593,194	1,436,597,701	0	0
em-p-ihep51	20260625104234202000000	15	23,174,562,480,128	23,174,977,044,480	14,571,191,046,423	25,154,938,761,216	25,945,969,811,456	22,034,264,555,520	29,685,706,653,696	352,456,753	1,738,446,064	0	0
em-p-ihep51	20260625104244214000000	23	23,174,561,263,616	23,175,041,847,296	14,565,490,119,561	25,154,938,761,216	25,945,969,811,456	22,034,264,555,520	29,685,706,653,696	731,487,285	2,439,221,227	0	0
em-p-ihep51	20260625104254318000000	18	23,174,562,504,704	23,174,671,831,040	14,562,149,228,265	25,154,938,761,216	25,945,969,811,456	22,034,264,555,520	29,685,706,653,696	674,377,332	1,662,179,702	0	0
em-p-ihep51	20260625104304325000000	18	23,174,563,749,888	23,174,669,312,000	14,561,207,393,349	25,154,938,761,216	25,945,969,811,456	22,034,264,555,520	29,685,706,653,696	786,062,714	2,239,927,281	0	0
em-p-ihep51	20260625104314425000000	15	23,174,563,762,176	23,174,848,462,848	14,560,787,842,757	25,154,938,761,216	25,945,969,811,456	22,034,264,555,520	29,685,706,653,696	416,317,981	1,471,681,011	0	0
em-p-ihep51	20260625104324428000000	17	23,174,562,672,640	23,174,660,337,664	14,564,257,395,142	25,154,938,761,216	25,945,969,811,456	22,034,264,555,520	29,685,706,653,696	761,688,627	1,831,987,534	0	0
em-p-ihep51	20260625104334431000000	17	23,174,563,753,984	23,174,659,629,056	14,564,710,079,888	25,154,938,761,216	25,945,969,811,456	22,034,264,555,520	29,685,706,653,696	458,195,039	942,253,538	0	0
em-p-ihep51	20260625104344474000000	19	23,174,567,211,008	23,174,669,451,264	14,560,092,422,942	25,154,938,761,216	25,945,969,811,456	22,034,264,555,520	29,685,706,653,696	541,449,894	1,699,294,610	0	0
em-p-ihep51	20260625104354459000000	18	23,174,566,187,008	23,175,101,595,648	14,560,042,906,341	25,154,938,761,216	25,945,969,811,456	22,034,264,555,520	29,685,706,653,696	732,591,022	1,751,768,611	0	0
em-p-ihep51	20260625104404455000000	19	23,174,567,374,848	23,174,661,201,920	14,560,920,290,286	25,154,938,761,216	25,945,969,811,456	22,034,264,555,520	29,685,706,653,696	1,063,089,879	2,442,939,290	0	0
em-p-ihep51	20260625104414551000000	16	23,174,565,167,104	23,174,659,715,072	14,561,346,756,281	25,154,938,761,216	25,945,969,811,456	22,034,264,555,520	29,685,706,653,696	667,813,875	1,666,027,232	0	0
em-p-ihep51	20260625104424661000000	14	23,174,565,056,512	23,174,649,905,152	14,559,275,601,327	25,154,938,761,216	25,945,969,811,456	22,034,264,555,520	29,685,706,653,696	530,244,726	1,334,790,431	0	0
em-p-ihep51	20260625104434661000000	17	23,174,567,489,536	23,174,646,194,176	14,566,091,264,544	25,154,938,761,216	25,945,969,811,456	22,034,264,555,520	29,685,706,653,696	544,627,358	1,418,101,900	0	0
em-p-ihep51	20260625104444657000000	23	23,174,567,436,288	23,174,706,360,320	14,560,818,474,329	25,154,938,761,216	25,945,969,811,456	22,034,264,555,520	29,685,706,653,696	1,153,544,506	1,459,868,299	0	0
em-p-ihep51	20260625104454748000000	20	23,174,565,060,608	23,174,700,179,456	14,564,009,444,915	25,154,938,761,216	25,945,969,811,456	22,034,264,555,520	29,685,706,653,696	957,525,317	1,136,255,080	0	0
em-p-ihep51	20260625104504794000000	23	23,174,576,680,960	23,174,713,696,256	14,567,050,369,985	25,154,938,761,216	25,945,969,811,456	22,034,264,555,520	29,685,706,653,696	759,311,462	1,157,663,361	0	0
em-p-ihep51	20260625104514799000000	25	23,174,573,539,328	23,174,711,312,384	14,573,013,879,863	25,154,938,761,216	25,945,969,811,456	22,034,264,555,520	29,685,706,653,696	732,816,328	1,538,571,197	0	0
em-p-ihep51	20260625104524797000000	25	23,174,575,591,424	23,174,658,756,608	14,573,655,323,750	25,154,938,761,216	25,945,969,811,456	22,034,264,555,520	29,685,706,653,696	924,011,189	1,307,444,556	0	0
em-p-ihep51	20260625104534900000000	22	23,174,572,244,992	23,174,670,331,904	14,572,654,009,294	25,154,938,761,216	25,945,969,811,456	22,034,264,555,520	29,685,706,653,696	982,408,759	1,003,613,231	0	0
em-p-ihep51	20260625104544899000000	23	23,174,569,988,096	23,174,650,597,376	14,562,232,407,936	25,154,938,761,216	25,945,969,811,456	22,034,264,555,520	29,685,706,653,696	816,665,572	1,855,438,705	0	0
em-p-ihep51	20260625104554903000000	19	23,174,574,747,648	23,174,678,384,640	14,566,845,123,436	25,154,938,761,216	25,945,969,811,456	22,034,264,555,520	29,685,706,653,696	400,963,272	1,344,430,486	0	0
em-p-ihep51	20260625104604928000000	28	23,174,579,175,424	23,174,674,481,152	14,572,926,024,655	25,154,938,761,216	25,945,969,811,456	22,034,264,555,520	29,685,706,653,696	578,999,924	1,430,842,335	0	0
em-p-ihep51	20260625104614933000000	30	23,174,577,180,672	23,174,655,238,144	14,572,664,234,406	25,154,938,761,216	25,945,969,811,456	22,034,264,555,520	29,685,706,653,696	819,738,861	1,363,427,475	0	0
em-p-ihep51	20260625104625027000000	21	23,174,573,629,440	23,174,652,256,256	14,567,088,646,241	25,154,938,761,216	25,945,969,811,456	22,034,264,555,520	29,685,706,653,696	552,334,573	991,604,356	0	0
em-p-ihep51	20260625104635142000000	19	23,174,576,832,512	23,174,655,180,800	14,574,018,022,398	25,154,938,761,216	25,945,969,811,456	22,034,264,555,520	29,685,706,653,696	336,611,157	926,096,592	0	0
em-p-ihep51	20260625104645215000000	25	23,174,585,532,416	23,175,023,726,592	14,569,915,668,962	25,154,938,761,216	25,945,969,811,456	22,034,264,555,520	29,685,706,653,696	422,604,180	1,299,539,090	0	0
em-p-ihep51	20260625104655217000000	25	23,174,573,817,856	23,174,671,368,192	14,569,871,413,805	25,154,938,761,216	25,945,969,811,456	22,034,264,555,520	29,685,706,653,696	628,664,154	1,435,907,130	0	0
em-p-ihep51	20260625104705313000000	25	23,174,580,879,360	23,174,778,875,904	14,567,578,648,736	25,154,938,761,216	25,945,969,811,456	22,034,264,555,520	29,685,706,653,696	539,145,231	2,772,772,201	0	0
em-p-ihep51	20260625104715445000000	19	23,174,576,910,336	23,175,070,920,704	14,571,060,468,228	25,154,938,761,216	25,945,969,811,456	22,034,264,555,520	29,685,706,653,696	576,695,106	2,656,466,978	0	0
em-p-ihep51	20260625104725509000000	16	23,174,633,406,464	23,174,729,043,968	14,573,116,490,018	25,154,938,761,216	25,945,969,811,456	22,034,264,555,520	29,685,706,653,696	500,257,046	1,764,234,284	8,192	0
em-p-ihep51	20260625104735601000000	16	23,174,632,112,128	23,174,733,955,072	14,569,561,088,138	25,154,938,761,216	25,945,969,811,456	22,034,264,555,520	29,685,706,653,696	548,682,582	1,041,514,198	0	0
em-p-ihep51	20260625104745710000000	15	23,174,632,275,968	23,174,718,980,096	14,561,386,319,522	25,154,938,761,216	25,945,969,811,456	22,034,264,555,520	29,685,706,653,696	215,668,572	674,214,337	0	0
em-p-ihep51	20260625104755697000000	17	23,174,623,924,224	23,174,735,433,728	14,560,870,362,343	25,154,938,761,216	25,945,969,811,456	22,034,264,555,520	29,685,706,653,696	817,482,990	1,248,353,607	4,096	0
em-p-ihep51	20260625104805797000000	15	23,174,628,573,184	23,174,718,533,632	14,562,823,502,817	25,154,938,761,216	25,945,969,811,456	22,034,264,555,520	29,685,706,653,696	431,426,294	1,104,061,772	0	0
em-p-ihep51	20260625104815775000000	18	23,174,629,437,440	23,174,718,410,752	14,560,917,707,515	25,154,938,761,216	25,945,969,811,456	22,034,264,555,520	29,685,706,653,696	622,969,209	988,658,266	0	0
em-p-ihep51	20260625104825772000000	14	23,174,629,330,944	23,174,743,830,528	14,561,758,649,301	25,154,938,761,216	25,945,969,811,456	22,034,264,555,520	29,685,706,653,696	464,309,353	896,262,205	0	0
em-p-ihep51	20260625104835777000000	17	23,174,629,494,784	23,174,714,699,776	14,561,197,357,691	25,154,938,761,216	25,945,969,811,456	22,034,264,555,520	29,685,706,653,696	462,454,081	1,597,243,732	0	0
em-p-ihep51	20260625104845801000000	20	23,174,630,465,536	23,174,715,953,152	14,562,276,832,130	25,154,938,761,216	25,945,969,811,456	22,034,264,555,520	29,685,706,653,696	688,962,139	1,794,061,908	0	0
em-p-ihep51	20260625104855799000000	17	23,174,641,442,816	23,174,727,495,680	14,563,596,624,582	25,154,938,761,216	25,945,969,811,456	22,034,264,555,520	29,685,706,653,696	789,494,513	1,388,989,688	0	0
em-p-ihep51	20260625104905906000000	22	23,174,642,634,752	23,174,735,769,600	14,562,435,477,859	25,154,938,761,216	25,945,969,811,456	22,034,264,555,520	29,685,706,653,696	428,842,599	1,441,720,010	0	0
em-p-ihep51	20260625104915922000000	35	23,174,654,513,152	23,174,736,719,872	14,570,395,775,596	25,154,938,761,216	25,945,969,811,456	22,034,264,555,520	29,685,706,653,696	730,706,060	1,676,145,007	0	0
em-p-ihep51	20260625104925949000000	27	23,174,654,222,336	23,174,740,168,704	14,577,897,878,976	25,154,938,761,216	25,945,969,811,456	22,034,264,555,520	29,685,706,653,696	480,232,018	1,054,330,825	0	0
em-p-ihep51	20260625104935965000000	27	23,174,653,034,496	23,175,235,923,968	14,574,209,486,884	25,154,938,761,216	25,945,969,811,456	22,034,264,555,520	29,685,706,653,696	686,702,313	1,152,790,430	0	0
em-p-ihep51	20260625104946017000000	28	23,174,651,740,160	23,174,747,901,952	14,568,013,177,594	25,154,938,761,216	25,945,969,811,456	22,034,264,555,520	29,685,706,653,696	750,051,841	1,310,949,055	0	0
em-p-ihep51	20260625104955976000000	28	23,174,662,553,600	23,174,757,421,056	14,566,158,225,610	25,154,938,761,216	25,945,969,811,456	22,034,264,555,520	29,685,706,653,696	658,873,784	1,812,611,881	0	0
em-p-ihep51	20260625105006003000000	28	23,174,674,419,712	23,174,796,660,736	14,578,830,992,522	25,154,938,761,216	25,945,969,811,456	22,034,264,555,520	29,685,706,653,696	993,805,874	2,111,213,488	0	0
em-p-ihep51	20260625105016036000000	25	23,174,669,484,032	23,175,038,922,752	14,580,457,243,914	25,154,938,761,216	25,945,969,811,456	22,034,264,555,520	29,685,706,653,696	929,184,554	2,750,040,734	0	0
em-p-ihep51	20260625105026036000000	24	23,174,656,663,552	23,174,754,189,312	14,572,866,286,024	25,154,938,761,216	25,945,969,811,456	22,034,264,555,520	29,685,706,653,696	1,637,052,771	3,491,515,752	0	0
em-p-ihep51	20260625105036036000000	25	23,174,657,634,304	23,175,165,894,656	14,569,323,379,439	25,154,938,761,216	25,945,969,811,456	22,034,264,555,520	29,685,706,653,696	761,057,365	1,286,352,722	0	0
em-p-ihep51	20260625105046151000000	22	23,174,657,527,808	23,174,757,052,416	14,571,461,407,065	25,154,938,761,216	25,945,969,811,456	22,034,264,555,520	29,685,706,653,696	747,444,286	1,252,203,335	0	0
em-p-ihep51	20260625105056146000000	19	23,174,655,533,056	23,174,754,553,856	14,566,794,843,603	25,154,938,761,216	25,945,969,811,456	22,034,264,555,520	29,685,706,653,696	639,124,663	878,660,864	0	0
em-p-ihep51	20260625105106249000000	24	23,174,654,361,600	23,174,753,923,072	14,566,309,744,238	25,154,938,761,216	25,945,969,811,456	22,034,264,555,520	29,685,706,653,696	596,441,173	1,556,311,182	0	0
em-p-ihep51	20260625105116252000000	27	23,174,655,496,192	23,174,770,335,744	14,574,558,489,839	25,154,938,761,216	25,945,969,811,456	22,034,264,555,520	29,685,706,653,696	778,647,126	1,322,121,126	0	0
em-p-ihep51	20260625105126270000000	24	23,174,655,713,280	23,174,760,488,960	14,570,841,861,461	25,154,938,761,216	25,945,969,811,456	22,034,264,555,520	29,685,706,653,696	1,023,241,183	1,722,334,709	0	0
em-p-ihep51	20260625105136310000000	25	23,174,660,739,072	23,174,764,773,376	14,575,666,272,989	25,154,938,761,216	25,945,969,811,456	22,034,264,555,520	29,685,706,653,696	556,587,388	1,391,126,481	0	0
em-p-ihep51	20260625105146304000000	29	23,175,062,884,352	23,175,191,179,264	14,587,027,232,510	25,154,938,761,216	25,945,969,811,456	22,034,264,555,520	29,685,706,653,696	698,262,990	1,334,037,955	0	0
em-p-ihep51	20260625105156313000000	28	23,175,058,247,680	23,175,134,072,832	14,565,370,927,036	25,154,938,761,216	25,945,969,811,456	22,034,264,555,520	29,685,706,653,696	345,977,922	901,865,912	0	0
em-p-ihep51	20260625105206327000000	30	23,175,057,854,464	23,175,132,110,848	14,576,729,367,699	25,154,938,761,216	25,945,969,811,456	22,034,264,555,520	29,685,706,653,696	856,197,902	1,550,565,844	0	0
em-p-ihep51	20260625105216315000000	24	23,175,061,798,912	23,175,131,090,944	14,557,355,668,927	25,154,938,761,216	25,945,969,811,456	22,034,264,555,520	29,685,706,653,696	591,574,803	1,209,215,348	0	0
em-p-ihep51	20260625105226347000000	20	23,175,064,014,848	23,175,135,875,072	14,571,423,247,709	25,154,938,761,216	25,945,969,811,456	22,034,264,555,520	29,685,706,653,696	601,336,767	927,417,592	0	0
em-p-ihep51	20260625105236343000000	24	23,175,138,902,016	23,175,206,014,976	14,568,722,708,278	25,154,938,761,216	25,945,969,811,456	22,034,264,555,520	29,685,706,653,696	417,092,068	1,039,873,578	0	0
em-p-ihep51	20260625105246352000000	23	23,175,129,694,208	23,175,200,960,512	14,560,081,582,613	25,154,938,761,216	25,945,969,811,456	22,034,264,555,520	29,685,706,653,696	620,540,458	1,073,978,058	0	0
em-p-ihep51	20260625105256378000000	21	23,175,130,664,960	23,175,201,103,872	14,563,829,973,986	25,154,938,761,216	25,945,969,811,456	22,034,264,555,520	29,685,706,653,696	400,073,703	1,549,860,769	0	0
em-p-ihep51	20260625105306386000000	28	23,175,133,044,736	23,175,201,185,792	14,564,173,872,377	25,154,938,761,216	25,945,969,811,456	22,034,264,555,520	29,685,706,653,696	847,201,833	2,205,102,967	0	0
em-p-ihep51	20260625105316485000000	24	23,175,134,015,488	23,175,188,250,624	14,557,171,866,541	25,154,938,761,216	25,945,969,811,456	22,034,264,555,520	29,685,706,653,696	398,388,363	1,250,923,971	0	0
em-p-ihep51	20260625105326597000000	25	23,175,137,800,192	23,175,207,206,912	14,565,688,002,830	25,154,938,761,216	25,945,969,811,456	22,034,264,555,520	29,685,706,653,696	753,588,832	1,371,342,489	0	0
em-p-ihep51	20260625105336605000000	27	23,175,137,800,192	23,175,190,347,776	14,565,303,253,187	25,154,938,761,216	25,945,969,811,456	22,034,264,555,520	29,685,706,653,696	877,520,477	1,424,211,270	0	0
em-p-ihep51	20260625105346620000000	26	23,175,209,897,984	23,175,535,808,512	14,573,476,750,977	25,154,938,761,216	25,945,969,811,456	22,034,264,555,520	29,685,706,653,696	452,343,104	1,754,727,797	0	0
em-p-ihep51	20260625105356734000000	35	23,175,207,948,288	23,175,731,867,648	14,568,937,274,127	25,154,938,761,216	25,945,969,811,456	22,034,264,555,520	29,685,706,653,696	496,729,030	2,436,716,806	0	0
em-p-ihep51	20260625105406731000000	30	23,175,001,067,520	23,174,689,533,952	14,578,584,123,279	25,154,938,761,216	25,945,969,811,456	22,034,264,555,520	29,685,706,653,696	357,474,874	1,227,680,967	0	0
em-p-ihep51	20260625105416852000000	26	23,185,184,722,944	23,185,232,044,032	14,573,057,869,878	25,154,938,761,216	25,945,969,811,456	22,034,264,555,520	29,685,706,653,696	422,043,568	959,379,749	0	0
em-p-ihep51	20260625105426937000000	23	23,179,037,327,360	23,179,083,698,176	14,577,089,887,034	25,154,938,761,216	25,945,969,811,456	22,034,264,555,520	29,685,706,653,696	291,787,975	1,334,459,508	0	0
em-p-ihep51	20260625105436923000000	26	23,179,030,769,664	23,179,125,407,744	14,575,023,399,124	25,154,938,761,216	25,945,969,811,456	22,034,264,555,520	29,685,706,653,696	385,512,078	1,322,692,186	0	0
em-p-ihep51	20260625105447052000000	22	23,179,031,904,256	23,179,079,294,976	14,583,905,220,156	25,154,938,761,216	25,945,969,811,456	22,034,264,555,520	29,685,706,653,696	529,140,421	803,131,640	0	0
em-p-ihep51	20260625105457035000000	26	23,179,030,990,848	23,179,155,521,536	14,576,731,233,406	25,154,938,761,216	25,945,969,811,456	22,034,264,555,520	29,685,706,653,696	662,248,246	1,396,586,369	0	0
em-p-ihep51	20260625105507024000000	26	23,179,682,254,848	23,179,816,759,296	14,584,642,892,356	25,154,938,761,216	25,945,969,811,456	22,034,264,555,520	29,685,706,653,696	1,012,812,260	1,810,914,677	0	0
em-p-ihep51	20260625105517115000000	27	23,179,681,239,040	23,179,810,217,984	14,586,819,035,460	25,154,938,761,216	25,945,969,811,456	22,034,264,555,520	29,685,706,653,696	594,274,935	1,325,593,208	0	0
em-p-ihep51	20260625105527240000000	25	23,179,679,940,608	23,179,807,793,152	14,577,111,311,897	25,154,938,761,216	25,945,969,811,456	22,034,264,555,520	29,685,706,653,696	769,394,649	1,161,863,636	0	0
em-p-ihep51	20260625105537321000000	29	23,179,686,395,904	23,179,817,607,168	14,573,941,261,120	25,154,938,761,216	25,945,969,811,456	22,034,264,555,520	29,685,706,653,696	311,349,579	900,149,333	0	0
em-p-ihep51	20260625105547334000000	25	23,173,825,003,520	23,173,949,321,216	14,579,094,775,059	25,154,938,761,216	25,945,969,811,456	22,034,264,555,520	29,685,706,653,696	319,976,330	1,391,657,997	0	0
em-p-ihep51	20260625105557336000000	29	23,170,071,478,272	23,170,195,918,848	14,559,694,779,248	25,154,938,761,216	25,945,969,811,456	22,034,264,555,520	29,685,706,653,696	454,025,783	1,524,372,779	0	0
em-p-ihep51	20260625105607370000000	29	23,171,041,419,264	23,171,164,606,464	14,571,400,390,262	25,154,938,761,216	25,945,969,811,456	22,034,264,555,520	29,685,706,653,696	1,166,245,933	1,636,412,517	0	0
em-p-ihep51	20260625105617371000000	29	23,171,036,061,696	23,171,151,994,880	14,561,282,401,349	25,154,938,761,216	25,945,969,811,456	22,034,264,555,520	29,685,706,653,696	409,095,105	1,015,006,239	0	0
em-p-ihep51	20260625105627383000000	29	23,171,019,837,440	23,171,137,929,216	14,564,423,641,901	25,154,938,761,216	25,945,969,811,456	22,034,264,555,520	29,685,706,653,696	637,835,035	1,053,409,794	0	0
em-p-ihep51	20260625105637373000000	25	23,171,036,352,512	23,171,405,389,824	14,568,642,149,409	25,154,938,761,216	25,945,969,811,456	22,034,264,555,520	29,685,706,653,696	257,293,026	1,066,482,130	0	0
em-p-ihep51	20260625105647423000000	35	23,171,055,104,000	23,171,184,939,008	14,571,914,913,512	25,154,938,761,216	25,945,969,811,456	22,034,264,555,520	29,685,706,653,696	523,147,268	1,414,440,031	0	0
em-p-ihep51	20260625105657420000000	26	23,171,054,219,264	23,171,175,993,344	14,566,324,043,718	25,154,938,761,216	25,945,969,811,456	22,034,264,555,520	29,685,706,653,696	716,772,629	912,635,383	0	0
em-p-ihep51	20260625105707526000000	26	23,171,053,305,856	23,171,170,717,696	14,571,592,947,203	25,154,938,761,216	25,945,969,811,456	22,034,264,555,520	29,685,706,653,696	613,078,177	1,420,403,448	0	0
em-p-ihep51	20260625105717526000000	20	23,171,047,759,872	23,171,159,535,616	14,556,044,746,030	25,154,938,761,216	25,945,969,811,456	22,034,264,555,520	29,685,706,653,696	434,554,003	2,670,045,433	0	0
em-p-ihep51	20260625105727630000000	17	23,171,048,382,464	23,171,304,964,096	14,564,341,532,030	25,154,938,761,216	25,945,969,811,456	22,034,264,555,520	29,685,706,653,696	321,456,018	2,724,982,392	0	0
em-p-ihep51	20260625105737637000000	21	23,171,054,022,656	23,171,136,540,672	14,568,006,780,330	25,154,938,761,216	25,945,969,811,456	22,034,264,555,520	29,685,706,653,696	768,756,854	2,179,030,621	0	0
em-p-ihep51	20260625105747660000000	26	23,173,631,950,848	23,173,901,758,464	14,575,868,747,660	25,154,938,761,216	25,945,969,811,456	22,034,264,555,520	29,685,706,653,696	823,378,316	1,843,954,290	0	0
em-p-ihep51	20260625105757742000000	23	23,169,362,157,568	23,169,444,556,800	14,575,506,280,205	25,154,938,761,216	25,945,969,811,456	22,034,264,555,520	29,685,706,653,696	506,314,212	1,941,002,177	0	0
em-p-ihep51	20260625105807849000000	23	23,170,666,827,776	23,170,755,076,096	14,584,322,628,117	25,154,938,761,216	25,945,969,811,456	22,034,264,555,520	29,685,706,653,696	761,087,848	1,621,311,278	0	0
em-p-ihep51	20260625105817907000000	30	23,170,707,869,696	23,170,882,977,792	14,585,419,134,052	25,154,938,761,216	25,945,969,811,456	22,034,264,555,520	29,685,706,653,696	418,863,969	1,648,326,508	0	0
em-p-ihep51	20260625105827867000000	27	23,172,287,283,200	23,172,405,915,648	14,567,351,235,120	25,154,938,761,216	25,945,969,811,456	22,034,264,555,520	29,685,706,653,696	473,628,423	2,597,513,970	4,096	0
em-p-ihep51	20260625105837874000000	23	23,170,136,719,360	23,170,204,844,032	14,570,407,837,145	25,154,938,761,216	25,945,969,811,456	22,034,264,555,520	29,685,706,653,696	549,673,235	2,533,353,983	0	0
em-p-ihep51	20260625105847884000000	30	23,172,056,756,224	23,171,343,314,944	14,587,706,474,947	25,154,938,761,216	25,945,969,811,456	22,034,264,555,520	29,685,706,653,696	408,600,408	1,811,068,374	0	0
em-p-ihep51	20260625105857894000000	24	23,170,245,111,808	23,170,321,780,736	14,568,549,787,036	25,154,938,761,216	25,945,969,811,456	22,034,264,555,520	29,685,706,653,696	303,620,603	1,021,234,890	0	0
em-p-ihep51	20260625105907921000000	30	23,170,517,319,680	23,170,448,871,424	14,597,523,661,511	25,154,938,761,216	25,945,969,811,456	22,034,264,555,520	29,685,706,653,696	247,783,074	1,771,016,677	0	0
em-p-ihep51	20260625105917948000000	33	23,175,245,766,656	23,175,316,062,208	14,582,585,565,586	25,154,938,761,216	25,945,969,811,456	22,034,264,555,520	29,685,706,653,696	247,261,068	1,004,669,504	0	0
em-p-ihep51	20260625105927956000000	22	23,178,290,024,448	23,178,374,217,728	14,585,311,843,965	25,154,938,761,216	25,945,969,811,456	22,034,264,555,520	29,685,706,653,696	280,947,180	986,249,780	0	0
em-p-ihep51	20260625105937978000000	23	23,172,434,653,184	23,172,513,554,432	14,571,397,342,329	25,154,938,761,216	25,945,969,811,456	22,034,264,555,520	29,685,706,653,696	255,815,736	1,504,283,854	0	0
em-p-ihep51	20260625105948028000000	29	23,168,773,586,944	23,169,283,715,072	14,565,490,534,763	25,154,938,761,216	25,945,969,811,456	22,034,264,555,520	29,685,706,653,696	571,403,775	1,456,483,938	0	0
em-p-ihep51	20260625105958008000000	25	23,168,777,371,648	23,169,296,015,360	14,566,335,598,369	25,154,938,761,216	25,945,969,811,456	22,034,264,555,520	29,685,706,653,696	408,294,404	1,192,960,430	0	0
em-p-ihep51	20260625110008059000000	37	23,169,283,907,584	23,169,357,783,040	14,601,968,650,588	25,154,938,761,216	25,945,969,811,456	22,034,264,555,520	29,685,706,653,696	827,552,539	3,077,257,906	0	0
em-p-ihep51	20260625110018102000000	46	23,170,433,933,312	23,170,630,471,680	14,629,153,390,941	25,154,938,761,216	25,945,969,811,456	22,034,264,555,520	29,685,706,653,696	764,259,043	3,489,029,836	0	0
em-p-ihep51	20260625110028105000000	43	23,170,560,339,968	23,170,683,662,336	14,586,994,802,367	25,154,938,761,216	25,945,969,811,456	22,034,264,555,520	29,685,706,653,696	898,350,452	2,567,939,608	0	0
em-p-ihep51	20260625110038093000000	39	23,171,186,630,656	23,171,299,483,648	14,609,993,900,598	25,154,938,761,216	25,945,969,811,456	22,034,264,555,520	29,685,706,653,696	411,913,001	1,117,284,688	0	0
em-p-ihep51	20260625110048099000000	34	23,171,173,978,112	23,171,285,336,064	14,588,903,391,350	25,154,938,761,216	25,945,969,811,456	22,034,264,555,520	29,685,706,653,696	666,994,654	1,587,667,007	0	0
em-p-ihep51	20260625110058121000000	31	23,170,955,509,760	23,171,065,044,992	14,574,871,819,082	25,154,938,761,216	25,945,969,811,456	22,034,264,555,520	29,685,706,653,696	872,886,952	1,531,854,820	0	0
em-p-ihep51	20260625110108147000000	28	23,174,923,649,024	23,175,057,190,912	14,579,835,990,494	25,154,938,761,216	25,945,969,811,456	22,034,264,555,520	29,685,706,653,696	623,203,761	1,552,593,499	0	0
em-p-ihep51	20260625110118180000000	37	23,170,685,911,040	23,170,792,706,048	14,585,883,478,411	25,154,938,761,216	25,945,969,811,456	22,034,264,555,520	29,685,706,653,696	583,563,844	1,814,197,566	0	0
em-p-ihep51	20260625110128218000000	37	23,170,691,817,472	23,170,800,562,176	14,570,878,717,450	25,154,938,761,216	25,945,969,811,456	22,034,264,555,520	29,685,706,653,696	964,305,156	2,046,483,525	0	0
em-p-ihep51	20260625110138183000000	29	23,170,688,798,720	23,170,803,253,248	14,576,024,996,393	25,154,938,761,216	25,945,969,811,456	22,034,264,555,520	29,685,706,653,696	480,882,234	1,732,931,842	0	0
em-p-ihep51	20260625110148234000000	33	23,170,691,825,664	23,170,805,260,288	14,573,400,496,265	25,154,938,761,216	25,945,969,811,456	22,034,264,555,520	29,685,706,653,696	769,646,276	2,071,493,499	0	0
em-p-ihep51	20260625110158223000000	26	23,170,688,360,448	23,170,801,684,480	14,575,532,514,762	25,154,938,761,216	25,945,969,811,456	22,034,264,555,520	29,685,706,653,696	791,025,016	1,358,007,510	0	0
em-p-ihep51	20260625110208224000000	30	23,174,737,920,000	23,175,067,971,584	14,575,604,990,535	25,154,938,761,216	25,945,969,811,456	22,034,264,555,520	29,685,706,653,696	659,775,233	1,448,089,160	0	0
em-p-ihep51	20260625110218255000000	25	23,169,710,034,944	23,169,813,716,992	14,567,398,581,049	25,154,938,761,216	25,945,969,811,456	22,034,264,555,520	29,685,706,653,696	719,748,090	1,454,313,933	0	0
em-p-ihep51	20260625110228251000000	31	23,169,710,088,192	23,169,809,780,736	14,575,016,419,989	25,154,938,761,216	25,945,969,811,456	22,034,264,555,520	29,685,706,653,696	422,039,921	1,317,697,197	0	0
em-p-ihep51	20260625110238282000000	25	23,154,518,904,832	23,153,962,860,544	14,571,735,703,850	25,154,938,761,216	25,945,969,811,456	22,034,264,555,520	29,685,706,653,696	645,267,896	1,567,075,800	0	0
em-p-ihep51	20260625110248286000000	26	23,167,017,598,976	23,166,976,569,344	14,583,989,711,151	25,154,938,761,216	25,945,969,811,456	22,034,264,555,520	29,685,706,653,696	662,032,929	1,994,105,643	0	0
em-p-ihep51	20260625110258280000000	27	23,149,934,710,784	23,150,037,549,056	14,571,623,671,714	25,154,938,761,216	25,945,969,811,456	22,034,264,555,520	29,685,706,653,696	881,847,947	3,377,521,172	0	0
em-p-ihep51	20260625110308329000000	28	23,154,362,081,280	23,155,370,975,232	14,572,958,576,658	25,154,938,761,216	25,945,969,811,456	22,034,264,555,520	29,685,706,653,696	881,075,008	2,089,063,100	0	0
em-p-ihep51	20260625110318317000000	28	23,152,116,555,776	23,152,252,624,896	14,571,759,240,734	25,154,938,761,216	25,945,969,811,456	22,034,264,555,520	29,685,706,653,696	577,316,562	1,617,223,757	0	0
em-p-ihep51	20260625110328344000000	24	23,152,413,499,392	23,152,477,659,136	14,588,359,486,911	25,154,938,761,216	25,945,969,811,456	22,034,264,555,520	29,685,706,653,696	1,337,479,865	2,014,043,599	0	0
em-p-ihep51	20260625110338405000000	21	23,158,219,341,824	23,158,322,323,456	14,583,589,244,430	25,154,938,761,216	25,945,969,811,456	22,034,264,555,520	29,685,706,653,696	408,576,778	1,055,442,302	0	0
em-p-ihep51	20260625110348435000000	21	23,144,778,579,968	23,144,890,638,336	14,562,830,340,518	25,154,938,761,216	25,945,969,811,456	22,034,264,555,520	29,685,706,653,696	316,551,717	1,177,450,364	0	0
em-p-ihep51	20260625110358447000000	25	23,144,935,104,512	23,144,880,144,384	14,569,152,911,479	25,154,938,761,216	25,945,969,811,456	22,034,264,555,520	29,685,706,653,696	503,746,936	1,169,675,337	0	0
em-p-ihep51	20260625110408486000000	33	23,148,116,426,752	23,146,800,697,344	14,598,845,781,668	25,154,938,761,216	25,945,969,811,456	22,034,264,555,520	29,685,706,653,696	906,978,707	2,566,084,238	0	0
em-p-ihep51	20260625110418471000000	33	23,158,036,619,264	23,158,487,707,648	14,584,006,861,392	25,154,938,761,216	25,945,969,811,456	22,034,264,555,520	29,685,706,653,696	672,589,964	1,777,969,149	0	0
em-p-ihep51	20260625110428493000000	29	23,152,566,018,048	23,157,251,772,416	14,619,179,757,390	25,154,938,761,216	25,945,969,811,456	22,034,264,555,520	29,685,706,653,696	794,469,908	1,997,730,989	0	0
em-p-ihep51	20260625110438519000000	31	23,158,555,779,072	23,158,059,384,832	14,616,605,691,253	25,154,938,761,216	25,945,969,811,456	22,034,264,555,520	29,685,706,653,696	524,802,398	1,538,912,194	0	0
em-p-ihep51	20260625110448532000000	29	23,171,313,065,984	23,170,774,523,904	14,621,129,091,412	25,154,938,761,216	25,945,969,811,456	22,034,264,555,520	29,685,706,653,696	549,218,611	1,166,311,334	0	0
em-p-ihep51	20260625110458552000000	29	23,183,962,734,592	23,183,919,353,856	14,619,193,153,672	25,154,938,761,216	25,945,969,811,456	22,034,264,555,520	29,685,706,653,696	870,876,249	1,517,916,315	0	0
em-p-ihep51	20260625110508549000000	35	23,189,518,774,272	23,189,683,646,464	14,625,949,495,435	25,154,938,761,216	25,945,969,811,456	22,034,264,555,520	29,685,706,653,696	744,595,861	1,885,469,301	0	0
em-p-ihep51	20260625110518607000000	31	23,192,633,049,088	23,192,797,855,744	14,629,302,304,498	25,154,938,761,216	25,945,969,811,456	22,034,264,555,520	29,685,706,653,696	873,199,706	1,390,325,475	0	0
em-p-ihep51	20260625110528571000000	28	23,192,638,484,480	23,192,892,522,496	14,621,993,136,942	25,154,938,761,216	25,945,969,811,456	22,034,264,555,520	29,685,706,653,696	557,196,989	1,760,086,890	0	0
em-p-ihep51	20260625110538585000000	28	23,193,464,078,336	23,193,717,436,416	14,614,851,104,373	25,154,938,761,216	25,945,969,811,456	22,034,264,555,520	29,685,706,653,696	548,760,959	1,044,566,918	0	0
em-p-ihep51	20260625110548701000000	28	23,194,890,002,432	23,195,459,616,768	14,628,941,516,240	25,154,938,761,216	25,945,969,811,456	22,034,264,555,520	29,685,706,653,696	565,456,221	2,355,982,892	0	0
em-p-ihep51	20260625110558710000000	31	23,194,895,020,032	23,195,384,377,344	14,628,587,379,028	25,154,938,761,216	25,945,969,811,456	22,034,264,555,520	29,685,706,653,696	591,819,791	2,740,683,418	0	0
em-p-ihep51	20260625110608722000000	33	23,194,891,698,176	23,195,059,228,672	14,633,776,162,909	25,154,938,761,216	25,945,969,811,456	22,034,264,555,520	29,685,706,653,696	589,365,030	1,494,235,958	0	0
em-p-ihep51	20260625110618741000000	31	23,194,897,596,416	23,194,995,671,040	14,636,401,052,762	25,154,938,761,216	25,945,969,811,456	22,034,264,555,520	29,685,706,653,696	249,831,243	941,957,914	0	0
em-p-ihep51	20260625110628741000000	24	23,194,886,029,312	23,194,992,529,408	14,626,810,146,240	25,154,938,761,216	25,945,969,811,456	22,034,264,555,520	29,685,706,653,696	752,543,531	1,154,656,543	0	0
em-p-ihep51	20260625110638759000000	30	23,194,881,171,456	23,194,983,460,864	14,631,024,875,398	25,154,938,761,216	25,945,969,811,456	22,034,264,555,520	29,685,706,653,696	929,275,778	1,651,454,436	0	0
em-p-ihep51	20260625110648773000000	28	23,195,172,376,576	23,195,266,375,680	14,634,872,588,332	25,154,938,761,216	25,945,969,811,456	22,034,264,555,520	29,685,706,653,696	1,004,285,813	1,370,030,214	0	0
em-p-ihep51	20260625110658789000000	27	23,195,256,291,328	23,195,352,891,392	14,625,908,575,214	25,154,938,761,216	25,945,969,811,456	22,034,264,555,520	29,685,706,653,696	766,529,064	1,487,244,670	0	0
em-p-ihep51	20260625110708793000000	23	23,197,063,081,984	23,197,656,829,952	14,627,803,277,346	25,154,938,761,216	25,945,969,811,456	22,034,264,555,520	29,685,706,653,696	956,813,217	1,821,010,148	0	0
em-p-ihep51	20260625110718800000000	24	23,192,129,978,368	23,192,198,836,224	14,634,719,413,062	25,154,938,761,216	25,945,969,811,456	22,034,264,555,520	29,685,706,653,696	1,112,070,434	1,790,009,819	0	0
em-p-ihep51	20260625110728792000000	20	23,193,136,603,136	23,193,202,233,344	14,620,797,846,386	25,154,938,761,216	25,945,969,811,456	22,034,264,555,520	29,685,706,653,696	575,079,823	1,567,979,675	0	0
em-p-ihep51	20260625110738817000000	24	23,202,089,918,464	23,202,268,078,080	14,669,246,877,242	25,154,938,761,216	25,945,969,811,456	22,034,264,555,520	29,685,706,653,696	947,408,792	1,001,700,967	0	0
em-p-ihep51	20260625110748904000000	17	23,217,906,630,656	23,218,074,951,680	14,661,439,523,768	25,154,938,761,216	25,945,969,811,456	22,034,264,555,520	29,685,706,653,696	334,389,460	889,620,570	0	0
em-p-ihep51	20260625110758933000000	18	23,230,804,414,464	23,229,793,214,464	14,670,460,934,468	25,154,938,761,216	25,945,969,811,456	22,034,264,555,520	29,685,706,653,696	232,957,192	726,948,681	0	0
em-p-ihep51	20260625110808938000000	22	23,241,794,396,160	23,241,864,253,440	14,672,454,314,336	25,154,938,761,216	25,945,969,811,456	22,034,264,555,520	29,685,706,653,696	398,743,157	1,087,071,224	0	0
em-p-ihep51	20260625110818947000000	23	23,241,800,228,864	23,241,868,193,792	14,667,306,357,238	25,154,938,761,216	25,945,969,811,456	22,034,264,555,520	29,685,706,653,696	551,782,130	1,323,396,742	0	0
em-p-ihep51	20260625110828965000000	31	23,241,802,551,296	23,241,867,460,608	14,666,934,066,342	25,154,938,761,216	25,945,969,811,456	22,034,264,555,520	29,685,706,653,696	581,709,736	1,240,234,837	0	0
em-p-ihep51	20260625110838962000000	25	23,241,810,124,800	23,241,891,987,456	14,671,020,101,089	25,154,938,761,216	25,945,969,811,456	22,034,264,555,520	29,685,706,653,696	456,645,273	1,251,674,283	0	0
em-p-ihep51	20260625110848975000000	24	23,241,808,879,616	23,241,981,665,280	14,665,801,809,470	25,154,938,761,216	25,945,969,811,456	22,034,264,555,520	29,685,706,653,696	502,586,773	1,634,280,936	0	0
em-p-ihep51	20260625110859034000000	20	23,241,808,195,584	23,241,872,121,856	14,664,392,710,458	25,154,938,761,216	25,945,969,811,456	22,034,264,555,520	29,685,706,653,696	559,003,243	1,467,103,197	0	0
em-p-ihep51	20260625110909006000000	25	23,245,129,420,800	23,245,103,673,344	14,689,511,387,980	25,154,938,761,216	25,945,969,811,456	22,034,264,555,520	29,685,706,653,696	746,862,001	2,629,213,276	0	0
em-p-ihep51	20260625110919051000000	23	23,250,516,393,984	23,251,132,616,704	14,664,322,737,921	25,154,938,761,216	25,945,969,811,456	22,034,264,555,520	29,685,706,653,696	1,060,004,539	2,946,378,496	0	0
em-p-ihep51	20260625110929107000000	26	23,198,329,610,240	23,198,404,509,696	14,566,704,690,914	25,154,938,761,216	25,945,969,811,456	22,034,264,555,520	29,685,706,653,696	655,367,835	1,680,190,546	0	0
em-p-ihep51	20260625110939061000000	26	23,163,654,320,128	23,163,728,519,168	14,564,309,275,623	25,154,938,761,216	25,945,969,811,456	22,034,264,555,520	29,685,706,653,696	464,227,293	1,267,738,629	0	0
em-p-ihep51	20260625110949155000000	22	23,144,357,756,928	23,144,421,052,416	14,570,826,334,502	25,154,938,761,216	25,945,969,811,456	22,034,264,555,520	29,685,706,653,696	1,165,739,742	2,099,244,456	0	0
em-p-ihep51	20260625110959185000000	21	23,144,351,789,056	23,144,411,791,360	14,566,635,098,521	25,154,938,761,216	25,945,969,811,456	22,034,264,555,520	29,685,706,653,696	538,083,066	1,340,310,671	0	0
em-p-ihep51	20260625111009223000000	42	23,144,377,004,032	23,144,432,250,880	14,596,185,876,586	25,154,938,761,216	25,945,969,811,456	22,034,264,555,520	29,685,706,653,696	1,040,751,897	3,040,410,010	0	0
em-p-ihep51	20260625111019250000000	33	23,145,546,604,544	23,145,670,438,912	14,586,844,120,491	25,154,938,761,216	25,945,969,811,456	22,034,264,555,520	29,685,706,653,696	581,003,675	2,354,873,988	0	0
em-p-ihep51	20260625111029287000000	29	23,145,001,676,800	23,145,080,152,064	14,577,474,902,685	25,154,938,761,216	25,945,969,811,456	22,034,264,555,520	29,685,706,653,696	516,931,366	1,554,457,889	0	0
em-p-ihep51	20260625111039271000000	26	23,145,003,335,680	23,145,060,732,928	14,570,222,549,781	25,154,938,761,216	25,945,969,811,456	22,034,264,555,520	29,685,706,653,696	270,523,049	1,400,632,034	0	0
em-p-ihep51	20260625111049272000000	26	23,145,032,953,856	23,145,138,454,528	14,579,138,883,484	25,154,938,761,216	25,945,969,811,456	22,034,264,555,520	29,685,706,653,696	643,345,236	1,707,525,761	0	0
em-p-ihep51	20260625111059275000000	27	23,145,023,066,112	23,145,582,784,512	14,577,234,972,367	25,154,938,761,216	25,945,969,811,456	22,034,264,555,520	29,685,706,653,696	319,134,345	1,454,358,661	0	0
em-p-ihep51	20260625111109385000000	25	23,145,018,208,256	23,145,078,124,544	14,586,078,161,409	25,154,938,761,216	25,945,969,811,456	22,034,264,555,520	29,685,706,653,696	640,264,500	1,925,961,468	0	0
em-p-ihep51	20260625111119388000000	30	23,145,021,001,728	23,145,087,758,336	14,585,302,750,891	25,154,938,761,216	25,945,969,811,456	22,034,264,555,520	29,685,706,653,696	744,149,652	1,989,768,394	0	0
em-p-ihep51	20260625111129470000000	24	23,145,530,535,936	23,146,118,909,952	14,573,554,142,337	25,154,938,761,216	25,945,969,811,456	22,034,264,555,520	29,685,706,653,696	378,674,853	1,737,088,930	0	0
em-p-ihep51	20260625111139502000000	25	23,145,536,954,368	23,145,765,412,864	14,577,119,098,119	25,154,938,761,216	25,945,969,811,456	22,034,264,555,520	29,685,706,653,696	569,078,310	3,648,038,676	0	0
em-p-ihep51	20260625111149520000000	29	23,145,536,004,096	23,145,602,670,592	14,577,279,750,894	25,154,938,761,216	25,945,969,811,456	22,034,264,555,520	29,685,706,653,696	624,260,492	2,133,875,224	0	0
em-p-ihep51	20260625111159528000000	30	23,145,540,734,976	23,145,605,038,080	14,572,894,004,415	25,154,938,761,216	25,945,969,811,456	22,034,264,555,520	29,685,706,653,696	487,283,072	1,990,909,279	0	0
em-p-ihep51	20260625111209573000000	31	23,145,528,066,048	23,145,600,258,048	14,575,499,970,959	25,154,938,761,216	25,945,969,811,456	22,034,264,555,520	29,685,706,653,696	1,003,877,384	1,989,899,217	0	0
em-p-ihep51	20260625111219574000000	30	23,145,530,400,768	23,145,756,565,504	14,567,167,100,012	25,154,938,761,216	25,945,969,811,456	22,034,264,555,520	29,685,706,653,696	487,331,840	1,773,311,610	4,096	0
em-p-ihep51	20260625111229589000000	26	23,145,529,262,080	23,145,594,331,136	14,573,294,312,734	25,154,938,761,216	25,945,969,811,456	22,034,264,555,520	29,685,706,653,696	319,916,334	1,134,019,000	0	0
em-p-ihep51	20260625111239599000000	28	23,145,523,273,728	23,145,599,807,488	14,563,903,366,797	25,154,938,761,216	25,945,969,811,456	22,034,264,555,520	29,685,706,653,696	859,532,809	1,571,998,921	0	0
em-p-ihep51	20260625111249597000000	16	23,145,523,167,232	23,145,584,365,568	14,564,022,967,381	25,154,938,761,216	25,945,969,811,456	22,034,264,555,520	29,685,706,653,696	285,141,490	1,181,859,352	0	0
em-p-ihep51	20260625111259689000000	20	23,146,044,264,448	23,146,109,317,120	14,566,771,093,512	25,154,938,761,216	25,945,969,811,456	22,034,264,555,520	29,685,706,653,696	393,750,185	1,471,055,690	0	0
em-p-ihep51	20260625111309718000000	27	23,146,562,011,136	23,146,757,959,680	14,578,258,475,896	25,154,938,761,216	25,945,969,811,456	22,034,264,555,520	29,685,706,653,696	527,719,338	1,705,577,278	0	0
em-p-ihep51	20260625111319824000000	26	23,146,573,029,376	23,146,814,664,704	14,570,171,096,515	25,154,938,761,216	25,945,969,811,456	22,034,264,555,520	29,685,706,653,696	603,421,544	2,277,741,423	0	0
em-p-ihep51	20260625111329840000000	20	23,146,571,890,688	23,146,631,233,536	14,565,593,189,035	25,154,938,761,216	25,945,969,811,456	22,034,264,555,520	29,685,706,653,696	375,743,311	1,093,707,296	0	0
em-p-ihep51	20260625111339829000000	17	23,146,570,944,512	23,146,631,708,672	14,565,262,028,694	25,154,938,761,216	25,945,969,811,456	22,034,264,555,520	29,685,706,653,696	299,714,471	834,080,670	0	0
em-p-ihep51	20260625111349851000000	22	23,146,568,622,080	23,146,629,509,120	14,563,893,433,364	25,154,938,761,216	25,945,969,811,456	22,034,264,555,520	29,685,706,653,696	710,691,074	1,353,009,400	0	0
em-p-ihep51	20260625111359937000000	21	23,146,570,895,360	23,146,631,778,304	14,568,153,992,751	25,154,938,761,216	25,945,969,811,456	22,034,264,555,520	29,685,706,653,696	514,068,131	1,207,040,221	0	0
em-p-ihep51	20260625111409949000000	29	23,146,575,429,632	23,146,634,076,160	14,586,663,615,539	25,154,938,761,216	25,945,969,811,456	22,034,264,555,520	29,685,706,653,696	606,410,660	1,615,018,283	0	0
em-p-ihep51	20260625111419986000000	28	23,145,413,939,200	23,145,485,000,704	14,566,210,610,485	25,154,938,761,216	25,945,969,811,456	22,034,264,555,520	29,685,706,653,696	637,321,506	1,481,949,335	0	0
em-p-ihep51	20260625111429982000000	18	23,151,080,939,520	23,151,180,271,616	14,570,780,898,497	25,154,938,761,216	25,945,969,811,456	22,034,264,555,520	29,685,706,653,696	415,285,635	1,417,695,400	0	0
em-p-ihep51	20260625111439991000000	21	23,151,414,910,976	23,151,516,631,040	14,576,039,571,948	25,154,938,761,216	25,945,969,811,456	22,034,264,555,520	29,685,706,653,696	665,775,645	1,790,245,018	0	0
em-p-ihep51	20260625111449988000000	20	23,151,415,881,728	23,151,822,749,696	14,581,551,803,228	25,154,938,761,216	25,945,969,811,456	22,034,264,555,520	29,685,706,653,696	693,286,454	1,088,589,876	0	0
em-p-ihep51	20260625111459994000000	23	23,151,422,242,816	23,151,525,122,048	14,577,031,224,321	25,154,938,761,216	25,945,969,811,456	22,034,264,555,520	29,685,706,653,696	607,487,396	1,184,367,380	0	0
em-p-ihep51	20260625111509986000000	28	23,150,160,736,256	23,150,378,872,832	14,592,106,191,790	25,154,938,761,216	25,945,969,811,456	22,034,264,555,520	29,685,706,653,696	759,921,078	1,478,320,773	0	0
em-p-ihep51	20260625111520009000000	25	23,147,902,554,112	23,148,094,001,152	14,570,530,493,433	25,154,938,761,216	25,945,969,811,456	22,034,264,555,520	29,685,706,653,696	744,969,695	3,153,566,175	0	0
em-p-ihep51	20260625111530022000000	34	23,147,907,579,904	23,148,090,892,288	14,570,120,218,407	25,154,938,761,216	25,945,969,811,456	22,034,264,555,520	29,685,706,653,696	495,173,028	942,820,194	0	0
em-p-ihep51	20260625111540134000000	24	23,147,908,284,416	23,148,092,940,288	14,570,039,318,525	25,154,938,761,216	25,945,969,811,456	22,034,264,555,520	29,685,706,653,696	328,565,579	963,596,568	0	0
em-p-ihep51	20260625111550134000000	23	23,147,904,913,408	23,148,085,653,504	14,576,934,222,446	25,154,938,761,216	25,945,969,811,456	22,034,264,555,520	29,685,706,653,696	633,579,771	1,556,437,986	0	0
em-p-ihep51	20260625111600155000000	24	23,147,902,648,320	23,148,543,930,368	14,576,527,399,622	25,154,938,761,216	25,945,969,811,456	22,034,264,555,520	29,685,706,653,696	644,460,954	1,631,757,563	0	0
em-p-ihep51	20260625111610150000000	25	23,147,904,217,088	23,148,091,551,744	14,579,634,374,941	25,154,938,761,216	25,945,969,811,456	22,034,264,555,520	29,685,706,653,696	760,165,041	1,834,570,014	0	0
em-p-ihep51	20260625111620177000000	22	23,147,886,407,680	23,148,069,953,536	14,578,417,782,528	25,154,938,761,216	25,945,969,811,456	22,034,264,555,520	29,685,706,653,696	294,247,245	833,134,829	0	0
em-p-ihep51	20260625111630195000000	23	23,148,039,847,936	23,148,359,221,248	14,582,029,565,089	25,154,938,761,216	25,945,969,811,456	22,034,264,555,520	29,685,706,653,696	501,167,867	1,230,536,391	0	0
em-p-ihep51	20260625111640225000000	24	23,146,859,925,504	23,147,036,311,552	14,577,566,701,148	25,154,938,761,216	25,945,969,811,456	22,034,264,555,520	29,685,706,653,696	699,011,812	1,046,788,492	0	0
em-p-ihep51	20260625111650221000000	31	23,146,864,676,864	23,147,041,153,024	14,568,758,296,324	25,154,938,761,216	25,945,969,811,456	22,034,264,555,520	29,685,706,653,696	689,352,339	1,597,589,466	0	0
em-p-ihep51	20260625111700226000000	24	23,146,887,114,752	23,147,067,514,880	14,566,447,196,683	25,154,938,761,216	25,945,969,811,456	22,034,264,555,520	29,685,706,653,696	593,693,508	1,037,239,315	0	0
em-p-ihep51	20260625111710265000000	28	23,145,335,246,848	23,145,012,707,328	14,581,320,159,129	25,154,938,761,216	25,945,969,811,456	22,034,264,555,520	29,685,706,653,696	359,845,344	1,380,616,979	0	0
em-p-ihep51	20260625111720369000000	35	23,149,900,836,864	23,149,995,986,944	14,573,675,972,671	25,154,938,761,216	25,945,969,811,456	22,034,264,555,520	29,685,706,653,696	733,631,725	1,931,081,299	0	0
em-p-ihep51	20260625111730570000000	40	23,150,935,719,936	23,151,022,678,016	14,582,630,882,505	25,154,938,761,216	25,945,969,811,456	22,034,264,555,520	29,685,706,653,696	454,110,867	1,737,721,609	0	0
em-p-ihep51	20260625111740419000000	32	23,150,933,454,848	23,151,042,064,384	14,580,771,601,772	25,154,938,761,216	25,945,969,811,456	22,034,264,555,520	29,685,706,653,696	526,404,775	1,468,579,837	0	0
em-p-ihep51	20260625111750489000000	29	23,148,496,838,656	23,148,581,556,224	14,582,503,161,295	25,154,938,761,216	25,945,969,811,456	22,034,264,555,520	29,685,706,653,696	839,153,691	1,863,820,896	0	0
em-p-ihep51	20260625111800442000000	26	23,148,817,457,152	23,148,902,531,072	14,577,245,121,206	25,154,938,761,216	25,945,969,811,456	22,034,264,555,520	29,685,706,653,696	768,965,275	1,511,359,256	0	0
em-p-ihep51	20260625111810446000000	27	23,146,629,951,488	23,146,748,448,768	14,568,358,175,218	25,154,938,761,216	25,945,969,811,456	22,034,264,555,520	29,685,706,653,696	626,595,112	1,316,544,435	0	0
em-p-ihep51	20260625111820425000000	25	23,146,651,578,368	23,146,737,405,952	14,563,429,078,951	25,154,938,761,216	25,945,969,811,456	22,034,264,555,520	29,685,706,653,696	448,502,113	1,069,389,156	0	0
em-p-ihep51	20260625111830440000000	25	23,146,652,823,552	23,146,735,435,776	14,566,795,554,746	25,154,938,761,216	25,945,969,811,456	22,034,264,555,520	29,685,706,653,696	955,041,352	1,951,331,989	0	0
em-p-ihep51	20260625111840455000000	28	23,147,176,210,432	23,147,258,867,712	14,569,496,094,851	25,154,938,761,216	25,945,969,811,456	22,034,264,555,520	29,685,706,653,696	1,168,861,248	1,563,313,235	0	0
em-p-ihep51	20260625111850487000000	29	23,147,178,532,864	23,147,261,243,392	14,560,787,180,653	25,154,938,761,216	25,945,969,811,456	22,034,264,555,520	29,685,706,653,696	481,462,664	1,619,943,538	0	0
em-p-ihep51	20260625111900494000000	28	23,147,164,336,128	23,147,270,758,400	14,568,284,171,189	25,154,938,761,216	25,945,969,811,456	22,034,264,555,520	29,685,706,653,696	724,095,639	1,849,153,875	0	0
em-p-ihep51	20260625111910569000000	29	23,146,139,983,872	23,147,286,786,048	14,577,924,339,910	25,154,938,761,216	25,945,969,811,456	22,034,264,555,520	29,685,706,653,696	761,950,978	1,981,972,789	0	0
em-p-ihep51	20260625111920697000000	31	23,156,507,897,856	23,156,696,567,808	14,588,418,769,253	25,154,938,761,216	25,945,969,811,456	22,034,264,555,520	29,685,706,653,696	705,026,675	1,439,719,306	0	0
em-p-ihep51	20260625111930585000000	31	23,146,138,775,552	23,146,413,281,280	14,571,693,657,260	25,154,938,761,216	25,945,969,811,456	22,034,264,555,520	29,685,706,653,696	628,306,839	2,780,970,986	0	0
em-p-ihep51	20260625111940628000000	29	23,146,140,098,560	23,146,251,984,896	14,568,608,295,581	25,154,938,761,216	25,945,969,811,456	22,034,264,555,520	29,685,706,653,696	658,071,686	1,543,374,932	0	0
em-p-ihep51	20260625111950616000000	29	23,146,143,723,520	23,146,656,428,032	14,572,678,755,335	25,154,938,761,216	25,945,969,811,456	22,034,264,555,520	29,685,706,653,696	589,255,628	1,510,823,343	0	0
em-p-ihep51	20260625112000669000000	29	23,146,150,961,152	23,146,261,508,096	14,568,743,470,405	25,154,938,761,216	25,945,969,811,456	22,034,264,555,520	29,685,706,653,696	1,052,071,704	1,875,891,048	0	0
em-p-ihep51	20260625112010714000000	49	23,146,178,093,056	23,146,291,359,744	14,602,291,718,616	25,154,938,761,216	25,945,969,811,456	22,034,264,555,520	29,685,706,653,696	1,112,329,130	2,499,414,815	0	0
em-p-ihep51	20260625112020708000000	45	23,146,186,792,960	23,146,312,744,960	14,595,309,384,754	25,154,938,761,216	25,945,969,811,456	22,034,264,555,520	29,685,706,653,696	648,034,458	1,585,209,927	0	0
em-p-ihep51	20260625112030752000000	41	23,146,176,888,832	23,146,307,821,568	14,591,765,192,713	25,154,938,761,216	25,945,969,811,456	22,034,264,555,520	29,685,706,653,696	450,350,722	1,462,601,808	0	0
em-p-ihep51	20260625112040736000000	34	23,146,171,977,728	23,146,298,208,256	14,587,718,296,572	25,154,938,761,216	25,945,969,811,456	22,034,264,555,520	29,685,706,653,696	361,699,773	1,209,350,877	0	0
em-p-ihep51	20260625112050750000000	31	23,146,992,799,744	23,147,135,614,976	14,592,555,969,490	25,154,938,761,216	25,945,969,811,456	22,034,264,555,520	29,685,706,653,696	538,991,893	1,299,442,131	0	0
em-p-ihep51	20260625112100860000000	42	23,147,120,619,520	23,147,246,125,056	14,600,149,318,460	25,154,938,761,216	25,945,969,811,456	22,034,264,555,520	29,685,706,653,696	212,014,451	924,333,507	0	0
em-p-ihep51	20260625112110769000000	34	23,147,110,412,288	23,147,237,834,752	14,607,267,740,805	25,154,938,761,216	25,945,969,811,456	22,034,264,555,520	29,685,706,653,696	692,362,849	1,983,171,735	0	0
em-p-ihep51	20260625112120814000000	34	23,149,878,956,032	23,149,994,762,240	14,613,463,062,370	25,154,938,761,216	25,945,969,811,456	22,034,264,555,520	29,685,706,653,696	673,229,394	1,211,575,888	0	0
em-p-ihep51	20260625112130809000000	31	23,149,891,493,888	23,150,124,036,096	14,614,136,165,997	25,154,938,761,216	25,945,969,811,456	22,034,264,555,520	29,685,706,653,696	418,917,549	2,140,051,468	0	0
em-p-ihep51	20260625112140828000000	29	23,149,910,671,360	23,150,198,345,728	14,606,315,112,580	25,154,938,761,216	25,945,969,811,456	22,034,264,555,520	29,685,706,653,696	535,989,749	2,536,806,451	0	0
em-p-ihep51	20260625112150873000000	33	23,150,026,637,312	23,150,136,283,136	14,589,331,465,382	25,154,938,761,216	25,945,969,811,456	22,034,264,555,520	29,685,706,653,696	808,512,193	2,490,074,761	0	0
em-p-ihep51	20260625112200919000000	37	23,150,039,064,576	23,150,544,011,264	14,571,896,601,058	25,154,938,761,216	25,945,969,811,456	22,034,264,555,520	29,685,706,653,696	933,089,589	2,097,552,387	0	0
em-p-ihep51	20260625112210885000000	36	23,150,015,664,128	23,150,139,478,016	14,582,648,110,887	25,154,938,761,216	25,945,969,811,456	22,034,264,555,520	29,685,706,653,696	851,983,312	1,247,816,440	0	0
em-p-ihep51	20260625112220853000000	25	23,151,074,701,312	23,151,344,369,664	14,575,171,183,780	25,154,938,761,216	25,945,969,811,456	22,034,264,555,520	29,685,706,653,696	734,496,600	2,868,594,263	0	0
em-p-ihep51	20260625112230865000000	20	23,151,066,144,768	23,151,286,833,152	14,573,188,597,673	25,154,938,761,216	25,945,969,811,456	22,034,264,555,520	29,685,706,653,696	868,401,513	1,546,007,895	0	0
em-p-ihep51	20260625112240929000000	18	23,151,297,552,384	23,151,445,159,936	14,571,223,058,094	25,154,938,761,216	25,945,969,811,456	22,034,264,555,520	29,685,706,653,696	567,479,702	1,194,580,615	0	0
em-p-ihep51	20260625112250896000000	19	23,151,296,258,048	23,151,383,924,736	14,574,598,939,030	25,154,938,761,216	25,945,969,811,456	22,034,264,555,520	29,685,706,653,696	540,004,145	1,040,769,044	0	0
em-p-ihep51	20260625112300922000000	19	23,151,307,116,544	23,151,416,545,280	14,569,550,845,290	25,154,938,761,216	25,945,969,811,456	22,034,264,555,520	29,685,706,653,696	544,583,055	1,196,207,852	0	0
em-p-ihep51	20260625112311003000000	20	23,151,306,092,544	23,151,394,127,872	14,572,870,339,903	25,154,938,761,216	25,945,969,811,456	22,034,264,555,520	29,685,706,653,696	607,651,912	1,110,203,632	0	0
em-p-ihep51	20260625112321022000000	18	23,151,303,610,368	23,151,391,678,464	14,568,006,904,317	25,154,938,761,216	25,945,969,811,456	22,034,264,555,520	29,685,706,653,696	242,512,305	1,118,173,128	0	0
em-p-ihep51	20260625112331107000000	17	23,151,299,051,520	23,151,386,972,160	14,569,237,915,587	25,154,938,761,216	25,945,969,811,456	22,034,264,555,520	29,685,706,653,696	410,982,762	1,347,571,747	0	0
em-p-ihep51	20260625112341121000000	14	23,151,303,430,144	23,151,794,728,960	14,567,939,526,891	25,154,938,761,216	25,945,969,811,456	22,034,264,555,520	29,685,706,653,696	676,983,874	1,360,687,242	0	0
em-p-ihep51	20260625112351140000000	18	23,151,309,209,600	23,151,436,480,512	14,568,231,183,998	25,154,938,761,216	25,945,969,811,456	22,034,264,555,520	29,685,706,653,696	419,048,966	889,209,753	0	0
em-p-ihep51	20260625112401140000000	19	23,151,386,361,856	23,151,514,324,992	14,574,765,244,928	25,154,938,761,216	25,945,969,811,456	22,034,264,555,520	29,685,706,653,696	396,606,729	1,206,729,395	0	0
em-p-ihep51	20260625112411231000000	18	23,152,274,440,192	23,152,577,003,520	14,586,563,351,385	25,154,938,761,216	25,945,969,811,456	22,034,264,555,520	29,685,706,653,696	644,352,559	1,467,071,739	0	0
em-p-ihep51	20260625112421313000000	30	23,153,849,028,608	23,153,979,039,744	14,568,896,150,606	25,154,938,761,216	25,945,969,811,456	22,034,264,555,520	29,685,706,653,696	687,311,595	1,424,965,310	0	0
em-p-ihep51	20260625112431244000000	27	23,153,851,125,760	23,154,114,088,960	14,571,367,642,584	25,154,938,761,216	25,945,969,811,456	22,034,264,555,520	29,685,706,653,696	682,585,771	2,576,387,118	0	0
em-p-ihep51	20260625112441367000000	30	23,153,902,145,536	23,154,026,373,120	14,568,239,137,729	25,154,938,761,216	25,945,969,811,456	22,034,264,555,520	29,685,706,653,696	503,108,472	1,532,060,535	0	0
em-p-ihep51	20260625112451444000000	28	23,153,902,039,040	23,154,173,878,272	14,569,544,055,932	25,154,938,761,216	25,945,969,811,456	22,034,264,555,520	29,685,706,653,696	521,265,801	1,506,578,763	0	0
em-p-ihep51	20260625112501470000000	25	23,153,899,827,200	23,154,019,282,944	14,566,130,447,717	25,154,938,761,216	25,945,969,811,456	22,034,264,555,520	29,685,706,653,696	386,644,959	1,480,654,177	0	0
em-p-ihep51	20260625112511600000000	27	23,153,902,637,056	23,154,025,271,296	14,589,738,011,450	25,154,938,761,216	25,945,969,811,456	22,034,264,555,520	29,685,706,653,696	815,230,622	1,710,982,552	0	0
em-p-ihep51	20260625112521563000000	33	23,153,910,636,544	23,154,329,673,728	14,561,779,511,678	25,154,938,761,216	25,945,969,811,456	22,034,264,555,520	29,685,706,653,696	786,516,201	1,303,547,663	0	0
em-p-ihep51	20260625112531518000000	29	23,153,911,025,664	23,154,302,201,856	14,568,991,819,696	25,154,938,761,216	25,945,969,811,456	22,034,264,555,520	29,685,706,653,696	922,106,307	1,403,484,998	0	0
em-p-ihep51	20260625112541524000000	27	23,153,904,541,696	23,154,085,621,760	14,559,660,568,787	25,154,938,761,216	25,945,969,811,456	22,034,264,555,520	29,685,706,653,696	677,538,885	1,330,707,183	0	0
em-p-ihep51	20260625112551613000000	24	23,153,903,247,360	23,154,109,992,960	14,566,677,626,124	25,154,938,761,216	25,945,969,811,456	22,034,264,555,520	29,685,706,653,696	814,599,961	1,446,617,671	0	0
em-p-ihep51	20260625112601630000000	28	23,153,908,162,560	23,154,090,532,864	14,561,444,242,901	25,154,938,761,216	25,945,969,811,456	22,034,264,555,520	29,685,706,653,696	804,149,957	1,570,551,339	0	0
em-p-ihep51	20260625112611672000000	29	23,153,904,496,640	23,154,086,879,232	14,563,311,033,999	25,154,938,761,216	25,945,969,811,456	22,034,264,555,520	29,685,706,653,696	882,868,358	1,807,970,489	0	0
em-p-ihep51	20260625112621699000000	30	23,153,908,191,232	23,154,091,986,944	14,561,939,108,593	25,154,938,761,216	25,945,969,811,456	22,034,264,555,520	29,685,706,653,696	494,756,934	1,498,023,437	0	0
em-p-ihep51	20260625112631679000000	32	23,153,904,504,832	23,154,087,297,024	14,562,824,275,588	25,154,938,761,216	25,945,969,811,456	22,034,264,555,520	29,685,706,653,696	546,834,470	1,238,469,434	0	0
em-p-ihep51	20260625112641776000000	28	23,153,900,957,696	23,154,083,430,400	14,560,726,492,049	25,154,938,761,216	25,945,969,811,456	22,034,264,555,520	29,685,706,653,696	493,734,402	938,686,682	0	0
em-p-ihep51	20260625112651871000000	26	23,153,902,256,128	23,154,084,749,312	14,563,267,989,592	25,154,938,761,216	25,945,969,811,456	22,034,264,555,520	29,685,706,653,696	741,147,050	1,369,982,418	0	0
em-p-ihep51	20260625112701983000000	24	23,153,903,120,384	23,154,513,047,552	14,560,358,947,577	25,154,938,761,216	25,945,969,811,456	22,034,264,555,520	29,685,706,653,696	567,498,241	1,206,469,416	0	0
em-p-ihep51	20260625112712003000000	26	23,153,902,268,416	23,154,102,939,648	14,563,115,311,472	25,154,938,761,216	25,945,969,811,456	22,034,264,555,520	29,685,706,653,696	654,420,842	1,612,423,412	0	0
em-p-ihep51	20260625112722095000000	26	23,153,902,399,488	23,154,084,438,016	14,556,136,261,785	25,154,938,761,216	25,945,969,811,456	22,034,264,555,520	29,685,706,653,696	855,816,399	2,054,580,697	0	0
em-p-ihep51	20260625112732105000000	20	23,153,904,553,984	23,154,058,711,040	14,557,742,730,550	25,154,938,761,216	25,945,969,811,456	22,034,264,555,520	29,685,706,653,696	509,062,841	1,178,004,594	0	0
em-p-ihep51	20260625112742096000000	28	23,153,904,828,416	23,154,000,064,512	14,561,779,470,223	25,154,938,761,216	25,945,969,811,456	22,034,264,555,520	29,685,706,653,696	331,591,047	1,331,369,830	0	0
em-p-ihep51	20260625112752112000000	21	23,153,906,880,512	23,154,001,371,136	14,555,725,226,623	25,154,938,761,216	25,945,969,811,456	22,034,264,555,520	29,685,706,653,696	301,272,184	1,238,705,037	0	0
em-p-ihep51	20260625112802195000000	19	23,153,910,824,960	23,154,005,020,672	14,562,142,455,842	25,154,938,761,216	25,945,969,811,456	22,034,264,555,520	29,685,706,653,696	297,460,078	824,413,742	0	0
em-p-ihep51	20260625112812192000000	19	23,153,906,159,616	23,154,004,152,320	14,562,269,892,296	25,154,938,761,216	25,945,969,811,456	22,034,264,555,520	29,685,706,653,696	549,169,171	986,387,748	0	0
em-p-ihep51	20260625112822199000000	24	23,153,890,832,384	23,153,997,758,464	14,560,260,226,783	25,154,938,761,216	25,945,969,811,456	22,034,264,555,520	29,685,706,653,696	441,071,186	1,174,218,412	0	0
em-p-ihep51	20260625112832205000000	23	23,153,888,567,296	23,154,044,977,152	14,554,150,503,921	25,154,938,761,216	25,945,969,811,456	22,034,264,555,520	29,685,706,653,696	600,360,438	975,448,781	0	0
em-p-ihep51	20260625112842319000000	17	23,159,325,519,872	23,158,825,992,192	14,574,134,371,688	25,154,938,761,216	25,945,969,811,456	22,034,264,555,520	29,685,706,653,696	236,254,290	2,017,255,583	0	0
em-p-ihep51	20260625112852410000000	16	23,157,821,333,504	23,160,693,293,056	14,556,933,333,764	25,154,938,761,216	25,945,969,811,456	22,034,264,555,520	29,685,706,653,696	666,485,768	1,647,285,267	0	0
em-p-ihep51	20260625112902508000000	21	23,152,823,070,720	23,152,943,796,224	14,560,667,161,738	25,154,938,761,216	25,945,969,811,456	22,034,264,555,520	29,685,706,653,696	534,948,948	1,587,680,602	0	0
em-p-ihep51	20260625112912607000000	20	23,152,824,262,656	23,153,442,197,504	14,577,674,896,456	25,154,938,761,216	25,945,969,811,456	22,034,264,555,520	29,685,706,653,696	499,211,069	2,643,251,134	0	0
em-p-ihep51	20260625112922692000000	17	23,152,822,968,320	23,152,932,626,432	14,566,056,143,467	25,154,938,761,216	25,945,969,811,456	22,034,264,555,520	29,685,706,653,696	551,717,340	1,201,631,537	0	0
em-p-ihep51	20260625112932708000000	18	23,152,819,404,800	23,152,929,062,912	14,560,401,524,041	25,154,938,761,216	25,945,969,811,456	22,034,264,555,520	29,685,706,653,696	243,216,410	826,150,237	0	0
em-p-ihep51	20260625112942736000000	21	23,152,820,756,480	23,152,930,873,344	14,561,764,554,181	25,154,938,761,216	25,945,969,811,456	22,034,264,555,520	29,685,706,653,696	295,371,936	855,559,600	0	0
em-p-ihep51	20260625112952851000000	20	23,152,819,544,064	23,152,971,481,088	14,565,486,460,649	25,154,938,761,216	25,945,969,811,456	22,034,264,555,520	29,685,706,653,696	511,309,362	1,067,367,023	0	0
em-p-ihep51	20260625113002873000000	26	23,152,831,586,304	23,152,937,422,848	14,562,864,453,557	25,154,938,761,216	25,945,969,811,456	22,034,264,555,520	29,685,706,653,696	430,240,333	1,449,727,532	0	0
em-p-ihep51	20260625113012854000000	35	23,152,830,402,560	23,152,938,635,264	14,591,098,154,480	25,154,938,761,216	25,945,969,811,456	22,034,264,555,520	29,685,706,653,696	1,122,247,690	2,387,288,398	0	0
em-p-ihep51	20260625113022881000000	30	23,152,826,839,040	23,152,962,514,944	14,572,107,512,809	25,154,938,761,216	25,945,969,811,456	22,034,264,555,520	29,685,706,653,696	630,809,341	1,782,642,956	0	0
em-p-ihep51	20260625113032967000000	32	23,153,248,788,480	23,153,370,406,912	14,577,212,126,011	25,154,938,761,216	25,945,969,811,456	22,034,264,555,520	29,685,706,653,696	581,140,632	2,011,685,925	0	0
em-p-ihep51	20260625113042992000000	36	23,153,253,023,744	23,153,371,856,896	14,566,470,797,624	25,154,938,761,216	25,945,969,811,456	22,034,264,555,520	29,685,706,653,696	1,099,400,086	1,651,438,206	0	0
em-p-ihep51	20260625113053005000000	30	23,153,257,316,352	23,153,788,157,952	14,569,271,382,444	25,154,938,761,216	25,945,969,811,456	22,034,264,555,520	29,685,706,653,696	545,704,759	1,202,327,335	0	0
em-p-ihep51	20260625113103033000000	29	23,153,255,174,144	23,153,757,188,096	14,565,941,414,893	25,154,938,761,216	25,945,969,811,456	22,034,264,555,520	29,685,706,653,696	372,757,582	1,999,287,391	0	0
em-p-ihep51	20260625113113054000000	34	23,153,257,304,064	23,153,375,277,056	14,572,078,976,374	25,154,938,761,216	25,945,969,811,456	22,034,264,555,520	29,685,706,653,696	354,106,265	2,126,120,416	0	0
em-p-ihep51	20260625113123063000000	30	23,153,259,896,832	23,153,428,541,440	14,574,686,232,275	25,154,938,761,216	25,945,969,811,456	22,034,264,555,520	29,685,706,653,696	446,526,440	1,499,246,235	0	0
em-p-ihep51	20260625113133064000000	28	23,153,273,192,448	23,153,390,698,496	14,574,459,492,169	25,154,938,761,216	25,945,969,811,456	22,034,264,555,520	29,685,706,653,696	1,102,530,112	2,215,832,019	0	0
em-p-ihep51	20260625113143079000000	26	23,153,267,834,880	23,153,378,009,088	14,562,824,005,479	25,154,938,761,216	25,945,969,811,456	22,034,264,555,520	29,685,706,653,696	747,021,786	1,441,838,349	0	0
em-p-ihep51	20260625113153095000000	31	23,153,271,484,416	23,153,379,307,520	14,566,799,148,580	25,154,938,761,216	25,945,969,811,456	22,034,264,555,520	29,685,706,653,696	666,047,045	1,579,491,558	0	0
em-p-ihep51	20260625113203230000000	26	23,153,282,252,800	23,153,422,794,752	14,568,464,918,679	25,154,938,761,216	25,945,969,811,456	22,034,264,555,520	29,685,706,653,696	540,801,768	1,685,015,876	0	0
em-p-ihep51	20260625113213225000000	37	23,153,249,501,184	23,153,353,641,984	14,569,975,170,859	25,154,938,761,216	25,945,969,811,456	22,034,264,555,520	29,685,706,653,696	1,084,810,162	1,750,813,744	0	0
em-p-ihep51	20260625113223227000000	26	23,153,249,886,208	23,153,354,297,344	14,569,349,785,507	25,154,938,761,216	25,945,969,811,456	22,034,264,555,520	29,685,706,653,696	648,750,680	1,587,769,490	0	0
em-p-ihep51	20260625113233239000000	25	23,153,253,453,824	23,153,379,196,928	14,566,635,004,814	25,154,938,761,216	25,945,969,811,456	22,034,264,555,520	29,685,706,653,696	898,695,339	1,485,371,462	0	0
em-p-ihep51	20260625113243287000000	21	23,153,252,319,232	23,153,356,963,840	14,560,129,284,109	25,154,938,761,216	25,945,969,811,456	22,034,264,555,520	29,685,706,653,696	1,008,722,469	1,753,054,135	0	0
em-p-ihep51	20260625113253258000000	25	23,153,254,645,760	23,153,359,724,544	14,564,895,353,037	25,154,938,761,216	25,945,969,811,456	22,034,264,555,520	29,685,706,653,696	682,636,836	1,401,918,073	0	0
em-p-ihep51	20260625113303291000000	20	23,153,255,890,944	23,153,374,572,544	14,559,973,435,477	25,154,938,761,216	25,945,969,811,456	22,034,264,555,520	29,685,706,653,696	574,841,702	1,472,958,698	0	0
em-p-ihep51	20260625113313305000000	23	23,153,255,944,192	23,153,361,211,392	14,567,398,052,473	25,154,938,761,216	25,945,969,811,456	22,034,264,555,520	29,685,706,653,696	793,313,512	1,561,410,277	0	0
em-p-ihep51	20260625113323305000000	20	23,153,258,102,784	23,153,362,317,312	14,571,499,887,485	25,154,938,761,216	25,945,969,811,456	22,034,264,555,520	29,685,706,653,696	546,510,788	1,444,116,176	0	0
em-p-ihep51	20260625113333406000000	19	23,153,258,266,624	23,153,414,168,576	14,583,848,800,775	25,154,938,761,216	25,945,969,811,456	22,034,264,555,520	29,685,706,653,696	454,295,120	1,375,428,076	0	0
em-p-ihep51	20260625113343422000000	29	23,153,265,397,760	23,153,394,450,432	14,591,654,278,897	25,154,938,761,216	25,945,969,811,456	22,034,264,555,520	29,685,706,653,696	445,375,018	1,242,771,159	0	0
em-p-ihep51	20260625113353516000000	22	23,153,266,647,040	23,153,407,467,520	14,600,384,748,355	25,154,938,761,216	25,945,969,811,456	22,034,264,555,520	29,685,706,653,696	668,572,956	1,074,057,459	0	0
em-p-ihep51	20260625113403510000000	24	23,153,258,323,968	23,153,376,378,880	14,608,791,797,307	25,154,938,761,216	25,945,969,811,456	22,034,264,555,520	29,685,706,653,696	304,652,372	1,262,083,974	0	0
em-p-ihep51	20260625113413618000000	23	23,153,261,838,336	23,153,384,558,592	14,636,451,685,038	25,154,938,761,216	25,945,969,811,456	22,034,264,555,520	29,685,706,653,696	502,508,810	814,772,729	0	0
em-p-ihep51	20260625113423610000000	24	23,153,300,652,032	23,153,421,774,848	14,631,498,795,165	25,154,938,761,216	25,945,969,811,456	22,034,264,555,520	29,685,706,653,696	331,930,593	794,832,228	0	0
em-p-ihep51	20260625113433621000000	19	23,153,299,357,696	23,153,405,419,520	14,626,338,253,664	25,154,938,761,216	25,945,969,811,456	22,034,264,555,520	29,685,706,653,696	314,302,490	796,809,757	0	0
em-p-ihep51	20260625113443650000000	21	23,153,298,059,264	23,153,406,545,920	14,628,450,079,206	25,154,938,761,216	25,945,969,811,456	22,034,264,555,520	29,685,706,653,696	546,973,431	1,390,294,991	0	0
em-p-ihep51	20260625113453656000000	19	23,153,299,443,712	23,153,569,705,984	14,624,878,016,783	25,154,938,761,216	25,945,969,811,456	22,034,264,555,520	29,685,706,653,696	588,717,428	3,321,774,253	0	0
em-p-ihep51	20260625113503669000000	21	23,153,303,900,160	23,153,474,109,440	14,629,862,261,480	25,154,938,761,216	25,945,969,811,456	22,034,264,555,520	29,685,706,653,696	518,317,682	1,381,110,384	0	0
em-p-ihep51	20260625113513749000000	25	23,153,304,907,776	23,153,411,928,064	14,632,460,549,240	25,154,938,761,216	25,945,969,811,456	22,034,264,555,520	29,685,706,653,696	526,910,031	1,436,820,322	0	0
em-p-ihep51	20260625113523754000000	24	23,153,307,275,264	23,153,532,194,816	14,562,082,618,586	25,154,938,761,216	25,945,969,811,456	22,034,264,555,520	29,685,706,653,696	355,260,475	889,631,840	0	0
em-p-ihep51	20260625113533749000000	19	23,153,304,793,088	23,153,447,878,656	14,564,980,423,179	25,154,938,761,216	25,945,969,811,456	22,034,264,555,520	29,685,706,653,696	401,191,853	757,638,484	0	0
em-p-ihep51	20260625113543850000000	24	23,153,302,417,408	23,153,444,687,872	14,560,740,469,934	25,154,938,761,216	25,945,969,811,456	22,034,264,555,520	29,685,706,653,696	479,860,275	1,195,271,277	0	0
em-p-ihep51	20260625113553965000000	21	23,153,303,769,088	23,153,888,018,432	14,557,152,060,477	25,154,938,761,216	25,945,969,811,456	22,034,264,555,520	29,685,706,653,696	1,220,690,475	1,543,760,078	0	0
em-p-ihep51	20260625113603979000000	28	23,153,302,286,336	23,153,467,359,232	14,564,572,159,408	25,154,938,761,216	25,945,969,811,456	22,034,264,555,520	29,685,706,653,696	539,225,535	1,000,726,658	0	0
em-p-ihep51	20260625113614074000000	22	23,156,454,727,680	23,156,604,567,552	14,568,744,631,570	25,154,938,761,216	25,945,969,811,456	22,034,264,555,520	29,685,706,653,696	356,679,917	1,344,024,876	0	0
em-p-ihep51	20260625113624065000000	24	23,156,453,814,272	23,156,615,675,904	14,562,812,247,264	25,154,938,761,216	25,945,969,811,456	22,034,264,555,520	29,685,706,653,696	472,471,649	1,597,102,271	0	0
em-p-ihep51	20260625113634171000000	26	23,156,454,916,096	23,156,600,033,280	14,564,493,385,209	25,154,938,761,216	25,945,969,811,456	22,034,264,555,520	29,685,706,653,696	586,433,605	1,202,391,712	0	0
em-p-ihep51	20260625113644168000000	30	23,156,447,133,696	23,156,600,315,904	14,570,134,794,125	25,154,938,761,216	25,945,969,811,456	22,034,264,555,520	29,685,706,653,696	292,554,473	904,302,318	0	0
em-p-ihep51	20260625113654194000000	30	23,156,455,342,080	23,156,600,610,816	14,570,059,260,872	25,154,938,761,216	25,945,969,811,456	22,034,264,555,520	29,685,706,653,696	556,510,191	1,174,823,186	0	0
em-p-ihep51	20260625113704214000000	22	23,156,458,151,936	23,157,013,970,944	14,568,013,757,300	25,154,938,761,216	25,945,969,811,456	22,034,264,555,520	29,685,706,653,696	431,421,848	883,867,459	0	0
em-p-ihep51	20260625113714316000000	24	23,156,456,218,624	23,156,774,436,864	14,576,187,889,882	25,154,938,761,216	25,945,969,811,456	22,034,264,555,520	29,685,706,653,696	719,637,514	2,061,230,033	0	0
em-p-ihep51	20260625113724386000000	21	23,156,455,047,168	23,156,601,208,832	14,564,257,485,795	25,154,938,761,216	25,945,969,811,456	22,034,264,555,520	29,685,706,653,696	547,280,067	1,848,086,136	0	0
em-p-ihep51	20260625113734481000000	17	23,156,455,211,008	23,157,062,991,872	14,557,464,361,106	25,154,938,761,216	25,945,969,811,456	22,034,264,555,520	29,685,706,653,696	675,790,376	1,049,468,518	0	0
em-p-ihep51	20260625113744590000000	22	23,156,452,835,328	23,156,598,628,352	14,555,704,314,095	25,154,938,761,216	25,945,969,811,456	22,034,264,555,520	29,685,706,653,696	341,298,400	1,618,221,171	0	0
em-p-ihep51	20260625113754589000000	21	23,156,457,426,944	23,156,600,770,560	14,559,655,170,647	25,154,938,761,216	25,945,969,811,456	22,034,264,555,520	29,685,706,653,696	812,153,379	1,504,670,385	0	0
em-p-ihep51	20260625113804617000000	26	23,156,450,430,976	23,156,643,889,152	14,561,282,418,747	25,154,938,761,216	25,945,969,811,456	22,034,264,555,520	29,685,706,653,696	611,453,576	1,067,836,371	0	0
em-p-ihep51	20260625113814695000000	27	23,156,439,756,800	23,156,560,842,752	14,558,478,298,057	25,154,938,761,216	25,945,969,811,456	22,034,264,555,520	29,685,706,653,696	684,453,775	1,262,873,753	0	0
em-p-ihep51	20260625113824769000000	21	23,156,443,320,320	23,156,537,458,688	14,560,340,483,706	25,154,938,761,216	25,945,969,811,456	22,034,264,555,520	29,685,706,653,696	727,053,493	1,153,473,370	0	0
em-p-ihep51	20260625113834885000000	20	23,156,444,672,000	23,156,535,435,264	14,555,442,342,547	25,154,938,761,216	25,945,969,811,456	22,034,264,555,520	29,685,706,653,696	424,524,108	835,902,434	0	0
em-p-ihep51	20260625113845011000000	21	23,156,446,830,592	23,156,539,514,880	14,558,578,087,416	25,154,938,761,216	25,945,969,811,456	22,034,264,555,520	29,685,706,653,696	312,296,328	987,828,840	0	0
em-p-ihep51	20260625113855062000000	19	23,156,444,672,000	23,156,547,014,656	14,558,446,738,394	25,154,938,761,216	25,945,969,811,456	22,034,264,555,520	29,685,706,653,696	864,269,902	1,802,230,849	0	0
em-p-ihep51	20260625113905125000000	22	23,156,449,263,616	23,156,539,797,504	14,562,192,951,646	25,154,938,761,216	25,945,969,811,456	22,034,264,555,520	29,685,706,653,696	585,974,192	2,059,201,776	0	0
em-p-ihep51	20260625113915106000000	30	23,156,467,392,512	23,156,562,649,088	14,569,089,539,281	25,154,938,761,216	25,945,969,811,456	22,034,264,555,520	29,685,706,653,696	612,818,857	2,307,304,826	0	0
em-p-ihep51	20260625113925104000000	25	23,154,947,579,904	23,155,715,485,696	14,565,238,721,709	25,154,938,761,216	25,945,969,811,456	22,034,264,555,520	29,685,706,653,696	276,242,995	2,283,808,542	0	0
em-p-ihep51	20260625113935111000000	24	23,154,929,508,352	23,155,022,479,360	14,561,999,696,391	25,154,938,761,216	25,945,969,811,456	22,034,264,555,520	29,685,706,653,696	699,151,087	1,508,699,975	0	0
em-p-ihep51	20260625113945129000000	19	23,154,923,679,744	23,155,015,221,248	14,556,330,062,662	25,154,938,761,216	25,945,969,811,456	22,034,264,555,520	29,685,706,653,696	637,896,441	1,210,758,323	0	0
em-p-ihep51	20260625113955218000000	19	23,154,929,676,288	23,155,094,126,592	14,555,842,940,519	25,154,938,761,216	25,945,969,811,456	22,034,264,555,520	29,685,706,653,696	587,540,475	1,358,684,090	0	0
em-p-ihep51	20260625114005254000000	31	23,155,085,012,992	23,155,184,513,024	14,569,553,195,879	25,154,938,761,216	25,945,969,811,456	22,034,264,555,520	29,685,706,653,696	1,080,777,256	2,108,136,203	0	0
em-p-ihep51	20260625114015249000000	38	23,157,668,454,400	23,157,250,981,888	14,615,204,684,239	25,154,938,761,216	25,945,969,811,456	22,034,264,555,520	29,685,706,653,696	767,564,166	1,442,247,830	0	0
em-p-ihep51	20260625114025261000000	36	23,159,181,676,544	23,159,351,226,368	14,574,680,880,093	25,154,938,761,216	25,945,969,811,456	22,034,264,555,520	29,685,706,653,696	639,380,742	1,157,680,522	0	0
em-p-ihep51	20260625114035302000000	31	23,159,180,865,536	23,159,247,638,528	14,585,302,430,788	25,154,938,761,216	25,945,969,811,456	22,034,264,555,520	29,685,706,653,696	375,276,977	1,364,560,423	0	0
em-p-ihep51	20260625114045286000000	34	23,159,180,984,320	23,159,247,974,400	14,563,002,743,957	25,154,938,761,216	25,945,969,811,456	22,034,264,555,520	29,685,706,653,696	633,545,497	1,797,771,190	0	0
em-p-ihep51	20260625114055295000000	28	23,159,183,896,576	23,159,637,520,384	14,574,706,750,442	25,154,938,761,216	25,945,969,811,456	22,034,264,555,520	29,685,706,653,696	1,055,124,620	1,513,592,440	0	0
em-p-ihep51	20260625114105340000000	37	23,159,133,184,000	23,159,200,059,392	14,571,725,214,438	25,154,938,761,216	25,945,969,811,456	22,034,264,555,520	29,685,706,653,696	911,855,953	1,656,302,619	0	0
em-p-ihep51	20260625114115341000000	35	23,159,142,924,288	23,159,260,282,880	14,575,150,976,665	25,154,938,761,216	25,945,969,811,456	22,034,264,555,520	29,685,706,653,696	733,897,021	1,323,291,839	0	0
em-p-ihep51	20260625114125368000000	33	23,159,156,314,112	23,159,633,776,640	14,565,460,219,806	25,154,938,761,216	25,945,969,811,456	22,034,264,555,520	29,685,706,653,696	610,364,127	1,111,127,561	0	0
em-p-ihep51	20260625114135367000000	30	23,159,166,369,792	23,159,233,781,760	14,562,872,137,529	25,154,938,761,216	25,945,969,811,456	22,034,264,555,520	29,685,706,653,696	860,810,823	1,288,363,051	0	0
em-p-ihep51	20260625114145397000000	34	23,159,166,877,696	23,159,369,011,200	14,563,503,121,751	25,154,938,761,216	25,945,969,811,456	22,034,264,555,520	29,685,706,653,696	772,511,745	3,191,916,416	0	0
em-p-ihep51	20260625114155412000000	36	23,159,170,252,800	23,159,694,286,848	14,562,844,448,348	25,154,938,761,216	25,945,969,811,456	22,034,264,555,520	29,685,706,653,696	313,692,456	1,218,406,711	0	0
em-p-ihep51	20260625114205462000000	36	23,159,169,744,896	23,159,234,543,616	14,560,975,269,834	25,154,938,761,216	25,945,969,811,456	22,034,264,555,520	29,685,706,653,696	493,470,086	1,858,616,849	0	0
em-p-ihep51	20260625114215442000000	31	23,159,182,974,976	23,159,409,115,136	14,559,187,787,104	25,154,938,761,216	25,945,969,811,456	22,034,264,555,520	29,685,706,653,696	495,460,291	1,830,859,326	0	0
em-p-ihep51	20260625114225467000000	23	23,159,184,023,552	23,159,247,372,288	14,561,175,355,584	25,154,938,761,216	25,945,969,811,456	22,034,264,555,520	29,685,706,653,696	500,953,302	1,299,907,197	0	0
em-p-ihep51	20260625114235466000000	21	23,159,180,623,872	23,159,252,656,128	14,555,821,907,672	25,154,938,761,216	25,945,969,811,456	22,034,264,555,520	29,685,706,653,696	529,943,214	924,136,864	0	0
em-p-ihep51	20260625114245570000000	21	23,159,190,487,040	23,159,260,319,744	14,557,032,396,427	25,154,938,761,216	25,945,969,811,456	22,034,264,555,520	29,685,706,653,696	569,917,671	1,667,429,890	0	0
em-p-ihep51	20260625114255572000000	23	23,159,189,458,944	23,159,257,767,936	14,560,912,135,797	25,154,938,761,216	25,945,969,811,456	22,034,264,555,520	29,685,706,653,696	439,780,762	1,004,278,736	0	0
em-p-ihep51	20260625114305680000000	19	23,159,190,700,032	23,159,275,761,664	14,556,588,387,374	25,154,938,761,216	25,945,969,811,456	22,034,264,555,520	29,685,706,653,696	338,483,792	1,347,095,997	0	0
em-p-ihep51	20260625114315685000000	22	23,159,187,247,104	23,159,761,846,272	14,555,470,286,279	25,154,938,761,216	25,945,969,811,456	22,034,264,555,520	29,685,706,653,696	401,063,086	1,251,721,689	0	0
em-p-ihep51	20260625114325775000000	16	23,159,186,059,264	23,159,296,331,776	14,555,942,323,525	25,154,938,761,216	25,945,969,811,456	22,034,264,555,520	29,685,706,653,696	480,324,953	1,287,563,456	0	0
em-p-ihep51	20260625114335866000000	19	23,159,184,654,336	23,159,333,072,896	14,556,929,338,148	25,154,938,761,216	25,945,969,811,456	22,034,264,555,520	29,685,706,653,696	774,041,731	2,207,612,488	0	0
em-p-ihep51	20260625114345960000000	23	23,159,189,413,888	23,159,287,042,048	14,561,787,928,761	25,154,938,761,216	25,945,969,811,456	22,034,264,555,520	29,685,706,653,696	800,169,113	1,559,428,498	0	0
em-p-ihep51	20260625114356051000000	21	23,159,183,740,928	23,159,281,119,232	14,554,199,159,337	25,154,938,761,216	25,945,969,811,456	22,034,264,555,520	29,685,706,653,696	591,169,665	1,473,459,077	0	0
em-p-ihep51	20260625114406077000000	22	23,159,185,092,608	23,159,282,827,264	14,563,716,225,982	25,154,938,761,216	25,945,969,811,456	22,034,264,555,520	29,685,706,653,696	676,976,904	1,485,710,283	0	0
em-p-ihep51	20260625114416064000000	24	23,159,187,918,848	23,159,724,089,344	14,557,863,800,560	25,154,938,761,216	25,945,969,811,456	22,034,264,555,520	29,685,706,653,696	363,533,523	1,478,535,724	0	0
em-p-ihep51	20260625114426081000000	24	23,159,185,707,008	23,159,282,814,976	14,561,576,050,414	25,154,938,761,216	25,945,969,811,456	22,034,264,555,520	29,685,706,653,696	687,855,912	1,201,834,301	0	0
em-p-ihep51	20260625114436124000000	20	23,159,191,699,456	23,159,293,427,712	14,560,521,304,169	25,154,938,761,216	25,945,969,811,456	22,034,264,555,520	29,685,706,653,696	303,494,720	706,530,768	0	0
em-p-ihep51	20260625114446116000000	22	23,159,193,161,728	23,159,295,819,776	14,563,430,761,389	25,154,938,761,216	25,945,969,811,456	22,034,264,555,520	29,685,706,653,696	542,827,632	1,165,294,892	0	0
em-p-ihep51	20260625114456218000000	24	23,159,193,161,728	23,159,288,102,912	14,558,660,256,016	25,154,938,761,216	25,945,969,811,456	22,034,264,555,520	29,685,706,653,696	423,478,471	1,022,443,511	0	0
em-p-ihep51	20260625114506326000000	23	23,159,190,700,032	23,159,286,943,744	14,562,530,344,499	25,154,938,761,216	25,945,969,811,456	22,034,264,555,520	29,685,706,653,696	606,650,371	1,605,848,800	0	0
em-p-ihep51	20260625114516345000000	29	23,159,191,670,784	23,159,283,286,016	14,567,377,738,193	25,154,938,761,216	25,945,969,811,456	22,034,264,555,520	29,685,706,653,696	371,402,199	1,219,294,389	0	0
em-p-ihep51	20260625114526348000000	29	23,159,190,593,536	23,159,292,649,472	14,563,196,025,555	25,154,938,761,216	25,945,969,811,456	22,034,264,555,520	29,685,706,653,696	377,813,848	864,393,170	0	0
em-p-ihep51	20260625114536343000000	22	23,159,187,193,856	23,159,376,498,688	14,558,427,934,656	25,154,938,761,216	25,945,969,811,456	22,034,264,555,520	29,685,706,653,696	553,321,077	858,729,981	0	0
em-p-ihep51	20260625114546442000000	22	23,159,188,058,112	23,159,350,566,912	14,557,086,612,941	25,154,938,761,216	25,945,969,811,456	22,034,264,555,520	29,685,706,653,696	224,756,271	876,912,083	0	0
em-p-ihep51	20260625114556523000000	25	23,159,187,087,360	23,159,363,129,344	14,569,384,400,870	25,154,938,761,216	25,945,969,811,456	22,034,264,555,520	29,685,706,653,696	348,917,535	827,699,239	0	0
em-p-ihep51	20260625114606606000000	36	23,159,198,941,184	23,159,349,186,560	14,581,160,881,333	25,154,938,761,216	25,945,969,811,456	22,034,264,555,520	29,685,706,653,696	458,763,228	2,302,876,295	0	0
em-p-ihep51	20260625114616634000000	39	23,159,188,553,728	23,159,330,320,384	14,569,510,668,184	25,154,938,761,216	25,945,969,811,456	22,034,264,555,520	29,685,706,653,696	679,494,005	2,545,095,671	0	0
em-p-ihep51	20260625114626628000000	27	23,159,196,262,400	23,159,739,654,144	14,563,914,554,758	25,154,938,761,216	25,945,969,811,456	22,034,264,555,520	29,685,706,653,696	843,842,602	2,590,802,649	0	0
em-p-ihep51	20260625114636637000000	23	23,159,195,222,016	23,159,334,809,600	14,567,608,087,015	25,154,938,761,216	25,945,969,811,456	22,034,264,555,520	29,685,706,653,696	656,649,891	1,481,744,355	0	0
em-p-ihep51	20260625114646693000000	32	23,159,201,054,720	23,159,335,485,440	14,567,895,057,335	25,154,938,761,216	25,945,969,811,456	22,034,264,555,520	29,685,706,653,696	220,118,007	1,616,251,146	4,096	0
em-p-ihep51	20260625114656706000000	36	23,159,273,246,720	23,159,449,055,232	14,562,725,397,008	25,154,938,761,216	25,945,969,811,456	22,034,264,555,520	29,685,706,653,696	935,707,553	1,485,857,984	0	0
em-p-ihep51	20260625114706706000000	25	23,159,274,323,968	23,159,410,573,312	14,561,723,617,806	25,154,938,761,216	25,945,969,811,456	22,034,264,555,520	29,685,706,653,696	335,679,147	1,437,033,895	0	0
em-p-ihep51	20260625114716713000000	20	23,159,272,161,280	23,159,408,476,160	14,556,056,090,778	25,154,938,761,216	25,945,969,811,456	22,034,264,555,520	29,685,706,653,696	451,254,872	1,417,641,256	4,096	0
em-p-ihep51	20260625114726740000000	22	23,159,273,238,528	23,159,461,122,048	14,558,417,246,425	25,154,938,761,216	25,945,969,811,456	22,034,264,555,520	29,685,706,653,696	897,260,640	1,543,345,322	0	0
em-p-ihep51	20260625114736771000000	25	23,159,279,181,824	23,159,417,602,048	14,559,292,292,748	25,154,938,761,216	25,945,969,811,456	22,034,264,555,520	29,685,706,653,696	481,311,945	959,160,057	0	0
em-p-ihep51	20260625114746855000000	26	23,159,275,511,808	23,159,408,312,320	14,557,373,182,296	25,154,938,761,216	25,945,969,811,456	22,034,264,555,520	29,685,706,653,696	388,465,807	1,158,980,020	0	0
em-p-ihep51	20260625114756858000000	22	23,159,278,051,328	23,159,410,868,224	14,554,794,837,046	25,154,938,761,216	25,945,969,811,456	22,034,264,555,520	29,685,706,653,696	506,764,920	1,408,227,655	0	0
em-p-ihep51	20260625114806889000000	21	23,159,277,944,832	23,159,475,748,864	14,558,304,471,433	25,154,938,761,216	25,945,969,811,456	22,034,264,555,520	29,685,706,653,696	366,782,955	1,546,029,556	0	0
em-p-ihep51	20260625114816898000000	22	23,159,279,022,080	23,159,461,601,280	14,559,979,160,175	25,154,938,761,216	25,945,969,811,456	22,034,264,555,520	29,685,706,653,696	458,129,959	1,336,247,865	0	0
em-p-ihep51	20260625114826917000000	22	23,159,279,132,672	23,159,461,724,160	14,555,628,614,248	25,154,938,761,216	25,945,969,811,456	22,034,264,555,520	29,685,706,653,696	342,923,518	977,525,225	0	0
em-p-ihep51	20260625114836933000000	21	23,159,276,646,400	23,159,527,424,000	14,556,738,415,084	25,154,938,761,216	25,945,969,811,456	22,034,264,555,520	29,685,706,653,696	436,739,131	976,850,203	0	0
em-p-ihep51	20260625114847007000000	18	23,159,279,079,424	23,159,457,406,976	14,559,836,151,674	25,154,938,761,216	25,945,969,811,456	22,034,264,555,520	29,685,706,653,696	487,762,943	1,108,731,326	0	0
em-p-ihep51	20260625114857018000000	17	23,157,841,129,472	23,157,980,090,368	14,567,619,596,989	25,154,938,761,216	25,945,969,811,456	22,034,264,555,520	29,685,706,653,696	522,855,095	821,072,663	0	0
em-p-ihep51	20260625114907131000000	22	23,163,566,448,640	23,163,230,367,744	14,570,672,148,189	25,154,938,761,216	25,945,969,811,456	22,034,264,555,520	29,685,706,653,696	382,163,254	1,689,208,687	0	0
em-p-ihep51	20260625114917223000000	24	23,170,499,874,816	23,171,167,703,040	14,570,735,519,601	25,154,938,761,216	25,945,969,811,456	22,034,264,555,520	29,685,706,653,696	578,263,382	1,412,705,089	0	0
em-p-ihep51	20260625114927216000000	19	23,158,418,325,504	23,158,605,611,008	14,557,841,884,525	25,154,938,761,216	25,945,969,811,456	22,034,264,555,520	29,685,706,653,696	611,689,581	1,962,794,575	0	0
em-p-ihep51	20260625114937325000000	19	23,158,420,758,528	23,158,607,990,784	14,564,946,976,564	25,154,938,761,216	25,945,969,811,456	22,034,264,555,520	29,685,706,653,696	457,708,257	1,326,636,112	0	0
em-p-ihep51	20260625114947305000000	18	23,158,416,060,416	23,159,151,165,440	14,565,532,130,970	25,154,938,761,216	25,945,969,811,456	22,034,264,555,520	29,685,706,653,696	261,065,738	694,512,718	0	0
em-p-ihep51	20260625114957313000000	20	23,158,416,224,256	23,158,585,573,376	14,568,634,430,640	25,154,938,761,216	25,945,969,811,456	22,034,264,555,520	29,685,706,653,696	158,635,187	483,863,531	0	0
em-p-ihep51	20260625115007337000000	30	23,158,422,949,888	23,158,592,868,352	14,580,743,000,508	25,154,938,761,216	25,945,969,811,456	22,034,264,555,520	29,685,706,653,696	635,599,545	1,874,221,610	0	0
em-p-ihep51	20260625115017462000000	28	23,157,228,167,168	23,157,393,330,176	14,566,555,230,921	25,154,938,761,216	25,945,969,811,456	22,034,264,555,520	29,685,706,653,696	635,467,911	3,413,652,238	0	0
em-p-ihep51	20260625115027538000000	25	23,157,230,456,832	23,157,395,849,216	14,563,449,493,613	25,154,938,761,216	25,945,969,811,456	22,034,264,555,520	29,685,706,653,696	669,556,574	1,374,804,669	0	0
em-p-ihep51	20260625115037546000000	25	23,157,231,755,264	23,157,430,812,672	14,558,167,802,693	25,154,938,761,216	25,945,969,811,456	22,034,264,555,520	29,685,706,653,696	565,945,919	1,011,233,379	0	0
em-p-ihep51	20260625115047549000000	26	23,157,232,066,560	23,157,396,340,736	14,561,393,977,558	25,154,938,761,216	25,945,969,811,456	22,034,264,555,520	29,685,706,653,696	886,234,427	2,045,781,535	0	0
em-p-ihep51	20260625115057663000000	28	23,157,237,325,824	23,157,425,647,616	14,559,180,808,125	25,154,938,761,216	25,945,969,811,456	22,034,264,555,520	29,685,706,653,696	893,774,555	1,758,956,348	0	0
em-p-ihep51	20260625115107667000000	28	23,158,987,894,784	23,159,156,678,656	14,568,553,637,680	25,154,938,761,216	25,945,969,811,456	22,034,264,555,520	29,685,706,653,696	684,977,178	1,743,971,121	0	0
em-p-ihep51	20260625115117683000000	29	23,158,987,010,048	23,159,150,751,744	14,566,857,466,401	25,154,938,761,216	25,945,969,811,456	22,034,264,555,520	29,685,706,653,696	780,895,033	1,370,252,512	0	0
em-p-ihep51	20260625115127682000000	24	23,158,993,387,520	23,159,180,042,240	14,562,085,042,131	25,154,938,761,216	25,945,969,811,456	22,034,264,555,520	29,685,706,653,696	533,477,547	1,058,816,687	0	0
em-p-ihep51	20260625115137790000000	25	23,158,985,547,776	23,159,159,640,064	14,563,722,899,622	25,154,938,761,216	25,945,969,811,456	22,034,264,555,520	29,685,706,653,696	560,692,425	1,424,970,070	0	0
em-p-ihep51	20260625115147798000000	27	23,158,982,410,240	23,159,156,166,656	14,561,274,594,434	25,154,938,761,216	25,945,969,811,456	22,034,264,555,520	29,685,706,653,696	644,514,952	1,081,970,692	0	0
em-p-ihep51	20260625115157787000000	22	23,158,982,193,152	23,159,170,793,472	14,561,847,948,758	25,154,938,761,216	25,945,969,811,456	22,034,264,555,520	29,685,706,653,696	310,293,779	1,139,780,775	0	0
em-p-ihep51	20260625115207809000000	24	23,158,983,651,328	23,159,155,867,648	14,559,242,010,659	25,154,938,761,216	25,945,969,811,456	22,034,264,555,520	29,685,706,653,696	640,235,017	1,599,109,451	0	0
em-p-ihep51	20260625115217899000000	20	23,158,982,483,968	23,159,276,011,520	14,557,840,788,797	25,154,938,761,216	25,945,969,811,456	22,034,264,555,520	29,685,706,653,696	700,811,220	2,945,141,323	0	0
em-p-ihep51	20260625115228004000000	23	23,158,983,553,024	23,159,084,163,072	14,561,790,376,704	25,154,938,761,216	25,945,969,811,456	22,034,264,555,520	29,685,706,653,696	381,472,813	1,327,196,945	0	0
em-p-ihep51	20260625115238013000000	30	23,158,988,693,504	23,159,737,356,288	14,558,121,356,477	25,154,938,761,216	25,945,969,811,456	22,034,264,555,520	29,685,706,653,696	751,639,242	2,888,523,234	0	0
em-p-ihep51	20260625115248094000000	20	23,158,989,795,328	23,159,096,881,152	14,554,207,557,332	25,154,938,761,216	25,945,969,811,456	22,034,264,555,520	29,685,706,653,696	867,620,273	2,011,201,785	0	0
em-p-ihep51	20260625115258137000000	22	23,158,992,281,600	23,159,153,209,344	14,559,757,571,536	25,154,938,761,216	25,945,969,811,456	22,034,264,555,520	29,685,706,653,696	558,266,576	1,461,441,388	0	0
em-p-ihep51	20260625115308195000000	23	23,158,986,334,208	23,159,130,365,952	14,559,578,585,258	25,154,938,761,216	25,945,969,811,456	22,034,264,555,520	29,685,706,653,696	763,188,693	1,696,795,133	0	0
em-p-ihep51	20260625115318288000000	17	23,158,985,146,368	23,159,121,190,912	14,552,151,041,161	25,154,938,761,216	25,945,969,811,456	22,034,264,555,520	29,685,706,653,696	311,461,251	938,870,201	0	0
em-p-ihep51	20260625115328377000000	16	23,158,984,122,368	23,159,120,023,552	14,553,209,216,457	25,154,938,761,216	25,945,969,811,456	22,034,264,555,520	29,685,706,653,696	568,327,249	1,086,957,795	0	0
em-p-ihep51	20260625115338496000000	18	23,158,984,085,504	23,159,146,070,016	14,554,529,715,944	25,154,938,761,216	25,945,969,811,456	22,034,264,555,520	29,685,706,653,696	887,762,975	1,648,871,543	0	0
em-p-ihep51	20260625115348588000000	18	23,158,986,407,936	23,159,470,804,992	14,549,748,848,832	25,154,938,761,216	25,945,969,811,456	22,034,264,555,520	29,685,706,653,696	377,906,207	1,463,539,558	0	0
em-p-ihep51	20260625115358698000000	17	23,158,985,330,688	23,159,107,620,864	14,557,192,450,562	25,154,938,761,216	25,945,969,811,456	22,034,264,555,520	29,685,706,653,696	292,185,518	912,874,170	0	0
em-p-ihep51	20260625115408708000000	23	23,158,987,489,280	23,159,110,828,032	14,574,116,798,954	25,154,938,761,216	25,945,969,811,456	22,034,264,555,520	29,685,706,653,696	361,213,837	1,051,292,924	0	0
em-p-ihep51	20260625115418685000000	23	23,167,625,367,552	23,167,764,230,144	14,569,987,989,223	25,154,938,761,216	25,945,969,811,456	22,034,264,555,520	29,685,706,653,696	326,572,398	843,366,556	0	0
em-p-ihep51	20260625115428820000000	17	23,158,983,770,112	23,159,090,442,240	14,555,445,458,903	25,154,938,761,216	25,945,969,811,456	22,034,264,555,520	29,685,706,653,696	237,410,218	638,717,368	0	0
em-p-ihep51	20260625115438846000000	27	23,158,985,068,544	23,159,093,194,752	14,559,779,722,308	25,154,938,761,216	25,945,969,811,456	22,034,264,555,520	29,685,706,653,696	260,818,012	771,373,425	0	0
em-p-ihep51	20260625115448866000000	24	23,158,984,908,800	23,159,097,647,104	14,563,389,150,747	25,154,938,761,216	25,945,969,811,456	22,034,264,555,520	29,685,706,653,696	641,058,123	1,202,786,313	0	0
em-p-ihep51	20260625115458964000000	23	23,158,986,256,384	23,159,094,370,304	14,559,289,429,924	25,154,938,761,216	25,945,969,811,456	22,034,264,555,520	29,685,706,653,696	690,128,042	1,292,935,316	0	0
em-p-ihep51	20260625115508980000000	27	23,158,991,937,536	23,159,245,799,424	14,567,079,359,684	25,154,938,761,216	25,945,969,811,456	22,034,264,555,520	29,685,706,653,696	378,377,720	1,505,491,509	0	0
em-p-ihep51	20260625115518999000000	32	23,159,004,856,320	23,159,111,233,536	14,575,028,798,757	25,154,938,761,216	25,945,969,811,456	22,034,264,555,520	29,685,706,653,696	656,012,366	1,790,676,437	0	0
em-p-ihep51	20260625115529014000000	29	23,159,303,585,792	23,159,430,635,520	14,567,104,224,912	25,154,938,761,216	25,945,969,811,456	22,034,264,555,520	29,685,706,653,696	190,788,452	654,148,082	0	0
em-p-ihep51	20260625115539032000000	23	23,159,295,434,752	23,159,401,390,080	14,559,654,558,987	25,154,938,761,216	25,945,969,811,456	22,034,264,555,520	29,685,706,653,696	492,157,415	1,023,028,788	0	0
em-p-ihep51	20260625115549006000000	22	23,159,295,598,592	23,159,472,533,504	14,563,520,667,667	25,154,938,761,216	25,945,969,811,456	22,034,264,555,520	29,685,706,653,696	405,137,619	1,343,170,144	0	0
em-p-ihep51	20260625115559013000000	26	23,159,296,036,864	23,159,498,330,112	14,561,272,173,220	25,154,938,761,216	25,945,969,811,456	22,034,264,555,520	29,685,706,653,696	614,226,245	1,003,306,624	0	0
em-p-ihep51	20260625115609069000000	27	23,159,297,265,664	23,159,474,987,008	14,571,524,334,842	25,154,938,761,216	25,945,969,811,456	22,034,264,555,520	29,685,706,653,696	847,818,381	1,158,143,134	0	0
em-p-ihep51	20260625115619082000000	31	23,159,295,709,184	23,159,857,037,312	14,558,681,433,138	25,154,938,761,216	25,945,969,811,456	22,034,264,555,520	29,685,706,653,696	288,849,609	1,879,946,088	0	0
em-p-ihep51	20260625115629094000000	27	23,159,300,313,088	23,159,479,681,024	14,565,791,595,171	25,154,938,761,216	25,945,969,811,456	22,034,264,555,520	29,685,706,653,696	828,379,657	2,985,556,997	0	0
em-p-ihep51	20260625115639097000000	25	23,159,298,908,160	23,159,476,264,960	14,559,932,538,730	25,154,938,761,216	25,945,969,811,456	22,034,264,555,520	29,685,706,653,696	793,981,147	2,029,088,232	0	0
em-p-ihep51	20260625115649114000000	25	23,159,297,003,520	23,159,472,484,352	14,555,540,723,196	25,154,938,761,216	25,945,969,811,456	22,034,264,555,520	29,685,706,653,696	804,540,040	1,417,542,909	0	0
em-p-ihep51	20260625115659148000000	24	23,159,302,569,984	23,159,479,529,472	14,562,090,992,411	25,154,938,761,216	25,945,969,811,456	22,034,264,555,520	29,685,706,653,696	520,952,714	1,543,755,561	0	0
em-p-ihep51	20260625115709203000000	20	23,159,297,880,064	23,159,501,553,664	14,563,243,180,838	25,154,938,761,216	25,945,969,811,456	22,034,264,555,520	29,685,706,653,696	399,682,240	1,364,204,569	0	0
em-p-ihep51	20260625115719216000000	16	23,159,298,338,816	23,159,950,880,768	14,557,099,704,313	25,154,938,761,216	25,945,969,811,456	22,034,264,555,520	29,685,706,653,696	350,978,371	1,901,993,934	0	0
em-p-ihep51	20260625115729208000000	15	23,159,294,668,800	23,159,470,768,128	14,555,754,810,220	25,154,938,761,216	25,945,969,811,456	22,034,264,555,520	29,685,706,653,696	451,387,932	1,153,313,130	0	0
em-p-ihep51	20260625115739318000000	17	23,159,295,856,640	23,159,590,748,160	14,558,305,820,774	25,154,938,761,216	25,945,969,811,456	22,034,264,555,520	29,685,706,653,696	243,453,962	649,513,676	0	0
em-p-ihep51	20260625115749326000000	19	23,159,294,967,808	23,159,399,731,200	14,557,197,074,839	25,154,938,761,216	25,945,969,811,456	22,034,264,555,520	29,685,706,653,696	626,328,527	1,382,795,343	0	0
em-p-ihep51	20260625115759354000000	22	23,159,295,938,560	23,159,400,370,176	14,563,018,271,799	25,154,938,761,216	25,945,969,811,456	22,034,264,555,520	29,685,706,653,696	635,231,081	1,744,118,925	0	0
em-p-ihep51	20260625115809347000000	20	23,159,299,592,192	23,159,416,328,192	14,564,344,270,763	25,154,938,761,216	25,945,969,811,456	22,034,264,555,520	29,685,706,653,696	422,901,487	1,408,702,291	0	0
em-p-ihep51	20260625115819444000000	21	23,159,308,070,912	23,159,413,186,560	14,556,307,664,578	25,154,938,761,216	25,945,969,811,456	22,034,264,555,520	29,685,706,653,696	523,204,640	845,725,177	0	0
em-p-ihep51	20260625115829548000000	24	23,159,301,349,376	23,159,407,579,136	14,556,694,483,664	25,154,938,761,216	25,945,969,811,456	22,034,264,555,520	29,685,706,653,696	174,711,229	784,250,627	0	0
em-p-ihep51	20260625115839555000000	25	23,159,301,353,472	23,159,407,239,168	14,558,612,390,881	25,154,938,761,216	25,945,969,811,456	22,034,264,555,520	29,685,706,653,696	657,610,921	1,129,622,772	0	0
em-p-ihep51	20260625115849648000000	19	23,159,300,329,472	23,159,406,567,424	14,555,502,983,945	25,154,938,761,216	25,945,969,811,456	22,034,264,555,520	29,685,706,653,696	542,395,324	1,144,162,424	0	0
em-p-ihep51	20260625115859750000000	21	23,159,300,329,472	23,159,370,969,088	14,560,833,212,555	25,154,938,761,216	25,945,969,811,456	22,034,264,555,520	29,685,706,653,696	440,644,615	1,336,375,442	0	0
em-p-ihep51	20260625115909746000000	22	23,159,304,138,752	23,159,373,488,128	14,561,415,029,870	25,154,938,761,216	25,945,969,811,456	22,034,264,555,520	29,685,706,653,696	327,835,642	1,758,589,802	0	0
em-p-ihep51	20260625115919766000000	25	23,159,298,400,256	23,159,373,385,728	14,572,440,637,823	25,154,938,761,216	25,945,969,811,456	22,034,264,555,520	29,685,706,653,696	271,592,403	1,674,607,318	0	0
em-p-ihep51	20260625115929878000000	27	23,159,294,042,112	23,159,375,327,232	14,559,787,142,572	25,154,938,761,216	25,945,969,811,456	22,034,264,555,520	29,685,706,653,696	603,731,250	1,603,649,245	0	0
em-p-ihep51	20260625115939887000000	22	23,159,293,018,112	23,159,363,072,000	14,559,129,327,503	25,154,938,761,216	25,945,969,811,456	22,034,264,555,520	29,685,706,653,696	817,218,072	1,690,558,382	0	0
em-p-ihep51	20260625115949907000000	24	23,159,290,650,624	23,159,427,674,112	14,564,181,091,389	25,154,938,761,216	25,945,969,811,456	22,034,264,555,520	29,685,706,653,696	918,825,628	1,367,355,240	0	0
em-p-ihep51	20260625115959875000000	23	23,159,292,973,056	23,159,365,148,672	14,557,839,980,428	25,154,938,761,216	25,945,969,811,456	22,034,264,555,520	29,685,706,653,696	617,357,315	1,055,196,139	0	0
em-p-ihep51	20260625120009951000000	41	23,160,855,920,640	23,160,922,664,960	14,595,223,969,654	25,154,938,761,216	25,945,969,811,456	22,034,264,555,520	29,685,706,653,696	879,229,079	3,461,279,581	0	0
em-p-ihep51	20260625120019952000000	42	23,160,850,378,752	23,161,064,787,968	14,600,656,275,646	25,154,938,761,216	25,945,969,811,456	22,034,264,555,520	29,685,706,653,696	890,617,094	4,362,840,979	0	0
em-p-ihep51	20260625120029952000000	36	23,160,843,382,784	23,160,932,552,704	14,568,162,672,235	25,154,938,761,216	25,945,969,811,456	22,034,264,555,520	29,685,706,653,696	1,203,054,574	2,951,395,814	0	0
em-p-ihep51	20260625120039980000000	32	23,160,857,698,304	23,160,925,822,976	14,575,863,404,577	25,154,938,761,216	25,945,969,811,456	22,034,264,555,520	29,685,706,653,696	571,123,779	1,856,039,014	0	0
em-p-ihep51	20260625120050010000000	37	23,160,901,623,808	23,160,972,320,768	14,565,876,308,930	25,154,938,761,216	25,945,969,811,456	22,034,264,555,520	29,685,706,653,696	584,723,426	2,671,358,830	0	0
em-p-ihep51	20260625120100040000000	31	23,160,885,526,528	23,160,971,227,136	14,558,713,913,369	25,154,938,761,216	25,945,969,811,456	22,034,264,555,520	29,685,706,653,696	971,022,884	3,368,508,287	0	0
em-p-ihep51	20260625120110086000000	31	23,161,386,876,928	23,161,457,356,800	14,570,018,688,603	25,154,938,761,216	25,945,969,811,456	22,034,264,555,520	29,685,706,653,696	1,116,787,822	2,836,235,247	0	0
em-p-ihep51	20260625120120099000000	32	23,161,392,861,184	23,161,463,566,336	14,569,364,249,769	25,154,938,761,216	25,945,969,811,456	22,034,264,555,520	29,685,706,653,696	838,477,975	1,936,862,464	0	0
em-p-ihep51	20260625120130082000000	29	23,161,399,574,528	23,161,590,013,952	14,557,469,831,307	25,154,938,761,216	25,945,969,811,456	22,034,264,555,520	29,685,706,653,696	718,236,202	1,690,255,968	0	0
em-p-ihep51	20260625120140103000000	28	23,161,387,696,128	23,161,466,494,976	14,563,128,901,770	25,154,938,761,216	25,945,969,811,456	22,034,264,555,520	29,685,706,653,696	559,558,176	1,124,536,725	0	0
em-p-ihep51	20260625120150116000000	33	23,161,393,909,760	23,161,469,591,552	14,560,714,687,830	25,154,938,761,216	25,945,969,811,456	22,034,264,555,520	29,685,706,653,696	652,625,202	1,608,046,868	0	0
em-p-ihep51	20260625120200116000000	25	23,161,397,669,888	23,161,475,403,776	14,559,605,326,203	25,154,938,761,216	25,945,969,811,456	22,034,264,555,520	29,685,706,653,696	327,618,303	901,928,426	0	0
em-p-ihep51	20260625120210123000000	31	23,161,391,058,944	23,161,472,454,656	14,564,950,491,132	25,154,938,761,216	25,945,969,811,456	22,034,264,555,520	29,685,706,653,696	677,444,420	1,639,347,865	0	0
em-p-ihep51	20260625120220151000000	21	23,161,393,143,808	23,161,686,581,248	14,553,572,920,234	25,154,938,761,216	25,945,969,811,456	22,034,264,555,520	29,685,706,653,696	348,367,206	3,181,855,148	0	0
em-p-ihep51	20260625120230177000000	25	23,161,393,270,784	23,161,501,650,944	14,562,302,037,243	25,154,938,761,216	25,945,969,811,456	22,034,264,555,520	29,685,706,653,696	555,338,968	1,382,915,873	0	0
em-p-ihep51	20260625120240172000000	22	23,161,389,817,856	23,161,607,430,144	14,556,709,989,641	25,154,938,761,216	25,945,969,811,456	22,034,264,555,520	29,685,706,653,696	802,054,889	1,508,179,395	0	0
em-p-ihep51	20260625120250182000000	23	23,161,391,976,448	23,161,498,566,656	14,561,245,242,182	25,154,938,761,216	25,945,969,811,456	22,034,264,555,520	29,685,706,653,696	408,393,986	1,212,059,946	0	0
em-p-ihep51	20260625120300198000000	24	23,161,397,002,240	23,161,508,487,168	14,561,350,594,529	25,154,938,761,216	25,945,969,811,456	22,034,264,555,520	29,685,706,653,696	478,125,610	1,047,303,669	0	0
em-p-ihep51	20260625120310197000000	23	23,161,391,308,800	23,161,504,780,288	14,564,460,480,646	25,154,938,761,216	25,945,969,811,456	22,034,264,555,520	29,685,706,653,696	717,140,560	1,394,101,932	0	0
em-p-ihep51	20260625120320311000000	24	23,161,396,281,344	23,161,506,201,600	14,559,448,694,932	25,154,938,761,216	25,945,969,811,456	22,034,264,555,520	29,685,706,653,696	473,077,052	1,276,759,274	0	0
em-p-ihep51	20260625120330345000000	23	23,161,393,795,072	23,161,503,240,192	14,557,649,463,686	25,154,938,761,216	25,945,969,811,456	22,034,264,555,520	29,685,706,653,696	305,143,709	1,109,796,261	0	0
em-p-ihep51	20260625120340342000000	23	23,161,400,025,088	23,161,511,038,976	14,559,260,353,440	25,154,938,761,216	25,945,969,811,456	22,034,264,555,520	29,685,706,653,696	833,484,729	1,649,475,217	0	0
em-p-ihep51	20260625120350369000000	23	23,161,398,865,920	23,161,505,271,808	14,557,607,855,055	25,154,938,761,216	25,945,969,811,456	22,034,264,555,520	29,685,706,653,696	354,707,190	1,534,826,629	0	0
em-p-ihep51	20260625120400415000000	22	23,161,396,600,832	23,161,497,886,720	14,553,565,528,726	25,154,938,761,216	25,945,969,811,456	22,034,264,555,520	29,685,706,653,696	472,410,996	936,441,013	0	0
em-p-ihep51	20260625120410438000000	27	23,161,397,678,080	23,161,499,009,024	14,568,399,785,953	25,154,938,761,216	25,945,969,811,456	22,034,264,555,520	29,685,706,653,696	520,178,896	1,298,182,755	0	0
em-p-ihep51	20260625120420456000000	31	23,161,389,752,320	23,161,974,407,168	14,572,632,444,704	25,154,938,761,216	25,945,969,811,456	22,034,264,555,520	29,685,706,653,696	563,664,482	1,359,595,412	0	0
em-p-ihep51	20260625120430506000000	33	23,161,391,247,360	23,161,490,898,944	14,560,870,154,892	25,154,938,761,216	25,945,969,811,456	22,034,264,555,520	29,685,706,653,696	672,399,303	1,235,928,524	0	0
em-p-ihep51	20260625120440550000000	28	23,161,391,534,080	23,161,493,258,240	14,560,679,765,867	25,154,938,761,216	25,945,969,811,456	22,034,264,555,520	29,685,706,653,696	309,865,693	1,146,347,641	0	0
em-p-ihep51	20260625120450652000000	21	23,161,386,872,832	23,161,493,651,456	14,560,137,855,884	25,154,938,761,216	25,945,969,811,456	22,034,264,555,520	29,685,706,653,696	451,650,286	876,347,935	0	0
em-p-ihep51	20260625120500674000000	24	23,161,389,301,760	23,161,486,819,328	14,560,376,565,036	25,154,938,761,216	25,945,969,811,456	22,034,264,555,520	29,685,706,653,696	458,739,823	1,321,011,954	0	0
em-p-ihep51	20260625120510784000000	27	23,161,400,029,184	23,161,671,667,712	14,570,330,548,696	25,154,938,761,216	25,945,969,811,456	22,034,264,555,520	29,685,706,653,696	514,076,667	3,095,989,158	0	0
em-p-ihep51	20260625120520785000000	30	23,161,403,777,024	23,161,503,178,752	14,562,557,379,376	25,154,938,761,216	25,945,969,811,456	22,034,264,555,520	29,685,706,653,696	707,543,322	2,245,292,758	0	0
em-p-ihep51	20260625120530818000000	29	23,161,399,996,416	23,161,524,932,608	14,569,998,204,541	25,154,938,761,216	25,945,969,811,456	22,034,264,555,520	29,685,706,653,696	315,241,187	867,899,599	0	0
em-p-ihep51	20260625120540816000000	19	23,161,402,482,688	23,161,501,970,432	14,561,041,847,232	25,154,938,761,216	25,945,969,811,456	22,034,264,555,520	29,685,706,653,696	399,467,113	845,607,348	0	0
em-p-ihep51	20260625120550842000000	24	23,161,415,090,176	23,161,596,301,312	14,556,804,683,609	25,154,938,761,216	25,945,969,811,456	22,034,264,555,520	29,685,706,653,696	277,534,959	965,084,421	0	0
em-p-ihep51	20260625120600953000000	26	23,161,408,184,320	23,162,153,816,064	14,565,213,220,930	25,154,938,761,216	25,945,969,811,456	22,034,264,555,520	29,685,706,653,696	376,598,239	995,479,077	0	0
em-p-ihep51	20260625120610966000000	39	23,161,422,585,856	23,161,555,243,008	14,572,663,646,452	25,154,938,761,216	25,945,969,811,456	22,034,264,555,520	29,685,706,653,696	491,930,421	1,275,469,720	0	0
em-p-ihep51	20260625120620981000000	34	23,161,421,770,752	23,161,558,228,992	14,562,889,308,843	25,154,938,761,216	25,945,969,811,456	22,034,264,555,520	29,685,706,653,696	446,578,971	1,537,269,255	0	0
em-p-ihep51	20260625120631040000000	31	23,161,422,974,976	23,161,574,797,312	14,563,677,052,915	25,154,938,761,216	25,945,969,811,456	22,034,264,555,520	29,685,706,653,696	703,736,249	1,721,712,273	0	0
em-p-ihep51	20260625120641033000000	28	23,161,442,492,416	23,161,578,270,720	14,569,445,446,452	25,154,938,761,216	25,945,969,811,456	22,034,264,555,520	29,685,706,653,696	732,760,595	1,668,277,731	0	0
em-p-ihep51	20260625120651056000000	29	23,161,442,332,672	23,161,578,860,544	14,571,199,487,268	25,154,938,761,216	25,945,969,811,456	22,034,264,555,520	29,685,706,653,696	607,302,358	1,467,787,920	0	0
em-p-ihep51	20260625120701071000000	31	23,161,457,729,536	23,162,033,418,240	14,561,144,255,919	25,154,938,761,216	25,945,969,811,456	22,034,264,555,520	29,685,706,653,696	628,996,527	1,401,072,717	0	0
em-p-ihep51	20260625120711100000000	33	23,161,790,013,440	23,162,356,592,640	14,572,134,819,015	25,154,938,761,216	25,945,969,811,456	22,034,264,555,520	29,685,706,653,696	840,875,588	1,569,030,712	0	0
em-p-ihep51	20260625120721098000000	30	23,161,789,927,424	23,162,053,095,424	14,571,663,793,150	25,154,938,761,216	25,945,969,811,456	22,034,264,555,520	29,685,706,653,696	487,499,822	2,766,460,429	0	0
em-p-ihep51	20260625120731175000000	23	23,161,786,494,976	23,161,889,726,464	14,564,529,681,674	25,154,938,761,216	25,945,969,811,456	22,034,264,555,520	29,685,706,653,696	277,581,391	1,389,572,726	0	0
em-p-ihep51	20260625120741226000000	25	23,161,788,022,784	23,162,303,819,776	14,565,895,243,174	25,154,938,761,216	25,945,969,811,456	22,034,264,555,520	29,685,706,653,696	924,170,889	1,224,928,122	0	0
em-p-ihep51	20260625120751270000000	24	23,161,784,459,264	23,161,892,040,704	14,567,081,774,544	25,154,938,761,216	25,945,969,811,456	22,034,264,555,520	29,685,706,653,696	464,706,238	1,123,990,012	0	0
em-p-ihep51	20260625120801376000000	23	23,161,783,435,264	23,161,889,542,144	14,566,755,642,626	25,154,938,761,216	25,945,969,811,456	22,034,264,555,520	29,685,706,653,696	412,239,070	1,518,676,697	0	0
em-p-ihep51	20260625120811377000000	27	23,161,787,064,320	23,161,895,813,120	14,564,452,194,649	25,154,938,761,216	25,945,969,811,456	22,034,264,555,520	29,685,706,653,696	404,906,734	1,664,122,041	0	0
em-p-ihep51	20260625120821486000000	19	23,161,787,052,032	23,161,930,514,432	14,559,339,518,323	25,154,938,761,216	25,945,969,811,456	22,034,264,555,520	29,685,706,653,696	793,508,006	1,294,683,079	0	0
em-p-ihep51	20260625120831503000000	21	23,161,788,420,096	23,161,855,102,976	14,560,055,875,603	25,154,938,761,216	25,945,969,811,456	22,034,264,555,520	29,685,706,653,696	688,932,682	2,898,356,355	0	0
em-p-ihep51	20260625120841594000000	22	23,161,784,750,080	23,161,851,539,456	14,556,889,850,558	25,154,938,761,216	25,945,969,811,456	22,034,264,555,520	29,685,706,653,696	322,461,152	1,067,450,570	0	0
em-p-ihep51	20260625120851697000000	24	23,161,781,186,560	23,161,861,533,696	14,559,978,027,113	25,154,938,761,216	25,945,969,811,456	22,034,264,555,520	29,685,706,653,696	611,026,572	1,271,045,531	0	0
em-p-ihep51	20260625120901702000000	21	23,161,789,460,480	23,161,852,993,536	14,559,819,521,874	25,154,938,761,216	25,945,969,811,456	22,034,264,555,520	29,685,706,653,696	660,784,362	1,533,608,943	0	0
em-p-ihep51	20260625120911725000000	24	23,162,148,679,680	23,162,056,888,320	14,570,001,291,193	25,154,938,761,216	25,945,969,811,456	22,034,264,555,520	29,685,706,653,696	255,061,854	1,513,871,022	0	0
em-p-ihep51	20260625120921744000000	33	23,163,021,541,376	23,163,112,194,048	14,571,885,099,459	25,154,938,761,216	25,945,969,811,456	22,034,264,555,520	29,685,706,653,696	241,894,413	1,607,040,214	0	0
em-p-ihep51	20260625120931753000000	30	23,163,029,647,360	23,163,097,604,096	14,561,639,839,573	25,154,938,761,216	25,945,969,811,456	22,034,264,555,520	29,685,706,653,696	368,509,811	2,052,193,656	0	0
em-p-ihep51	20260625120941844000000	22	23,163,023,818,752	23,163,090,542,592	14,557,696,148,002	25,154,938,761,216	25,945,969,811,456	22,034,264,555,520	29,685,706,653,696	564,362,342	1,551,145,919	0	0
em-p-ihep51	20260625120951853000000	21	23,163,028,361,216	23,163,099,037,696	14,560,867,320,298	25,154,938,761,216	25,945,969,811,456	22,034,264,555,520	29,685,706,653,696	383,051,578	1,079,965,802	0	0
em-p-ihep51	20260625121001913000000	22	23,163,027,218,432	23,163,094,081,536	14,560,701,147,448	25,154,938,761,216	25,945,969,811,456	22,034,264,555,520	29,685,706,653,696	689,685,548	1,142,113,058	0	0
em-p-ihep51	20260625121011915000000	34	23,163,035,877,376	23,163,101,233,152	14,598,517,446,863	25,154,938,761,216	25,945,969,811,456	22,034,264,555,520	29,685,706,653,696	928,776,677	2,224,227,513	0	0
em-p-ihep51	20260625121021946000000	37	23,163,042,701,312	23,163,109,576,704	14,571,679,460,747	25,154,938,761,216	25,945,969,811,456	22,034,264,555,520	29,685,706,653,696	463,708,432	1,597,569,715	0	0
em-p-ihep51	20260625121031980000000	32	23,163,034,198,016	23,163,333,017,600	14,571,375,485,866	25,154,938,761,216	25,945,969,811,456	22,034,264,555,520	29,685,706,653,696	451,412,282	1,914,959,364	0	0
em-p-ihep51	20260625121041955000000	28	23,163,031,257,088	23,163,093,925,888	14,563,615,964,630	25,154,938,761,216	25,945,969,811,456	22,034,264,555,520	29,685,706,653,696	337,106,715	3,346,543,254	0	0
em-p-ihep51	20260625121051977000000	26	23,163,028,733,952	23,163,091,546,112	14,564,393,298,729	25,154,938,761,216	25,945,969,811,456	22,034,264,555,520	29,685,706,653,696	431,362,591	2,112,222,714	4,096	0
em-p-ihep51	20260625121102017000000	30	23,163,033,649,152	23,163,098,132,480	14,567,558,504,824	25,154,938,761,216	25,945,969,811,456	22,034,264,555,520	29,685,706,653,696	398,356,636	1,985,277,600	0	0
em-p-ihep51	20260625121112012000000	28	23,163,023,060,992	23,163,085,848,576	14,569,988,421,300	25,154,938,761,216	25,945,969,811,456	22,034,264,555,520	29,685,706,653,696	464,511,333	1,872,387,622	0	0
em-p-ihep51	20260625121122045000000	28	23,163,014,676,480	23,163,079,471,104	14,567,432,690,235	25,154,938,761,216	25,945,969,811,456	22,034,264,555,520	29,685,706,653,696	403,485,558	1,848,607,897	0	0
em-p-ihep51	20260625121132060000000	20	23,163,016,888,320	23,163,293,212,672	14,565,598,599,424	25,154,938,761,216	25,945,969,811,456	22,034,264,555,520	29,685,706,653,696	723,144,411	1,968,707,396	0	0
em-p-ihep51	20260625121142048000000	28	23,163,022,790,656	23,163,095,031,808	14,563,854,895,037	25,154,938,761,216	25,945,969,811,456	22,034,264,555,520	29,685,706,653,696	155,075,779	1,190,126,908	0	0
em-p-ihep51	20260625121152065000000	28	23,163,024,252,928	23,163,127,173,120	14,568,077,090,764	25,154,938,761,216	25,945,969,811,456	22,034,264,555,520	29,685,706,653,696	305,979,572	1,471,475,483	0	0
em-p-ihep51	20260625121202147000000	34	23,163,021,045,760	23,163,210,293,248	14,565,198,787,105	25,154,938,761,216	25,945,969,811,456	22,034,264,555,520	29,685,706,653,696	556,599,422	1,866,669,652	0	0
em-p-ihep51	20260625121212117000000	32	23,163,019,784,192	23,163,294,154,752	14,570,829,227,497	25,154,938,761,216	25,945,969,811,456	22,034,264,555,520	29,685,706,653,696	811,006,250	2,543,682,825	0	0
em-p-ihep51	20260625121222127000000	23	23,163,016,187,904	23,163,119,153,152	14,561,121,951,082	25,154,938,761,216	25,945,969,811,456	22,034,264,555,520	29,685,706,653,696	438,431,455	2,776,737,069	0	0
em-p-ihep51	20260625121232135000000	23	23,163,015,069,696	23,163,124,568,064	14,563,129,571,850	25,154,938,761,216	25,945,969,811,456	22,034,264,555,520	29,685,706,653,696	379,903,018	1,441,786,974	0	0
em-p-ihep51	20260625121242236000000	21	23,163,018,473,472	23,163,121,639,424	14,563,543,522,701	25,154,938,761,216	25,945,969,811,456	22,034,264,555,520	29,685,706,653,696	365,519,982	1,147,261,411	0	0
em-p-ihep51	20260625121252336000000	25	23,163,016,314,880	23,163,120,857,088	14,566,655,676,110	25,154,938,761,216	25,945,969,811,456	22,034,264,555,520	29,685,706,653,696	190,644,677	1,036,241,833	0	0
em-p-ihep51	20260625121302439000000	25	23,163,015,045,120	23,163,118,804,992	14,557,212,795,195	25,154,938,761,216	25,945,969,811,456	22,034,264,555,520	29,685,706,653,696	162,742,038	708,889,894	0	0
em-p-ihep51	20260625121312465000000	29	23,163,018,661,888	23,163,673,886,720	14,566,269,107,947	25,154,938,761,216	25,945,969,811,456	22,034,264,555,520	29,685,706,653,696	192,553,521	1,317,852,158	0	0
em-p-ihep51	20260625121322459000000	22	23,163,023,040,512	23,163,128,115,200	14,565,851,889,756	25,154,938,761,216	25,945,969,811,456	22,034,264,555,520	29,685,706,653,696	157,606,975	731,920,138	0	0
em-p-ihep51	20260625121332545000000	14	23,163,021,205,504	23,163,129,040,896	14,560,124,423,121	25,154,938,761,216	25,945,969,811,456	22,034,264,555,520	29,685,706,653,696	139,621,692	1,614,855,068	0	0
em-p-ihep51	20260625121342653000000	22	23,163,016,454,144	23,163,147,522,048	14,561,884,172,347	25,154,938,761,216	25,945,969,811,456	22,034,264,555,520	29,685,706,653,696	354,474,398	1,872,439,467	0	0
em-p-ihep51	20260625121352651000000	20	23,163,018,612,736	23,163,122,483,200	14,561,655,924,991	25,154,938,761,216	25,945,969,811,456	22,034,264,555,520	29,685,706,653,696	428,459,144	1,700,761,060	0	0
em-p-ihep51	20260625121402647000000	22	23,163,024,179,200	23,163,127,738,368	14,560,543,697,559	25,154,938,761,216	25,945,969,811,456	22,034,264,555,520	29,685,706,653,696	477,209,114	1,097,894,418	0	0
em-p-ihep51	20260625121412658000000	21	23,164,780,584,960	23,164,103,577,600	14,575,711,179,480	25,154,938,761,216	25,945,969,811,456	22,034,264,555,520	29,685,706,653,696	481,099,120	1,587,471,507	0	0
em-p-ihep51	20260625121422690000000	23	23,166,170,976,256	23,168,794,595,328	14,565,663,288,579	25,154,938,761,216	25,945,969,811,456	22,034,264,555,520	29,685,706,653,696	510,344,529	1,316,071,768	0	0
em-p-ihep51	20260625121432727000000	28	23,161,328,607,232	23,161,419,317,248	14,559,929,546,244	25,154,938,761,216	25,945,969,811,456	22,034,264,555,520	29,685,706,653,696	701,796,128	946,710,866	0	0
em-p-ihep51	20260625121442696000000	23	23,161,322,639,360	23,161,402,892,288	14,564,842,592,460	25,154,938,761,216	25,945,969,811,456	22,034,264,555,520	29,685,706,653,696	359,891,571	1,289,641,227	0	0
em-p-ihep51	20260625121452710000000	22	23,161,321,451,520	23,161,885,618,176	14,569,231,294,238	25,154,938,761,216	25,945,969,811,456	22,034,264,555,520	29,685,706,653,696	804,944,835	1,039,161,911	0	0
em-p-ihep51	20260625121502752000000	20	23,161,323,991,040	23,161,406,607,360	14,562,477,163,833	25,154,938,761,216	25,945,969,811,456	22,034,264,555,520	29,685,706,653,696	244,681,352	951,920,065	0	0
em-p-ihep51	20260625121512816000000	32	23,161,334,771,712	23,161,414,205,440	14,583,532,148,341	25,154,938,761,216	25,945,969,811,456	22,034,264,555,520	29,685,706,653,696	673,142,884	1,879,376,911	0	0
em-p-ihep51	20260625121522879000000	35	23,161,341,075,456	23,161,839,566,848	14,568,508,365,082	25,154,938,761,216	25,945,969,811,456	22,034,264,555,520	29,685,706,653,696	734,583,084	1,740,344,910	0	0
em-p-ihep51	20260625121532948000000	24	23,161,333,731,328	23,161,412,988,928	14,563,879,286,217	25,154,938,761,216	25,945,969,811,456	22,034,264,555,520	29,685,706,653,696	709,556,889	1,229,842,402	0	0
em-p-ihep51	20260625121542980000000	29	23,161,331,449,856	23,161,704,316,928	14,570,248,853,184	25,154,938,761,216	25,945,969,811,456	22,034,264,555,520	29,685,706,653,696	1,172,961,017	2,123,663,495	0	0
em-p-ihep51	20260625121553011000000	29	23,161,339,838,464	23,161,996,312,576	14,566,033,322,539	25,154,938,761,216	25,945,969,811,456	22,034,264,555,520	29,685,706,653,696	651,213,309	2,839,999,143	0	0
em-p-ihep51	20260625121603017000000	29	23,161,335,877,632	23,161,497,153,536	14,564,063,128,231	25,154,938,761,216	25,945,969,811,456	22,034,264,555,520	29,685,706,653,696	602,841,394	1,103,407,981	0	0
em-p-ihep51	20260625121613008000000	27	23,161,332,342,784	23,161,479,536,640	14,571,818,971,299	25,154,938,761,216	25,945,969,811,456	22,034,264,555,520	29,685,706,653,696	965,273,003	1,553,866,868	0	0
em-p-ihep51	20260625121623009000000	28	23,161,330,704,384	23,161,475,723,264	14,571,731,854,153	25,154,938,761,216	25,945,969,811,456	22,034,264,555,520	29,685,706,653,696	705,909,592	1,167,321,015	0	0
em-p-ihep51	20260625121633038000000	28	23,161,328,574,464	23,161,516,978,176	14,564,238,916,474	25,154,938,761,216	25,945,969,811,456	22,034,264,555,520	29,685,706,653,696	506,723,569	1,451,666,828	0	0
em-p-ihep51	20260625121643139000000	22	23,161,617,563,648	23,161,782,022,144	14,567,809,371,176	25,154,938,761,216	25,945,969,811,456	22,034,264,555,520	29,685,706,653,696	328,592,027	1,369,141,086	0	0
em-p-ihep51	20260625121653136000000	27	23,161,617,649,664	23,161,813,450,752	14,562,155,235,008	25,154,938,761,216	25,945,969,811,456	22,034,264,555,520	29,685,706,653,696	536,319,084	1,792,092,442	0	0
em-p-ihep51	20260625121703173000000	25	23,161,624,723,456	23,161,812,271,104	14,559,564,857,284	25,154,938,761,216	25,945,969,811,456	22,034,264,555,520	29,685,706,653,696	440,769,090	1,112,137,090	0	0
em-p-ihep51	20260625121713174000000	21	23,161,622,466,560	23,161,793,712,128	14,567,917,105,694	25,154,938,761,216	25,945,969,811,456	22,034,264,555,520	29,685,706,653,696	481,209,601	1,530,691,450	0	0
em-p-ihep51	20260625121723202000000	21	23,161,621,225,472	23,161,741,918,208	14,567,388,675,690	25,154,938,761,216	25,945,969,811,456	22,034,264,555,520	29,685,706,653,696	1,052,657,654	1,509,906,723	0	0
em-p-ihep51	20260625121733177000000	24	23,161,617,879,040	23,161,755,049,984	14,560,935,903,590	25,154,938,761,216	25,945,969,811,456	22,034,264,555,520	29,685,706,653,696	432,473,009	879,073,409	0	0
em-p-ihep51	20260625121743205000000	24	23,161,618,026,496	23,161,735,835,648	14,565,746,370,079	25,154,938,761,216	25,945,969,811,456	22,034,264,555,520	29,685,706,653,696	393,690,442	880,776,958	0	0
em-p-ihep51	20260625121753208000000	23	23,161,621,843,968	23,161,740,902,400	14,558,567,538,125	25,154,938,761,216	25,945,969,811,456	22,034,264,555,520	29,685,706,653,696	249,124,613	961,854,227	0	0
em-p-ihep51	20260625121803207000000	23	23,161,623,035,904	23,161,740,558,336	14,559,142,803,817	25,154,938,761,216	25,945,969,811,456	22,034,264,555,520	29,685,706,653,696	565,530,960	1,514,578,909	0	0
em-p-ihep51	20260625121813313000000	18	23,161,625,522,176	23,161,752,989,696	14,560,907,041,286	25,154,938,761,216	25,945,969,811,456	22,034,264,555,520	29,685,706,653,696	787,841,015	1,801,739,508	0	0
em-p-ihep51	20260625121823297000000	22	23,161,618,235,392	23,161,803,714,560	14,566,829,629,006	25,154,938,761,216	25,945,969,811,456	22,034,264,555,520	29,685,706,653,696	441,136,152	811,654,300	0	0
em-p-ihep51	20260625121833322000000	22	23,161,619,640,320	23,161,738,252,288	14,561,516,214,723	25,154,938,761,216	25,945,969,811,456	22,034,264,555,520	29,685,706,653,696	144,242,593	466,555,998	0	0
em-p-ihep51	20260625121843427000000	21	23,161,621,909,504	23,161,761,554,432	14,562,704,333,860	25,154,938,761,216	25,945,969,811,456	22,034,264,555,520	29,685,706,653,696	164,871,232	602,185,112	0	0
em-p-ihep51	20260625121853433000000	23	23,161,621,962,752	23,161,764,745,216	14,565,093,160,054	25,154,938,761,216	25,945,969,811,456	22,034,264,555,520	29,685,706,653,696	368,865,534	936,477,622	0	0
em-p-ihep51	20260625121903445000000	24	23,161,619,587,072	23,161,739,051,008	14,555,970,152,996	25,154,938,761,216	25,945,969,811,456	22,034,264,555,520	29,685,706,653,696	239,584,087	867,365,237	0	0
em-p-ihep51	20260625121913443000000	24	23,161,617,719,296	23,161,782,878,208	14,570,866,050,394	25,154,938,761,216	25,945,969,811,456	22,034,264,555,520	29,685,706,653,696	1,046,190,705	2,509,427,639	0	0
em-p-ihep51	20260625121923557000000	26	23,161,619,988,480	23,161,738,211,328	14,563,915,287,891	25,154,938,761,216	25,945,969,811,456	22,034,264,555,520	29,685,706,653,696	710,064,816	1,544,159,393	0	0
em-p-ihep51	20260625121933571000000	28	23,161,627,316,224	23,161,727,561,728	14,560,644,571,503	25,154,938,761,216	25,945,969,811,456	22,034,264,555,520	29,685,706,653,696	568,711,416	1,524,305,197	0	0
em-p-ihep51	20260625121943580000000	25	23,161,621,540,864	23,161,720,483,840	14,561,537,398,255	25,154,938,761,216	25,945,969,811,456	22,034,264,555,520	29,685,706,653,696	532,497,914	1,411,258,128	0	0
em-p-ihep51	20260625121953661000000	21	23,161,618,071,552	23,162,135,031,808	14,559,049,269,183	25,154,938,761,216	25,945,969,811,456	22,034,264,555,520	29,685,706,653,696	935,817,714	1,356,666,575	0	0
em-p-ihep51	20260625122003728000000	27	23,161,628,774,400	23,161,854,849,024	14,566,465,968,919	25,154,938,761,216	25,945,969,811,456	22,034,264,555,520	29,685,706,653,696	833,472,282	1,953,294,008	0	0
em-p-ihep51	20260625122013731000000	44	23,161,851,604,992	23,162,090,287,104	14,613,412,211,376	25,154,938,761,216	25,945,969,811,456	22,034,264,555,520	29,685,706,653,696	917,960,319	3,392,967,594	0	0
em-p-ihep51	20260625122023794000000	37	23,161,841,377,280	23,162,021,625,856	14,580,804,968,151	25,154,938,761,216	25,945,969,811,456	22,034,264,555,520	29,685,706,653,696	949,350,055	1,428,453,739	0	0
em-p-ihep51	20260625122033766000000	31	23,162,449,977,344	23,162,539,495,424	14,572,485,032,319	25,154,938,761,216	25,945,969,811,456	22,034,264,555,520	29,685,706,653,696	359,415,534	785,287,829	0	0
em-p-ihep51	20260625122043786000000	31	23,162,440,359,936	23,162,518,523,904	14,573,883,712,708	25,154,938,761,216	25,945,969,811,456	22,034,264,555,520	29,685,706,653,696	596,977,261	1,439,944,012	0	0
em-p-ihep51	20260625122053809000000	37	23,162,449,129,472	23,162,534,395,904	14,569,693,501,041	25,154,938,761,216	25,945,969,811,456	22,034,264,555,520	29,685,706,653,696	878,720,303	1,914,803,678	0	0
em-p-ihep51	20260625122103826000000	30	23,162,442,035,200	23,162,560,192,512	14,568,749,142,821	25,154,938,761,216	25,945,969,811,456	22,034,264,555,520	29,685,706,653,696	409,649,476	1,792,904,707	0	0
em-p-ihep51	20260625122113818000000	33	23,162,441,281,536	23,162,519,195,648	14,568,907,922,806	25,154,938,761,216	25,945,969,811,456	22,034,264,555,520	29,685,706,653,696	777,864,747	1,630,127,280	0	0
em-p-ihep51	20260625122123817000000	29	23,162,445,819,904	23,162,986,983,424	14,571,857,209,428	25,154,938,761,216	25,945,969,811,456	22,034,264,555,520	29,685,706,653,696	522,676,873	874,895,483	0	0
em-p-ihep51	20260625122133917000000	23	23,162,444,525,568	23,162,551,439,360	14,565,755,986,721	25,154,938,761,216	25,945,969,811,456	22,034,264,555,520	29,685,706,653,696	297,696,850	738,469,631	0	0
em-p-ihep51	20260625122143913000000	26	23,162,437,591,040	23,162,544,603,136	14,565,643,385,272	25,154,938,761,216	25,945,969,811,456	22,034,264,555,520	29,685,706,653,696	507,917,649	998,023,867	0	0
em-p-ihep51	20260625122154017000000	24	23,162,436,837,376	23,162,547,089,408	14,558,357,034,710	25,154,938,761,216	25,945,969,811,456	22,034,264,555,520	29,685,706,653,696	259,815,107	840,756,215	0	0
em-p-ihep51	20260625122204008000000	22	23,162,443,857,920	23,162,551,427,072	14,562,869,859,815	25,154,938,761,216	25,945,969,811,456	22,034,264,555,520	29,685,706,653,696	813,289,824	1,237,157,605	0	0
em-p-ihep51	20260625122214092000000	24	23,162,442,792,960	23,162,567,979,008	14,562,570,690,551	25,154,938,761,216	25,945,969,811,456	22,034,264,555,520	29,685,706,653,696	426,344,194	2,057,587,050	0	0
em-p-ihep51	20260625122224183000000	20	23,162,445,193,216	23,162,553,004,032	14,563,683,388,107	25,154,938,761,216	25,945,969,811,456	22,034,264,555,520	29,685,706,653,696	499,724,992	2,044,891,577	0	0
em-p-ihep51	20260625122234278000000	26	23,162,445,754,368	23,162,557,698,048	14,571,153,255,112	25,154,938,761,216	25,945,969,811,456	22,034,264,555,520	29,685,706,653,696	784,246,611	1,413,537,266	0	0
em-p-ihep51	20260625122244383000000	23	23,164,041,785,344	23,164,155,543,552	14,576,471,440,214	25,154,938,761,216	25,945,969,811,456	22,034,264,555,520	29,685,706,653,696	368,069,480	885,506,107	0	0
em-p-ihep51	20260625122254387000000	22	23,164,041,388,032	23,164,202,999,808	14,578,695,026,913	25,154,938,761,216	25,945,969,811,456	22,034,264,555,520	29,685,706,653,696	305,317,611	755,083,376	0	0
em-p-ihep51	20260625122304477000000	20	23,164,041,629,696	23,164,159,606,784	14,571,395,523,874	25,154,938,761,216	25,945,969,811,456	22,034,264,555,520	29,685,706,653,696	492,135,056	2,639,553,928	0	0
em-p-ihep51	20260625122314566000000	26	23,164,049,997,824	23,164,396,814,336	14,571,219,142,067	25,154,938,761,216	25,945,969,811,456	22,034,264,555,520	29,685,706,653,696	532,117,497	1,487,798,191	0	0
em-p-ihep51	20260625122324574000000	18	23,164,044,410,880	23,164,160,405,504	14,567,702,533,318	25,154,938,761,216	25,945,969,811,456	22,034,264,555,520	29,685,706,653,696	213,638,409	641,980,795	0	0
em-p-ihep51	20260625122334592000000	22	23,164,043,059,200	23,164,207,812,608	14,569,731,627,329	25,154,938,761,216	25,945,969,811,456	22,034,264,555,520	29,685,706,653,696	336,201,882	1,270,541,405	0	0
em-p-ihep51	20260625122344686000000	22	23,164,044,705,792	23,164,163,780,608	14,570,220,412,792	25,154,938,761,216	25,945,969,811,456	22,034,264,555,520	29,685,706,653,696	702,026,834	1,801,104,309	0	0
em-p-ihep51	20260625122354797000000	21	23,164,048,109,568	23,164,161,433,600	14,569,543,095,940	25,154,938,761,216	25,945,969,811,456	22,034,264,555,520	29,685,706,653,696	688,617,857	1,550,906,284	0	0
em-p-ihep51	20260625122404804000000	24	23,164,052,156,416	23,164,168,642,560	14,573,206,542,751	25,154,938,761,216	25,945,969,811,456	22,034,264,555,520	29,685,706,653,696	658,634,714	1,166,514,346	0	0
em-p-ihep51	20260625122414801000000	29	23,164,054,958,080	23,164,627,783,680	14,587,407,831,795	25,154,938,761,216	25,945,969,811,456	22,034,264,555,520	29,685,706,653,696	582,461,315	1,446,811,128	0	0
em-p-ihep51	20260625122424883000000	24	23,163,106,619,392	23,163,218,518,016	14,566,182,883,384	25,154,938,761,216	25,945,969,811,456	22,034,264,555,520	29,685,706,653,696	659,309,242	1,140,321,935	0	0
em-p-ihep51	20260625122434872000000	20	23,163,103,002,624	23,163,231,543,296	14,573,643,359,146	25,154,938,761,216	25,945,969,811,456	22,034,264,555,520	29,685,706,653,696	305,754,307	831,116,510	0	0
em-p-ihep51	20260625122444968000000	21	23,163,678,171,136	23,164,194,422,784	14,576,772,693,186	25,154,938,761,216	25,945,969,811,456	22,034,264,555,520	29,685,706,653,696	442,366,278	961,065,346	0	0
em-p-ihep51	20260625122455092000000	22	23,163,681,845,248	23,163,759,931,392	14,570,729,147,905	25,154,938,761,216	25,945,969,811,456	22,034,264,555,520	29,685,706,653,696	269,745,014	805,764,110	0	0
em-p-ihep51	20260625122505074000000	24	23,163,691,544,576	23,163,773,399,040	14,581,546,292,060	25,154,938,761,216	25,945,969,811,456	22,034,264,555,520	29,685,706,653,696	257,565,256	1,496,971,476	0	0
em-p-ihep51	20260625122515082000000	28	23,163,686,977,536	23,163,769,987,072	14,593,453,658,450	25,154,938,761,216	25,945,969,811,456	22,034,264,555,520	29,685,706,653,696	660,817,264	1,624,901,577	0	0
em-p-ihep51	20260625122525095000000	22	23,163,684,765,696	23,163,783,655,424	14,589,914,820,766	25,154,938,761,216	25,945,969,811,456	22,034,264,555,520	29,685,706,653,696	248,655,559	834,444,080	0	0
em-p-ihep51	20260625122535190000000	26	23,163,687,129,088	23,163,767,676,928	14,587,874,576,355	25,154,938,761,216	25,945,969,811,456	22,034,264,555,520	29,685,706,653,696	486,064,034	978,846,270	0	0
em-p-ihep51	20260625122545292000000	27	23,163,685,347,328	23,163,756,388,352	14,581,448,226,582	25,154,938,761,216	25,945,969,811,456	22,034,264,555,520	29,685,706,653,696	408,718,613	949,731,104	0	0
em-p-ihep51	20260625122555392000000	29	23,163,684,114,432	23,164,076,740,608	14,584,618,054,691	25,154,938,761,216	25,945,969,811,456	22,034,264,555,520	29,685,706,653,696	664,312,710	1,280,435,216	0	0
em-p-ihep51	20260625122605381000000	28	23,163,681,849,344	23,163,759,636,480	14,580,917,766,252	25,154,938,761,216	25,945,969,811,456	22,034,264,555,520	29,685,706,653,696	930,937,062	2,129,769,574	0	0
em-p-ihep51	20260625122615411000000	25	23,164,701,556,736	23,164,860,948,480	14,576,621,219,603	25,154,938,761,216	25,945,969,811,456	22,034,264,555,520	29,685,706,653,696	613,315,280	1,104,521,387	0	0
em-p-ihep51	20260625122625409000000	31	23,164,708,851,712	23,165,289,566,208	14,583,154,217,239	25,154,938,761,216	25,945,969,811,456	22,034,264,555,520	29,685,706,653,696	687,500,315	1,768,882,729	0	0
em-p-ihep51	20260625122635513000000	25	23,164,963,971,072	23,165,123,362,816	14,583,053,875,168	25,154,938,761,216	25,945,969,811,456	22,034,264,555,520	29,685,706,653,696	742,571,154	1,704,602,525	0	0
em-p-ihep51	20260625122645514000000	29	23,164,959,363,072	23,165,118,775,296	14,579,886,889,311	25,154,938,761,216	25,945,969,811,456	22,034,264,555,520	29,685,706,653,696	363,685,689	1,146,629,714	0	0
em-p-ihep51	20260625122655616000000	24	23,165,457,047,552	23,165,634,310,144	14,580,106,132,378	25,154,938,761,216	25,945,969,811,456	22,034,264,555,520	29,685,706,653,696	544,426,177	1,027,245,360	0	0
em-p-ihep51	20260625122705602000000	23	23,165,899,526,144	23,166,060,081,152	14,584,239,083,906	25,154,938,761,216	25,945,969,811,456	22,034,264,555,520	29,685,706,653,696	332,065,578	996,877,813	0	0
em-p-ihep51	20260625122715629000000	19	23,165,885,702,144	23,166,197,354,496	14,576,697,719,098	25,154,938,761,216	25,945,969,811,456	22,034,264,555,520	29,685,706,653,696	258,086,176	1,779,566,866	0	0
em-p-ihep51	20260625122725728000000	18	23,165,884,530,688	23,166,025,404,416	14,585,000,922,078	25,154,938,761,216	25,945,969,811,456	22,034,264,555,520	29,685,706,653,696	420,806,719	841,992,318	0	0
em-p-ihep51	20260625122735725000000	20	23,165,883,654,144	23,166,048,972,800	14,584,475,242,893	25,154,938,761,216	25,945,969,811,456	22,034,264,555,520	29,685,706,653,696	443,793,335	818,103,081	0	0
em-p-ihep51	20260625122745839000000	21	23,165,887,057,920	23,165,945,126,912	14,581,192,151,269	25,154,938,761,216	25,945,969,811,456	22,034,264,555,520	29,685,706,653,696	520,022,396	1,391,636,741	0	0
em-p-ihep51	20260625122755900000000	25	23,165,883,744,256	23,165,944,164,352	14,578,326,449,588	25,154,938,761,216	25,945,969,811,456	22,034,264,555,520	29,685,706,653,696	760,870,803	1,838,984,448	0	0
em-p-ihep51	20260625122805932000000	19	23,165,884,985,344	23,165,951,516,672	14,590,705,878,202	25,154,938,761,216	25,945,969,811,456	22,034,264,555,520	29,685,706,653,696	912,786,745	1,710,926,153	0	0
em-p-ihep51	20260625122815928000000	24	23,165,882,720,256	23,165,949,935,616	14,584,884,257,798	25,154,938,761,216	25,945,969,811,456	22,034,264,555,520	29,685,706,653,696	816,131,793	1,264,963,605	0	0
em-p-ihep51	20260625122826020000000	19	23,165,882,613,760	23,165,947,965,440	14,589,815,016,549	25,154,938,761,216	25,945,969,811,456	22,034,264,555,520	29,685,706,653,696	541,807,070	1,074,462,018	0	0
em-p-ihep51	20260625122836108000000	19	23,165,881,425,920	23,165,943,640,064	14,592,859,320,965	25,154,938,761,216	25,945,969,811,456	22,034,264,555,520	29,685,706,653,696	503,862,693	1,203,429,724	0	0
em-p-ihep51	20260625122846188000000	21	23,165,879,050,240	23,166,368,051,200	14,585,028,904,329	25,154,938,761,216	25,945,969,811,456	22,034,264,555,520	29,685,706,653,696	554,220,664	1,207,973,376	0	0
em-p-ihep51	20260625122856230000000	24	23,165,880,520,704	23,166,331,990,016	14,591,516,804,312	25,154,938,761,216	25,945,969,811,456	22,034,264,555,520	29,685,706,653,696	583,461,308	2,031,014,059	0	0
em-p-ihep51	20260625122906316000000	24	23,165,885,243,392	23,165,949,501,440	14,598,524,440,618	25,154,938,761,216	25,945,969,811,456	22,034,264,555,520	29,685,706,653,696	387,266,537	2,142,119,246	0	0
em-p-ihep51	20260625122916333000000	27	23,165,886,451,712	23,165,943,218,176	14,600,507,414,566	25,154,938,761,216	25,945,969,811,456	22,034,264,555,520	29,685,706,653,696	433,370,863	2,306,751,251	0	0
em-p-ihep51	20260625122926365000000	26	23,165,885,538,304	23,165,942,910,976	14,588,314,296,520	25,154,938,761,216	25,945,969,811,456	22,034,264,555,520	29,685,706,653,696	588,743,193	1,609,894,619	0	0
em-p-ihep51	20260625122936330000000	24	23,165,884,133,376	23,165,952,053,248	14,588,168,389,746	25,154,938,761,216	25,945,969,811,456	22,034,264,555,520	29,685,706,653,696	660,063,442	1,153,222,214	0	0
em-p-ihep51	20260625122946416000000	22	23,165,883,060,224	23,165,938,544,640	14,582,942,888,840	25,154,938,761,216	25,945,969,811,456	22,034,264,555,520	29,685,706,653,696	729,733,348	1,205,323,245	0	0
em-p-ihep51	20260625122956427000000	25	23,165,885,435,904	23,166,048,960,512	14,591,282,513,533	25,154,938,761,216	25,945,969,811,456	22,034,264,555,520	29,685,706,653,696	335,366,553	813,416,740	0	0
em-p-ihep51	20260625123006478000000	31	23,165,920,149,504	23,165,975,465,984	14,603,365,244,091	25,154,938,761,216	25,945,969,811,456	22,034,264,555,520	29,685,706,653,696	600,102,340	2,024,236,493	0	0
em-p-ihep51	20260625123016459000000	36	23,166,561,533,952	23,166,617,571,328	14,610,563,156,592	25,154,938,761,216	25,945,969,811,456	22,034,264,555,520	29,685,706,653,696	1,106,488,736	2,215,745,020	0	0
em-p-ihep51	20260625123026559000000	24	23,163,996,139,520	23,164,531,015,680	14,565,397,274,026	25,154,938,761,216	25,945,969,811,456	22,034,264,555,520	29,685,706,653,696	738,679,878	1,130,614,854	0	0
em-p-ihep51	20260625123036654000000	20	23,164,235,575,296	23,164,305,833,984	14,563,513,903,718	25,154,938,761,216	25,945,969,811,456	22,034,264,555,520	29,685,706,653,696	283,435,404	1,401,322,895	0	0
em-p-ihep51	20260625123046664000000	26	23,162,586,103,808	23,162,705,387,520	14,566,274,591,305	25,154,938,761,216	25,945,969,811,456	22,034,264,555,520	29,685,706,653,696	719,232,937	1,702,064,750	0	0
em-p-ihep51	20260625123056676000000	27	23,162,569,650,176	23,163,184,443,392	14,569,212,833,474	25,154,938,761,216	25,945,969,811,456	22,034,264,555,520	29,685,706,653,696	698,291,499	1,088,755,774	0	0
em-p-ihep51	20260625123106680000000	22	23,162,561,470,464	23,162,778,787,840	14,565,686,538,892	25,154,938,761,216	25,945,969,811,456	22,034,264,555,520	29,685,706,653,696	323,727,251	2,676,159,377	0	0
em-p-ihep51	20260625123116691000000	26	23,163,717,447,680	23,163,782,979,584	14,564,078,259,968	25,154,938,761,216	25,945,969,811,456	22,034,264,555,520	29,685,706,653,696	549,831,877	1,724,835,879	0	0
em-p-ihep51	20260625123126691000000	26	23,163,723,550,720	23,163,789,066,240	14,564,516,440,445	25,154,938,761,216	25,945,969,811,456	22,034,264,555,520	29,685,706,653,696	345,027,046	853,439,338	0	0
em-p-ihep51	20260625123136780000000	23	23,163,721,175,040	23,163,807,469,568	14,565,719,769,964	25,154,938,761,216	25,945,969,811,456	22,034,264,555,520	29,685,706,653,696	359,579,222	758,406,232	0	0
em-p-ihep51	20260625123146804000000	28	23,163,728,392,192	23,163,796,455,424	14,560,346,547,806	25,154,938,761,216	25,945,969,811,456	22,034,264,555,520	29,685,706,653,696	374,692,258	896,166,523	0	0
em-p-ihep51	20260625123156798000000	29	23,163,730,395,136	23,163,781,898,240	14,565,475,543,704	25,154,938,761,216	25,945,969,811,456	22,034,264,555,520	29,685,706,653,696	202,480,944	836,811,667	0	0
em-p-ihep51	20260625123206804000000	28	23,163,729,637,376	23,163,802,144,768	14,569,557,075,930	25,154,938,761,216	25,945,969,811,456	22,034,264,555,520	29,685,706,653,696	237,077,766	1,149,138,459	0	0
em-p-ihep51	20260625123216823000000	24	23,163,726,274,560	23,163,780,476,928	14,558,434,529,596	25,154,938,761,216	25,945,969,811,456	22,034,264,555,520	29,685,706,653,696	543,404,932	1,291,727,010	0	0
em-p-ihep51	20260625123226834000000	24	23,163,736,006,656	23,163,789,017,088	14,563,770,220,471	25,154,938,761,216	25,945,969,811,456	22,034,264,555,520	29,685,706,653,696	587,963,073	969,313,583	0	0
em-p-ihep51	20260625123236863000000	23	23,163,738,648,576	23,163,798,843,392	14,561,503,949,678	25,154,938,761,216	25,945,969,811,456	22,034,264,555,520	29,685,706,653,696	292,240,761	725,697,865	0	0
em-p-ihep51	20260625123246846000000	23	23,163,739,836,416	23,163,796,865,024	14,560,925,701,803	25,154,938,761,216	25,945,969,811,456	22,034,264,555,520	29,685,706,653,696	703,664,421	1,146,217,485	0	0
em-p-ihep51	20260625123256949000000	16	23,163,738,742,784	23,163,799,695,360	14,559,553,707,444	25,154,938,761,216	25,945,969,811,456	22,034,264,555,520	29,685,706,653,696	524,379,076	861,662,918	0	0
em-p-ihep51	20260625123306970000000	21	23,163,738,816,512	23,163,795,165,184	14,561,021,564,083	25,154,938,761,216	25,945,969,811,456	22,034,264,555,520	29,685,706,653,696	379,338,543	841,086,264	0	0
em-p-ihep51	20260625123317087000000	22	23,163,737,628,672	23,164,343,304,192	14,557,439,808,747	25,154,938,761,216	25,945,969,811,456	22,034,264,555,520	29,685,706,653,696	288,571,703	1,261,619,644	0	0
em-p-ihep51	20260625123327144000000	22	23,163,742,433,280	23,163,800,039,424	14,563,218,116,210	25,154,938,761,216	25,945,969,811,456	22,034,264,555,520	29,685,706,653,696	511,034,024	1,936,172,144	0	0
em-p-ihep51	20260625123337166000000	23	23,163,725,807,616	23,163,803,906,048	14,565,883,048,115	25,154,938,761,216	25,945,969,811,456	22,034,264,555,520	29,685,706,653,696	361,943,572	1,088,509,845	0	0
em-p-ihep51	20260625123347262000000	24	23,163,724,619,776	23,164,325,367,808	14,565,503,827,024	25,154,938,761,216	25,945,969,811,456	22,034,264,555,520	29,685,706,653,696	398,873,001	1,007,678,074	0	0
em-p-ihep51	20260625123357355000000	20	23,163,728,347,136	23,163,788,922,880	14,562,706,018,711	25,154,938,761,216	25,945,969,811,456	22,034,264,555,520	29,685,706,653,696	547,788,819	1,081,239,779	0	0
em-p-ihep51	20260625123407438000000	18	23,163,722,301,440	23,163,783,479,296	14,577,058,818,564	25,154,938,761,216	25,945,969,811,456	22,034,264,555,520	29,685,706,653,696	454,332,920	1,287,866,246	0	0
em-p-ihep51	20260625123417433000000	22	23,163,361,419,264	23,163,421,032,448	14,560,305,308,874	25,154,938,761,216	25,945,969,811,456	22,034,264,555,520	29,685,706,653,696	349,057,074	935,739,234	0	0
em-p-ihep51	20260625123427528000000	14	23,163,093,094,400	23,163,438,661,632	14,560,264,932,925	25,154,938,761,216	25,945,969,811,456	22,034,264,555,520	29,685,706,653,696	175,084,032	1,143,709,442	0	0
em-p-ihep51	20260625123437538000000	19	23,161,751,080,960	23,161,810,780,160	14,558,797,470,086	25,154,938,761,216	25,945,969,811,456	22,034,264,555,520	29,685,706,653,696	159,043,018	884,457,326	0	0
em-p-ihep51	20260625123447644000000	18	23,161,753,350,144	23,161,814,495,232	14,561,730,752,937	25,154,938,761,216	25,945,969,811,456	22,034,264,555,520	29,685,706,653,696	359,306,844	1,481,709,090	0	0
em-p-ihep51	20260625123457648000000	20	23,161,752,055,808	23,161,815,396,352	14,558,656,777,523	25,154,938,761,216	25,945,969,811,456	22,034,264,555,520	29,685,706,653,696	159,980,541	1,174,610,342	0	0
em-p-ihep51	20260625123507669000000	26	23,161,760,432,128	23,161,823,784,960	14,567,628,772,178	25,154,938,761,216	25,945,969,811,456	22,034,264,555,520	29,685,706,653,696	649,681,987	1,708,056,988	0	0
em-p-ihep51	20260625123517671000000	30	23,161,758,285,824	23,161,817,800,704	14,568,988,885,082	25,154,938,761,216	25,945,969,811,456	22,034,264,555,520	29,685,706,653,696	773,379,146	1,273,116,569	0	0
em-p-ihep51	20260625123527688000000	26	23,161,757,212,672	23,161,818,427,392	14,566,683,407,281	25,154,938,761,216	25,945,969,811,456	22,034,264,555,520	29,685,706,653,696	266,445,454	693,171,422	0	0
em-p-ihep51	20260625123537731000000	26	23,161,759,481,856	23,162,036,531,200	14,563,025,082,490	25,154,938,761,216	25,945,969,811,456	22,034,264,555,520	29,685,706,653,696	450,277,888	1,255,564,062	0	0
em-p-ihep51	20260625123547727000000	24	23,161,752,711,168	23,161,823,506,432	14,562,124,161,693	25,154,938,761,216	25,945,969,811,456	22,034,264,555,520	29,685,706,653,696	1,259,823,122	1,471,336,661	0	0
em-p-ihep51	20260625123557813000000	26	23,161,739,792,384	23,161,789,059,072	14,560,932,496,106	25,154,938,761,216	25,945,969,811,456	22,034,264,555,520	29,685,706,653,696	503,421,523	1,144,624,944	0	0
em-p-ihep51	20260625123607834000000	32	23,162,155,945,984	23,162,730,897,408	14,570,697,210,742	25,154,938,761,216	25,945,969,811,456	22,034,264,555,520	29,685,706,653,696	503,965,925	2,382,581,978	0	0
em-p-ihep51	20260625123617850000000	35	23,163,184,320,512	23,163,319,312,384	14,571,375,238,677	25,154,938,761,216	25,945,969,811,456	22,034,264,555,520	29,685,706,653,696	438,856,116	2,197,589,845	0	0
em-p-ihep51	20260625123627859000000	24	23,163,187,937,280	23,163,319,898,112	14,558,282,020,289	25,154,938,761,216	25,945,969,811,456	22,034,264,555,520	29,685,706,653,696	540,383,105	1,305,375,322	0	0
em-p-ihep51	20260625123637880000000	22	23,163,189,178,368	23,163,802,705,920	14,567,255,731,329	25,154,938,761,216	25,945,969,811,456	22,034,264,555,520	29,685,706,653,696	697,393,738	940,539,357	0	0
em-p-ihep51	20260625123647861000000	26	23,163,191,664,640	23,163,320,102,912	14,567,513,095,128	25,154,938,761,216	25,945,969,811,456	22,034,264,555,520	29,685,706,653,696	230,306,669	818,256,496	0	0
em-p-ihep51	20260625123657876000000	27	23,163,194,097,664	23,163,365,130,240	14,557,193,662,598	25,154,938,761,216	25,945,969,811,456	22,034,264,555,520	29,685,706,653,696	291,081,587	964,229,017	0	0
em-p-ihep51	20260625123707906000000	24	23,163,195,768,832	23,163,357,028,352	14,570,880,880,744	25,154,938,761,216	25,945,969,811,456	22,034,264,555,520	29,685,706,653,696	527,222,176	1,175,722,621	0	0
em-p-ihep51	20260625123717912000000	27	23,163,203,125,248	23,163,505,807,360	14,562,849,783,564	25,154,938,761,216	25,945,969,811,456	22,034,264,555,520	29,685,706,653,696	235,658,742	2,234,212,840	0	0
em-p-ihep51	20260625123728014000000	21	23,163,198,742,528	23,163,326,464,000	14,569,331,162,614	25,154,938,761,216	25,945,969,811,456	22,034,264,555,520	29,685,706,653,696	643,970,482	1,234,282,884	0	0
em-p-ihep51	20260625123738012000000	22	23,163,197,448,192	23,163,252,609,024	14,564,391,628,566	25,154,938,761,216	25,945,969,811,456	22,034,264,555,520	29,685,706,653,696	773,727,946	1,473,426,184	0	0
em-p-ihep51	20260625123748115000000	24	23,163,198,418,944	23,163,565,682,688	14,559,885,809,884	25,154,938,761,216	25,945,969,811,456	22,034,264,555,520	29,685,706,653,696	390,695,618	1,454,165,857	0	0
em-p-ihep51	20260625123758220000000	21	23,163,199,770,624	23,163,255,525,376	14,562,831,162,677	25,154,938,761,216	25,945,969,811,456	22,034,264,555,520	29,685,706,653,696	570,944,416	1,059,360,438	0	0
em-p-ihep51	20260625123808324000000	20	23,163,193,950,208	23,163,249,664,000	14,562,411,873,373	25,154,938,761,216	25,945,969,811,456	22,034,264,555,520	29,685,706,653,696	403,722,310	990,936,083	0	0
em-p-ihep51	20260625123818321000000	27	23,163,191,074,816	23,163,247,280,128	14,561,934,878,829	25,154,938,761,216	25,945,969,811,456	22,034,264,555,520	29,685,706,653,696	526,945,768	1,439,435,882	0	0
em-p-ihep51	20260625123828343000000	21	23,163,200,905,216	23,163,263,066,112	14,562,043,754,453	25,154,938,761,216	25,945,969,811,456	22,034,264,555,520	29,685,706,653,696	359,598,408	1,194,067,867	0	0
em-p-ihep51	20260625123838350000000	19	23,163,198,525,440	23,163,257,536,512	14,562,315,584,838	25,154,938,761,216	25,945,969,811,456	22,034,264,555,520	29,685,706,653,696	532,390,645	1,155,946,506	0	0
em-p-ihep51	20260625123848450000000	16	23,163,196,366,848	23,163,255,504,896	14,560,072,412,272	25,154,938,761,216	25,945,969,811,456	22,034,264,555,520	29,685,706,653,696	527,824,149	1,001,590,131	0	0
em-p-ihep51	20260625123858457000000	17	23,163,200,094,208	23,163,741,986,816	14,561,088,563,084	25,154,938,761,216	25,945,969,811,456	22,034,264,555,520	29,685,706,653,696	550,972,688	1,406,987,285	0	0
em-p-ihep51	20260625123908474000000	19	23,163,203,391,488	23,163,264,827,392	14,562,469,714,531	25,154,938,761,216	25,945,969,811,456	22,034,264,555,520	29,685,706,653,696	654,095,443	2,192,199,380	0	0
em-p-ihep51	20260625123918489000000	20	23,169,281,024,000	23,169,007,149,056	14,573,492,849,699	25,154,938,761,216	25,945,969,811,456	22,034,264,555,520	29,685,706,653,696	455,237,645	1,875,571,960	0	0
em-p-ihep51	20260625123928504000000	20	23,160,641,249,280	23,160,712,736,768	14,562,273,144,220	25,154,938,761,216	25,945,969,811,456	22,034,264,555,520	29,685,706,653,696	577,359,595	1,224,107,187	0	0
em-p-ihep51	20260625123938535000000	20	23,160,641,728,512	23,160,705,830,912	14,559,972,572,778	25,154,938,761,216	25,945,969,811,456	22,034,264,555,520	29,685,706,653,696	463,036,806	917,296,858	0	0
em-p-ihep51	20260625123948605000000	19	23,160,639,352,832	23,160,702,377,984	14,558,222,105,734	25,154,938,761,216	25,945,969,811,456	22,034,264,555,520	29,685,706,653,696	516,523,870	1,086,158,037	0	0
em-p-ihep51	20260625123958655000000	19	23,160,641,544,192	23,160,735,272,960	14,555,695,981,530	25,154,938,761,216	25,945,969,811,456	22,034,264,555,520	29,685,706,653,696	434,748,150	1,981,994,646	0	0
em-p-ihep51	20260625124008670000000	28	23,160,651,485,184	23,161,113,415,680	14,591,143,801,858	25,154,938,761,216	25,945,969,811,456	22,034,264,555,520	29,685,706,653,696	607,843,773	2,854,588,510	0	0
em-p-ihep51	20260625124018662000000	32	23,160,650,944,512	23,160,713,801,728	14,594,175,323,492	25,154,938,761,216	25,945,969,811,456	22,034,264,555,520	29,685,706,653,696	547,066,067	1,606,324,989	0	0
em-p-ihep51	20260625124028692000000	28	23,160,660,946,944	23,160,740,048,896	14,569,640,325,783	25,154,938,761,216	25,945,969,811,456	22,034,264,555,520	29,685,706,653,696	694,756,799	1,906,841,543	0	0
em-p-ihep51	20260625124038779000000	27	23,160,660,320,256	23,161,135,239,168	14,578,913,660,352	25,154,938,761,216	25,945,969,811,456	22,034,264,555,520	29,685,706,653,696	297,401,522	1,534,959,514	0	0
em-p-ihep51	20260625124048791000000	25	23,161,050,415,104	23,161,149,931,520	14,558,124,597,392	25,154,938,761,216	25,945,969,811,456	22,034,264,555,520	29,685,706,653,696	466,813,229	1,551,386,540	0	0
em-p-ihep51	20260625124058800000000	23	23,161,051,713,536	23,161,152,331,776	14,565,359,894,080	25,154,938,761,216	25,945,969,811,456	22,034,264,555,520	29,685,706,653,696	382,761,730	926,454,294	0	0
em-p-ihep51	20260625124108833000000	25	23,162,546,511,872	23,163,191,775,232	14,574,702,557,057	25,154,938,761,216	25,945,969,811,456	22,034,264,555,520	29,685,706,653,696	343,011,579	1,150,108,826	0	0
em-p-ihep51	20260625124118852000000	27	23,162,541,862,912	23,162,638,327,808	14,568,108,197,311	25,154,938,761,216	25,945,969,811,456	22,034,264,555,520	29,685,706,653,696	523,092,318	1,180,691,182	0	0
em-p-ihep51	20260625124128874000000	24	23,162,539,794,432	23,162,634,899,456	14,564,050,659,967	25,154,938,761,216	25,945,969,811,456	22,034,264,555,520	29,685,706,653,696	514,267,817	1,223,778,857	0	0
em-p-ihep51	20260625124138936000000	19	23,162,539,687,936	23,162,634,792,960	14,557,690,313,160	25,154,938,761,216	25,945,969,811,456	22,034,264,555,520	29,685,706,653,696	191,380,452	684,261,700	0	0
em-p-ihep51	20260625124148955000000	21	23,162,539,470,848	23,162,648,166,400	14,563,470,360,592	25,154,938,761,216	25,945,969,811,456	22,034,264,555,520	29,685,706,653,696	184,463,734	982,992,340	0	0
em-p-ihep51	20260625124159071000000	17	23,162,544,386,048	23,162,639,622,144	14,567,541,514,374	25,154,938,761,216	25,945,969,811,456	22,034,264,555,520	29,685,706,653,696	168,858,788	1,289,910,563	0	0
em-p-ihep51	20260625124209053000000	23	23,165,997,617,152	23,165,678,682,112	14,586,319,710,432	25,154,938,761,216	25,945,969,811,456	22,034,264,555,520	29,685,706,653,696	507,736,001	1,374,739,793	0	0
em-p-ihep51	20260625124219059000000	19	23,161,008,660,480	23,161,216,675,840	14,565,801,111,780	25,154,938,761,216	25,945,969,811,456	22,034,264,555,520	29,685,706,653,696	516,499,183	1,535,934,187	0	0
em-p-ihep51	20260625124229068000000	25	23,161,024,561,152	23,161,119,735,808	14,563,006,598,736	25,154,938,761,216	25,945,969,811,456	22,034,264,555,520	29,685,706,653,696	373,537,693	966,559,745	0	0
em-p-ihep51	20260625124239048000000	17	23,161,024,483,328	23,161,969,442,816	14,558,788,011,362	25,154,938,761,216	25,945,969,811,456	22,034,264,555,520	29,685,706,653,696	503,045,987	1,542,048,028	0	0
em-p-ihep51	20260625124249069000000	15	23,161,024,454,656	23,161,123,414,016	14,560,801,193,587	25,154,938,761,216	25,945,969,811,456	22,034,264,555,520	29,685,706,653,696	419,503,700	1,939,061,269	0	0
em-p-ihep51	20260625124259086000000	17	23,161,024,507,904	23,161,123,864,576	14,560,002,820,849	25,154,938,761,216	25,945,969,811,456	22,034,264,555,520	29,685,706,653,696	409,289,972	726,653,219	0	0
em-p-ihep51	20260625124309105000000	12	23,161,024,401,408	23,161,194,131,456	14,569,044,397,802	25,154,938,761,216	25,945,969,811,456	22,034,264,555,520	29,685,706,653,696	324,906,873	824,145,574	0	0
em-p-ihep51	20260625124319148000000	19	23,161,024,294,912	23,161,104,629,760	14,557,896,861,259	25,154,938,761,216	25,945,969,811,456	22,034,264,555,520	29,685,706,653,696	465,409,045	2,242,328,672	0	0
em-p-ihep51	20260625124329148000000	21	23,161,027,911,680	23,161,112,236,032	14,559,377,368,250	25,154,938,761,216	25,945,969,811,456	22,034,264,555,520	29,685,706,653,696	304,179,165	1,157,831,962	0	0
em-p-ihep51	20260625124339252000000	16	23,161,024,512,000	23,161,101,692,928	14,568,067,841,610	25,154,938,761,216	25,945,969,811,456	22,034,264,555,520	29,685,706,653,696	190,234,124	727,872,784	0	0
em-p-ihep51	20260625124349253000000	21	23,161,025,830,912	23,161,105,002,496	14,557,909,551,659	25,154,938,761,216	25,945,969,811,456	22,034,264,555,520	29,685,706,653,696	465,313,401	891,298,698	0	0
em-p-ihep51	20260625124359234000000	17	23,161,028,370,432	23,161,110,986,752	14,558,307,273,039	25,154,938,761,216	25,945,969,811,456	22,034,264,555,520	29,685,706,653,696	373,320,803	694,813,133	0	0
em-p-ihep51	20260625124409272000000	15	23,161,027,182,592	23,161,109,499,904	14,576,490,357,971	25,154,938,761,216	25,945,969,811,456	22,034,264,555,520	29,685,706,653,696	410,425,776	1,313,083,259	0	0
em-p-ihep51	20260625124419266000000	20	23,161,028,263,936	23,161,108,385,792	14,561,066,204,898	25,154,938,761,216	25,945,969,811,456	22,034,264,555,520	29,685,706,653,696	274,046,496	1,214,621,620	0	0
em-p-ihep51	20260625124429291000000	19	23,161,025,904,640	23,161,106,194,432	14,560,152,785,462	25,154,938,761,216	25,945,969,811,456	22,034,264,555,520	29,685,706,653,696	263,881,656	848,414,837	0	0
em-p-ihep51	20260625124439426000000	17	23,161,025,904,640	23,161,133,830,144	14,565,232,413,203	25,154,938,761,216	25,945,969,811,456	22,034,264,555,520	29,685,706,653,696	643,872,344	1,733,427,405	0	0
em-p-ihep51	20260625124449401000000	25	23,161,026,875,392	23,161,111,003,136	14,565,596,230,407	25,154,938,761,216	25,945,969,811,456	22,034,264,555,520	29,685,706,653,696	742,601,255	1,943,339,671	0	0
em-p-ihep51	20260625124459406000000	26	23,161,028,444,160	23,161,108,324,352	14,561,718,761,566	25,154,938,761,216	25,945,969,811,456	22,034,264,555,520	29,685,706,653,696	806,574,894	1,192,715,119	0	0
em-p-ihep51	20260625124509449000000	38	23,161,034,473,472	23,161,132,171,264	14,593,511,247,484	25,154,938,761,216	25,945,969,811,456	22,034,264,555,520	29,685,706,653,696	804,527,158	2,021,308,031	0	0
em-p-ihep51	20260625124519424000000	36	23,161,037,877,248	23,161,118,121,984	14,576,121,492,247	25,154,938,761,216	25,945,969,811,456	22,034,264,555,520	29,685,706,653,696	600,607,290	1,138,769,092	0	0
em-p-ihep51	20260625124529437000000	20	23,161,033,035,776	23,161,163,321,344	14,567,965,118,865	25,154,938,761,216	25,945,969,811,456	22,034,264,555,520	29,685,706,653,696	538,357,257	1,235,961,365	0	0
em-p-ihep51	20260625124539474000000	17	23,161,029,582,848	23,161,149,628,416	14,560,246,659,599	25,154,938,761,216	25,945,969,811,456	22,034,264,555,520	29,685,706,653,696	226,107,704	1,227,167,407	0	0
em-p-ihep51	20260625124549593000000	17	23,161,030,680,576	23,161,169,682,432	14,558,951,575,096	25,154,938,761,216	25,945,969,811,456	22,034,264,555,520	29,685,706,653,696	600,801,462	1,551,971,230	0	0
em-p-ihep51	20260625124559581000000	25	23,161,030,844,416	23,161,149,968,384	14,567,356,600,502	25,154,938,761,216	25,945,969,811,456	22,034,264,555,520	29,685,706,653,696	283,467,763	1,009,495,728	0	0
em-p-ihep51	20260625124609581000000	23	23,161,026,404,352	23,161,147,183,104	14,570,055,212,299	25,154,938,761,216	25,945,969,811,456	22,034,264,555,520	29,685,706,653,696	614,542,696	1,371,324,288	0	0
em-p-ihep51	20260625124619676000000	22	23,161,543,266,304	23,161,678,876,672	14,563,270,048,191	25,154,938,761,216	25,945,969,811,456	22,034,264,555,520	29,685,706,653,696	278,434,697	882,503,184	0	0
em-p-ihep51	20260625124629774000000	18	23,161,545,584,640	23,161,742,323,712	14,567,469,495,914	25,154,938,761,216	25,945,969,811,456	22,034,264,555,520	29,685,706,653,696	444,145,529	813,693,755	0	0
em-p-ihep51	20260625124639874000000	23	23,161,544,617,984	23,161,714,872,320	14,561,209,580,856	25,154,938,761,216	25,945,969,811,456	22,034,264,555,520	29,685,706,653,696	409,457,784	858,136,251	0	0
em-p-ihep51	20260625124649975000000	22	23,161,543,213,056	23,161,718,177,792	14,563,037,258,665	25,154,938,761,216	25,945,969,811,456	22,034,264,555,520	29,685,706,653,696	829,242,484	1,397,322,439	0	0
em-p-ihep51	20260625124700075000000	23	23,161,545,699,328	23,161,737,854,976	14,563,146,668,971	25,154,938,761,216	25,945,969,811,456	22,034,264,555,520	29,685,706,653,696	649,354,241	1,093,793,993	0	0
em-p-ihep51	20260625124710071000000	17	23,161,546,838,016	23,161,718,861,824	14,565,938,479,769	25,154,938,761,216	25,945,969,811,456	22,034,264,555,520	29,685,706,653,696	417,925,627	875,730,846	0	0
em-p-ihep51	20260625124720104000000	20	23,161,544,626,176	23,161,713,799,168	14,554,403,158,859	25,154,938,761,216	25,945,969,811,456	22,034,264,555,520	29,685,706,653,696	354,979,548	1,250,842,258	0	0
em-p-ihep51	20260625124730095000000	16	23,161,544,519,680	23,161,734,479,872	14,559,179,709,518	25,154,938,761,216	25,945,969,811,456	22,034,264,555,520	29,685,706,653,696	202,799,955	1,184,196,954	0	0
em-p-ihep51	20260625124740112000000	20	23,161,552,355,328	23,161,724,018,688	14,556,956,838,231	25,154,938,761,216	25,945,969,811,456	22,034,264,555,520	29,685,706,653,696	349,005,147	1,175,103,362	0	0
em-p-ihep51	20260625124750199000000	17	23,161,552,248,832	23,161,724,149,760	14,562,907,081,623	25,154,938,761,216	25,945,969,811,456	22,034,264,555,520	29,685,706,653,696	495,818,284	1,090,945,302	0	0
em-p-ihep51	20260625124800213000000	15	23,161,553,600,512	23,161,726,652,416	14,559,134,435,496	25,154,938,761,216	25,945,969,811,456	22,034,264,555,520	29,685,706,653,696	340,646,211	774,254,027	0	0
em-p-ihep51	20260625124810311000000	24	23,161,544,237,056	23,161,883,549,696	14,578,697,197,062	25,154,938,761,216	25,945,969,811,456	22,034,264,555,520	29,685,706,653,696	578,106,018	2,472,434,485	0	0
em-p-ihep51	20260625124820418000000	24	23,161,546,387,456	23,161,719,488,512	14,561,496,226,864	25,154,938,761,216	25,945,969,811,456	22,034,264,555,520	29,685,706,653,696	283,874,262	958,149,778	0	0
em-p-ihep51	20260625124830517000000	20	23,161,545,093,120	23,161,716,789,248	14,566,304,469,569	25,154,938,761,216	25,945,969,811,456	22,034,264,555,520	29,685,706,653,696	195,470,248	652,831,000	0	0
em-p-ihep51	20260625124840619000000	27	23,162,038,665,216	23,162,214,088,704	14,556,912,150,837	25,154,938,761,216	25,945,969,811,456	22,034,264,555,520	29,685,706,653,696	446,791,147	735,508,818	0	0
em-p-ihep51	20260625124850606000000	22	23,162,041,094,144	23,162,213,011,456	14,565,833,961,199	25,154,938,761,216	25,945,969,811,456	22,034,264,555,520	29,685,706,653,696	643,583,918	1,373,846,176	0	0
em-p-ihep51	20260625124900617000000	14	23,162,042,068,992	23,162,214,592,512	14,559,417,909,060	25,154,938,761,216	25,945,969,811,456	22,034,264,555,520	29,685,706,653,696	325,563,913	1,267,696,256	0	0
em-p-ihep51	20260625124910728000000	22	23,160,008,818,688	23,162,559,410,176	14,577,048,767,652	25,154,938,761,216	25,945,969,811,456	22,034,264,555,520	29,685,706,653,696	832,279,254	2,635,757,455	0	0
em-p-ihep51	20260625124920819000000	21	23,159,397,605,376	23,159,514,021,888	14,560,933,695,837	25,154,938,761,216	25,945,969,811,456	22,034,264,555,520	29,685,706,653,696	818,375,059	1,703,711,414	0	0
em-p-ihep51	20260625124930917000000	23	23,159,403,171,840	23,159,508,520,960	14,567,088,002,767	25,154,938,761,216	25,945,969,811,456	22,034,264,555,520	29,685,706,653,696	550,776,610	1,491,282,516	0	0
em-p-ihep51	20260625124940920000000	22	23,159,403,560,960	23,159,511,666,688	14,558,593,808,508	25,154,938,761,216	25,945,969,811,456	22,034,264,555,520	29,685,706,653,696	480,048,164	1,364,210,068	0	0
em-p-ihep51	20260625124950922000000	17	23,159,402,438,656	23,159,501,283,328	14,560,268,520,500	25,154,938,761,216	25,945,969,811,456	22,034,264,555,520	29,685,706,653,696	180,332,391	1,379,854,962	0	0
em-p-ihep51	20260625125000959000000	21	23,159,407,357,952	23,159,492,464,640	14,565,250,443,792	25,154,938,761,216	25,945,969,811,456	22,034,264,555,520	29,685,706,653,696	319,184,863	1,718,898,955	0	0
em-p-ihep51	20260625125010970000000	30	23,159,409,881,088	23,159,502,749,696	14,583,990,119,583	25,154,938,761,216	25,945,969,811,456	22,034,264,555,520	29,685,706,653,696	861,868,501	2,454,942,990	0	0
em-p-ihep51	20260625125020985000000	26	23,159,411,126,272	23,159,557,603,328	14,575,694,367,007	25,154,938,761,216	25,945,969,811,456	22,034,264,555,520	29,685,706,653,696	606,082,358	1,928,928,868	0	0
em-p-ihep51	20260625125031016000000	30	23,159,471,730,688	23,159,593,914,368	14,569,370,898,541	25,154,938,761,216	25,945,969,811,456	22,034,264,555,520	29,685,706,653,696	409,966,930	1,480,278,467	0	0
em-p-ihep51	20260625125041077000000	35	23,159,471,165,440	23,159,580,307,456	14,568,605,513,108	25,154,938,761,216	25,945,969,811,456	22,034,264,555,520	29,685,706,653,696	696,883,546	1,432,271,987	0	0
em-p-ihep51	20260625125051167000000	27	23,156,015,976,448	23,156,384,010,240	14,566,773,739,758	25,154,938,761,216	25,945,969,811,456	22,034,264,555,520	29,685,706,653,696	833,815,964	2,280,924,205	0	0
em-p-ihep51	20260625125101207000000	30	23,156,017,639,424	23,156,296,568,832	14,571,672,344,327	25,154,938,761,216	25,945,969,811,456	22,034,264,555,520	29,685,706,653,696	741,955,796	3,091,240,501	0	0
em-p-ihep51	20260625125111205000000	36	23,157,563,777,024	23,157,672,382,464	14,581,830,482,574	25,154,938,761,216	25,945,969,811,456	22,034,264,555,520	29,685,706,653,696	1,127,449,624	2,861,386,236	0	0
em-p-ihep51	20260625125121215000000	30	23,157,565,624,320	23,157,711,785,984	14,570,876,702,021	25,154,938,761,216	25,945,969,811,456	22,034,264,555,520	29,685,706,653,696	417,512,566	1,163,140,374	0	0
em-p-ihep51	20260625125131207000000	24	23,157,568,143,360	23,157,671,456,768	14,572,455,196,402	25,154,938,761,216	25,945,969,811,456	22,034,264,555,520	29,685,706,653,696	212,277,166	1,067,541,595	0	0
em-p-ihep51	20260625125141300000000	24	23,157,565,820,928	23,157,668,106,240	14,571,090,135,263	25,154,938,761,216	25,945,969,811,456	22,034,264,555,520	29,685,706,653,696	295,253,212	1,316,030,692	0	0
em-p-ihep51	20260625125151393000000	25	23,157,564,510,208	23,157,660,622,848	14,571,871,717,422	25,154,938,761,216	25,945,969,811,456	22,034,264,555,520	29,685,706,653,696	324,168,586	1,648,173,469	0	0
em-p-ihep51	20260625125201415000000	20	23,157,564,674,048	23,158,048,759,808	14,561,663,765,185	25,154,938,761,216	25,945,969,811,456	22,034,264,555,520	29,685,706,653,696	598,640,365	1,454,388,591	0	0
em-p-ihep51	20260625125211426000000	24	23,157,560,168,448	23,157,675,364,352	14,578,385,635,553	25,154,938,761,216	25,945,969,811,456	22,034,264,555,520	29,685,706,653,696	487,785,053	973,495,542	0	0
em-p-ihep51	20260625125221427000000	18	23,157,577,818,112	23,157,818,191,872	14,560,567,089,837	25,154,938,761,216	25,945,969,811,456	22,034,264,555,520	29,685,706,653,696	891,504,714	2,412,103,759	0	0
em-p-ihep51	20260625125231426000000	27	23,157,578,756,096	23,157,699,416,064	14,575,694,965,054	25,154,938,761,216	25,945,969,811,456	22,034,264,555,520	29,685,706,653,696	812,611,279	1,681,595,915	0	0
em-p-ihep51	20260625125241536000000	27	23,157,577,682,944	23,157,684,797,440	14,561,288,785,694	25,154,938,761,216	25,945,969,811,456	22,034,264,555,520	29,685,706,653,696	481,424,752	1,125,151,311	0	0
em-p-ihep51	20260625125251537000000	20	23,157,575,364,608	23,157,676,871,680	14,561,252,936,995	25,154,938,761,216	25,945,969,811,456	22,034,264,555,520	29,685,706,653,696	618,961,758	1,012,174,239	0	0
em-p-ihep51	20260625125301635000000	17	23,157,576,605,696	23,157,678,485,504	14,556,524,509,946	25,154,938,761,216	25,945,969,811,456	22,034,264,555,520	29,685,706,653,696	469,510,663	975,754,535	0	0
em-p-ihep51	20260625125311642000000	20	23,157,575,315,456	23,157,954,248,704	14,564,335,348,453	25,154,938,761,216	25,945,969,811,456	22,034,264,555,520	29,685,706,653,696	273,084,112	1,310,102,752	0	0
em-p-ihep51	20260625125321743000000	17	23,157,573,644,288	23,157,676,044,288	14,549,365,897,631	25,154,938,761,216	25,945,969,811,456	22,034,264,555,520	29,685,706,653,696	178,231,277	1,292,753,720	0	0
em-p-ihep51	20260625125331739000000	15	23,157,572,239,360	23,157,673,226,240	14,555,871,980,410	25,154,938,761,216	25,945,969,811,456	22,034,264,555,520	29,685,706,653,696	400,646,131	989,988,096	0	0
em-p-ihep51	20260625125341762000000	17	23,157,768,396,800	23,158,413,971,456	14,561,889,060,354	25,154,938,761,216	25,945,969,811,456	22,034,264,555,520	29,685,706,653,696	171,342,000	619,022,757	0	0
em-p-ihep51	20260625125351739000000	21	23,157,772,992,512	23,157,872,574,464	14,552,715,842,289	25,154,938,761,216	25,945,969,811,456	22,034,264,555,520	29,685,706,653,696	307,114,810	908,640,586	0	0
em-p-ihep51	20260625125401840000000	16	23,157,772,021,760	23,157,869,674,496	14,555,141,943,749	25,154,938,761,216	25,945,969,811,456	22,034,264,555,520	29,685,706,653,696	190,842,562	563,942,461	0	0
em-p-ihep51	20260625125411946000000	16	23,157,770,620,928	23,157,868,593,152	14,571,907,370,237	25,154,938,761,216	25,945,969,811,456	22,034,264,555,520	29,685,706,653,696	165,226,154	894,987,023	0	0
em-p-ihep51	20260625125421935000000	21	23,157,922,033,664	23,158,386,892,800	14,550,968,961,804	25,154,938,761,216	25,945,969,811,456	22,034,264,555,520	29,685,706,653,696	169,683,810	738,350,913	0	0
em-p-ihep51	20260625125431946000000	18	23,157,939,490,816	23,158,044,258,304	14,559,249,274,897	25,154,938,761,216	25,945,969,811,456	22,034,264,555,520	29,685,706,653,696	492,536,956	1,068,297,175	0	0
em-p-ihep51	20260625125441995000000	27	23,157,956,218,880	23,158,056,960,000	14,562,128,664,716	25,154,938,761,216	25,945,969,811,456	22,034,264,555,520	29,685,706,653,696	221,318,307	1,317,532,373	0	0
em-p-ihep51	20260625125452019000000	21	23,157,945,851,904	23,158,494,298,112	14,556,374,340,330	25,154,938,761,216	25,945,969,811,456	22,034,264,555,520	29,685,706,653,696	674,530,871	1,495,044,468	0	0
em-p-ihep51	20260625125502028000000	17	23,157,942,288,384	23,158,056,726,528	14,562,548,669,543	25,154,938,761,216	25,945,969,811,456	22,034,264,555,520	29,685,706,653,696	344,942,146	874,816,215	0	0
em-p-ihep51	20260625125512013000000	19	23,157,943,365,632	23,158,059,098,112	14,570,557,287,828	25,154,938,761,216	25,945,969,811,456	22,034,264,555,520	29,685,706,653,696	583,648,041	1,442,819,265	0	0
em-p-ihep51	20260625125522027000000	21	23,157,936,771,072	23,158,047,141,888	14,557,310,442,577	25,154,938,761,216	25,945,969,811,456	22,034,264,555,520	29,685,706,653,696	493,280,203	987,544,888	0	0
em-p-ihep51	20260625125532027000000	22	23,157,941,342,208	23,158,207,070,208	14,565,864,923,546	25,154,938,761,216	25,945,969,811,456	22,034,264,555,520	29,685,706,653,696	676,069,090	2,620,953,652	0	0
em-p-ihep51	20260625125542050000000	22	23,157,940,506,624	23,158,036,484,096	14,561,457,343,533	25,154,938,761,216	25,945,969,811,456	22,034,264,555,520	29,685,706,653,696	259,573,124	959,332,411	0	0
em-p-ihep51	20260625125552081000000	24	23,157,942,448,128	23,158,039,035,904	14,566,490,087,616	25,154,938,761,216	25,945,969,811,456	22,034,264,555,520	29,685,706,653,696	616,770,990	1,116,914,946	0	0
em-p-ihep51	20260625125602108000000	28	23,157,945,028,608	23,158,586,400,768	14,563,221,811,391	25,154,938,761,216	25,945,969,811,456	22,034,264,555,520	29,685,706,653,696	358,763,441	1,448,304,481	0	0
em-p-ihep51	20260625125612186000000	24	23,159,311,454,208	23,159,410,298,880	14,565,829,372,591	25,154,938,761,216	25,945,969,811,456	22,034,264,555,520	29,685,706,653,696	634,538,075	1,579,494,280	0	0
em-p-ihep51	20260625125622184000000	24	23,159,309,299,712	23,159,407,882,240	14,561,658,191,633	25,154,938,761,216	25,945,969,811,456	22,034,264,555,520	29,685,706,653,696	462,077,117	787,143,833	0	0
em-p-ihep51	20260625125632197000000	27	23,159,309,463,552	23,159,574,110,208	14,564,225,037,425	25,154,938,761,216	25,945,969,811,456	22,034,264,555,520	29,685,706,653,696	359,908,179	768,618,308	0	0
em-p-ihep51	20260625125642197000000	23	23,159,304,605,696	23,159,489,409,024	14,558,991,415,652	25,154,938,761,216	25,945,969,811,456	22,034,264,555,520	29,685,706,653,696	370,607,066	1,085,688,181	0	0
em-p-ihep51	20260625125652298000000	26	23,159,307,960,320	23,159,475,691,520	14,560,721,648,274	25,154,938,761,216	25,945,969,811,456	22,034,264,555,520	29,685,706,653,696	240,480,892	977,205,249	0	0
em-p-ihep51	20260625125702395000000	18	23,159,306,772,480	23,159,474,540,544	14,556,192,293,852	25,154,938,761,216	25,945,969,811,456	22,034,264,555,520	29,685,706,653,696	196,796,486	609,786,752	0	0
em-p-ihep51	20260625125712503000000	20	23,159,306,698,752	23,159,594,422,272	14,565,577,104,074	25,154,938,761,216	25,945,969,811,456	22,034,264,555,520	29,685,706,653,696	238,352,081	1,340,321,840	0	0
em-p-ihep51	20260625125722486000000	19	23,159,302,602,752	23,159,471,820,800	14,558,631,435,652	25,154,938,761,216	25,945,969,811,456	22,034,264,555,520	29,685,706,653,696	347,220,380	1,602,673,868	0	0
em-p-ihep51	20260625125732525000000	22	23,159,295,639,552	23,159,500,939,264	14,557,857,080,206	25,154,938,761,216	25,945,969,811,456	22,034,264,555,520	29,685,706,653,696	794,669,412	1,603,242,509	0	0
em-p-ihep51	20260625125742506000000	23	23,159,293,263,872	23,159,481,225,216	14,558,565,063,916	25,154,938,761,216	25,945,969,811,456	22,034,264,555,520	29,685,706,653,696	668,351,060	1,901,810,259	0	0
em-p-ihep51	20260625125752529000000	20	23,159,292,207,104	23,159,454,822,400	14,554,511,856,050	25,154,938,761,216	25,945,969,811,456	22,034,264,555,520	29,685,706,653,696	780,145,684	1,555,082,622	0	0
em-p-ihep51	20260625125802619000000	18	23,159,293,177,856	23,159,421,124,608	14,569,899,122,669	25,154,938,761,216	25,945,969,811,456	22,034,264,555,520	29,685,706,653,696	247,661,928	871,900,817	0	0
em-p-ihep51	20260625125812638000000	21	23,159,293,341,696	23,159,431,647,232	14,564,486,286,072	25,154,938,761,216	25,945,969,811,456	22,034,264,555,520	29,685,706,653,696	441,010,674	1,259,739,548	0	0
em-p-ihep51	20260625125822709000000	17	23,162,146,836,480	23,162,286,804,992	14,569,853,323,036	25,154,938,761,216	25,945,969,811,456	22,034,264,555,520	29,685,706,653,696	699,642,031	1,145,794,140	0	0
em-p-ihep51	20260625125832734000000	14	23,160,487,104,512	23,160,970,964,992	14,558,498,482,071	25,154,938,761,216	25,945,969,811,456	22,034,264,555,520	29,685,706,653,696	174,868,821	1,045,283,529	0	0
em-p-ihep51	20260625125842807000000	16	23,160,110,985,216	23,160,240,246,784	14,569,309,498,414	25,154,938,761,216	25,945,969,811,456	22,034,264,555,520	29,685,706,653,696	172,177,319	743,621,248	0	0
em-p-ihep51	20260625125852816000000	17	23,157,359,624,192	23,157,595,471,872	14,559,575,474,438	25,154,938,761,216	25,945,969,811,456	22,034,264,555,520	29,685,706,653,696	196,350,911	1,360,717,332	0	0
em-p-ihep51	20260625125902917000000	15	23,157,359,517,696	23,157,491,417,088	14,560,352,750,966	25,154,938,761,216	25,945,969,811,456	22,034,264,555,520	29,685,706,653,696	155,868,381	1,562,318,383	0	0
em-p-ihep51	20260625125913020000000	20	23,157,362,110,464	23,157,492,912,128	14,559,385,404,757	25,154,938,761,216	25,945,969,811,456	22,034,264,555,520	29,685,706,653,696	290,922,710	1,628,933,362	0	0
em-p-ihep51	20260625125923043000000	28	23,157,373,829,120	23,157,506,170,880	14,576,565,237,484	25,154,938,761,216	25,945,969,811,456	22,034,264,555,520	29,685,706,653,696	560,989,230	1,748,881,803	0	0
em-p-ihep51	20260625125933053000000	22	23,157,372,858,368	23,157,508,300,800	14,564,022,927,300	25,154,938,761,216	25,945,969,811,456	22,034,264,555,520	29,685,706,653,696	548,329,775	1,556,892,313	0	0
em-p-ihep51	20260625125943060000000	20	23,157,374,402,560	23,157,531,000,832	14,556,458,682,545	25,154,938,761,216	25,945,969,811,456	22,034,264,555,520	29,685,706,653,696	413,157,190	1,014,595,369	0	0
em-p-ihep51	20260625125953106000000	20	23,159,746,756,608	23,159,079,669,760	14,582,212,512,648	25,154,938,761,216	25,945,969,811,456	22,034,264,555,520	29,685,706,653,696	836,525,728	2,223,333,521	0	0
em-p-ihep51	20260625130003148000000	23	23,150,756,118,528	23,151,032,438,784	14,565,250,028,649	25,154,938,761,216	25,945,969,811,456	22,034,264,555,520	29,685,706,653,696	413,075,625	2,988,301,517	0	0
em-p-ihep51	20260625130013135000000	30	23,152,278,515,712	23,152,434,171,904	14,620,186,541,904	25,154,938,761,216	25,945,969,811,456	22,034,264,555,520	29,685,706,653,696	850,859,844	2,855,591,446	0	0
em-p-ihep51	20260625130023173000000	27	23,152,478,007,296	23,152,633,741,312	14,578,882,000,429	25,154,938,761,216	25,945,969,811,456	22,034,264,555,520	29,685,706,653,696	860,471,301	1,789,446,153	0	0
em-p-ihep51	20260625130033135000000	28	23,156,045,246,464	23,156,228,554,752	14,572,305,816,429	25,154,938,761,216	25,945,969,811,456	22,034,264,555,520	29,685,706,653,696	415,247,686	1,616,757,684	0	0
em-p-ihep51	20260625130043180000000	26	23,156,050,489,344	23,156,213,702,656	14,576,802,056,293	25,154,938,761,216	25,945,969,811,456	22,034,264,555,520	29,685,706,653,696	583,650,468	1,059,757,274	0	0
em-p-ihep51	20260625130053183000000	23	23,156,328,554,496	23,156,488,986,624	14,562,531,781,401	25,154,938,761,216	25,945,969,811,456	22,034,264,555,520	29,685,706,653,696	613,234,723	1,493,038,095	0	0
em-p-ihep51	20260625130103192000000	24	23,156,324,990,976	23,156,528,844,800	14,562,561,340,099	25,154,938,761,216	25,945,969,811,456	22,034,264,555,520	29,685,706,653,696	484,701,228	1,123,533,132	0	0
em-p-ihep51	20260625130113193000000	28	23,156,803,563,520	23,156,964,966,400	14,570,740,999,030	25,154,938,761,216	25,945,969,811,456	22,034,264,555,520	29,685,706,653,696	586,691,391	1,590,085,485	0	0
em-p-ihep51	20260625130123219000000	24	23,156,807,290,880	23,156,963,319,808	14,570,148,668,093	25,154,938,761,216	25,945,969,811,456	22,034,264,555,520	29,685,706,653,696	840,523,560	1,253,714,795	0	0
em-p-ihep51	20260625130133297000000	23	23,156,797,845,504	23,156,956,135,424	14,562,564,461,055	25,154,938,761,216	25,945,969,811,456	22,034,264,555,520	29,685,706,653,696	931,824,314	1,490,056,690	0	0
em-p-ihep51	20260625130143323000000	21	23,156,792,987,648	23,156,964,610,048	14,562,426,433,282	25,154,938,761,216	25,945,969,811,456	22,034,264,555,520	29,685,706,653,696	689,255,468	1,540,625,668	0	0
em-p-ihep51	20260625130153421000000	21	23,156,807,651,328	23,157,306,699,776	14,562,701,478,916	25,154,938,761,216	25,945,969,811,456	22,034,264,555,520	29,685,706,653,696	383,396,220	2,455,558,038	0	0
em-p-ihep51	20260625130203519000000	20	23,156,812,677,120	23,157,459,476,480	14,560,964,930,317	25,154,938,761,216	25,945,969,811,456	22,034,264,555,520	29,685,706,653,696	827,386,669	2,369,867,281	0	0
em-p-ihep51	20260625130213533000000	26	23,157,275,893,760	23,157,446,733,824	14,572,137,895,296	25,154,938,761,216	25,945,969,811,456	22,034,264,555,520	29,685,706,653,696	683,559,566	1,308,978,976	0	0
em-p-ihep51	20260625130223536000000	23	23,157,277,134,848	23,157,434,523,648	14,565,644,733,632	25,154,938,761,216	25,945,969,811,456	22,034,264,555,520	29,685,706,653,696	436,574,665	1,444,391,563	0	0
em-p-ihep51	20260625130233638000000	22	23,157,280,268,288	23,157,449,924,608	14,561,500,147,635	25,154,938,761,216	25,945,969,811,456	22,034,264,555,520	29,685,706,653,696	1,041,535,182	1,720,300,648	0	0
em-p-ihep51	20260625130243639000000	24	23,157,283,028,992	23,157,455,912,960	14,567,936,074,946	25,154,938,761,216	25,945,969,811,456	22,034,264,555,520	29,685,706,653,696	686,439,273	1,461,032,906	0	0
em-p-ihep51	20260625130253727000000	19	23,157,285,408,768	23,157,457,375,232	14,562,099,833,169	25,154,938,761,216	25,945,969,811,456	22,034,264,555,520	29,685,706,653,696	537,944,298	955,086,052	0	0
em-p-ihep51	20260625130303742000000	20	23,158,029,271,040	23,158,196,572,160	14,571,777,882,720	25,154,938,761,216	25,945,969,811,456	22,034,264,555,520	29,685,706,653,696	293,658,026	1,070,779,668	0	0
em-p-ihep51	20260625130313784000000	23	23,158,037,651,456	23,158,205,472,768	14,563,761,272,094	25,154,938,761,216	25,945,969,811,456	22,034,264,555,520	29,685,706,653,696	431,958,774	1,922,605,826	0	0
em-p-ihep51	20260625130323799000000	19	23,158,037,651,456	23,158,400,008,192	14,563,735,479,581	25,154,938,761,216	25,945,969,811,456	22,034,264,555,520	29,685,706,653,696	610,035,207	1,238,269,152	0	0
em-p-ihep51	20260625130333816000000	16	23,158,183,522,304	23,158,354,210,816	14,560,330,144,180	25,154,938,761,216	25,945,969,811,456	22,034,264,555,520	29,685,706,653,696	491,563,450	867,320,730	0	0
em-p-ihep51	20260625130343852000000	18	23,158,185,086,976	23,158,430,568,448	14,559,974,417,836	25,154,938,761,216	25,945,969,811,456	22,034,264,555,520	29,685,706,653,696	443,024,448	820,644,366	0	0
em-p-ihep51	20260625130353815000000	18	23,158,186,639,360	23,158,901,235,712	14,561,883,450,927	25,154,938,761,216	25,945,969,811,456	22,034,264,555,520	29,685,706,653,696	218,394,425	544,749,542	0	0
em-p-ihep51	20260625130403836000000	17	23,158,140,358,656	23,158,314,151,936	14,565,235,648,643	25,154,938,761,216	25,945,969,811,456	22,034,264,555,520	29,685,706,653,696	224,895,882	1,303,642,979	0	0
em-p-ihep51	20260625130413882000000	22	23,157,913,411,584	23,158,112,239,616	14,576,567,116,187	25,154,938,761,216	25,945,969,811,456	22,034,264,555,520	29,685,706,653,696	274,928,377	748,479,287	0	0
em-p-ihep51	20260625130423872000000	21	23,158,449,643,520	23,158,650,966,016	14,564,500,053,485	25,154,938,761,216	25,945,969,811,456	22,034,264,555,520	29,685,706,653,696	411,749,192	1,041,542,171	0	0
em-p-ihep51	20260625130433951000000	16	23,156,708,462,592	23,157,169,061,888	14,564,019,516,121	25,154,938,761,216	25,945,969,811,456	22,034,264,555,520	29,685,706,653,696	233,585,152	1,461,891,028	0	0
em-p-ihep51	20260625130443979000000	19	23,156,709,543,936	23,156,913,049,600	14,569,193,953,079	25,154,938,761,216	25,945,969,811,456	22,034,264,555,520	29,685,706,653,696	722,986,521	1,417,824,439	0	0
em-p-ihep51	20260625130453979000000	21	23,156,835,880,960	23,157,059,215,360	14,576,978,868,472	25,154,938,761,216	25,945,969,811,456	22,034,264,555,520	29,685,706,653,696	291,032,614	1,368,336,216	0	0
em-p-ihep51	20260625130504125000000	21	23,156,859,813,888	23,157,054,234,624	14,589,643,003,249	25,154,938,761,216	25,945,969,811,456	22,034,264,555,520	29,685,706,653,696	502,389,789	2,724,358,809	0	0
em-p-ihep51	20260625130514114000000	35	23,156,854,411,264	23,157,052,948,480	14,598,277,048,813	25,154,938,761,216	25,945,969,811,456	22,034,264,555,520	29,685,706,653,696	676,121,435	1,629,803,272	0	0
em-p-ihep51	20260625130524125000000	28	23,159,671,332,864	23,159,863,394,304	14,612,684,066,421	25,154,938,761,216	25,945,969,811,456	22,034,264,555,520	29,685,706,653,696	925,135,589	1,425,604,017	0	0
em-p-ihep51	20260625130534147000000	25	23,159,732,432,896	23,159,927,865,344	14,617,895,914,055	25,154,938,761,216	25,945,969,811,456	22,034,264,555,520	29,685,706,653,696	455,609,984	942,971,636	0	0
em-p-ihep51	20260625130544160000000	20	23,159,736,070,144	23,159,915,237,376	14,613,529,450,509	25,154,938,761,216	25,945,969,811,456	22,034,264,555,520	29,685,706,653,696	539,182,297	1,065,666,619	0	0
em-p-ihep51	20260625130554159000000	25	23,159,750,668,288	23,159,932,223,488	14,614,883,996,088	25,154,938,761,216	25,945,969,811,456	22,034,264,555,520	29,685,706,653,696	359,096,389	1,432,575,203	0	0
em-p-ihep51	20260625130604174000000	32	23,159,771,164,672	23,159,950,819,328	14,568,533,874,309	25,154,938,761,216	25,945,969,811,456	22,034,264,555,520	29,685,706,653,696	359,775,093	1,499,354,430	0	0
em-p-ihep51	20260625130614180000000	23	23,161,811,169,280	23,161,996,705,792	14,569,017,190,822	25,154,938,761,216	25,945,969,811,456	22,034,264,555,520	29,685,706,653,696	546,979,739	1,302,350,796	0	0
em-p-ihep51	20260625130624231000000	24	23,161,817,923,584	23,162,003,017,728	14,562,366,301,691	25,154,938,761,216	25,945,969,811,456	22,034,264,555,520	29,685,706,653,696	912,893,736	1,086,241,809	0	0
em-p-ihep51	20260625130634268000000	22	23,161,813,491,712	23,161,996,058,624	14,569,415,199,056	25,154,938,761,216	25,945,969,811,456	22,034,264,555,520	29,685,706,653,696	540,132,795	905,880,440	0	0
em-p-ihep51	20260625130644259000000	29	23,161,818,300,416	23,162,449,661,952	14,574,138,951,180	25,154,938,761,216	25,945,969,811,456	22,034,264,555,520	29,685,706,653,696	550,516,297	1,164,181,766	0	0
em-p-ihep51	20260625130654271000000	32	23,161,827,209,216	23,162,233,692,160	14,570,421,392,360	25,154,938,761,216	25,945,969,811,456	22,034,264,555,520	29,685,706,653,696	599,704,322	1,340,589,223	0	0
em-p-ihep51	20260625130704297000000	30	23,161,817,640,960	23,162,087,436,288	14,567,020,568,099	25,154,938,761,216	25,945,969,811,456	22,034,264,555,520	29,685,706,653,696	688,279,189	1,979,593,610	0	0
em-p-ihep51	20260625130714312000000	27	23,161,815,461,888	23,162,124,455,936	14,559,226,322,166	25,154,938,761,216	25,945,969,811,456	22,034,264,555,520	29,685,706,653,696	585,298,260	1,769,620,344	0	0
em-p-ihep51	20260625130724319000000	21	23,161,812,946,944	23,162,080,194,560	14,564,478,886,815	25,154,938,761,216	25,945,969,811,456	22,034,264,555,520	29,685,706,653,696	535,400,365	1,492,973,839	0	0
em-p-ihep51	20260625130734317000000	24	23,161,816,055,808	23,162,083,516,416	14,559,958,594,709	25,154,938,761,216	25,945,969,811,456	22,034,264,555,520	29,685,706,653,696	1,016,227,409	2,652,247,192	0	0
em-p-ihep51	20260625130744429000000	22	23,161,818,345,472	23,162,040,610,816	14,564,379,668,663	25,154,938,761,216	25,945,969,811,456	22,034,264,555,520	29,685,706,653,696	459,511,256	1,820,569,592	0	0
em-p-ihep51	20260625130754437000000	21	23,161,559,699,456	23,161,774,305,280	14,565,588,668,494	25,154,938,761,216	25,945,969,811,456	22,034,264,555,520	29,685,706,653,696	382,701,581	800,765,976	0	0
em-p-ihep51	20260625130804447000000	24	23,162,453,958,656	23,162,662,219,776	14,579,095,908,329	25,154,938,761,216	25,945,969,811,456	22,034,264,555,520	29,685,706,653,696	603,821,499	1,047,872,734	0	0
em-p-ihep51	20260625130814449000000	22	23,162,452,885,504	23,162,664,112,128	14,572,724,011,474	25,154,938,761,216	25,945,969,811,456	22,034,264,555,520	29,685,706,653,696	745,443,684	1,076,080,683	0	0
em-p-ihep51	20260625130824544000000	19	23,162,453,590,016	23,162,818,084,864	14,562,416,463,405	25,154,938,761,216	25,945,969,811,456	22,034,264,555,520	29,685,706,653,696	325,758,704	1,160,760,181	0	0
em-p-ihep51	20260625130834656000000	22	23,162,505,478,144	23,162,717,700,096	14,566,307,909,909	25,154,938,761,216	25,945,969,811,456	22,034,264,555,520	29,685,706,653,696	389,872,622	848,920,729	0	0
em-p-ihep51	20260625130844690000000	28	23,162,512,506,880	23,162,725,732,352	14,579,104,541,101	25,154,938,761,216	25,945,969,811,456	22,034,264,555,520	29,685,706,653,696	563,016,888	1,589,412,377	0	0
em-p-ihep51	20260625130854682000000	27	23,162,506,833,920	23,162,848,501,760	14,567,221,232,661	25,154,938,761,216	25,945,969,811,456	22,034,264,555,520	29,685,706,653,696	472,554,243	1,462,856,102	0	0
em-p-ihep51	20260625130904690000000	22	23,162,510,397,440	23,162,665,656,320	14,560,229,990,929	25,154,938,761,216	25,945,969,811,456	22,034,264,555,520	29,685,706,653,696	863,603,239	1,615,212,566	0	0
em-p-ihep51	20260625130914705000000	24	23,166,242,398,208	23,166,402,420,736	14,582,013,623,776	25,154,938,761,216	25,945,969,811,456	22,034,264,555,520	29,685,706,653,696	523,580,103	1,558,725,106	0	0
em-p-ihep51	20260625130924706000000	24	23,165,420,716,032	23,166,063,808,512	14,564,054,225,741	25,154,938,761,216	25,945,969,811,456	22,034,264,555,520	29,685,706,653,696	621,707,921	1,371,473,410	0	0
em-p-ihep51	20260625130934713000000	23	23,165,417,017,344	23,165,580,050,432	14,560,897,055,033	25,154,938,761,216	25,945,969,811,456	22,034,264,555,520	29,685,706,653,696	614,618,370	1,122,369,277	0	0
em-p-ihep51	20260625130944730000000	21	23,165,416,136,704	23,165,727,039,488	14,562,897,169,410	25,154,938,761,216	25,945,969,811,456	22,034,264,555,520	29,685,706,653,696	616,232,150	2,429,795,887	0	0
em-p-ihep51	20260625130954732000000	21	23,165,421,940,736	23,165,604,114,432	14,565,422,341,178	25,154,938,761,216	25,945,969,811,456	22,034,264,555,520	29,685,706,653,696	250,152,639	1,469,744,838	0	0
em-p-ihep51	20260625131004797000000	43	23,165,452,029,952	23,165,611,675,648	14,568,551,058,311	25,154,938,761,216	25,945,969,811,456	22,034,264,555,520	29,685,706,653,696	602,348,431	2,156,829,001	0	0
em-p-ihep51	20260625131014852000000	37	23,165,440,503,808	23,165,597,216,768	14,590,349,429,168	25,154,938,761,216	25,945,969,811,456	22,034,264,555,520	29,685,706,653,696	1,119,846,072	2,635,700,010	0	0
em-p-ihep51	20260625131024960000000	27	23,165,440,704,512	23,165,592,838,144	14,565,289,953,351	25,154,938,761,216	25,945,969,811,456	22,034,264,555,520	29,685,706,653,696	701,840,048	1,630,477,061	0	0
em-p-ihep51	20260625131034975000000	26	23,165,453,819,904	23,165,616,435,200	14,567,497,305,874	25,154,938,761,216	25,945,969,811,456	22,034,264,555,520	29,685,706,653,696	676,317,204	1,439,873,729	0	0
em-p-ihep51	20260625131045040000000	27	23,165,452,521,472	23,165,605,781,504	14,570,321,523,726	25,154,938,761,216	25,945,969,811,456	22,034,264,555,520	29,685,706,653,696	1,014,371,722	1,598,892,940	0	0
em-p-ihep51	20260625131055148000000	27	23,165,453,991,936	23,165,607,178,240	14,570,560,010,578	25,154,938,761,216	25,945,969,811,456	22,034,264,555,520	29,685,706,653,696	509,120,952	1,173,482,921	0	0
em-p-ihep51	20260625131105150000000	22	23,165,450,371,072	23,165,610,729,472	14,567,179,982,870	25,154,938,761,216	25,945,969,811,456	22,034,264,555,520	29,685,706,653,696	535,257,269	1,481,923,564	0	0
em-p-ihep51	20260625131115256000000	22	23,165,708,976,128	23,165,854,027,776	14,565,714,445,886	25,154,938,761,216	25,945,969,811,456	22,034,264,555,520	29,685,706,653,696	270,263,148	1,350,791,739	0	0
em-p-ihep51	20260625131125241000000	24	23,165,712,379,904	23,165,854,564,352	14,564,735,863,553	25,154,938,761,216	25,945,969,811,456	22,034,264,555,520	29,685,706,653,696	937,963,346	1,399,838,938	0	0
em-p-ihep51	20260625131135251000000	27	23,165,714,698,240	23,166,044,098,560	14,567,957,210,767	25,154,938,761,216	25,945,969,811,456	22,034,264,555,520	29,685,706,653,696	348,050,011	1,248,979,719	0	0
em-p-ihep51	20260625131145243000000	24	23,165,723,279,360	23,165,840,019,456	14,563,273,971,681	25,154,938,761,216	25,945,969,811,456	22,034,264,555,520	29,685,706,653,696	402,634,440	1,806,343,437	0	0
em-p-ihep51	20260625131155245000000	21	23,165,717,671,936	23,165,826,301,952	14,564,698,135,640	25,154,938,761,216	25,945,969,811,456	22,034,264,555,520	29,685,706,653,696	430,897,885	1,274,524,264	0	0
em-p-ihep51	20260625131205344000000	20	23,165,716,361,216	23,166,210,211,840	14,565,662,262,085	25,154,938,761,216	25,945,969,811,456	22,034,264,555,520	29,685,706,653,696	350,251,140	2,205,228,851	0	0
em-p-ihep51	20260625131215449000000	19	23,165,715,750,912	23,166,008,791,040	14,560,396,233,940	25,154,938,761,216	25,945,969,811,456	22,034,264,555,520	29,685,706,653,696	707,448,297	2,362,859,265	0	0
em-p-ihep51	20260625131225462000000	17	23,165,714,743,296	23,165,984,272,384	14,564,418,631,425	25,154,938,761,216	25,945,969,811,456	22,034,264,555,520	29,685,706,653,696	586,382,412	2,357,919,914	0	0
em-p-ihep51	20260625131235470000000	17	23,165,714,874,368	23,165,830,639,616	14,560,367,324,701	25,154,938,761,216	25,945,969,811,456	22,034,264,555,520	29,685,706,653,696	802,918,542	1,353,558,212	0	0
em-p-ihep51	20260625131245495000000	14	23,165,711,421,440	23,166,359,138,304	14,561,590,840,632	25,154,938,761,216	25,945,969,811,456	22,034,264,555,520	29,685,706,653,696	369,538,148	1,533,791,210	0	0
em-p-ihep51	20260625131255490000000	20	23,165,715,099,648	23,165,818,613,760	14,562,970,551,472	25,154,938,761,216	25,945,969,811,456	22,034,264,555,520	29,685,706,653,696	385,090,925	1,043,843,377	0	0
em-p-ihep51	20260625131305491000000	18	23,165,718,667,264	23,165,820,870,656	14,569,179,025,973	25,154,938,761,216	25,945,969,811,456	22,034,264,555,520	29,685,706,653,696	481,471,518	1,956,571,476	0	0
em-p-ihep51	20260625131315532000000	19	23,165,718,560,768	23,165,833,015,296	14,565,266,250,264	25,154,938,761,216	25,945,969,811,456	22,034,264,555,520	29,685,706,653,696	393,969,871	1,997,510,423	0	0
em-p-ihep51	20260625131325537000000	17	23,165,719,912,448	23,165,824,966,656	14,563,421,567,671	25,154,938,761,216	25,945,969,811,456	22,034,264,555,520	29,685,706,653,696	354,864,833	917,886,014	0	0
em-p-ihep51	20260625131335625000000	17	23,165,720,092,672	23,165,823,795,200	14,561,170,524,621	25,154,938,761,216	25,945,969,811,456	22,034,264,555,520	29,685,706,653,696	313,005,009	736,115,299	0	0
em-p-ihep51	20260625131345637000000	19	23,165,718,798,336	23,165,841,674,240	14,568,392,902,239	25,154,938,761,216	25,945,969,811,456	22,034,264,555,520	29,685,706,653,696	411,918,442	1,328,206,659	0	0
em-p-ihep51	20260625131355672000000	21	23,166,377,218,048	23,167,470,972,928	14,572,796,155,511	25,154,938,761,216	25,945,969,811,456	22,034,264,555,520	29,685,706,653,696	808,048,681	1,264,162,496	0	0
em-p-ihep51	20260625131405670000000	22	23,167,985,291,264	23,168,114,753,536	14,574,604,472,906	25,154,938,761,216	25,945,969,811,456	22,034,264,555,520	29,685,706,653,696	791,083,344	1,872,510,692	0	0
em-p-ihep51	20260625131415773000000	19	23,167,686,070,272	23,167,775,907,840	14,585,552,152,708	25,154,938,761,216	25,945,969,811,456	22,034,264,555,520	29,685,706,653,696	245,254,873	571,802,535	0	0
em-p-ihep51	20260625131425773000000	18	23,164,465,926,144	23,164,581,421,056	14,574,245,959,443	25,154,938,761,216	25,945,969,811,456	22,034,264,555,520	29,685,706,653,696	508,684,608	1,238,186,952	0	0
em-p-ihep51	20260625131435880000000	20	23,160,284,700,672	23,160,375,033,856	14,562,091,493,480	25,154,938,761,216	25,945,969,811,456	22,034,264,555,520	29,685,706,653,696	591,847,132	1,736,415,337	0	0
em-p-ihep51	20260625131445889000000	22	23,159,478,206,464	23,159,560,851,456	14,563,178,696,174	25,154,938,761,216	25,945,969,811,456	22,034,264,555,520	29,685,706,653,696	490,704,808	1,289,842,889	0	0
em-p-ihep51	20260625131455878000000	20	23,159,479,177,216	23,159,566,389,248	14,562,908,482,748	25,154,938,761,216	25,945,969,811,456	22,034,264,555,520	29,685,706,653,696	532,241,172	1,489,265,776	0	0
em-p-ihep51	20260625131505921000000	39	23,159,497,650,176	23,159,593,410,560	14,565,697,224,300	25,154,938,761,216	25,945,969,811,456	22,034,264,555,520	29,685,706,653,696	1,209,284,433	1,729,413,876	0	0
em-p-ihep51	20260625131515911000000	24	23,159,985,131,520	23,160,066,154,496	14,573,950,572,495	25,154,938,761,216	25,945,969,811,456	22,034,264,555,520	29,685,706,653,696	747,330,323	1,522,663,816	0	0
em-p-ihep51	20260625131525949000000	28	23,159,991,201,792	23,160,072,458,240	14,576,103,122,742	25,154,938,761,216	25,945,969,811,456	22,034,264,555,520	29,685,706,653,696	731,450,954	1,021,482,533	0	0
em-p-ihep51	20260625131535950000000	21	23,160,100,261,888	23,160,615,866,368	14,568,804,610,702	25,154,938,761,216	25,945,969,811,456	22,034,264,555,520	29,685,706,653,696	387,365,204	832,034,195	0	0
em-p-ihep51	20260625131545939000000	24	23,160,100,425,728	23,160,184,872,960	14,574,595,805,420	25,154,938,761,216	25,945,969,811,456	22,034,264,555,520	29,685,706,653,696	743,689,251	1,328,733,304	0	0
em-p-ihep51	20260625131555997000000	24	23,160,099,209,216	23,160,183,676,928	14,576,047,862,233	25,154,938,761,216	25,945,969,811,456	22,034,264,555,520	29,685,706,653,696	1,080,243,290	1,925,838,729	0	0
em-p-ihep51	20260625131606005000000	34	23,160,128,913,408	23,161,278,210,048	14,578,008,772,012	25,154,938,761,216	25,945,969,811,456	22,034,264,555,520	29,685,706,653,696	692,846,083	2,651,355,488	0	0
em-p-ihep51	20260625131616012000000	29	23,160,099,459,072	23,160,179,478,528	14,578,143,578,716	25,154,938,761,216	25,945,969,811,456	22,034,264,555,520	29,685,706,653,696	673,491,365	2,140,272,523	0	0
em-p-ihep51	20260625131626001000000	29	23,160,105,402,368	23,160,182,427,648	14,577,072,691,155	25,154,938,761,216	25,945,969,811,456	22,034,264,555,520	29,685,706,653,696	656,272,930	1,235,940,721	0	0
em-p-ihep51	20260625131636015000000	26	23,160,105,291,776	23,160,183,345,152	14,582,151,150,595	25,154,938,761,216	25,945,969,811,456	22,034,264,555,520	29,685,706,653,696	878,146,050	1,364,224,738	0	0
em-p-ihep51	20260625131646022000000	28	23,160,112,472,064	23,160,187,363,328	14,578,825,769,727	25,154,938,761,216	25,945,969,811,456	22,034,264,555,520	29,685,706,653,696	1,339,913,707	1,820,963,327	0	0
em-p-ihep51	20260625131656036000000	24	23,160,810,123,264	23,160,135,614,464	14,595,636,249,645	25,154,938,761,216	25,945,969,811,456	22,034,264,555,520	29,685,706,653,696	694,913,541	1,139,453,172	0	0
em-p-ihep51	20260625131706076000000	22	23,206,170,112,000	23,204,889,206,784	14,655,339,283,676	25,154,938,761,216	25,945,969,811,456	22,034,264,555,520	29,685,706,653,696	462,063,431	1,525,262,580	0	0
em-p-ihep51	20260625131716057000000	23	23,256,460,775,424	23,255,532,883,968	14,706,184,470,177	25,154,938,761,216	25,945,969,811,456	22,034,264,555,520	29,685,706,653,696	718,917,932	1,412,827,502	0	0
em-p-ihep51	20260625131726073000000	22	23,296,777,224,192	23,296,522,346,496	14,746,257,081,433	25,154,938,761,216	25,945,969,811,456	22,034,264,555,520	29,685,706,653,696	365,152,983	1,317,132,514	0	0
em-p-ihep51	20260625131736081000000	21	23,322,463,199,232	23,322,538,889,216	14,797,993,064,584	25,154,938,761,216	25,945,969,811,456	22,034,264,555,520	29,685,706,653,696	657,385,078	2,026,449,521	0	0
em-p-ihep51	20260625131746084000000	27	23,342,740,639,744	23,342,850,572,288	14,837,153,934,621	25,154,938,761,216	25,945,969,811,456	22,034,264,555,520	29,685,706,653,696	700,173,282	1,271,773,506	0	0
em-p-ihep51	20260625131756070000000	27	23,342,748,667,904	23,342,833,913,856	14,839,733,052,815	25,154,938,761,216	25,945,969,811,456	22,034,264,555,520	29,685,706,653,696	526,126,709	927,883,626	0	0
em-p-ihep51	20260625131806143000000	28	23,342,774,439,936	23,342,859,796,480	14,845,751,475,309	25,154,938,761,216	25,945,969,811,456	22,034,264,555,520	29,685,706,653,696	338,257,132	1,405,091,403	0	0
em-p-ihep51	20260625131816108000000	25	23,342,778,925,056	23,343,296,503,808	14,831,720,303,071	25,154,938,761,216	25,945,969,811,456	22,034,264,555,520	29,685,706,653,696	514,384,686	1,593,190,951	0	0
em-p-ihep51	20260625131826127000000	17	23,342,775,685,120	23,342,866,288,640	14,834,739,162,348	25,154,938,761,216	25,945,969,811,456	22,034,264,555,520	29,685,706,653,696	643,860,716	1,547,921,670	0	0
em-p-ihep51	20260625131836132000000	19	23,332,556,685,312	23,333,074,255,872	14,566,339,720,708	25,154,938,761,216	25,945,969,811,456	22,034,264,555,520	29,685,706,653,696	581,015,057	1,963,663,899	0	0
em-p-ihep51	20260625131846141000000	19	23,300,868,145,152	23,300,993,830,912	14,567,460,155,141	25,154,938,761,216	25,945,969,811,456	22,034,264,555,520	29,685,706,653,696	500,594,868	1,995,627,984	0	0
em-p-ihep51	20260625131856153000000	23	23,300,908,810,240	23,301,040,488,448	14,575,217,823,396	25,154,938,761,216	25,945,969,811,456	22,034,264,555,520	29,685,706,653,696	299,819,027	1,484,102,644	0	0
em-p-ihep51	20260625131906171000000	28	23,300,929,802,240	23,301,055,799,296	14,576,264,848,981	25,154,938,761,216	25,945,969,811,456	22,034,264,555,520	29,685,706,653,696	588,513,024	2,014,020,626	0	0
em-p-ihep51	20260625131916198000000	29	23,300,933,472,256	23,301,054,746,624	14,584,411,945,432	25,154,938,761,216	25,945,969,811,456	22,034,264,555,520	29,685,706,653,696	1,216,464,381	2,001,084,375	0	0
em-p-ihep51	20260625131926195000000	27	23,303,066,537,984	23,303,224,672,256	14,569,532,443,658	25,154,938,761,216	25,945,969,811,456	22,034,264,555,520	29,685,706,653,696	919,582,863	1,202,848,716	0	0
em-p-ihep51	20260625131936231000000	25	23,302,049,742,848	23,302,181,642,240	14,568,191,015,586	25,154,938,761,216	25,945,969,811,456	22,034,264,555,520	29,685,706,653,696	742,484,816	1,422,365,245	0	0
em-p-ihep51	20260625131946252000000	21	23,300,519,100,416	23,301,008,809,984	14,566,321,837,062	25,154,938,761,216	25,945,969,811,456	22,034,264,555,520	29,685,706,653,696	652,590,591	2,385,522,995	0	0
em-p-ihep51	20260625131956272000000	18	23,300,519,510,016	23,301,104,832,512	14,565,055,630,414	25,154,938,761,216	25,945,969,811,456	22,034,264,555,520	29,685,706,653,696	893,065,112	1,960,577,521	0	0
em-p-ihep51	20260625132006312000000	26	23,301,308,616,704	23,301,426,180,096	14,575,677,321,192	25,154,938,761,216	25,945,969,811,456	22,034,264,555,520	29,685,706,653,696	809,058,425	2,095,736,118	0	0
em-p-ihep51	20260625132016425000000	29	23,301,709,307,904	23,301,844,889,600	14,609,372,815,108	25,154,938,761,216	25,945,969,811,456	22,034,264,555,520	29,685,706,653,696	869,941,509	2,058,739,796	0	0
em-p-ihep51	20260625132026467000000	36	23,301,779,034,112	23,302,375,538,688	14,584,493,708,648	25,154,938,761,216	25,945,969,811,456	22,034,264,555,520	29,685,706,653,696	948,857,956	1,883,283,603	0	0
em-p-ihep51	20260625132036440000000	31	23,301,771,227,136	23,301,886,599,168	14,582,023,415,677	25,154,938,761,216	25,945,969,811,456	22,034,264,555,520	29,685,706,653,696	749,565,374	1,195,861,822	0	0
em-p-ihep51	20260625132046469000000	31	23,301,768,982,528	23,301,876,510,720	14,587,360,190,927	25,154,938,761,216	25,945,969,811,456	22,034,264,555,520	29,685,706,653,696	288,433,539	881,700,082	0	0
em-p-ihep51	20260625132056483000000	27	23,301,765,566,464	23,301,873,053,696	14,576,814,055,461	25,154,938,761,216	25,945,969,811,456	22,034,264,555,520	29,685,706,653,696	542,002,741	913,351,355	0	0
em-p-ihep51	20260625132106504000000	28	23,301,778,108,416	23,302,439,231,488	14,580,665,466,178	25,154,938,761,216	25,945,969,811,456	22,034,264,555,520	29,685,706,653,696	299,825,739	1,351,033,383	0	0
em-p-ihep51	20260625132116534000000	34	23,303,026,405,376	23,303,119,724,544	14,575,551,904,101	25,154,938,761,216	25,945,969,811,456	22,034,264,555,520	29,685,706,653,696	1,207,051,641	2,328,959,732	0	0
em-p-ihep51	20260625132126548000000	28	23,303,025,541,120	23,303,119,056,896	14,574,914,461,681	25,154,938,761,216	25,945,969,811,456	22,034,264,555,520	29,685,706,653,696	727,357,699	1,427,429,999	0	0
em-p-ihep51	20260625132136556000000	24	23,303,017,357,312	23,303,522,271,232	14,569,300,623,445	25,154,938,761,216	25,945,969,811,456	22,034,264,555,520	29,685,706,653,696	513,182,232	1,136,587,502	0	0
em-p-ihep51	20260625132146561000000	23	23,303,023,026,176	23,303,119,351,808	14,574,527,552,896	25,154,938,761,216	25,945,969,811,456	22,034,264,555,520	29,685,706,653,696	466,973,097	1,357,625,180	0	0
em-p-ihep51	20260625132156592000000	21	23,303,028,187,136	23,303,221,399,552	14,571,239,301,088	25,154,938,761,216	25,945,969,811,456	22,034,264,555,520	29,685,706,653,696	233,607,010	2,024,173,990	0	0
em-p-ihep51	20260625132206613000000	23	23,303,029,395,456	23,303,665,618,944	14,581,550,279,408	25,154,938,761,216	25,945,969,811,456	22,034,264,555,520	29,685,706,653,696	512,231,977	1,990,407,960	0	0
em-p-ihep51	20260625132216588000000	24	23,303,030,730,752	23,303,124,901,888	14,565,267,005,658	25,154,938,761,216	25,945,969,811,456	22,034,264,555,520	29,685,706,653,696	327,206,594	1,359,141,752	0	0
em-p-ihep51	20260625132226707000000	21	23,303,028,244,480	23,303,122,702,336	14,574,527,526,303	25,154,938,761,216	25,945,969,811,456	22,034,264,555,520	29,685,706,653,696	1,027,145,257	1,236,206,167	0	0
em-p-ihep51	20260625132236703000000	23	23,303,027,347,456	23,303,152,934,912	14,566,550,954,800	25,154,938,761,216	25,945,969,811,456	22,034,264,555,520	29,685,706,653,696	911,178,402	1,467,933,373	0	0
em-p-ihep51	20260625132246739000000	20	23,303,018,569,728	23,303,129,731,072	14,565,508,110,964	25,154,938,761,216	25,945,969,811,456	22,034,264,555,520	29,685,706,653,696	767,269,139	1,115,054,417	0	0
em-p-ihep51	20260625132256761000000	24	23,303,021,973,504	23,303,113,072,640	14,567,054,842,768	25,154,938,761,216	25,945,969,811,456	22,034,264,555,520	29,685,706,653,696	483,248,962	1,260,568,836	0	0
em-p-ihep51	20260625132306782000000	25	23,303,023,411,200	23,303,162,466,304	14,567,714,621,539	25,154,938,761,216	25,945,969,811,456	22,034,264,555,520	29,685,706,653,696	1,289,437,573	3,216,225,110	0	0
em-p-ihep51	20260625132316792000000	23	23,303,027,019,776	23,303,177,822,208	14,564,151,704,711	25,154,938,761,216	25,945,969,811,456	22,034,264,555,520	29,685,706,653,696	937,580,817	2,889,443,291	0	0
em-p-ihep51	20260625132326796000000	23	23,303,027,994,624	23,303,167,246,336	14,567,017,394,988	25,154,938,761,216	25,945,969,811,456	22,034,264,555,520	29,685,706,653,696	745,914,435	1,606,081,056	0	0
em-p-ihep51	20260625132336814000000	22	23,303,026,212,864	23,303,203,749,888	14,562,908,709,859	25,154,938,761,216	25,945,969,811,456	22,034,264,555,520	29,685,706,653,696	909,162,373	1,384,444,012	0	0
em-p-ihep51	20260625132346827000000	32	23,303,024,062,464	23,303,181,897,728	14,572,520,415,590	25,154,938,761,216	25,945,969,811,456	22,034,264,555,520	29,685,706,653,696	616,623,823	1,194,607,948	0	0
em-p-ihep51	20260625132356933000000	22	23,303,020,716,032	23,303,165,460,480	14,565,100,762,222	25,154,938,761,216	25,945,969,811,456	22,034,264,555,520	29,685,706,653,696	783,311,011	1,030,142,734	0	0
em-p-ihep51	20260625132406990000000	25	23,303,022,092,288	23,303,166,656,512	14,574,408,040,058	25,154,938,761,216	25,945,969,811,456	22,034,264,555,520	29,685,706,653,696	652,416,436	1,479,454,260	0	0
em-p-ihep51	20260625132416966000000	32	23,304,005,480,448	23,304,138,199,040	14,584,707,961,944	25,154,938,761,216	25,945,969,811,456	22,034,264,555,520	29,685,706,653,696	375,808,331	856,071,579	0	0
em-p-ihep51	20260625132426962000000	25	23,297,294,270,464	23,297,420,939,264	14,577,121,931,986	25,154,938,761,216	25,945,969,811,456	22,034,264,555,520	29,685,706,653,696	943,228,378	1,422,941,229	0	0
em-p-ihep51	20260625132437060000000	20	23,297,288,548,352	23,297,455,587,328	14,570,912,886,285	25,154,938,761,216	25,945,969,811,456	22,034,264,555,520	29,685,706,653,696	840,478,147	1,353,785,222	0	0
em-p-ihep51	20260625132447161000000	21	23,297,378,836,480	23,297,507,790,848	14,566,663,208,735	25,154,938,761,216	25,945,969,811,456	22,034,264,555,520	29,685,706,653,696	408,498,544	1,646,178,818	0	0
em-p-ihep51	20260625132457166000000	20	23,297,380,241,408	23,297,533,935,616	14,572,447,487,520	25,154,938,761,216	25,945,969,811,456	22,034,264,555,520	29,685,706,653,696	956,932,850	1,602,997,823	0	0
em-p-ihep51	20260625132507179000000	27	23,297,385,000,960	23,297,510,219,776	14,573,863,229,139	25,154,938,761,216	25,945,969,811,456	22,034,264,555,520	29,685,706,653,696	655,192,809	1,364,187,609	0	0
em-p-ihep51	20260625132517189000000	25	23,297,379,082,240	23,297,509,703,680	14,571,839,404,763	25,154,938,761,216	25,945,969,811,456	22,034,264,555,520	29,685,706,653,696	705,948,173	1,472,898,146	0	0
em-p-ihep51	20260625132527195000000	26	23,297,379,409,920	23,297,889,120,256	14,577,109,404,801	25,154,938,761,216	25,945,969,811,456	22,034,264,555,520	29,685,706,653,696	526,883,558	1,063,928,018	0	0
em-p-ihep51	20260625132537228000000	26	23,297,380,851,712	23,297,498,718,208	14,572,546,977,115	25,154,938,761,216	25,945,969,811,456	22,034,264,555,520	29,685,706,653,696	638,813,592	1,059,466,827	0	0
em-p-ihep51	20260625132547215000000	28	23,297,385,451,520	23,297,503,854,592	14,572,098,868,715	25,154,938,761,216	25,945,969,811,456	22,034,264,555,520	29,685,706,653,696	495,522,110	1,402,390,927	0	0
em-p-ihep51	20260625132557240000000	32	23,292,577,390,592	23,293,030,686,720	14,576,770,750,364	25,154,938,761,216	25,945,969,811,456	22,034,264,555,520	29,685,706,653,696	572,845,943	1,167,846,879	0	0
em-p-ihep51	20260625132607252000000	28	23,288,840,708,096	23,288,960,208,896	14,571,480,048,297	25,154,938,761,216	25,945,969,811,456	22,034,264,555,520	29,685,706,653,696	339,578,576	1,233,458,026	0	0
em-p-ihep51	20260625132617281000000	32	23,294,383,046,656	23,294,719,197,184	14,629,823,988,714	25,154,938,761,216	25,945,969,811,456	22,034,264,555,520	29,685,706,653,696	684,752,535	1,703,280,469	0	0
em-p-ihep51	20260625132627352000000	43	23,332,159,590,400	23,329,589,985,280	14,725,933,839,777	25,154,938,761,216	25,945,969,811,456	22,034,264,555,520	29,685,706,653,696	496,766,687	1,443,672,860	0	0
em-p-ihep51	20260625132637432000000	51	23,353,223,356,416	23,352,365,371,392	14,801,710,830,013	25,154,938,761,216	25,945,969,811,456	22,034,264,555,520	29,685,706,653,696	830,913,775	1,295,068,645	0	0
em-p-ihep51	20260625132647489000000	45	23,366,085,533,696	23,366,197,272,576	14,831,521,593,595	25,154,938,761,216	25,945,969,811,456	22,034,264,555,520	29,685,706,653,696	496,311,472	1,169,120,141	0	0
em-p-ihep51	20260625132657458000000	41	23,369,189,031,936	23,369,387,192,320	14,755,585,372,245	25,154,938,761,216	25,945,969,811,456	22,034,264,555,520	29,685,706,653,696	481,569,573	1,116,104,620	0	0
em-p-ihep51	20260625132707546000000	27	23,370,248,450,048	23,370,315,448,320	14,774,583,355,110	25,154,938,761,216	25,945,969,811,456	22,034,264,555,520	29,685,706,653,696	744,097,937	1,245,736,133	0	0
em-p-ihep51	20260625132717586000000	27	23,370,195,886,080	23,370,357,223,424	14,790,743,107,402	25,154,938,761,216	25,945,969,811,456	22,034,264,555,520	29,685,706,653,696	563,055,649	2,046,752,153	0	0
em-p-ihep51	20260625132727563000000	21	23,370,668,150,784	23,370,838,904,832	14,792,154,642,742	25,154,938,761,216	25,945,969,811,456	22,034,264,555,520	29,685,706,653,696	473,819,827	1,061,910,180	0	0
em-p-ihep51	20260625132737569000000	21	23,371,055,857,664	23,371,703,914,496	14,822,353,728,443	25,154,938,761,216	25,945,969,811,456	22,034,264,555,520	29,685,706,653,696	574,794,641	1,370,476,676	237,568	0
em-p-ihep51	20260625132747566000000	25	23,367,509,934,080	23,367,342,252,032	14,834,091,568,265	25,154,938,761,216	25,945,969,811,456	22,034,264,555,520	29,685,706,653,696	438,575,399	1,415,974,173	0	0
em-p-ihep51	20260625132757673000000	25	23,355,587,170,304	23,355,605,147,648	14,741,316,236,045	25,154,938,761,216	25,945,969,811,456	22,034,264,555,520	29,685,706,653,696	597,948,950	2,554,211,778	0	0
em-p-ihep51	20260625132807720000000	26	23,355,669,872,640	23,355,835,052,032	14,747,174,776,029	25,154,938,761,216	25,945,969,811,456	22,034,264,555,520	29,685,706,653,696	915,309,875	1,934,162,616	0	0
em-p-ihep51	20260625132817712000000	20	23,355,670,953,984	23,355,824,824,320	14,738,524,160,729	25,154,938,761,216	25,945,969,811,456	22,034,264,555,520	29,685,706,653,696	487,905,665	920,587,627	0	0
em-p-ihep51	20260625132827815000000	18	23,346,132,570,112	23,346,261,782,528	14,564,598,112,204	25,154,938,761,216	25,945,969,811,456	22,034,264,555,520	29,685,706,653,696	323,280,863	797,353,840	0	0
em-p-ihep51	20260625132837792000000	18	23,346,131,382,272	23,346,254,401,536	14,560,434,534,696	25,154,938,761,216	25,945,969,811,456	22,034,264,555,520	29,685,706,653,696	606,429,105	1,374,857,481	0	0
em-p-ihep51	20260625132847838000000	23	23,346,170,417,152	23,346,733,629,440	14,575,330,356,218	25,154,938,761,216	25,945,969,811,456	22,034,264,555,520	29,685,706,653,696	613,473,032	1,179,146,261	0	0
em-p-ihep51	20260625132857804000000	24	23,346,173,984,768	23,346,295,005,184	14,566,030,677,324	25,154,938,761,216	25,945,969,811,456	22,034,264,555,520	29,685,706,653,696	688,625,851	1,329,818,430	0	0
em-p-ihep51	20260625132907824000000	29	23,345,682,968,576	23,344,540,155,904	14,576,281,988,566	25,154,938,761,216	25,945,969,811,456	22,034,264,555,520	29,685,706,653,696	656,216,267	2,320,727,256	0	0
em-p-ihep51	20260625132917865000000	26	23,345,842,176,000	23,346,087,137,280	14,578,910,329,119	25,154,938,761,216	25,945,969,811,456	22,034,264,555,520	29,685,706,653,696	671,473,451	2,049,211,842	0	0
em-p-ihep51	20260625132927868000000	21	23,337,192,165,376	23,337,319,780,352	14,564,228,623,440	25,154,938,761,216	25,945,969,811,456	22,034,264,555,520	29,685,706,653,696	336,025,882	1,278,599,802	0	0
em-p-ihep51	20260625132937888000000	22	23,337,193,562,112	23,337,321,242,624	14,563,282,298,269	25,154,938,761,216	25,945,969,811,456	22,034,264,555,520	29,685,706,653,696	560,789,550	1,584,497,160	0	0
em-p-ihep51	20260625132947896000000	25	23,337,189,019,648	23,337,316,495,360	14,575,778,995,240	25,154,938,761,216	25,945,969,811,456	22,034,264,555,520	29,685,706,653,696	754,226,036	1,596,975,581	0	0
em-p-ihep51	20260625132957886000000	23	23,337,195,098,112	23,337,345,949,696	14,566,667,567,754	25,154,938,761,216	25,945,969,811,456	22,034,264,555,520	29,685,706,653,696	758,104,574	1,590,118,393	0	0
em-p-ihep51	20260625133007960000000	39	23,337,209,888,768	23,337,339,777,024	14,592,002,027,433	25,154,938,761,216	25,945,969,811,456	22,034,264,555,520	29,685,706,653,696	1,294,521,405	2,894,705,033	0	0
em-p-ihep51	20260625133017946000000	34	23,337,205,596,160	23,337,333,710,848	14,590,204,988,410	25,154,938,761,216	25,945,969,811,456	22,034,264,555,520	29,685,706,653,696	776,757,141	1,841,664,566	0	0
em-p-ihep51	20260625133028070000000	30	23,337,208,299,520	23,337,354,784,768	14,575,560,148,274	25,154,938,761,216	25,945,969,811,456	22,034,264,555,520	29,685,706,653,696	955,197,718	2,922,049,339	0	0
em-p-ihep51	20260625133038062000000	33	23,337,214,496,768	23,337,342,124,032	14,572,138,779,852	25,154,938,761,216	25,945,969,811,456	22,034,264,555,520	29,685,706,653,696	438,718,489	2,258,514,995	0	0
em-p-ihep51	20260625133048073000000	29	23,337,206,935,552	23,337,333,817,344	14,573,711,647,770	25,154,938,761,216	25,945,969,811,456	22,034,264,555,520	29,685,706,653,696	850,138,214	1,668,452,066	0	0
em-p-ihep51	20260625133058157000000	36	23,337,233,846,272	23,337,368,375,296	14,575,177,107,575	25,154,938,761,216	25,945,969,811,456	22,034,264,555,520	29,685,706,653,696	773,918,218	1,491,778,169	0	0
em-p-ihep51	20260625133108104000000	32	23,337,226,027,008	23,337,350,754,304	14,577,692,667,934	25,154,938,761,216	25,945,969,811,456	22,034,264,555,520	29,685,706,653,696	700,728,239	1,920,920,293	0	0
em-p-ihep51	20260625133118123000000	29	23,337,224,032,256	23,337,350,270,976	14,572,846,843,334	25,154,938,761,216	25,945,969,811,456	22,034,264,555,520	29,685,706,653,696	481,213,930	1,594,645,275	0	0
em-p-ihep51	20260625133128134000000	30	23,337,222,770,688	23,337,351,155,712	14,566,931,966,434	25,154,938,761,216	25,945,969,811,456	22,034,264,555,520	29,685,706,653,696	691,322,947	1,547,810,002	0	0
em-p-ihep51	20260625133138164000000	29	23,337,225,191,424	23,337,349,844,992	14,575,712,518,951	25,154,938,761,216	25,945,969,811,456	22,034,264,555,520	29,685,706,653,696	336,830,951	1,203,245,948	0	0
em-p-ihep51	20260625133148186000000	29	23,337,227,071,488	23,337,350,021,120	14,576,699,677,072	25,154,938,761,216	25,945,969,811,456	22,034,264,555,520	29,685,706,653,696	423,416,141	1,308,824,944	0	0
em-p-ihep51	20260625133158183000000	28	23,337,320,226,816	23,337,438,359,552	14,568,967,299,785	25,154,938,761,216	25,945,969,811,456	22,034,264,555,520	29,685,706,653,696	720,129,713	1,703,164,077	0	0
em-p-ihep51	20260625133208241000000	19	23,337,314,869,248	23,337,910,476,800	14,581,677,656,577	25,154,938,761,216	25,945,969,811,456	22,034,264,555,520	29,685,706,653,696	461,798,690	1,528,996,913	0	0
em-p-ihep51	20260625133218238000000	29	23,337,314,971,648	23,337,440,894,976	14,575,514,404,248	25,154,938,761,216	25,945,969,811,456	22,034,264,555,520	29,685,706,653,696	381,925,145	1,621,555,293	0	0
em-p-ihep51	20260625133228318000000	22	23,337,311,412,224	23,337,431,379,968	14,564,757,580,914	25,154,938,761,216	25,945,969,811,456	22,034,264,555,520	29,685,706,653,696	667,456,641	1,228,727,231	4,096	0
em-p-ihep51	20260625133238296000000	29	23,337,314,054,144	23,337,478,098,944	14,573,270,579,163	25,154,938,761,216	25,945,969,811,456	22,034,264,555,520	29,685,706,653,696	606,439,578	1,954,236,076	258,048	0
em-p-ihep51	20260625133248377000000	29	23,337,317,302,272	23,337,412,255,744	14,565,934,184,188	25,154,938,761,216	25,945,969,811,456	22,034,264,555,520	29,685,706,653,696	693,138,159	2,049,776,852	0	0
em-p-ihep51	20260625133258332000000	24	23,337,313,841,152	23,337,410,527,232	14,565,897,457,690	25,154,938,761,216	25,945,969,811,456	22,034,264,555,520	29,685,706,653,696	473,908,241	1,505,038,403	0	0
em-p-ihep51	20260625133308349000000	28	23,337,317,580,800	23,337,830,879,232	14,575,066,082,460	25,154,938,761,216	25,945,969,811,456	22,034,264,555,520	29,685,706,653,696	693,023,112	2,659,136,594	0	0
em-p-ihep51	20260625133318358000000	30	23,337,326,067,712	23,337,419,636,736	14,569,146,628,053	25,154,938,761,216	25,945,969,811,456	22,034,264,555,520	29,685,706,653,696	867,078,052	3,335,881,605	0	0
em-p-ihep51	20260625133328369000000	25	23,337,315,909,632	23,337,408,282,624	14,563,567,066,321	25,154,938,761,216	25,945,969,811,456	22,034,264,555,520	29,685,706,653,696	507,699,054	2,278,434,006	0	0
em-p-ihep51	20260625133338373000000	25	23,337,313,554,432	23,337,406,767,104	14,574,811,914,179	25,154,938,761,216	25,945,969,811,456	22,034,264,555,520	29,685,706,653,696	1,126,421,078	1,855,226,313	0	0
em-p-ihep51	20260625133348403000000	26	23,337,432,678,400	23,337,695,469,568	14,571,840,043,554	25,154,938,761,216	25,945,969,811,456	22,034,264,555,520	29,685,706,653,696	603,347,641	1,728,146,900	0	0
em-p-ihep51	20260625133358387000000	24	23,337,430,413,312	23,337,519,910,912	14,563,870,820,200	25,154,938,761,216	25,945,969,811,456	22,034,264,555,520	29,685,706,653,696	495,604,905	1,709,079,182	0	0
em-p-ihep51	20260625133408423000000	26	23,335,658,926,080	23,335,754,846,208	14,582,114,895,522	25,154,938,761,216	25,945,969,811,456	22,034,264,555,520	29,685,706,653,696	1,296,039,775	2,202,095,480	0	0
em-p-ihep51	20260625133418388000000	23	23,337,734,467,584	23,338,272,894,976	14,565,846,812,316	25,154,938,761,216	25,945,969,811,456	22,034,264,555,520	29,685,706,653,696	655,826,233	1,278,912,916	0	0
em-p-ihep51	20260625133428421000000	20	23,330,782,191,616	23,330,908,286,976	14,566,149,755,942	25,154,938,761,216	25,945,969,811,456	22,034,264,555,520	29,685,706,653,696	443,966,217	1,420,943,457	0	0
em-p-ihep51	20260625133438459000000	24	23,331,065,663,488	23,330,946,985,984	14,573,378,662,656	25,154,938,761,216	25,945,969,811,456	22,034,264,555,520	29,685,706,653,696	606,972,588	1,382,314,000	0	0
em-p-ihep51	20260625133448448000000	28	23,331,069,423,616	23,331,173,302,272	14,564,767,154,133	25,154,938,761,216	25,945,969,811,456	22,034,264,555,520	29,685,706,653,696	1,151,278,036	2,792,749,038	0	0
em-p-ihep51	20260625133458450000000	25	23,331,063,648,256	23,331,162,140,672	14,563,036,741,978	25,154,938,761,216	25,945,969,811,456	22,034,264,555,520	29,685,706,653,696	986,912,267	2,099,299,075	0	0
em-p-ihep51	20260625133508462000000	32	23,331,075,940,352	23,331,175,477,248	14,579,551,897,084	25,154,938,761,216	25,945,969,811,456	22,034,264,555,520	29,685,706,653,696	888,176,510	1,862,129,689	0	0
em-p-ihep51	20260625133518483000000	28	23,331,064,659,968	23,331,165,310,976	14,572,251,408,160	25,154,938,761,216	25,945,969,811,456	22,034,264,555,520	29,685,706,653,696	578,755,247	1,961,940,044	0	0
em-p-ihep51	20260625133528510000000	25	23,331,069,374,464	23,331,501,318,144	14,571,949,245,363	25,154,938,761,216	25,945,969,811,456	22,034,264,555,520	29,685,706,653,696	372,967,193	1,615,878,988	0	0
em-p-ihep51	20260625133538611000000	24	23,331,070,345,216	23,331,160,989,696	14,565,773,791,320	25,154,938,761,216	25,945,969,811,456	22,034,264,555,520	29,685,706,653,696	918,756,402	1,517,767,919	0	0
em-p-ihep51	20260625133548721000000	25	23,331,068,080,128	23,331,153,752,064	14,567,631,326,981	25,154,938,761,216	25,945,969,811,456	22,034,264,555,520	29,685,706,653,696	1,015,746,767	1,631,346,986	0	0
em-p-ihep51	20260625133558711000000	32	23,331,170,148,352	23,331,715,592,192	14,582,024,210,921	25,154,938,761,216	25,945,969,811,456	22,034,264,555,520	29,685,706,653,696	958,220,891	1,737,291,285	0	0
em-p-ihep51	20260625133608759000000	33	23,331,180,204,032	23,331,267,960,832	14,583,213,046,107	25,154,938,761,216	25,945,969,811,456	22,034,264,555,520	29,685,706,653,696	751,644,715	2,348,357,638	0	0
em-p-ihep51	20260625133618769000000	30	23,331,174,526,976	23,331,260,661,760	14,572,568,992,444	25,154,938,761,216	25,945,969,811,456	22,034,264,555,520	29,685,706,653,696	450,478,369	2,221,471,132	0	0
em-p-ihep51	20260625133628880000000	28	23,331,180,740,608	23,331,266,314,240	14,588,268,853,663	25,154,938,761,216	25,945,969,811,456	22,034,264,555,520	29,685,706,653,696	384,926,466	2,159,312,771	0	0
em-p-ihep51	20260625133638890000000	31	23,331,177,594,880	23,331,273,621,504	14,594,203,257,603	25,154,938,761,216	25,945,969,811,456	22,034,264,555,520	29,685,706,653,696	975,033,977	2,280,904,255	0	0
em-p-ihep51	20260625133648926000000	39	23,331,184,857,088	23,331,372,617,728	14,603,383,990,942	25,154,938,761,216	25,945,969,811,456	22,034,264,555,520	29,685,706,653,696	770,330,950	1,736,899,556	0	0
em-p-ihep51	20260625133658915000000	42	23,331,212,124,160	23,331,449,155,584	14,593,001,220,989	25,154,938,761,216	25,945,969,811,456	22,034,264,555,520	29,685,706,653,696	749,023,375	3,103,118,562	0	0
em-p-ihep51	20260625133708912000000	36	23,331,231,444,992	23,331,442,323,456	14,598,166,542,483	25,154,938,761,216	25,945,969,811,456	22,034,264,555,520	29,685,706,653,696	636,250,175	3,209,036,231	0	0
em-p-ihep51	20260625133718958000000	31	23,331,348,115,456	23,331,499,401,216	14,579,468,634,442	25,154,938,761,216	25,945,969,811,456	22,034,264,555,520	29,685,706,653,696	1,045,260,655	2,630,683,824	0	0
em-p-ihep51	20260625133728957000000	26	23,331,342,229,504	23,331,493,552,128	14,567,488,898,424	25,154,938,761,216	25,945,969,811,456	22,034,264,555,520	29,685,706,653,696	705,196,727	1,478,607,762	0	0
em-p-ihep51	20260625133738963000000	26	23,331,337,265,152	23,331,546,943,488	14,570,753,609,281	25,154,938,761,216	25,945,969,811,456	22,034,264,555,520	29,685,706,653,696	803,661,940	1,549,366,911	0	0
em-p-ihep51	20260625133748965000000	27	23,331,332,702,208	23,331,482,329,088	14,572,307,746,972	25,154,938,761,216	25,945,969,811,456	22,034,264,555,520	29,685,706,653,696	400,602,207	1,673,573,817	0	0
em-p-ihep51	20260625133758980000000	23	23,331,337,129,984	23,331,484,721,152	14,567,874,233,649	25,154,938,761,216	25,945,969,811,456	22,034,264,555,520	29,685,706,653,696	856,534,621	1,215,714,275	0	0
em-p-ihep51	20260625133809005000000	31	23,331,329,966,080	23,331,790,192,640	14,581,415,879,195	25,154,938,761,216	25,945,969,811,456	22,034,264,555,520	29,685,706,653,696	942,625,079	1,893,790,013	0	0
em-p-ihep51	20260625133819057000000	35	23,331,324,207,104	23,331,472,498,688	14,573,537,634,872	25,154,938,761,216	25,945,969,811,456	22,034,264,555,520	29,685,706,653,696	1,328,872,789	1,836,322,539	0	0
em-p-ihep51	20260625133829055000000	27	23,331,333,959,680	23,331,481,698,304	14,569,208,849,772	25,154,938,761,216	25,945,969,811,456	22,034,264,555,520	29,685,706,653,696	546,196,460	1,359,653,557	0	0
em-p-ihep51	20260625133839045000000	25	23,331,337,687,040	23,331,485,036,544	14,562,789,924,248	25,154,938,761,216	25,945,969,811,456	22,034,264,555,520	29,685,706,653,696	690,359,218	1,280,179,246	0	0
em-p-ihep51	20260625133849107000000	21	23,331,337,363,456	23,331,559,325,696	14,567,186,359,339	25,154,938,761,216	25,945,969,811,456	22,034,264,555,520	29,685,706,653,696	455,072,574	1,214,150,747	0	0
em-p-ihep51	20260625133859147000000	31	23,331,328,626,688	23,331,477,110,784	14,570,424,131,977	25,154,938,761,216	25,945,969,811,456	22,034,264,555,520	29,685,706,653,696	1,080,541,241	1,814,604,136	0	0
em-p-ihep51	20260625133909107000000	31	23,331,333,734,400	23,331,483,099,136	14,573,203,522,678	25,154,938,761,216	25,945,969,811,456	22,034,264,555,520	29,685,706,653,696	653,363,025	2,298,575,976	0	0
em-p-ihep51	20260625133919124000000	31	23,331,874,447,360	23,332,024,549,376	14,584,217,636,685	25,154,938,761,216	25,945,969,811,456	22,034,264,555,520	29,685,706,653,696	861,068,478	2,375,500,816	0	0
em-p-ihep51	20260625133929147000000	35	23,331,885,334,528	23,332,025,729,024	14,569,117,807,133	25,154,938,761,216	25,945,969,811,456	22,034,264,555,520	29,685,706,653,696	767,857,137	1,636,079,349	0	0
em-p-ihep51	20260625133939141000000	31	23,331,878,711,296	23,332,026,298,368	14,570,364,034,855	25,154,938,761,216	25,945,969,811,456	22,034,264,555,520	29,685,706,653,696	608,701,847	1,629,638,700	0	0
em-p-ihep51	20260625133949156000000	33	23,331,879,583,744	23,332,025,110,528	14,562,053,515,199	25,154,938,761,216	25,945,969,811,456	22,034,264,555,520	29,685,706,653,696	726,687,070	1,643,419,144	0	0
em-p-ihep51	20260625133959193000000	27	23,331,881,992,192	23,332,022,890,496	14,566,785,348,341	25,154,938,761,216	25,945,969,811,456	22,034,264,555,520	29,685,706,653,696	944,040,042	1,909,662,963	0	0
em-p-ihep51	20260625134009234000000	45	23,331,916,099,584	23,332,431,212,544	14,607,430,928,367	25,154,938,761,216	25,945,969,811,456	22,034,264,555,520	29,685,706,653,696	1,210,309,255	3,590,252,078	0	0
em-p-ihep51	20260625134019272000000	52	23,331,904,999,424	23,332,056,420,352	14,600,427,394,026	25,154,938,761,216	25,945,969,811,456	22,034,264,555,520	29,685,706,653,696	1,552,329,829	3,695,687,401	0	0
em-p-ihep51	20260625134029298000000	39	23,331,898,216,448	23,332,031,709,184	14,582,648,330,293	25,154,938,761,216	25,945,969,811,456	22,034,264,555,520	29,685,706,653,696	546,485,848	1,757,427,025	0	0
em-p-ihep51	20260625134039347000000	40	23,331,903,799,296	23,332,021,022,720	14,584,262,833,637	25,154,938,761,216	25,945,969,811,456	22,034,264,555,520	29,685,706,653,696	1,028,916,163	2,438,923,509	0	0
em-p-ihep51	20260625134049355000000	34	23,331,894,177,792	23,332,010,921,984	14,576,001,235,871	25,154,938,761,216	25,945,969,811,456	22,034,264,555,520	29,685,706,653,696	1,031,446,858	2,412,979,495	24,576	0
em-p-ihep51	20260625134059363000000	36	23,331,888,635,904	23,332,028,264,448	14,574,248,937,606	25,154,938,761,216	25,945,969,811,456	22,034,264,555,520	29,685,706,653,696	578,665,525	1,243,511,295	0	0
em-p-ihep51	20260625134109414000000	34	23,331,893,657,600	23,332,006,633,472	14,582,737,596,600	25,154,938,761,216	25,945,969,811,456	22,034,264,555,520	29,685,706,653,696	466,057,335	1,895,647,956	0	0
em-p-ihep51	20260625134119403000000	36	23,331,892,330,496	23,332,365,533,184	14,571,772,839,146	25,154,938,761,216	25,945,969,811,456	22,034,264,555,520	29,685,706,653,696	651,920,978	1,960,353,702	0	0
em-p-ihep51	20260625134129391000000	29	23,331,886,391,296	23,332,001,402,880	14,570,258,063,153	25,154,938,761,216	25,945,969,811,456	22,034,264,555,520	29,685,706,653,696	307,024,021	1,021,780,803	0	0
em-p-ihep51	20260625134139445000000	34	23,331,896,168,448	23,332,011,745,280	14,573,826,769,244	25,154,938,761,216	25,945,969,811,456	22,034,264,555,520	29,685,706,653,696	397,385,825	991,522,200	0	0
em-p-ihep51	20260625134149492000000	35	23,331,892,625,408	23,332,021,116,928	14,576,259,632,109	25,154,938,761,216	25,945,969,811,456	22,034,264,555,520	29,685,706,653,696	419,655,398	1,839,059,981	0	0
em-p-ihep51	20260625134159467000000	35	23,331,896,455,168	23,332,013,133,824	14,570,546,570,263	25,154,938,761,216	25,945,969,811,456	22,034,264,555,520	29,685,706,653,696	668,218,527	1,584,338,142	0	0
em-p-ihep51	20260625134209546000000	36	23,331,900,698,624	23,332,069,679,104	14,580,141,179,254	25,154,938,761,216	25,945,969,811,456	22,034,264,555,520	29,685,706,653,696	525,374,252	1,742,937,272	0	0
em-p-ihep51	20260625134219535000000	44	23,331,911,016,448	23,332,058,574,848	14,567,867,344,339	25,154,938,761,216	25,945,969,811,456	22,034,264,555,520	29,685,706,653,696	549,527,589	2,224,929,372	0	0
em-p-ihep51	20260625134229485000000	35	23,331,891,769,344	23,332,060,733,440	14,573,809,896,360	25,154,938,761,216	25,945,969,811,456	22,034,264,555,520	29,685,706,653,696	547,281,354	1,491,841,518	0	0
em-p-ihep51	20260625134239589000000	32	23,331,888,738,304	23,332,035,022,848	14,570,520,554,562	25,154,938,761,216	25,945,969,811,456	22,034,264,555,520	29,685,706,653,696	593,669,300	1,411,376,465	0	0
em-p-ihep51	20260625134249632000000	40	23,331,890,978,816	23,332,056,051,712	14,573,753,053,493	25,154,938,761,216	25,945,969,811,456	22,034,264,555,520	29,685,706,653,696	421,218,819	1,521,716,086	0	0
em-p-ihep51	20260625134259611000000	34	23,331,887,529,984	23,332,274,749,440	14,565,081,731,656	25,154,938,761,216	25,945,969,811,456	22,034,264,555,520	29,685,706,653,696	463,100,249	3,381,446,107	0	0
em-p-ihep51	20260625134309629000000	27	23,331,892,326,400	23,332,083,159,040	14,583,788,661,729	25,154,938,761,216	25,945,969,811,456	22,034,264,555,520	29,685,706,653,696	658,312,552	1,600,675,220	0	0
em-p-ihep51	20260625134319677000000	38	23,331,891,957,760	23,332,026,011,648	14,571,283,760,607	25,154,938,761,216	25,945,969,811,456	22,034,264,555,520	29,685,706,653,696	857,504,545	2,089,807,545	0	0
em-p-ihep51	20260625134329674000000	35	23,331,884,937,216	23,332,027,596,800	14,570,320,580,352	25,154,938,761,216	25,945,969,811,456	22,034,264,555,520	29,685,706,653,696	472,637,599	1,976,089,472	0	0
em-p-ihep51	20260625134339679000000	30	23,331,896,659,968	23,332,040,155,136	14,568,877,830,600	25,154,938,761,216	25,945,969,811,456	22,034,264,555,520	29,685,706,653,696	521,173,196	1,554,501,861	0	0
em-p-ihep51	20260625134349722000000	34	23,331,895,701,504	23,332,033,785,856	14,572,217,383,595	25,154,938,761,216	25,945,969,811,456	22,034,264,555,520	29,685,706,653,696	689,698,464	2,012,509,658	0	0
em-p-ihep51	20260625134359701000000	32	23,331,894,407,168	23,332,061,528,064	14,572,887,708,341	25,154,938,761,216	25,945,969,811,456	22,034,264,555,520	29,685,706,653,696	285,041,771	1,407,180,814	0	0
em-p-ihep51	20260625134409729000000	32	23,331,999,707,136	23,332,134,002,688	14,600,830,014,023	25,154,938,761,216	25,945,969,811,456	22,034,264,555,520	29,685,706,653,696	425,593,178	1,300,018,535	0	0
em-p-ihep51	20260625134419731000000	39	23,331,997,696,000	23,332,137,070,592	14,580,137,028,282	25,154,938,761,216	25,945,969,811,456	22,034,264,555,520	29,685,706,653,696	431,801,739	1,777,184,658	0	0
em-p-ihep51	20260625134429823000000	35	23,332,009,918,464	23,332,162,084,864	14,574,272,141,520	25,154,938,761,216	25,945,969,811,456	22,034,264,555,520	29,685,706,653,696	534,553,063	1,460,441,089	0	0
em-p-ihep51	20260625134439850000000	32	23,332,005,470,208	23,332,141,641,728	14,575,310,482,868	25,154,938,761,216	25,945,969,811,456	22,034,264,555,520	29,685,706,653,696	518,345,703	1,524,148,025	0	0
em-p-ihep51	20260625134449859000000	41	23,331,984,646,144	23,332,119,941,120	14,574,531,847,899	25,154,938,761,216	25,945,969,811,456	22,034,264,555,520	29,685,706,653,696	767,525,318	1,662,711,090	65,536	0
em-p-ihep51	20260625134459840000000	30	23,331,992,854,528	23,332,141,101,056	14,567,591,861,077	25,154,938,761,216	25,945,969,811,456	22,034,264,555,520	29,685,706,653,696	474,511,536	1,681,780,853	0	0
em-p-ihep51	20260625134509874000000	42	23,332,017,963,008	23,332,146,540,544	14,583,561,847,779	25,154,938,761,216	25,945,969,811,456	22,034,264,555,520	29,685,706,653,696	988,820,674	2,485,192,072	0	0
em-p-ihep51	20260625134519912000000	36	23,331,765,125,120	23,332,335,333,376	14,575,513,567,157	25,154,938,761,216	25,945,969,811,456	22,034,264,555,520	29,685,706,653,696	1,005,257,461	1,914,690,467	0	0
em-p-ihep51	20260625134529898000000	29	23,331,752,443,904	23,331,889,389,568	14,570,663,315,547	25,154,938,761,216	25,945,969,811,456	22,034,264,555,520	29,685,706,653,696	746,949,114	1,227,914,535	0	0
em-p-ihep51	20260625134539913000000	29	23,331,750,223,872	23,331,905,748,992	14,566,701,953,527	25,154,938,761,216	25,945,969,811,456	22,034,264,555,520	29,685,706,653,696	422,822,670	1,190,940,669	0	0
em-p-ihep51	20260625134549935000000	33	23,331,757,457,408	23,331,887,054,848	14,570,174,135,884	25,154,938,761,216	25,945,969,811,456	22,034,264,555,520	29,685,706,653,696	382,631,241	1,347,878,547	0	0
em-p-ihep51	20260625134559978000000	38	23,331,753,488,384	23,331,884,527,616	14,565,976,878,312	25,154,938,761,216	25,945,969,811,456	22,034,264,555,520	29,685,706,653,696	290,595,914	1,037,058,318	0	0
em-p-ihep51	20260625134610001000000	40	23,331,761,889,280	23,331,895,828,480	14,576,626,657,758	25,154,938,761,216	25,945,969,811,456	22,034,264,555,520	29,685,706,653,696	865,047,027	1,736,988,503	0	0
em-p-ihep51	20260625134620009000000	39	23,332,016,586,752	23,332,139,577,344	14,573,761,417,644	25,154,938,761,216	25,945,969,811,456	22,034,264,555,520	29,685,706,653,696	714,796,256	1,596,805,703	0	0
em-p-ihep51	20260625134630029000000	37	23,332,031,389,696	23,332,158,722,048	14,571,188,457,603	25,154,938,761,216	25,945,969,811,456	22,034,264,555,520	29,685,706,653,696	651,799,417	1,612,182,962	0	0
em-p-ihep51	20260625134640060000000	35	23,332,028,289,024	23,332,463,882,240	14,569,421,895,803	25,154,938,761,216	25,945,969,811,456	22,034,264,555,520	29,685,706,653,696	390,975,212	2,124,928,709	0	0
em-p-ihep51	20260625134650168000000	38	23,332,012,122,112	23,332,151,762,944	14,574,199,666,275	25,154,938,761,216	25,945,969,811,456	22,034,264,555,520	29,685,706,653,696	501,532,999	2,481,962,483	0	0
em-p-ihep51	20260625134700147000000	34	23,332,018,417,664	23,332,158,644,224	14,566,452,793,823	25,154,938,761,216	25,945,969,811,456	22,034,264,555,520	29,685,706,653,696	433,882,060	1,101,698,930	0	0
em-p-ihep51	20260625134710176000000	42	23,332,035,428,352	23,332,209,238,016	14,579,520,613,290	25,154,938,761,216	25,945,969,811,456	22,034,264,555,520	29,685,706,653,696	481,783,930	1,920,046,119	0	0
em-p-ihep51	20260625134720219000000	39	23,332,019,458,048	23,332,213,321,728	14,568,805,116,401	25,154,938,761,216	25,945,969,811,456	22,034,264,555,520	29,685,706,653,696	622,272,147	1,871,977,281	0	0
em-p-ihep51	20260625134730228000000	30	23,338,552,688,640	23,338,748,039,168	14,567,519,459,716	25,154,938,761,216	25,945,969,811,456	22,034,264,555,520	29,685,706,653,696	1,018,301,281	1,717,201,563	0	0
em-p-ihep51	20260625134740236000000	29	23,323,341,484,032	23,323,989,667,840	14,563,794,215,819	25,154,938,761,216	25,945,969,811,456	22,034,264,555,520	29,685,706,653,696	711,001,564	1,289,957,635	0	0
em-p-ihep51	20260625134750245000000	42	23,323,352,240,128	23,323,534,680,064	14,563,733,692,147	25,154,938,761,216	25,945,969,811,456	22,034,264,555,520	29,685,706,653,696	754,130,709	1,705,833,186	0	0
em-p-ihep51	20260625134800255000000	32	23,323,368,919,040	23,323,546,959,872	14,562,035,068,034	25,154,938,761,216	25,945,969,811,456	22,034,264,555,520	29,685,706,653,696	289,761,092	1,461,026,381	0	0
em-p-ihep51	20260625134810287000000	33	23,325,510,234,112	23,325,671,583,744	14,576,699,818,698	25,154,938,761,216	25,945,969,811,456	22,034,264,555,520	29,685,706,653,696	383,020,848	1,896,770,509	0	0
em-p-ihep51	20260625134820258000000	32	23,326,490,648,576	23,326,608,871,424	14,563,212,288,516	25,154,938,761,216	25,945,969,811,456	22,034,264,555,520	29,685,706,653,696	694,861,635	2,057,604,895	0	0
em-p-ihep51	20260625134830285000000	29	23,327,319,896,064	23,327,429,750,784	14,566,328,780,764	25,154,938,761,216	25,945,969,811,456	22,034,264,555,520	29,685,706,653,696	651,910,925	1,753,065,552	0	0
em-p-ihep51	20260625134840322000000	30	23,327,337,938,944	23,327,437,873,152	14,557,788,992,920	25,154,938,761,216	25,945,969,811,456	22,034,264,555,520	29,685,706,653,696	548,765,221	1,273,361,173	0	0
em-p-ihep51	20260625134850330000000	27	23,327,337,250,816	23,327,461,654,528	14,559,330,467,761	25,154,938,761,216	25,945,969,811,456	22,034,264,555,520	29,685,706,653,696	302,780,223	955,941,559	0	0
em-p-ihep51	20260625134900314000000	29	23,327,340,961,792	23,327,439,265,792	14,560,957,312,931	25,154,938,761,216	25,945,969,811,456	22,034,264,555,520	29,685,706,653,696	312,512,622	1,047,670,978	0	0
em-p-ihep51	20260625134910388000000	31	23,325,298,438,144	23,327,475,879,936	14,568,627,554,939	25,154,938,761,216	25,945,969,811,456	22,034,264,555,520	29,685,706,653,696	426,862,342	2,114,416,862	0	0
em-p-ihep51	20260625134920360000000	32	23,326,434,639,872	23,326,492,991,488	14,573,306,623,680	25,154,938,761,216	25,945,969,811,456	22,034,264,555,520	29,685,706,653,696	367,941,445	1,868,745,131	0	0
em-p-ihep51	20260625134930393000000	29	23,317,788,450,816	23,317,822,238,720	14,562,153,884,233	25,154,938,761,216	25,945,969,811,456	22,034,264,555,520	29,685,706,653,696	412,426,994	1,967,589,949	0	0
em-p-ihep51	20260625134940404000000	31	23,317,793,792,000	23,317,872,488,448	14,564,564,641,999	25,154,938,761,216	25,945,969,811,456	22,034,264,555,520	29,685,706,653,696	471,414,708	1,360,726,866	0	0
em-p-ihep51	20260625134950412000000	29	23,317,792,161,792	23,317,812,453,376	14,565,460,197,165	25,154,938,761,216	25,945,969,811,456	22,034,264,555,520	29,685,706,653,696	405,460,746	1,320,089,590	0	0
em-p-ihep51	20260625135000411000000	28	23,317,795,823,616	23,317,808,349,184	14,558,394,452,242	25,154,938,761,216	25,945,969,811,456	22,034,264,555,520	29,685,706,653,696	826,515,065	1,600,469,762	0	0
em-p-ihep51	20260625135010444000000	44	23,317,828,784,128	23,318,005,690,368	14,591,029,405,982	25,154,938,761,216	25,945,969,811,456	22,034,264,555,520	29,685,706,653,696	904,696,460	2,640,581,207	0	0
em-p-ihep51	20260625135020464000000	41	23,317,809,283,072	23,317,991,780,352	14,573,981,725,083	25,154,938,761,216	25,945,969,811,456	22,034,264,555,520	29,685,706,653,696	612,123,887	3,094,028,082	0	0
em-p-ihep51	20260625135030467000000	39	23,317,833,007,104	23,317,824,204,800	14,576,641,863,116	25,154,938,761,216	25,945,969,811,456	22,034,264,555,520	29,685,706,653,696	397,487,818	1,592,792,648	0	0
em-p-ihep51	20260625135040477000000	35	23,317,837,963,264	23,317,844,287,488	14,562,082,421,037	25,154,938,761,216	25,945,969,811,456	22,034,264,555,520	29,685,706,653,696	395,058,907	1,552,320,727	0	0
em-p-ihep51	20260625135050512000000	36	23,317,834,829,824	23,317,840,510,976	14,572,461,035,742	25,154,938,761,216	25,945,969,811,456	22,034,264,555,520	29,685,706,653,696	393,359,523	1,695,966,976	0	0
em-p-ihep51	20260625135100565000000	39	23,317,845,106,688	23,317,852,917,760	14,571,818,467,849	25,154,938,761,216	25,945,969,811,456	22,034,264,555,520	29,685,706,653,696	441,906,958	1,706,134,767	20,480	0
em-p-ihep51	20260625135110583000000	33	23,317,836,832,768	23,317,842,984,960	14,580,614,937,087	25,154,938,761,216	25,945,969,811,456	22,034,264,555,520	29,685,706,653,696	719,752,068	1,942,277,734	0	0
em-p-ihep51	20260625135120613000000	34	23,317,830,352,896	23,317,859,684,352	14,574,817,542,178	25,154,938,761,216	25,945,969,811,456	22,034,264,555,520	29,685,706,653,696	549,117,065	1,298,326,665	0	0
em-p-ihep51	20260625135130636000000	36	23,317,828,485,120	23,318,262,083,584	14,568,009,224,612	25,154,938,761,216	25,945,969,811,456	22,034,264,555,520	29,685,706,653,696	207,281,401	932,894,943	0	0
em-p-ihep51	20260625135140682000000	38	23,317,847,552,000	23,317,874,413,568	14,574,602,961,776	25,154,938,761,216	25,945,969,811,456	22,034,264,555,520	29,685,706,653,696	489,941,933	1,225,791,448	0	0
em-p-ihep51	20260625135150694000000	35	23,317,837,119,488	23,317,891,141,632	14,565,336,247,445	25,154,938,761,216	25,945,969,811,456	22,034,264,555,520	29,685,706,653,696	436,380,264	1,964,454,873	0	0
em-p-ihep51	20260625135200724000000	32	23,317,857,357,824	23,317,917,589,504	14,562,639,504,233	25,154,938,761,216	25,945,969,811,456	22,034,264,555,520	29,685,706,653,696	643,385,139	1,990,695,024	0	0
em-p-ihep51	20260625135210748000000	41	23,317,852,946,432	23,317,883,936,768	14,568,138,778,774	25,154,938,761,216	25,945,969,811,456	22,034,264,555,520	29,685,706,653,696	679,162,642	1,889,950,944	0	0
em-p-ihep51	20260625135220762000000	30	23,317,842,800,640	23,317,873,303,552	14,560,107,738,626	25,154,938,761,216	25,945,969,811,456	22,034,264,555,520	29,685,706,653,696	660,031,619	1,811,573,449	0	0
em-p-ihep51	20260625135230796000000	32	23,317,842,280,448	23,317,871,439,872	14,557,688,330,628	25,154,938,761,216	25,945,969,811,456	22,034,264,555,520	29,685,706,653,696	651,730,382	1,744,951,053	0	0
em-p-ihep51	20260625135240783000000	36	23,317,834,506,240	23,317,864,783,872	14,561,140,491,641	25,154,938,761,216	25,945,969,811,456	22,034,264,555,520	29,685,706,653,696	803,921,685	1,640,675,103	0	0
em-p-ihep51	20260625135250790000000	31	23,317,833,711,616	23,317,862,690,816	14,562,204,305,350	25,154,938,761,216	25,945,969,811,456	22,034,264,555,520	29,685,706,653,696	474,826,766	1,334,995,641	0	0
em-p-ihep51	20260625135300814000000	28	23,317,825,298,432	23,317,858,811,904	14,557,640,756,812	25,154,938,761,216	25,945,969,811,456	22,034,264,555,520	29,685,706,653,696	694,661,733	1,498,489,306	0	0
em-p-ihep51	20260625135310844000000	32	23,298,657,267,712	23,306,821,472,256	14,609,112,685,812	25,154,938,761,216	25,945,969,811,456	22,034,264,555,520	29,685,706,653,696	859,695,344	1,832,826,637	0	0
em-p-ihep51	20260625135320837000000	34	23,305,200,033,792	23,303,145,422,848	14,683,974,628,203	25,154,938,761,216	25,945,969,811,456	22,034,264,555,520	29,685,706,653,696	912,224,773	1,817,072,915	0	0
em-p-ihep51	20260625135330862000000	30	23,315,415,416,832	23,317,656,403,968	14,603,317,147,868	25,154,938,761,216	25,945,969,811,456	22,034,264,555,520	29,685,706,653,696	539,688,667	1,141,888,153	0	0
em-p-ihep51	20260625135340890000000	31	23,267,888,513,024	23,267,913,170,944	14,564,187,165,919	25,154,938,761,216	25,945,969,811,456	22,034,264,555,520	29,685,706,653,696	587,307,312	1,902,277,640	0	0
em-p-ihep51	20260625135350892000000	31	23,263,974,961,152	23,264,000,839,680	14,560,605,125,406	25,154,938,761,216	25,945,969,811,456	22,034,264,555,520	29,685,706,653,696	525,355,332	1,772,292,017	0	0
em-p-ihep51	20260625135400901000000	28	23,263,967,633,408	23,264,039,219,200	14,559,945,615,649	25,154,938,761,216	25,945,969,811,456	22,034,264,555,520	29,685,706,653,696	605,640,780	1,499,661,325	0	0
em-p-ihep51	20260625135410968000000	43	23,266,118,750,208	23,266,716,348,416	14,591,225,983,097	25,154,938,761,216	25,945,969,811,456	22,034,264,555,520	29,685,706,653,696	633,664,633	3,165,354,139	0	0
em-p-ihep51	20260625135420965000000	47	23,269,068,075,008	23,269,081,513,984	14,569,295,212,166	25,154,938,761,216	25,945,969,811,456	22,034,264,555,520	29,685,706,653,696	845,099,850	2,286,944,620	0	0
em-p-ihep51	20260625135431012000000	41	23,267,468,574,720	23,267,488,813,056	14,564,065,807,907	25,154,938,761,216	25,945,969,811,456	22,034,264,555,520	29,685,706,653,696	770,175,533	1,300,347,156	0	0
em-p-ihep51	20260625135440984000000	35	23,267,488,178,176	23,267,505,127,424	14,562,161,536,344	25,154,938,761,216	25,945,969,811,456	22,034,264,555,520	29,685,706,653,696	1,075,102,299	1,771,979,080	0	0
em-p-ihep51	20260625135450981000000	33	23,267,483,877,376	23,267,496,185,856	14,555,348,733,095	25,154,938,761,216	25,945,969,811,456	22,034,264,555,520	29,685,706,653,696	812,476,555	1,627,258,233	0	0
em-p-ihep51	20260625135501076000000	29	23,267,480,375,296	23,267,492,663,296	14,562,590,068,435	25,154,938,761,216	25,945,969,811,456	22,034,264,555,520	29,685,706,653,696	215,002,979	1,347,436,961	0	0
em-p-ihep51	20260625135511128000000	34	23,267,499,401,216	23,267,514,826,752	14,575,876,810,605	25,154,938,761,216	25,945,969,811,456	22,034,264,555,520	29,685,706,653,696	1,067,118,846	2,280,282,235	0	0
em-p-ihep51	20260625135521137000000	37	23,267,497,385,984	23,267,508,289,536	14,578,903,406,058	25,154,938,761,216	25,945,969,811,456	22,034,264,555,520	29,685,706,653,696	618,065,273	1,936,494,649	0	0
em-p-ihep51	20260625135531193000000	33	23,267,604,758,528	23,267,605,032,960	14,565,036,128,711	25,154,938,761,216	25,945,969,811,456	22,034,264,555,520	29,685,706,653,696	318,929,041	993,442,300	0	0
em-p-ihep51	20260625135541183000000	27	23,267,767,762,944	23,267,943,251,968	14,558,000,604,283	25,154,938,761,216	25,945,969,811,456	22,034,264,555,520	29,685,706,653,696	1,011,786,758	1,312,210,489	0	0
em-p-ihep51	20260625135551245000000	28	23,267,759,857,664	23,267,769,835,520	14,563,650,021,005	25,154,938,761,216	25,945,969,811,456	22,034,264,555,520	29,685,706,653,696	545,150,273	1,313,809,230	0	0
em-p-ihep51	20260625135601218000000	30	23,267,771,551,744	23,267,782,328,320	14,558,492,487,496	25,154,938,761,216	25,945,969,811,456	22,034,264,555,520	29,685,706,653,696	369,648,633	1,153,648,713	0	0
em-p-ihep51	20260625135611247000000	38	23,267,776,249,856	23,267,880,980,480	14,576,341,282,020	25,154,938,761,216	25,945,969,811,456	22,034,264,555,520	29,685,706,653,696	908,892,569	1,810,788,618	0	0
em-p-ihep51	20260625135621274000000	36	23,267,782,033,408	23,267,828,264,960	14,566,411,788,924	25,154,938,761,216	25,945,969,811,456	22,034,264,555,520	29,685,706,653,696	659,043,746	1,245,111,162	0	0
em-p-ihep51	20260625135631292000000	35	23,289,724,477,440	23,285,042,024,448	14,680,283,962,508	25,154,938,761,216	25,945,969,811,456	22,034,264,555,520	29,685,706,653,696	356,817,421	1,507,595,787	0	0
em-p-ihep51	20260625135641327000000	38	23,326,862,921,728	23,326,926,856,192	14,681,632,015,340	25,154,938,761,216	25,945,969,811,456	22,034,264,555,520	29,685,706,653,696	509,068,645	1,882,451,263	4,096	0
em-p-ihep51	20260625135651316000000	37	23,326,870,601,728	23,326,911,791,104	14,691,965,548,065	25,154,938,761,216	25,945,969,811,456	22,034,264,555,520	29,685,706,653,696	883,798,815	1,692,109,447	0	0
em-p-ihep51	20260625135701344000000	40	23,326,874,472,448	23,326,922,747,904	14,693,331,460,671	25,154,938,761,216	25,945,969,811,456	22,034,264,555,520	29,685,706,653,696	673,431,515	1,635,372,349	0	0
em-p-ihep51	20260625135711362000000	32	23,327,594,070,016	23,327,645,057,024	14,720,995,850,643	25,154,938,761,216	25,945,969,811,456	22,034,264,555,520	29,685,706,653,696	928,190,977	1,905,131,077	0	0
em-p-ihep51	20260625135721386000000	32	23,327,594,037,248	23,327,683,522,560	14,709,000,506,177	25,154,938,761,216	25,945,969,811,456	22,034,264,555,520	29,685,706,653,696	647,223,148	2,262,168,705	0	0
em-p-ihep51	20260625135731399000000	35	23,327,604,527,104	23,327,717,974,016	14,704,034,935,585	25,154,938,761,216	25,945,969,811,456	22,034,264,555,520	29,685,706,653,696	507,100,071	1,179,137,934	200,704	0
em-p-ihep51	20260625135741429000000	37	23,327,602,376,704	23,327,871,950,848	14,709,632,726,361	25,154,938,761,216	25,945,969,811,456	22,034,264,555,520	29,685,706,653,696	771,167,064	2,859,289,588	143,360	0
em-p-ihep51	20260625135751459000000	32	23,327,605,960,704	23,327,946,977,280	14,705,784,779,761	25,154,938,761,216	25,945,969,811,456	22,034,264,555,520	29,685,706,653,696	545,946,952	1,726,331,047	0	0
em-p-ihep51	20260625135801456000000	32	23,324,113,031,168	23,324,139,261,952	14,651,704,265,614	25,154,938,761,216	25,945,969,811,456	22,034,264,555,520	29,685,706,653,696	434,979,920	1,525,079,843	0	0
em-p-ihep51	20260625135811491000000	31	23,281,651,376,128	23,281,750,196,224	14,607,772,167,784	25,154,938,761,216	25,945,969,811,456	22,034,264,555,520	29,685,706,653,696	707,526,416	1,859,445,332	28,672	0
em-p-ihep51	20260625135821531000000	35	23,265,359,601,664	23,265,443,184,640	14,579,292,122,946	25,154,938,761,216	25,945,969,811,456	22,034,264,555,520	29,685,706,653,696	600,850,962	1,386,599,277	0	0
em-p-ihep51	20260625135831594000000	30	23,261,745,360,896	23,261,764,722,688	14,558,051,337,371	25,154,938,761,216	25,945,969,811,456	22,034,264,555,520	29,685,706,653,696	273,950,970	951,124,938	0	0
em-p-ihep51	20260625135841604000000	29	23,256,920,162,304	23,256,932,282,368	14,562,186,765,897	25,154,938,761,216	25,945,969,811,456	22,034,264,555,520	29,685,706,653,696	446,024,132	1,357,134,900	0	0
em-p-ihep51	20260625135851620000000	41	23,256,914,817,024	23,257,422,163,968	14,568,984,188,994	25,154,938,761,216	25,945,969,811,456	22,034,264,555,520	29,685,706,653,696	455,710,970	1,307,337,747	0	0
em-p-ihep51	20260625135901629000000	33	23,256,892,284,928	23,256,912,195,584	14,563,251,546,343	25,154,938,761,216	25,945,969,811,456	22,034,264,555,520	29,685,706,653,696	528,344,306	1,414,235,444	0	0
em-p-ihep51	20260625135911607000000	32	23,256,894,742,528	23,256,912,080,896	14,568,566,928,928	25,154,938,761,216	25,945,969,811,456	22,034,264,555,520	29,685,706,653,696	412,400,950	1,714,718,419	0	0
em-p-ihep51	20260625135921682000000	39	23,255,073,075,200	23,255,106,240,512	14,577,588,386,085	25,154,938,761,216	25,945,969,811,456	22,034,264,555,520	29,685,706,653,696	899,759,432	2,827,304,973	0	0
em-p-ihep51	20260625135931724000000	34	23,256,716,193,792	23,256,773,644,288	14,567,064,917,802	25,154,938,761,216	25,945,969,811,456	22,034,264,555,520	29,685,706,653,696	822,367,648	2,189,432,589	0	0
em-p-ihep51	20260625135941751000000	39	23,248,092,266,496	23,248,112,234,496	14,562,756,663,217	25,154,938,761,216	25,945,969,811,456	22,034,264,555,520	29,685,706,653,696	1,085,405,343	2,606,345,248	0	0
em-p-ihep51	20260625135951763000000	28	23,248,073,904,128	23,248,094,445,568	14,558,544,778,706	25,154,938,761,216	25,945,969,811,456	22,034,264,555,520	29,685,706,653,696	1,710,621,950	2,347,132,100	0	0
em-p-ihep51	20260625140001823000000	31	23,248,142,839,808	23,248,120,836,096	14,563,723,368,141	25,154,938,761,216	25,945,969,811,456	22,034,264,555,520	29,685,706,653,696	1,079,749,831	2,000,767,092	0	0
em-p-ihep51	20260625140011821000000	52	23,248,544,456,704	23,248,566,476,800	14,605,666,004,988	25,154,938,761,216	25,945,969,811,456	22,034,264,555,520	29,685,706,653,696	1,409,300,799	3,447,592,050	0	0
em-p-ihep51	20260625140021872000000	46	23,248,542,117,888	23,248,002,764,800	14,598,811,922,528	25,154,938,761,216	25,945,969,811,456	22,034,264,555,520	29,685,706,653,696	1,238,188,297	3,429,746,197	0	0
em-p-ihep51	20260625140031906000000	46	23,247,641,661,440	23,248,488,288,256	14,583,542,991,142	25,154,938,761,216	25,945,969,811,456	22,034,264,555,520	29,685,706,653,696	1,016,102,845	2,502,425,022	0	0
em-p-ihep51	20260625140041885000000	35	23,247,644,426,240	23,247,657,152,512	14,577,839,820,131	25,154,938,761,216	25,945,969,811,456	22,034,264,555,520	29,685,706,653,696	1,094,746,381	1,933,841,992	0	0
em-p-ihep51	20260625140051906000000	31	23,247,654,035,456	23,247,668,473,856	14,567,066,160,986	25,154,938,761,216	25,945,969,811,456	22,034,264,555,520	29,685,706,653,696	1,156,617,999	2,214,510,724	0	0
em-p-ihep51	20260625140101913000000	32	23,247,667,793,920	23,247,720,411,136	14,565,333,243,421	25,154,938,761,216	25,945,969,811,456	22,034,264,555,520	29,685,706,653,696	548,734,566	2,461,357,404	0	0
em-p-ihep51	20260625140111988000000	35	23,247,962,484,736	23,248,003,256,320	14,574,156,558,684	25,154,938,761,216	25,945,969,811,456	22,034,264,555,520	29,685,706,653,696	704,622,178	2,213,660,904	0	0
em-p-ihep51	20260625140122013000000	39	23,247,941,275,648	23,247,949,680,640	14,568,142,232,260	25,154,938,761,216	25,945,969,811,456	22,034,264,555,520	29,685,706,653,696	469,260,098	1,482,577,021	0	0
em-p-ihep51	20260625140131999000000	35	23,247,942,463,488	23,248,475,369,472	14,571,650,510,912	25,154,938,761,216	25,945,969,811,456	22,034,264,555,520	29,685,706,653,696	341,045,285	1,215,940,523	0	0
em-p-ihep51	20260625140142031000000	33	23,247,953,842,176	23,247,953,862,656	14,568,052,867,466	25,154,938,761,216	25,945,969,811,456	22,034,264,555,520	29,685,706,653,696	456,326,584	1,385,269,266	20,480	0
em-p-ihep51	20260625140152065000000	30	23,247,952,785,408	23,248,222,208,000	14,569,072,203,285	25,154,938,761,216	25,945,969,811,456	22,034,264,555,520	29,685,706,653,696	663,048,056	2,242,800,432	0	0
em-p-ihep51	20260625140202065000000	32	23,247,960,342,528	23,248,033,464,320	14,562,790,339,209	25,154,938,761,216	25,945,969,811,456	22,034,264,555,520	29,685,706,653,696	694,737,447	3,102,271,449	0	0
em-p-ihep51	20260625140212093000000	32	23,247,964,258,304	23,247,961,919,488	14,571,744,594,619	25,154,938,761,216	25,945,969,811,456	22,034,264,555,520	29,685,706,653,696	995,959,246	2,149,303,052	0	0
em-p-ihep51	20260625140222081000000	26	23,247,960,850,432	23,247,962,316,800	14,563,077,024,029	25,154,938,761,216	25,945,969,811,456	22,034,264,555,520	29,685,706,653,696	684,392,972	2,388,649,099	0	0
em-p-ihep51	20260625140232087000000	28	23,247,965,827,072	23,247,975,190,528	14,575,439,141,680	25,154,938,761,216	25,945,969,811,456	22,034,264,555,520	29,685,706,653,696	354,035,471	1,821,774,005	0	0
em-p-ihep51	20260625140242106000000	32	23,247,964,950,528	23,247,973,412,864	14,565,410,839,716	25,154,938,761,216	25,945,969,811,456	22,034,264,555,520	29,685,706,653,696	549,535,530	1,951,357,865	0	0
em-p-ihep51	20260625140252127000000	27	23,248,375,300,096	23,248,100,126,720	14,566,337,851,692	25,154,938,761,216	25,945,969,811,456	22,034,264,555,520	29,685,706,653,696	593,206,709	1,598,501,929	0	0
em-p-ihep51	20260625140302157000000	29	23,248,375,918,592	23,248,366,759,936	14,563,858,288,570	25,154,938,761,216	25,945,969,811,456	22,034,264,555,520	29,685,706,653,696	523,295,646	1,868,703,210	0	0
em-p-ihep51	20260625140312147000000	31	23,248,371,187,712	23,248,823,861,248	14,569,853,340,984	25,154,938,761,216	25,945,969,811,456	22,034,264,555,520	29,685,706,653,696	1,309,323,673	2,803,540,961	0	0
em-p-ihep51	20260625140322148000000	25	23,248,371,486,720	23,248,365,170,688	14,565,124,445,456	25,154,938,761,216	25,945,969,811,456	22,034,264,555,520	29,685,706,653,696	823,201,269	1,670,209,555	0	0
em-p-ihep51	20260625140332158000000	28	23,248,814,432,256	23,248,808,189,952	14,566,070,018,448	25,154,938,761,216	25,945,969,811,456	22,034,264,555,520	29,685,706,653,696	752,633,087	1,405,049,389	0	0
em-p-ihep51	20260625140342164000000	27	23,248,818,040,832	23,249,085,140,992	14,566,339,055,947	25,154,938,761,216	25,945,969,811,456	22,034,264,555,520	29,685,706,653,696	559,113,275	1,174,388,477	0	0
em-p-ihep51	20260625140352185000000	27	23,248,808,484,864	23,248,803,074,048	14,569,641,149,766	25,154,938,761,216	25,945,969,811,456	22,034,264,555,520	29,685,706,653,696	485,871,677	1,564,975,493	0	0
em-p-ihep51	20260625140402193000000	28	23,248,824,664,064	23,248,818,483,200	14,565,386,822,719	25,154,938,761,216	25,945,969,811,456	22,034,264,555,520	29,685,706,653,696	320,018,777	1,554,106,544	0	0
em-p-ihep51	20260625140412301000000	30	23,247,284,117,504	23,247,278,653,440	14,579,260,716,398	25,154,938,761,216	25,945,969,811,456	22,034,264,555,520	29,685,706,653,696	860,167,877	2,411,714,466	0	0
em-p-ihep51	20260625140422313000000	23	23,251,170,435,072	23,251,184,332,800	14,577,014,686,308	25,154,938,761,216	25,945,969,811,456	22,034,264,555,520	29,685,706,653,696	722,118,921	1,276,899,955	0	0
em-p-ihep51	20260625140432376000000	26	23,242,529,243,136	23,242,526,552,064	14,562,526,072,611	25,154,938,761,216	25,945,969,811,456	22,034,264,555,520	29,685,706,653,696	550,868,783	1,323,565,031	0	0
em-p-ihep51	20260625140442464000000	20	23,242,526,871,552	23,242,531,258,368	14,563,130,020,660	25,154,938,761,216	25,945,969,811,456	22,034,264,555,520	29,685,706,653,696	595,717,299	1,719,363,819	0	0
em-p-ihep51	20260625140452573000000	29	23,242,524,389,376	23,242,960,285,696	14,563,249,649,327	25,154,938,761,216	25,945,969,811,456	22,034,264,555,520	29,685,706,653,696	624,286,172	1,561,239,872	0	0
em-p-ihep51	20260625140502573000000	22	23,242,530,492,416	23,242,533,220,352	14,565,547,620,970	25,154,938,761,216	25,945,969,811,456	22,034,264,555,520	29,685,706,653,696	429,859,442	1,062,135,662	0	0
em-p-ihep51	20260625140512564000000	28	23,242,536,325,120	23,242,539,241,472	14,583,404,553,331	25,154,938,761,216	25,945,969,811,456	22,034,264,555,520	29,685,706,653,696	377,350,706	1,483,590,442	0	0
em-p-ihep51	20260625140522590000000	36	23,242,542,120,960	23,243,257,831,424	14,569,759,821,253	25,154,938,761,216	25,945,969,811,456	22,034,264,555,520	29,685,706,653,696	561,013,777	3,037,435,832	0	0
em-p-ihep51	20260625140532684000000	27	23,242,534,043,648	23,242,537,287,680	14,568,100,493,076	25,154,938,761,216	25,945,969,811,456	22,034,264,555,520	29,685,706,653,696	607,677,489	2,818,995,112	0	0
em-p-ihep51	20260625140542651000000	27	23,243,400,503,296	23,243,471,626,240	14,566,118,055,539	25,154,938,761,216	25,945,969,811,456	22,034,264,555,520	29,685,706,653,696	528,854,726	1,289,966,822	0	0
em-p-ihep51	20260625140552673000000	28	23,243,395,231,744	23,243,427,323,904	14,562,865,076,007	25,154,938,761,216	25,945,969,811,456	22,034,264,555,520	29,685,706,653,696	496,531,388	1,212,505,837	0	0
em-p-ihep51	20260625140602700000000	35	23,243,399,929,856	23,243,428,843,520	14,571,413,493,690	25,154,938,761,216	25,945,969,811,456	22,034,264,555,520	29,685,706,653,696	257,006,817	1,035,763,490	0	0
em-p-ihep51	20260625140612752000000	38	23,243,390,554,112	23,243,424,075,776	14,577,021,578,525	25,154,938,761,216	25,945,969,811,456	22,034,264,555,520	29,685,706,653,696	825,032,425	1,809,796,414	0	0
em-p-ihep51	20260625140622767000000	45	23,243,402,518,528	23,243,435,954,176	14,576,844,248,327	25,154,938,761,216	25,945,969,811,456	22,034,264,555,520	29,685,706,653,696	916,256,063	1,822,233,339	0	0
em-p-ihep51	20260625140632753000000	36	23,243,411,054,592	23,243,831,836,672	14,569,711,814,945	25,154,938,761,216	25,945,969,811,456	22,034,264,555,520	29,685,706,653,696	601,036,510	1,545,671,864	0	0
em-p-ihep51	20260625140642774000000	31	23,243,413,983,232	23,243,458,449,408	14,574,141,963,622	25,154,938,761,216	25,945,969,811,456	22,034,264,555,520	29,685,706,653,696	1,189,051,480	1,807,239,462	0	0
em-p-ihep51	20260625140652837000000	45	23,243,423,043,584	23,243,592,437,760	14,582,483,699,669	25,154,938,761,216	25,945,969,811,456	22,034,264,555,520	29,685,706,653,696	531,756,886	2,824,641,418	0	0
em-p-ihep51	20260625140702814000000	32	23,243,415,773,184	23,243,513,110,528	14,572,475,732,741	25,154,938,761,216	25,945,969,811,456	22,034,264,555,520	29,685,706,653,696	770,842,059	2,206,873,365	0	0
em-p-ihep51	20260625140712795000000	25	23,243,402,919,936	23,243,438,157,824	14,570,701,663,160	25,154,938,761,216	25,945,969,811,456	22,034,264,555,520	29,685,706,653,696	975,710,382	1,803,130,246	4,096	0
em-p-ihep51	20260625140722820000000	30	23,243,402,006,528	23,243,438,309,376	14,576,408,898,426	25,154,938,761,216	25,945,969,811,456	22,034,264,555,520	29,685,706,653,696	798,436,656	1,887,100,015	0	0
em-p-ihep51	20260625140732839000000	34	23,243,393,941,504	23,243,561,242,624	14,570,960,653,013	25,154,938,761,216	25,945,969,811,456	22,034,264,555,520	29,685,706,653,696	710,000,002	1,528,058,992	0	0
em-p-ihep51	20260625140742846000000	29	23,243,396,481,024	23,243,503,075,328	14,566,983,477,942	25,154,938,761,216	25,945,969,811,456	22,034,264,555,520	29,685,706,653,696	814,595,531	1,449,696,484	0	0
em-p-ihep51	20260625140752853000000	28	23,243,204,636,672	23,243,310,231,552	14,566,659,548,348	25,154,938,761,216	25,945,969,811,456	22,034,264,555,520	29,685,706,653,696	697,594,558	2,711,476,869	0	0
em-p-ihep51	20260625140802874000000	27	23,242,851,233,792	23,242,880,360,448	14,581,599,886,286	25,154,938,761,216	25,945,969,811,456	22,034,264,555,520	29,685,706,653,696	900,030,920	2,771,382,941	12,288	0
em-p-ihep51	20260625140812880000000	31	23,246,180,331,520	23,246,294,487,040	14,594,111,967,597	25,154,938,761,216	25,945,969,811,456	22,034,264,555,520	29,685,706,653,696	337,680,924	1,956,775,762	0	0
em-p-ihep51	20260625140822977000000	25	23,246,185,512,960	23,246,293,323,776	14,581,236,787,968	25,154,938,761,216	25,945,969,811,456	22,034,264,555,520	29,685,706,653,696	706,339,943	2,293,284,136	0	0
em-p-ihep51	20260625140832989000000	23	23,242,903,719,936	23,243,014,430,720	14,581,463,584,402	25,154,938,761,216	25,945,969,811,456	22,034,264,555,520	29,685,706,653,696	602,142,967	1,788,653,934	0	0
em-p-ihep51	20260625140843020000000	28	23,239,875,248,128	23,239,995,097,088	14,574,265,588,210	25,154,938,761,216	25,945,969,811,456	22,034,264,555,520	29,685,706,653,696	669,314,839	1,732,001,878	0	0
em-p-ihep51	20260625140853020000000	27	23,239,871,889,408	23,239,979,892,736	14,576,459,366,160	25,154,938,761,216	25,945,969,811,456	22,034,264,555,520	29,685,706,653,696	643,461,489	1,867,027,377	0	0
em-p-ihep51	20260625140903033000000	28	23,239,876,481,024	23,239,984,050,176	14,577,135,641,865	25,154,938,761,216	25,945,969,811,456	22,034,264,555,520	29,685,706,653,696	222,907,347	1,562,665,608	0	0
em-p-ihep51	20260625140913079000000	39	23,238,092,689,408	23,238,741,872,640	14,590,285,481,265	25,154,938,761,216	25,945,969,811,456	22,034,264,555,520	29,685,706,653,696	284,652,636	2,177,823,679	0	0
em-p-ihep51	20260625140923111000000	41	23,240,696,733,696	23,240,803,721,216	14,584,572,201,201	25,154,938,761,216	25,945,969,811,456	22,034,264,555,520	29,685,706,653,696	613,699,902	2,064,338,696	0	0
em-p-ihep51	20260625140933096000000	41	23,236,909,072,384	23,237,015,322,624	14,574,617,746,230	25,154,938,761,216	25,945,969,811,456	22,034,264,555,520	29,685,706,653,696	659,197,817	1,500,505,948	0	0
em-p-ihep51	20260625140943113000000	34	23,236,905,508,864	23,237,026,844,672	14,579,478,844,778	25,154,938,761,216	25,945,969,811,456	22,034,264,555,520	29,685,706,653,696	570,618,754	2,484,893,369	0	0
em-p-ihep51	20260625140953119000000	24	23,236,906,917,888	23,237,014,331,392	14,577,452,946,937	25,154,938,761,216	25,945,969,811,456	22,034,264,555,520	29,685,706,653,696	1,020,642,368	2,431,044,894	0	0
em-p-ihep51	20260625141003283000000	35	23,236,932,419,584	23,237,038,301,184	14,590,813,839,630	25,154,938,761,216	25,945,969,811,456	22,034,264,555,520	29,685,706,653,696	670,711,627	1,710,680,487	0	0
em-p-ihep51	20260625141013260000000	54	23,237,097,037,824	23,237,604,175,872	14,624,751,195,919	25,154,938,761,216	25,945,969,811,456	22,034,264,555,520	29,685,706,653,696	972,309,455	2,679,290,071	0	0
em-p-ihep51	20260625141023278000000	48	23,237,470,269,440	23,237,738,876,928	14,601,699,407,766	25,154,938,761,216	25,945,969,811,456	22,034,264,555,520	29,685,706,653,696	1,142,449,129	3,767,723,393	0	0
em-p-ihep51	20260625141033288000000	37	23,237,528,834,048	23,237,631,762,432	14,587,980,930,775	25,154,938,761,216	25,945,969,811,456	22,034,264,555,520	29,685,706,653,696	1,001,837,498	2,505,460,782	0	0
em-p-ihep51	20260625141043332000000	42	23,237,516,890,112	23,237,584,474,112	14,584,788,694,062	25,154,938,761,216	25,945,969,811,456	22,034,264,555,520	29,685,706,653,696	540,455,970	1,617,309,761	0	0
em-p-ihep51	20260625141053335000000	27	23,238,317,891,584	23,238,266,486,784	14,589,089,535,189	25,154,938,761,216	25,945,969,811,456	22,034,264,555,520	29,685,706,653,696	1,111,015,367	1,915,497,946	0	0
em-p-ihep51	20260625141103380000000	32	23,233,706,037,248	23,238,390,554,624	14,593,077,525,480	25,154,938,761,216	25,945,969,811,456	22,034,264,555,520	29,685,706,653,696	510,036,330	1,708,914,891	0	0
em-p-ihep51	20260625141113431000000	38	23,233,938,976,768	23,234,439,323,648	14,604,887,633,344	25,154,938,761,216	25,945,969,811,456	22,034,264,555,520	29,685,706,653,696	623,215,675	2,254,267,933	0	0
em-p-ihep51	20260625141123395000000	41	23,233,663,635,456	23,233,744,150,528	14,593,303,118,199	25,154,938,761,216	25,945,969,811,456	22,034,264,555,520	29,685,706,653,696	752,463,450	2,133,763,211	0	0
em-p-ihep51	20260625141133422000000	35	23,234,430,840,832	23,234,494,033,920	14,589,947,828,874	25,154,938,761,216	25,945,969,811,456	22,034,264,555,520	29,685,706,653,696	914,941,341	1,820,313,275	0	0
em-p-ihep51	20260625141143466000000	39	23,234,420,346,880	23,234,522,988,544	14,593,751,422,067	25,154,938,761,216	25,945,969,811,456	22,034,264,555,520	29,685,706,653,696	761,210,342	1,756,322,292	32,768	0
em-p-ihep51	20260625141153428000000	44	23,234,421,641,216	23,234,523,455,488	14,593,315,278,308	25,154,938,761,216	25,945,969,811,456	22,034,264,555,520	29,685,706,653,696	602,795,008	1,819,613,980	0	0
em-p-ihep51	20260625141203455000000	34	23,234,435,579,904	23,234,498,998,272	14,588,646,776,928	25,154,938,761,216	25,945,969,811,456	22,034,264,555,520	29,685,706,653,696	559,796,862	1,845,507,965	0	0
em-p-ihep51	20260625141213554000000	30	23,234,434,797,568	23,234,704,117,760	14,590,229,656,943	25,154,938,761,216	25,945,969,811,456	22,034,264,555,520	29,685,706,653,696	492,658,124	2,374,784,969	0	0
em-p-ihep51	20260625141223641000000	26	23,234,439,876,608	23,234,632,876,032	14,587,426,118,404	25,154,938,761,216	25,945,969,811,456	22,034,264,555,520	29,685,706,653,696	986,379,145	3,453,772,495	0	0
em-p-ihep51	20260625141233647000000	34	23,234,448,220,160	23,234,500,481,024	14,587,756,132,143	25,154,938,761,216	25,945,969,811,456	22,034,264,555,520	29,685,706,653,696	700,572,711	2,514,814,550	0	0
em-p-ihep51	20260625141243754000000	31	23,235,070,947,328	23,235,122,536,448	14,587,037,461,694	25,154,938,761,216	25,945,969,811,456	22,034,264,555,520	29,685,706,653,696	353,027,443	2,486,153,527	0	0
em-p-ihep51	20260625141253779000000	26	23,235,054,211,072	23,235,115,204,608	14,590,044,413,412	25,154,938,761,216	25,945,969,811,456	22,034,264,555,520	29,685,706,653,696	247,020,574	1,814,016,880	0	0
em-p-ihep51	20260625141303774000000	27	23,235,516,317,696	23,235,625,091,072	14,600,609,662,106	25,154,938,761,216	25,945,969,811,456	22,034,264,555,520	29,685,706,653,696	487,317,026	1,769,037,008	0	0
em-p-ihep51	20260625141313816000000	30	23,235,816,493,056	23,235,870,543,872	14,611,158,046,102	25,154,938,761,216	25,945,969,811,456	22,034,264,555,520	29,685,706,653,696	1,228,816,811	2,500,186,134	0	0
em-p-ihep51	20260625141323868000000	28	23,235,900,628,992	23,235,959,697,408	14,620,491,397,056	25,154,938,761,216	25,945,969,811,456	22,034,264,555,520	29,685,706,653,696	730,255,763	1,772,983,821	0	0
em-p-ihep51	20260625141333962000000	27	23,236,519,477,248	23,236,571,234,304	14,628,127,658,796	25,154,938,761,216	25,945,969,811,456	22,034,264,555,520	29,685,706,653,696	538,270,141	1,198,705,347	0	0
em-p-ihep51	20260625141344092000000	29	23,236,530,794,496	23,236,581,216,256	14,634,985,636,675	25,154,938,761,216	25,945,969,811,456	22,034,264,555,520	29,685,706,653,696	382,225,094	1,819,493,647	0	0
em-p-ihep51	20260625141354067000000	28	23,236,633,722,880	23,236,709,171,200	14,651,632,764,942	25,154,938,761,216	25,945,969,811,456	22,034,264,555,520	29,685,706,653,696	1,290,452,050	2,168,204,012	0	0
em-p-ihep51	20260625141404095000000	24	23,236,633,505,792	23,236,681,986,048	14,655,154,708,609	25,154,938,761,216	25,945,969,811,456	22,034,264,555,520	29,685,706,653,696	655,066,292	1,699,120,042	0	0
em-p-ihep51	20260625141414066000000	25	23,238,381,199,360	23,238,308,511,744	14,674,027,062,125	25,154,938,761,216	25,945,969,811,456	22,034,264,555,520	29,685,706,653,696	671,199,136	2,447,697,419	0	0
em-p-ihep51	20260625141424083000000	21	23,246,430,113,792	23,245,888,737,280	14,687,238,658,363	25,154,938,761,216	25,945,969,811,456	22,034,264,555,520	29,685,706,653,696	473,084,694	1,317,734,559	0	0
em-p-ihep51	20260625141434108000000	28	23,237,651,087,360	23,238,878,105,600	14,681,201,946,268	25,154,938,761,216	25,945,969,811,456	22,034,264,555,520	29,685,706,653,696	523,970,326	1,860,245,752	0	0
em-p-ihep51	20260625141444104000000	36	23,233,609,953,280	23,233,639,067,648	14,673,063,168,692	25,154,938,761,216	25,945,969,811,456	22,034,264,555,520	29,685,706,653,696	1,070,593,901	1,832,200,803	0	0
em-p-ihep51	20260625141454121000000	33	23,233,699,696,640	23,233,728,679,936	14,675,181,797,082	25,154,938,761,216	25,945,969,811,456	22,034,264,555,520	29,685,706,653,696	1,053,218,820	1,658,166,378	0	0
em-p-ihep51	20260625141504133000000	30	23,233,703,145,472	23,233,749,839,872	14,673,757,580,230	25,154,938,761,216	25,945,969,811,456	22,034,264,555,520	29,685,706,653,696	1,182,308,350	2,150,197,764	0	0
em-p-ihep51	20260625141514231000000	33	23,233,708,548,096	23,233,731,620,864	14,682,545,542,371	25,154,938,761,216	25,945,969,811,456	22,034,264,555,520	29,685,706,653,696	1,163,068,676	2,409,733,804	0	0
em-p-ihep51	20260625141524254000000	30	23,233,756,356,608	23,233,811,750,912	14,672,843,858,205	25,154,938,761,216	25,945,969,811,456	22,034,264,555,520	29,685,706,653,696	932,396,568	2,668,714,127	0	0
em-p-ihep51	20260625141534260000000	29	23,233,751,326,720	23,234,100,064,256	14,678,279,839,782	25,154,938,761,216	25,945,969,811,456	22,034,264,555,520	29,685,706,653,696	1,075,387,462	2,489,389,380	0	0
em-p-ihep51	20260625141544265000000	31	23,233,747,709,952	23,233,819,156,480	14,665,619,580,253	25,154,938,761,216	25,945,969,811,456	22,034,264,555,520	29,685,706,653,696	704,639,970	1,912,716,383	0	0
em-p-ihep51	20260625141554388000000	32	23,233,757,483,008	23,233,811,369,984	14,672,880,673,743	25,154,938,761,216	25,945,969,811,456	22,034,264,555,520	29,685,706,653,696	1,011,064,367	1,634,810,116	0	0
em-p-ihep51	20260625141604307000000	40	23,233,759,252,480	23,233,848,410,112	14,676,389,056,432	25,154,938,761,216	25,945,969,811,456	22,034,264,555,520	29,685,706,653,696	510,065,557	1,589,435,657	0	0
em-p-ihep51	20260625141614338000000	32	23,233,780,133,888	23,233,838,120,960	14,680,280,483,383	25,154,938,761,216	25,945,969,811,456	22,034,264,555,520	29,685,706,653,696	983,082,221	1,989,072,024	0	0
em-p-ihep51	20260625141624352000000	40	23,233,712,525,312	23,233,773,154,304	14,676,106,400,044	25,154,938,761,216	25,945,969,811,456	22,034,264,555,520	29,685,706,653,696	782,016,276	2,640,674,931	0	0
em-p-ihep51	20260625141634347000000	34	23,233,752,530,944	23,234,209,206,272	14,671,577,212,034	25,154,938,761,216	25,945,969,811,456	22,034,264,555,520	29,685,706,653,696	811,307,964	2,174,284,206	4,096	0
em-p-ihep51	20260625141644396000000	28	23,233,751,343,104	23,233,809,920,000	14,674,298,324,758	25,154,938,761,216	25,945,969,811,456	22,034,264,555,520	29,685,706,653,696	631,169,248	1,576,435,972	12,288	0
em-p-ihep51	20260625141654395000000	36	23,233,766,785,024	23,233,822,863,360	14,671,915,104,541	25,154,938,761,216	25,945,969,811,456	22,034,264,555,520	29,685,706,653,696	661,427,596	1,838,296,200	0	0
em-p-ihep51	20260625141704451000000	33	23,234,528,428,032	23,234,599,575,552	14,673,611,970,054	25,154,938,761,216	25,945,969,811,456	22,034,264,555,520	29,685,706,653,696	594,734,394	2,091,028,824	0	0
em-p-ihep51	20260625141714437000000	33	23,234,528,268,288	23,234,582,708,224	14,677,754,786,792	25,154,938,761,216	25,945,969,811,456	22,034,264,555,520	29,685,706,653,696	1,137,690,391	2,499,849,113	0	0
em-p-ihep51	20260625141724467000000	29	23,234,515,263,488	23,234,553,860,096	14,667,702,050,533	25,154,938,761,216	25,945,969,811,456	22,034,264,555,520	29,685,706,653,696	832,116,697	1,801,274,588	0	0
em-p-ihep51	20260625141734459000000	30	23,234,511,765,504	23,234,554,851,328	14,668,090,833,185	25,154,938,761,216	25,945,969,811,456	22,034,264,555,520	29,685,706,653,696	633,718,780	1,299,073,367	0	0
em-p-ihep51	20260625141744462000000	28	23,234,520,260,608	23,234,644,074,496	14,670,139,614,530	25,154,938,761,216	25,945,969,811,456	22,034,264,555,520	29,685,706,653,696	782,548,662	1,356,945,025	0	0
em-p-ihep51	20260625141754472000000	22	23,223,632,945,152	23,223,761,379,328	14,561,234,323,793	25,154,938,761,216	25,945,969,811,456	22,034,264,555,520	29,685,706,653,696	344,821,599	1,241,578,665	0	0
em-p-ihep51	20260625141804522000000	22	23,223,634,026,496	23,223,761,096,704	14,562,230,458,327	25,154,938,761,216	25,945,969,811,456	22,034,264,555,520	29,685,706,653,696	770,742,904	1,514,432,448	0	0
em-p-ihep51	20260625141814534000000	34	23,223,635,755,008	23,223,764,815,872	14,566,325,666,867	25,154,938,761,216	25,945,969,811,456	22,034,264,555,520	29,685,706,653,696	847,142,816	1,833,690,405	0	0
em-p-ihep51	20260625141824578000000	32	23,223,647,854,592	23,223,772,160,000	14,562,929,591,839	25,154,938,761,216	25,945,969,811,456	22,034,264,555,520	29,685,706,653,696	880,301,287	2,067,304,400	0	0
em-p-ihep51	20260625141834600000000	26	23,223,651,799,040	23,223,689,203,712	14,564,402,770,026	25,154,938,761,216	25,945,969,811,456	22,034,264,555,520	29,685,706,653,696	748,018,386	1,645,816,207	0	0
em-p-ihep51	20260625141844599000000	22	23,223,646,965,760	23,224,005,808,128	14,560,326,817,653	25,154,938,761,216	25,945,969,811,456	22,034,264,555,520	29,685,706,653,696	279,910,907	1,094,631,481	0	0
em-p-ihep51	20260625141854704000000	19	23,223,650,693,120	23,223,688,282,112	14,560,408,266,162	25,154,938,761,216	25,945,969,811,456	22,034,264,555,520	29,685,706,653,696	588,701,099	1,100,459,622	0	0
em-p-ihep51	20260625141904716000000	27	23,224,098,971,648	23,224,137,457,664	14,568,283,784,806	25,154,938,761,216	25,945,969,811,456	22,034,264,555,520	29,685,706,653,696	405,891,446	1,531,657,391	0	0
em-p-ihep51	20260625141914722000000	28	23,224,164,823,040	23,224,205,434,880	14,581,176,501,752	25,154,938,761,216	25,945,969,811,456	22,034,264,555,520	29,685,706,653,696	536,321,811	1,845,462,590	0	0
em-p-ihep51	20260625141924835000000	27	23,224,160,075,776	23,224,197,701,632	14,559,908,980,758	25,154,938,761,216	25,945,969,811,456	22,034,264,555,520	29,685,706,653,696	1,144,944,472	1,688,260,703	0	0
em-p-ihep51	20260625141934859000000	30	23,224,160,239,616	23,224,188,932,096	14,567,094,494,053	25,154,938,761,216	25,945,969,811,456	22,034,264,555,520	29,685,706,653,696	637,556,653	1,376,271,483	0	0
em-p-ihep51	20260625141944901000000	40	23,224,162,508,800	23,224,201,695,232	14,570,553,239,576	25,154,938,761,216	25,945,969,811,456	22,034,264,555,520	29,685,706,653,696	762,412,493	2,039,017,920	0	0
em-p-ihep51	20260625141954910000000	34	23,224,207,699,968	23,224,228,831,232	14,569,517,342,068	25,154,938,761,216	25,945,969,811,456	22,034,264,555,520	29,685,706,653,696	624,903,052	2,664,409,628	0	0
em-p-ihep51	20260625142004934000000	36	23,224,223,195,136	23,224,331,956,224	14,572,191,195,086	25,154,938,761,216	25,945,969,811,456	22,034,264,555,520	29,685,706,653,696	905,248,602	2,754,111,066	0	0
em-p-ihep51	20260625142014926000000	43	23,224,673,595,392	23,223,994,294,272	14,624,533,974,888	25,154,938,761,216	25,945,969,811,456	22,034,264,555,520	29,685,706,653,696	1,505,205,619	4,674,087,520	0	0
em-p-ihep51	20260625142024958000000	36	23,226,666,864,640	23,226,726,776,832	14,591,536,510,029	25,154,938,761,216	25,945,969,811,456	22,034,264,555,520	29,685,706,653,696	1,140,869,420	2,122,207,640	0	0
em-p-ihep51	20260625142034949000000	31	23,223,791,525,888	23,223,847,944,192	14,583,253,464,437	25,154,938,761,216	25,945,969,811,456	22,034,264,555,520	29,685,706,653,696	894,838,251	1,788,934,561	0	0
em-p-ihep51	20260625142044984000000	33	23,223,796,895,744	23,223,851,102,208	14,573,825,576,114	25,154,938,761,216	25,945,969,811,456	22,034,264,555,520	29,685,706,653,696	499,966,417	1,944,654,689	0	0
em-p-ihep51	20260625142055010000000	37	23,223,797,399,552	23,223,882,158,080	14,571,733,430,287	25,154,938,761,216	25,945,969,811,456	22,034,264,555,520	29,685,706,653,696	1,443,117,216	2,167,327,864	0	0
em-p-ihep51	20260625142105029000000	34	23,223,794,917,376	23,223,823,192,064	14,567,958,054,569	25,154,938,761,216	25,945,969,811,456	22,034,264,555,520	29,685,706,653,696	1,478,520,093	2,359,187,057	0	0
em-p-ihep51	20260625142115019000000	33	23,223,802,318,848	23,223,834,009,600	14,569,639,076,016	25,154,938,761,216	25,945,969,811,456	22,034,264,555,520	29,685,706,653,696	1,828,413,511	2,863,396,751	0	0
em-p-ihep51	20260625142125032000000	33	23,223,795,085,312	23,224,315,146,240	14,568,958,150,501	25,154,938,761,216	25,945,969,811,456	22,034,264,555,520	29,685,706,653,696	1,821,619,404	3,166,346,811	0	0
em-p-ihep51	20260625142135056000000	40	23,224,293,105,664	23,224,320,131,072	14,576,180,198,819	25,154,938,761,216	25,945,969,811,456	22,034,264,555,520	29,685,706,653,696	947,981,512	1,759,321,166	0	0
em-p-ihep51	20260625142145023000000	42	23,224,294,223,872	23,224,338,632,704	14,578,326,678,375	25,154,938,761,216	25,945,969,811,456	22,034,264,555,520	29,685,706,653,696	921,783,815	2,422,444,843	0	0
em-p-ihep51	20260625142155053000000	36	23,224,288,415,744	23,224,801,144,832	14,578,917,691,680	25,154,938,761,216	25,945,969,811,456	22,034,264,555,520	29,685,706,653,696	807,366,223	1,833,758,375	0	0
em-p-ihep51	20260625142205079000000	33	23,224,901,468,160	23,224,933,715,968	14,569,156,358,610	25,154,938,761,216	25,945,969,811,456	22,034,264,555,520	29,685,706,653,696	591,521,164	1,472,731,020	4,096	0
em-p-ihep51	20260625142215050000000	31	23,224,895,422,464	23,225,044,430,848	14,568,684,670,703	25,154,938,761,216	25,945,969,811,456	22,034,264,555,520	29,685,706,653,696	917,023,328	1,562,442,183	0	0
em-p-ihep51	20260625142225069000000	28	23,224,627,621,888	23,225,060,622,336	14,568,776,417,297	25,154,938,761,216	25,945,969,811,456	22,034,264,555,520	29,685,706,653,696	900,957,610	1,888,367,076	0	0
em-p-ihep51	20260625142235102000000	33	23,224,632,483,840	23,224,665,022,464	14,575,089,944,546	25,154,938,761,216	25,945,969,811,456	22,034,264,555,520	29,685,706,653,696	911,168,968	1,851,323,456	0	0
em-p-ihep51	20260625142245081000000	27	23,224,633,671,680	23,224,665,255,936	14,568,580,501,142	25,154,938,761,216	25,945,969,811,456	22,034,264,555,520	29,685,706,653,696	621,110,125	2,052,026,831	0	0
em-p-ihep51	20260625142255089000000	30	23,224,635,830,272	23,224,678,604,800	14,560,185,546,039	25,154,938,761,216	25,945,969,811,456	22,034,264,555,520	29,685,706,653,696	1,592,724,689	2,448,927,556	0	0
em-p-ihep51	20260625142305087000000	25	23,224,635,723,776	23,224,667,664,384	14,562,313,672,405	25,154,938,761,216	25,945,969,811,456	22,034,264,555,520	29,685,706,653,696	1,025,064,452	1,686,665,274	0	0
em-p-ihep51	20260625142315101000000	34	23,224,656,130,048	23,224,687,550,464	14,563,540,550,566	25,154,938,761,216	25,945,969,811,456	22,034,264,555,520	29,685,706,653,696	771,783,585	1,826,741,890	0	0
em-p-ihep51	20260625142325098000000	27	23,224,653,037,568	23,224,695,595,008	14,561,365,827,054	25,154,938,761,216	25,945,969,811,456	22,034,264,555,520	29,685,706,653,696	878,626,162	3,086,070,848	0	0
em-p-ihep51	20260625142335201000000	22	23,224,646,979,584	23,224,671,252,480	14,563,999,664,609	25,154,938,761,216	25,945,969,811,456	22,034,264,555,520	29,685,706,653,696	772,632,573	2,011,235,392	0	0
em-p-ihep51	20260625142345219000000	25	23,224,646,066,176	23,224,669,167,616	14,560,063,065,741	25,154,938,761,216	25,945,969,811,456	22,034,264,555,520	29,685,706,653,696	773,859,051	1,861,108,309	143,360	0
em-p-ihep51	20260625142355212000000	23	23,224,651,358,208	23,224,674,533,376	14,561,187,339,363	25,154,938,761,216	25,945,969,811,456	22,034,264,555,520	29,685,706,653,696	1,094,263,063	1,872,979,732	0	0
em-p-ihep51	20260625142405265000000	28	23,224,650,776,576	23,225,096,933,376	14,557,873,067,775	25,154,938,761,216	25,945,969,811,456	22,034,264,555,520	29,685,706,653,696	837,980,460	2,341,783,847	0	0
em-p-ihep51	20260625142415290000000	31	23,226,566,057,984	23,226,061,955,072	14,573,227,403,091	25,154,938,761,216	25,945,969,811,456	22,034,264,555,520	29,685,706,653,696	745,800,499	2,638,992,221	28,672	0
em-p-ihep51	20260625142425311000000	34	23,223,116,603,392	23,223,142,486,016	14,559,003,085,252	25,154,938,761,216	25,945,969,811,456	22,034,264,555,520	29,685,706,653,696	1,303,130,300	2,275,437,409	0	0
em-p-ihep51	20260625142435352000000	33	23,223,127,019,520	23,223,296,872,448	14,559,510,324,925	25,154,938,761,216	25,945,969,811,456	22,034,264,555,520	29,685,706,653,696	1,526,859,647	1,989,270,941	0	0
em-p-ihep51	20260625142445436000000	24	23,223,130,492,928	23,223,202,611,200	14,559,042,751,805	25,154,938,761,216	25,945,969,811,456	22,034,264,555,520	29,685,706,653,696	594,129,462	1,420,811,484	0	0
em-p-ihep51	20260625142455522000000	22	23,223,124,881,408	23,223,198,359,552	14,557,878,700,909	25,154,938,761,216	25,945,969,811,456	22,034,264,555,520	29,685,706,653,696	789,832,210	1,680,524,170	0	0
em-p-ihep51	20260625142505551000000	31	23,223,114,252,288	23,223,263,457,280	14,575,736,049,032	25,154,938,761,216	25,945,969,811,456	22,034,264,555,520	29,685,706,653,696	612,452,798	1,543,935,712	0	0
em-p-ihep51	20260625142515572000000	41	23,223,128,301,568	23,223,188,873,216	14,570,870,372,585	25,154,938,761,216	25,945,969,811,456	22,034,264,555,520	29,685,706,653,696	1,220,032,504	2,297,910,926	0	0
em-p-ihep51	20260625142525615000000	28	23,223,126,298,624	23,223,187,292,160	14,565,788,678,665	25,154,938,761,216	25,945,969,811,456	22,034,264,555,520	29,685,706,653,696	541,400,336	2,382,086,683	0	0
em-p-ihep51	20260625142535610000000	31	23,223,119,110,144	23,223,195,877,376	14,568,297,812,809	25,154,938,761,216	25,945,969,811,456	22,034,264,555,520	29,685,706,653,696	544,841,873	1,695,621,765	0	0
em-p-ihep51	20260625142545629000000	29	23,223,116,734,464	23,223,180,120,064	14,559,529,557,299	25,154,938,761,216	25,945,969,811,456	22,034,264,555,520	29,685,706,653,696	751,855,895	2,047,662,424	0	0
em-p-ihep51	20260625142555643000000	26	23,223,117,283,328	23,223,181,123,584	14,564,735,941,090	25,154,938,761,216	25,945,969,811,456	22,034,264,555,520	29,685,706,653,696	1,219,691,193	1,789,961,200	0	0
em-p-ihep51	20260625142605659000000	31	23,223,108,857,856	23,223,217,668,096	14,561,866,230,500	25,154,938,761,216	25,945,969,811,456	22,034,264,555,520	29,685,706,653,696	713,560,177	1,733,118,037	0	0
em-p-ihep51	20260625142615656000000	32	23,223,832,580,096	23,223,866,871,808	14,563,283,387,167	25,154,938,761,216	25,945,969,811,456	22,034,264,555,520	29,685,706,653,696	1,287,036,532	2,302,099,888	0	0
em-p-ihep51	20260625142625672000000	33	23,223,839,817,728	23,223,871,537,152	14,562,240,953,910	25,154,938,761,216	25,945,969,811,456	22,034,264,555,520	29,685,706,653,696	1,199,497,723	1,940,836,032	0	0
em-p-ihep51	20260625142635705000000	27	23,223,839,875,072	23,223,890,006,016	14,561,559,785,483	25,154,938,761,216	25,945,969,811,456	22,034,264,555,520	29,685,706,653,696	1,315,529,790	2,562,555,783	0	0
em-p-ihep51	20260625142645698000000	31	23,223,835,283,456	23,224,126,111,744	14,564,138,086,911	25,154,938,761,216	25,945,969,811,456	22,034,264,555,520	29,685,706,653,696	828,319,620	1,939,936,867	0	0
em-p-ihep51	20260625142655695000000	32	23,223,845,494,784	23,223,881,498,624	14,557,622,643,762	25,154,938,761,216	25,945,969,811,456	22,034,264,555,520	29,685,706,653,696	783,594,000	2,034,226,394	0	0
em-p-ihep51	20260625142705725000000	25	23,223,850,029,056	23,223,886,565,376	14,560,112,169,825	25,154,938,761,216	25,945,969,811,456	22,034,264,555,520	29,685,706,653,696	1,095,972,631	2,339,084,965	0	0
em-p-ihep51	20260625142715792000000	21	23,224,310,779,904	23,224,767,590,400	14,558,468,051,798	25,154,938,761,216	25,945,969,811,456	22,034,264,555,520	29,685,706,653,696	1,307,376,740	3,291,278,215	0	0
em-p-ihep51	20260625142725776000000	25	23,224,314,458,112	23,224,353,009,664	14,559,825,086,618	25,154,938,761,216	25,945,969,811,456	22,034,264,555,520	29,685,706,653,696	993,446,051	3,621,644,317	0	0
em-p-ihep51	20260625142735811000000	21	23,224,314,368,000	23,224,341,680,128	14,561,230,328,590	25,154,938,761,216	25,945,969,811,456	22,034,264,555,520	29,685,706,653,696	394,709,267	1,133,628,921	0	0
em-p-ihep51	20260625142745847000000	29	23,224,302,903,296	23,224,745,193,472	14,562,231,061,883	25,154,938,761,216	25,945,969,811,456	22,034,264,555,520	29,685,706,653,696	662,792,766	1,536,407,582	0	0
em-p-ihep51	20260625142755875000000	24	23,224,301,735,936	23,224,396,103,680	14,552,746,427,022	25,154,938,761,216	25,945,969,811,456	22,034,264,555,520	29,685,706,653,696	844,661,744	1,663,601,818	0	0
em-p-ihep51	20260625142805879000000	30	23,224,303,788,032	23,224,396,967,936	14,564,507,253,348	25,154,938,761,216	25,945,969,811,456	22,034,264,555,520	29,685,706,653,696	644,155,081	1,567,112,467	0	0
em-p-ihep51	20260625142815891000000	30	23,224,779,640,832	23,224,872,689,664	14,568,497,472,512	25,154,938,761,216	25,945,969,811,456	22,034,264,555,520	29,685,706,653,696	846,842,679	1,826,956,892	0	0
em-p-ihep51	20260625142825868000000	30	23,224,778,711,040	23,224,918,872,064	14,555,515,053,297	25,154,938,761,216	25,945,969,811,456	22,034,264,555,520	29,685,706,653,696	656,459,196	2,092,861,680	0	0
em-p-ihep51	20260625142835923000000	24	23,224,777,629,696	23,224,868,896,768	14,555,994,193,424	25,154,938,761,216	25,945,969,811,456	22,034,264,555,520	29,685,706,653,696	1,030,682,923	2,046,839,166	0	0
em-p-ihep51	20260625142845903000000	22	23,224,778,006,528	23,224,870,731,776	14,556,186,940,452	25,154,938,761,216	25,945,969,811,456	22,034,264,555,520	29,685,706,653,696	699,781,235	2,262,631,656	0	0
em-p-ihep51	20260625142855881000000	23	23,224,780,062,720	23,224,891,596,800	14,552,093,467,201	25,154,938,761,216	25,945,969,811,456	22,034,264,555,520	29,685,706,653,696	830,256,360	1,683,114,921	0	0
em-p-ihep51	20260625142905986000000	23	23,224,779,034,624	23,224,869,769,216	14,559,230,457,501	25,154,938,761,216	25,945,969,811,456	22,034,264,555,520	29,685,706,653,696	845,815,805	1,815,870,401	0	0
em-p-ihep51	20260625142916005000000	25	23,223,854,829,568	23,223,928,356,864	14,559,173,421,896	25,154,938,761,216	25,945,969,811,456	22,034,264,555,520	29,685,706,653,696	306,154,834	2,359,746,545	0	0
em-p-ihep51	20260625142926029000000	32	23,232,496,218,112	23,232,585,940,992	14,574,430,901,968	25,154,938,761,216	25,945,969,811,456	22,034,264,555,520	29,685,706,653,696	405,915,104	1,376,979,591	0	0
em-p-ihep51	20260625142936111000000	21	23,223,851,991,040	23,223,955,513,344	14,559,159,693,366	25,154,938,761,216	25,945,969,811,456	22,034,264,555,520	29,685,706,653,696	309,233,520	928,155,507	0	0
em-p-ihep51	20260625142946110000000	23	23,223,842,869,248	23,223,924,891,648	14,554,745,661,769	25,154,938,761,216	25,945,969,811,456	22,034,264,555,520	29,685,706,653,696	658,875,608	1,872,070,919	0	0
em-p-ihep51	20260625142956175000000	27	23,223,842,545,664	23,223,968,661,504	14,564,845,140,872	25,154,938,761,216	25,945,969,811,456	22,034,264,555,520	29,685,706,653,696	1,255,327,325	2,476,728,656	0	0
em-p-ihep51	20260625143006190000000	32	23,223,859,265,536	23,223,923,740,672	14,566,786,309,326	25,154,938,761,216	25,945,969,811,456	22,034,264,555,520	29,685,706,653,696	1,442,787,084	3,129,020,656	0	0
em-p-ihep51	20260625143016227000000	44	23,223,843,196,928	23,223,923,736,576	14,587,213,329,833	25,154,938,761,216	25,945,969,811,456	22,034,264,555,520	29,685,706,653,696	1,485,666,423	3,285,048,035	0	0
em-p-ihep51	20260625143026257000000	35	23,223,850,639,360	23,224,121,872,384	14,565,543,060,762	25,154,938,761,216	25,945,969,811,456	22,034,264,555,520	29,685,706,653,696	1,321,006,722	4,027,621,476	36,864	0
em-p-ihep51	20260625143036264000000	30	23,223,855,345,664	23,223,947,923,456	14,575,463,901,336	25,154,938,761,216	25,945,969,811,456	22,034,264,555,520	29,685,706,653,696	955,208,537	2,224,669,850	86,016	0
em-p-ihep51	20260625143046296000000	32	23,223,860,465,664	23,223,936,450,560	14,560,775,533,667	25,154,938,761,216	25,945,969,811,456	22,034,264,555,520	29,685,706,653,696	1,316,857,669	2,371,259,885	0	0
em-p-ihep51	20260625143056326000000	28	23,223,855,751,168	23,223,931,371,520	14,557,409,598,846	25,154,938,761,216	25,945,969,811,456	22,034,264,555,520	29,685,706,653,696	1,296,519,304	1,989,378,771	0	0
em-p-ihep51	20260625143106391000000	39	23,223,860,834,304	23,223,957,196,800	14,575,604,537,318	25,154,938,761,216	25,945,969,811,456	22,034,264,555,520	29,685,706,653,696	980,181,796	2,162,346,972	0	0
em-p-ihep51	20260625143116404000000	43	23,226,497,945,600	23,226,578,317,312	14,564,275,477,383	25,154,938,761,216	25,945,969,811,456	22,034,264,555,520	29,685,706,653,696	1,003,946,320	2,775,753,967	0	0
em-p-ihep51	20260625143126364000000	29	23,226,486,521,856	23,226,566,410,240	14,561,789,222,888	25,154,938,761,216	25,945,969,811,456	22,034,264,555,520	29,685,706,653,696	783,605,435	2,193,507,326	0	0
em-p-ihep51	20260625143136395000000	31	23,226,479,026,176	23,226,985,512,960	14,562,972,225,105	25,154,938,761,216	25,945,969,811,456	22,034,264,555,520	29,685,706,653,696	1,298,436,280	2,423,467,547	0	0
em-p-ihep51	20260625143146428000000	39	23,226,485,022,720	23,226,566,078,464	14,559,390,714,869	25,154,938,761,216	25,945,969,811,456	22,034,264,555,520	29,685,706,653,696	1,208,115,063	2,035,749,389	0	0
em-p-ihep51	20260625143156446000000	34	23,226,476,105,728	23,226,560,647,168	14,560,025,784,284	25,154,938,761,216	25,945,969,811,456	22,034,264,555,520	29,685,706,653,696	614,811,332	1,504,443,929	0	0
em-p-ihep51	20260625143206474000000	32	23,226,492,739,584	23,227,115,298,816	14,560,787,243,048	25,154,938,761,216	25,945,969,811,456	22,034,264,555,520	29,685,706,653,696	1,023,350,688	2,144,947,182	0	0
em-p-ihep51	20260625143216489000000	32	23,226,482,429,952	23,226,557,059,072	14,564,309,695,180	25,154,938,761,216	25,945,969,811,456	22,034,264,555,520	29,685,706,653,696	1,062,673,253	1,938,974,697	0	0
em-p-ihep51	20260625143226498000000	25	23,226,487,070,720	23,226,559,479,808	14,562,096,379,145	25,154,938,761,216	25,945,969,811,456	22,034,264,555,520	29,685,706,653,696	1,036,827,561	1,876,405,634	0	0
em-p-ihep51	20260625143236483000000	27	23,226,536,095,744	23,227,001,073,664	14,560,414,097,861	25,154,938,761,216	25,945,969,811,456	22,034,264,555,520	29,685,706,653,696	631,374,648	2,386,906,759	0	0
em-p-ihep51	20260625143246536000000	35	23,226,550,116,352	23,226,632,056,832	14,569,072,766,655	25,154,938,761,216	25,945,969,811,456	22,034,264,555,520	29,685,706,653,696	1,475,805,687	2,975,145,696	0	0
em-p-ihep51	20260625143256546000000	27	23,226,543,525,888	23,226,628,521,984	14,556,010,369,256	25,154,938,761,216	25,945,969,811,456	22,034,264,555,520	29,685,706,653,696	555,874,093	1,810,719,987	0	0
em-p-ihep51	20260625143306584000000	28	23,226,541,371,392	23,226,626,514,944	14,565,624,863,657	25,154,938,761,216	25,945,969,811,456	22,034,264,555,520	29,685,706,653,696	525,352,714	1,426,100,800	0	0
em-p-ihep51	20260625143316564000000	28	23,226,535,682,048	23,226,619,924,480	14,562,092,284,018	25,154,938,761,216	25,945,969,811,456	22,034,264,555,520	29,685,706,653,696	511,965,725	1,712,199,731	0	0
em-p-ihep51	20260625143326569000000	27	23,226,524,139,520	23,226,605,236,224	14,557,283,928,259	25,154,938,761,216	25,945,969,811,456	22,034,264,555,520	29,685,706,653,696	930,818,519	3,404,726,644	0	0
em-p-ihep51	20260625143336583000000	28	23,226,526,318,592	23,226,634,985,472	14,564,564,724,085	25,154,938,761,216	25,945,969,811,456	22,034,264,555,520	29,685,706,653,696	1,075,933,790	2,673,139,613	0	0
em-p-ihep51	20260625143346586000000	24	23,226,526,593,024	23,226,615,291,904	14,556,014,814,735	25,154,938,761,216	25,945,969,811,456	22,034,264,555,520	29,685,706,653,696	1,249,764,541	2,069,688,674	0	0
em-p-ihep51	20260625143356686000000	25	23,226,530,074,624	23,226,626,998,272	14,556,569,704,472	25,154,938,761,216	25,945,969,811,456	22,034,264,555,520	29,685,706,653,696	566,261,344	1,219,397,063	0	0
em-p-ihep51	20260625143406787000000	24	23,226,527,944,704	23,226,632,638,464	14,560,048,486,009	25,154,938,761,216	25,945,969,811,456	22,034,264,555,520	29,685,706,653,696	459,136,243	2,131,039,285	0	0
em-p-ihep51	20260625143416805000000	33	23,233,384,595,456	23,231,850,717,184	14,573,854,268,270	25,154,938,761,216	25,945,969,811,456	22,034,264,555,520	29,685,706,653,696	1,319,619,632	2,507,021,059	0	0
em-p-ihep51	20260625143426830000000	34	23,230,132,260,864	23,232,438,435,840	14,563,453,249,626	25,154,938,761,216	25,945,969,811,456	22,034,264,555,520	29,685,706,653,696	1,256,196,470	2,230,913,587	0	0
em-p-ihep51	20260625143436843000000	25	23,226,530,856,960	23,226,687,578,112	14,559,580,839,828	25,154,938,761,216	25,945,969,811,456	22,034,264,555,520	29,685,706,653,696	507,052,807	1,793,455,337	0	0
em-p-ihep51	20260625143446857000000	25	23,226,510,036,992	23,226,663,821,312	14,557,584,464,945	25,154,938,761,216	25,945,969,811,456	22,034,264,555,520	29,685,706,653,696	1,288,930,005	2,317,809,742	0	0
em-p-ihep51	20260625143456865000000	28	23,226,516,140,032	23,226,629,853,184	14,563,365,027,794	25,154,938,761,216	25,945,969,811,456	22,034,264,555,520	29,685,706,653,696	879,267,390	2,026,973,580	0	0
em-p-ihep51	20260625143506905000000	34	23,226,521,001,984	23,226,592,776,192	14,573,518,122,918	25,154,938,761,216	25,945,969,811,456	22,034,264,555,520	29,685,706,653,696	485,327,732	1,877,679,627	0	0
em-p-ihep51	20260625143516914000000	36	23,226,519,646,208	23,226,587,492,352	14,576,494,670,249	25,154,938,761,216	25,945,969,811,456	22,034,264,555,520	29,685,706,653,696	1,213,668,530	2,953,501,841	0	0
em-p-ihep51	20260625143526943000000	39	23,226,512,379,904	23,226,595,307,520	14,564,878,045,144	25,154,938,761,216	25,945,969,811,456	22,034,264,555,520	29,685,706,653,696	1,608,231,391	2,910,439,088	0	0
em-p-ihep51	20260625143536953000000	35	23,226,520,260,608	23,226,631,651,328	14,566,002,363,500	25,154,938,761,216	25,945,969,811,456	22,034,264,555,520	29,685,706,653,696	1,077,899,328	2,601,785,841	0	0
em-p-ihep51	20260625143546985000000	34	23,226,521,882,624	23,226,591,313,920	14,556,469,158,324	25,154,938,761,216	25,945,969,811,456	22,034,264,555,520	29,685,706,653,696	1,449,261,287	3,118,756,511	32,768	0
em-p-ihep51	20260625143556975000000	31	23,226,518,069,248	23,226,582,085,632	14,564,392,713,868	25,154,938,761,216	25,945,969,811,456	22,034,264,555,520	29,685,706,653,696	1,243,756,398	2,339,300,918	0	0
em-p-ihep51	20260625143606999000000	34	23,226,501,206,016	23,226,569,158,656	14,562,385,614,078	25,154,938,761,216	25,945,969,811,456	22,034,264,555,520	29,685,706,653,696	766,501,205	2,021,958,006	0	0
em-p-ihep51	20260625143617036000000	41	23,229,065,097,216	23,229,122,981,888	14,569,500,587,581	25,154,938,761,216	25,945,969,811,456	22,034,264,555,520	29,685,706,653,696	1,106,143,584	2,730,405,531	0	0
em-p-ihep51	20260625143627114000000	41	23,229,066,981,376	23,229,296,775,168	14,571,821,768,068	25,154,938,761,216	25,945,969,811,456	22,034,264,555,520	29,685,706,653,696	768,191,547	2,148,313,214	0	0
em-p-ihep51	20260625143637090000000	41	23,229,058,281,472	23,229,300,240,384	14,563,534,536,262	25,154,938,761,216	25,945,969,811,456	22,034,264,555,520	29,685,706,653,696	1,186,553,969	3,712,902,814	8,192	0
em-p-ihep51	20260625143647165000000	39	23,229,054,251,008	23,229,104,107,520	14,573,953,470,622	25,154,938,761,216	25,945,969,811,456	22,034,264,555,520	29,685,706,653,696	1,139,524,694	2,680,920,654	0	0
em-p-ihep51	20260625143657171000000	46	23,229,045,587,968	23,229,495,795,712	14,571,776,885,597	25,154,938,761,216	25,945,969,811,456	22,034,264,555,520	29,685,706,653,696	796,695,905	2,465,163,572	0	0
em-p-ihep51	20260625143707160000000	35	23,229,060,636,672	23,229,112,758,272	14,566,647,266,916	25,154,938,761,216	25,945,969,811,456	22,034,264,555,520	29,685,706,653,696	793,087,961	2,195,962,881	0	0
em-p-ihep51	20260625143717181000000	36	23,229,072,420,864	23,229,120,651,264	14,567,493,976,292	25,154,938,761,216	25,945,969,811,456	22,034,264,555,520	29,685,706,653,696	819,615,165	2,805,187,362	12,288	0
em-p-ihep51	20260625143727202000000	34	23,229,080,694,784	23,229,465,239,552	14,572,927,266,693	25,154,938,761,216	25,945,969,811,456	22,034,264,555,520	29,685,706,653,696	1,233,905,723	1,814,244,784	0	0
em-p-ihep51	20260625143737313000000	37	23,229,079,515,136	23,229,159,870,464	14,567,643,038,552	25,154,938,761,216	25,945,969,811,456	22,034,264,555,520	29,685,706,653,696	935,019,962	2,087,972,155	0	0
em-p-ihep51	20260625143747278000000	32	23,229,072,564,224	23,229,117,530,112	14,564,117,197,607	25,154,938,761,216	25,945,969,811,456	22,034,264,555,520	29,685,706,653,696	1,796,028,257	2,157,453,576	0	0
em-p-ihep51	20260625143757311000000	27	23,229,078,835,200	23,229,390,643,200	14,554,667,025,257	25,154,938,761,216	25,945,969,811,456	22,034,264,555,520	29,685,706,653,696	891,393,332	1,917,500,619	0	0
em-p-ihep51	20260625143807330000000	29	23,229,067,313,152	23,229,488,963,584	14,572,889,307,090	25,154,938,761,216	25,945,969,811,456	22,034,264,555,520	29,685,706,653,696	827,106,403	2,703,607,442	0	0
em-p-ihep51	20260625143817362000000	34	23,228,847,083,520	23,229,098,848,256	14,558,087,592,549	25,154,938,761,216	25,945,969,811,456	22,034,264,555,520	29,685,706,653,696	1,540,242,144	2,515,884,272	4,096	0
em-p-ihep51	20260625143827336000000	35	23,227,043,893,248	23,227,177,721,856	14,556,575,570,530	25,154,938,761,216	25,945,969,811,456	22,034,264,555,520	29,685,706,653,696	1,141,520,975	2,757,609,959	0	0
em-p-ihep51	20260625143837343000000	31	23,227,046,215,680	23,227,170,930,688	14,562,459,903,669	25,154,938,761,216	25,945,969,811,456	22,034,264,555,520	29,685,706,653,696	1,390,946,054	2,420,801,557	0	0
em-p-ihep51	20260625143847365000000	29	23,227,040,223,232	23,227,164,827,648	14,557,138,237,962	25,154,938,761,216	25,945,969,811,456	22,034,264,555,520	29,685,706,653,696	758,196,450	1,896,314,618	0	0
em-p-ihep51	20260625143857439000000	25	23,227,031,826,432	23,227,107,987,456	14,559,228,324,662	25,154,938,761,216	25,945,969,811,456	22,034,264,555,520	29,685,706,653,696	970,179,656	1,658,532,134	0	0
em-p-ihep51	20260625143907570000000	25	23,227,020,353,536	23,227,109,691,392	14,563,595,281,071	25,154,938,761,216	25,945,969,811,456	22,034,264,555,520	29,685,706,653,696	1,345,397,115	2,316,219,697	4,096	0
em-p-ihep51	20260625143917571000000	32	23,227,039,723,520	23,227,107,364,864	14,570,903,120,302	25,154,938,761,216	25,945,969,811,456	22,034,264,555,520	29,685,706,653,696	1,209,662,796	3,088,498,508	0	0
em-p-ihep51	20260625143927641000000	30	23,227,031,199,744	23,227,097,505,792	14,559,711,598,777	25,154,938,761,216	25,945,969,811,456	22,034,264,555,520	29,685,706,653,696	689,612,404	1,920,115,964	0	0
em-p-ihep51	20260625143937657000000	35	23,227,028,889,600	23,227,089,297,408	14,557,495,684,974	25,154,938,761,216	25,945,969,811,456	22,034,264,555,520	29,685,706,653,696	1,283,129,397	2,586,256,852	0	0
em-p-ihep51	20260625143947649000000	25	23,227,031,003,136	23,227,089,657,856	14,558,923,870,342	25,154,938,761,216	25,945,969,811,456	22,034,264,555,520	29,685,706,653,696	1,036,199,167	2,913,385,832	0	0
em-p-ihep51	20260625143957736000000	24	23,227,044,708,352	23,227,103,272,960	14,556,056,575,911	25,154,938,761,216	25,945,969,811,456	22,034,264,555,520	29,685,706,653,696	1,047,281,949	2,537,623,530	0	0
em-p-ihep51	20260625144007801000000	38	23,227,060,260,864	23,227,555,110,912	14,586,869,573,265	25,154,938,761,216	25,945,969,811,456	22,034,264,555,520	29,685,706,653,696	1,447,936,699	3,198,976,782	0	0
em-p-ihep51	20260625144017789000000	46	23,227,059,130,368	23,227,119,726,592	14,605,558,751,847	25,154,938,761,216	25,945,969,811,456	22,034,264,555,520	29,685,706,653,696	1,069,044,243	2,519,720,853	8,192	0
em-p-ihep51	20260625144027827000000	34	23,227,072,172,032	23,227,128,250,368	14,570,806,130,752	25,154,938,761,216	25,945,969,811,456	22,034,264,555,520	29,685,706,653,696	1,397,812,142	2,500,628,568	0	0
em-p-ihep51	20260625144037826000000	35	23,230,564,368,384	23,231,110,852,608	14,581,295,191,423	25,154,938,761,216	25,945,969,811,456	22,034,264,555,520	29,685,706,653,696	1,488,706,614	2,087,176,550	0	0
em-p-ihep51	20260625144047824000000	29	23,230,551,678,976	23,230,636,810,240	14,573,105,612,914	25,154,938,761,216	25,945,969,811,456	22,034,264,555,520	29,685,706,653,696	810,144,739	1,671,917,789	0	0
em-p-ihep51	20260625144057853000000	33	23,227,632,136,192	23,227,691,667,456	14,561,602,625,221	25,154,938,761,216	25,945,969,811,456	22,034,264,555,520	29,685,706,653,696	1,274,529,153	2,083,219,236	0	0
em-p-ihep51	20260625144107844000000	37	23,226,548,695,040	23,227,048,652,800	14,563,518,166,022	25,154,938,761,216	25,945,969,811,456	22,034,264,555,520	29,685,706,653,696	1,579,346,832	2,266,164,275	0	0
em-p-ihep51	20260625144117856000000	35	23,226,544,033,792	23,226,670,923,776	14,567,290,861,284	25,154,938,761,216	25,945,969,811,456	22,034,264,555,520	29,685,706,653,696	750,049,017	3,089,742,350	0	0
em-p-ihep51	20260625144127885000000	26	23,226,561,499,136	23,226,591,424,512	14,563,192,621,054	25,154,938,761,216	25,945,969,811,456	22,034,264,555,520	29,685,706,653,696	929,464,840	2,284,518,316	0	0
em-p-ihep51	20260625144137971000000	27	23,226,561,777,664	23,226,642,145,280	14,561,897,140,527	25,154,938,761,216	25,945,969,811,456	22,034,264,555,520	29,685,706,653,696	1,012,969,024	2,068,239,754	0	0
em-p-ihep51	20260625144147975000000	35	23,226,565,509,120	23,226,586,365,952	14,565,082,848,787	25,154,938,761,216	25,945,969,811,456	22,034,264,555,520	29,685,706,653,696	853,665,513	1,884,030,429	0	0
em-p-ihep51	20260625144158068000000	24	23,226,560,868,352	23,226,579,955,712	14,563,359,124,811	25,154,938,761,216	25,945,969,811,456	22,034,264,555,520	29,685,706,653,696	395,879,515	1,216,438,286	0	0
em-p-ihep51	20260625144208122000000	29	23,226,564,747,264	23,226,586,189,824	14,569,076,096,567	25,154,938,761,216	25,945,969,811,456	22,034,264,555,520	29,685,706,653,696	1,270,104,669	2,241,722,497	0	0
em-p-ihep51	20260625144218188000000	24	23,226,568,384,512	23,226,594,951,168	14,555,704,597,838	25,154,938,761,216	25,945,969,811,456	22,034,264,555,520	29,685,706,653,696	1,196,105,756	2,404,668,630	0	0
em-p-ihep51	20260625144228235000000	24	23,226,566,225,920	23,226,586,034,176	14,563,217,168,575	25,154,938,761,216	25,945,969,811,456	22,034,264,555,520	29,685,706,653,696	944,887,170	1,876,189,069	0	0
em-p-ihep51	20260625144238316000000	23	23,226,560,466,944	23,226,580,709,376	14,558,144,952,424	25,154,938,761,216	25,945,969,811,456	22,034,264,555,520	29,685,706,653,696	1,010,118,439	1,844,514,973	0	0
em-p-ihep51	20260625144248329000000	19	23,226,558,091,264	23,226,611,773,440	14,555,205,449,245	25,154,938,761,216	25,945,969,811,456	22,034,264,555,520	29,685,706,653,696	566,308,408	1,421,465,975	0	0
em-p-ihep51	20260625144258329000000	26	23,226,565,357,568	23,226,583,752,704	14,566,373,699,536	25,154,938,761,216	25,945,969,811,456	22,034,264,555,520	29,685,706,653,696	532,073,184	1,643,915,516	0	0
em-p-ihep51	20260625144308430000000	21	23,226,565,357,568	23,226,584,457,216	14,566,436,431,973	25,154,938,761,216	25,945,969,811,456	22,034,264,555,520	29,685,706,653,696	935,042,689	2,189,543,144	0	0
em-p-ihep51	20260625144318436000000	23	23,226,562,981,888	23,226,581,880,832	14,557,265,704,925	25,154,938,761,216	25,945,969,811,456	22,034,264,555,520	29,685,706,653,696	653,781,010	2,127,887,872	0	0
em-p-ihep51	20260625144328435000000	23	23,226,560,716,800	23,226,618,552,320	14,556,155,103,941	25,154,938,761,216	25,945,969,811,456	22,034,264,555,520	29,685,706,653,696	608,798,844	1,503,799,337	0	0
em-p-ihep51	20260625144338443000000	22	23,226,553,556,992	23,226,605,170,688	14,569,333,406,038	25,154,938,761,216	25,945,969,811,456	22,034,264,555,520	29,685,706,653,696	967,276,789	1,723,901,703	53,248	0
em-p-ihep51	20260625144348452000000	29	23,226,548,924,416	23,226,600,615,936	14,559,863,131,848	25,154,938,761,216	25,945,969,811,456	22,034,264,555,520	29,685,706,653,696	1,435,035,396	2,323,625,481	0	0
em-p-ihep51	20260625144358473000000	27	23,226,553,786,368	23,226,640,687,104	14,571,022,202,680	25,154,938,761,216	25,945,969,811,456	22,034,264,555,520	29,685,706,653,696	1,056,622,098	1,584,678,866	0	0
em-p-ihep51	20260625144408574000000	21	23,226,552,930,304	23,226,607,079,424	14,560,375,544,502	25,154,938,761,216	25,945,969,811,456	22,034,264,555,520	29,685,706,653,696	824,040,431	2,196,450,224	0	0
em-p-ihep51	20260625144418682000000	21	23,228,045,176,832	23,228,089,036,800	14,574,072,351,828	25,154,938,761,216	25,945,969,811,456	22,034,264,555,520	29,685,706,653,696	770,286,760	2,121,057,900	0	0
em-p-ihep51	20260625144428706000000	28	23,226,168,872,960	23,226,211,426,304	14,567,336,423,969	25,154,938,761,216	25,945,969,811,456	22,034,264,555,520	29,685,706,653,696	742,543,274	2,350,237,975	0	0
em-p-ihep51	20260625144438731000000	29	23,226,172,465,152	23,226,235,088,896	14,558,342,079,609	25,154,938,761,216	25,945,969,811,456	22,034,264,555,520	29,685,706,653,696	713,096,085	2,139,889,921	0	0
em-p-ihep51	20260625144448819000000	28	23,226,171,248,640	23,226,229,870,592	14,562,536,455,617	25,154,938,761,216	25,945,969,811,456	22,034,264,555,520	29,685,706,653,696	1,028,833,467	2,136,724,411	0	0
em-p-ihep51	20260625144458813000000	30	23,226,663,460,864	23,226,754,887,680	14,565,002,379,068	25,154,938,761,216	25,945,969,811,456	22,034,264,555,520	29,685,706,653,696	1,270,366,124	2,149,405,835	0	0
em-p-ihep51	20260625144508892000000	38	23,226,667,483,136	23,226,723,282,944	14,576,433,114,313	25,154,938,761,216	25,945,969,811,456	22,034,264,555,520	29,685,706,653,696	1,363,732,957	1,793,885,419	0	0
em-p-ihep51	20260625144518874000000	29	23,226,664,783,872	23,226,720,022,528	14,579,233,230,435	25,154,938,761,216	25,945,969,811,456	22,034,264,555,520	29,685,706,653,696	472,675,558	1,567,690,064	0	0
em-p-ihep51	20260625144528904000000	33	23,226,672,431,104	23,226,718,560,256	14,569,015,947,033	25,154,938,761,216	25,945,969,811,456	22,034,264,555,520	29,685,706,653,696	1,098,103,370	2,867,459,709	0	0
em-p-ihep51	20260625144538905000000	28	23,226,671,378,432	23,226,715,680,768	14,565,484,532,698	25,154,938,761,216	25,945,969,811,456	22,034,264,555,520	29,685,706,653,696	440,839,095	1,688,186,498	0	0
em-p-ihep51	20260625144548989000000	26	23,227,146,928,128	23,227,191,103,488	14,560,151,980,104	25,154,938,761,216	25,945,969,811,456	22,034,264,555,520	29,685,706,653,696	406,204,507	2,078,094,047	0	0
em-p-ihep51	20260625144559030000000	33	23,227,150,831,616	23,227,192,262,656	14,565,048,246,532	25,154,938,761,216	25,945,969,811,456	22,034,264,555,520	29,685,706,653,696	822,164,767	2,472,486,029	0	0
em-p-ihep51	20260625144609047000000	46	23,227,146,108,928	23,227,201,142,784	14,568,874,361,620	25,154,938,761,216	25,945,969,811,456	22,034,264,555,520	29,685,706,653,696	1,382,865,372	2,860,378,553	0	0
em-p-ihep51	20260625144619050000000	39	23,227,199,315,968	23,227,240,017,920	14,567,359,842,533	25,154,938,761,216	25,945,969,811,456	22,034,264,555,520	29,685,706,653,696	902,558,068	1,681,817,602	32,768	0
em-p-ihep51	20260625144629085000000	39	23,227,201,904,640	23,227,244,126,208	14,568,268,590,421	25,154,938,761,216	25,945,969,811,456	22,034,264,555,520	29,685,706,653,696	692,298,750	2,003,881,859	0	0
em-p-ihep51	20260625144639115000000	38	23,227,187,654,656	23,227,244,150,784	14,573,073,245,982	25,154,938,761,216	25,945,969,811,456	22,034,264,555,520	29,685,706,653,696	1,084,719,309	1,771,753,610	0	0
em-p-ihep51	20260625144649125000000	38	23,227,191,148,544	23,227,232,931,840	14,565,619,243,006	25,154,938,761,216	25,945,969,811,456	22,034,264,555,520	29,685,706,653,696	502,095,305	1,265,928,109	0	0
em-p-ihep51	20260625144659201000000	34	23,227,192,291,328	23,227,302,584,320	14,559,052,936,507	25,154,938,761,216	25,945,969,811,456	22,034,264,555,520	29,685,706,653,696	515,288,828	1,753,605,119	0	0
em-p-ihep51	20260625144709308000000	29	23,227,255,615,488	23,227,342,434,304	14,580,401,930,633	25,154,938,761,216	25,945,969,811,456	22,034,264,555,520	29,685,706,653,696	1,074,570,983	2,088,224,166	0	0
em-p-ihep51	20260625144719329000000	28	23,228,479,647,744	23,228,525,027,328	14,578,519,767,585	25,154,938,761,216	25,945,969,811,456	22,034,264,555,520	29,685,706,653,696	1,218,583,268	3,307,651,330	69,632	0
em-p-ihep51	20260625144729423000000	31	23,228,481,806,336	23,228,526,129,152	14,570,634,400,781	25,154,938,761,216	25,945,969,811,456	22,034,264,555,520	29,685,706,653,696	1,412,328,078	2,747,845,661	0	0
em-p-ihep51	20260625144739505000000	32	23,228,476,878,848	23,228,863,565,824	14,567,663,794,912	25,154,938,761,216	25,945,969,811,456	22,034,264,555,520	29,685,706,653,696	1,398,526,392	3,006,660,866	0	0
em-p-ihep51	20260625144749506000000	24	23,228,477,120,512	23,228,524,396,544	14,574,075,413,873	25,154,938,761,216	25,945,969,811,456	22,034,264,555,520	29,685,706,653,696	788,778,358	2,663,792,284	0	0
em-p-ihep51	20260625144759504000000	30	23,228,495,069,184	23,228,540,964,864	14,575,745,102,916	25,154,938,761,216	25,945,969,811,456	22,034,264,555,520	29,685,706,653,696	1,150,667,007	1,700,734,665	0	0
em-p-ihep51	20260625144809555000000	38	23,228,514,820,096	23,229,098,196,992	14,590,629,614,874	25,154,938,761,216	25,945,969,811,456	22,034,264,555,520	29,685,706,653,696	1,378,711,545	2,179,636,834	0	0
em-p-ihep51	20260625144819572000000	41	23,228,507,701,248	23,228,628,574,208	14,587,309,287,613	25,154,938,761,216	25,945,969,811,456	22,034,264,555,520	29,685,706,653,696	1,234,764,668	1,918,054,693	16,384	0
em-p-ihep51	20260625144829582000000	40	23,228,510,420,992	23,228,546,904,064	14,583,237,194,700	25,154,938,761,216	25,945,969,811,456	22,034,264,555,520	29,685,706,653,696	1,136,687,380	1,757,913,290	0	0
em-p-ihep51	20260625144839556000000	27	23,228,999,139,328	23,229,031,526,400	14,583,194,271,775	25,154,938,761,216	25,945,969,811,456	22,034,264,555,520	29,685,706,653,696	916,125,668	1,932,996,144	0	0
em-p-ihep51	20260625144849602000000	42	23,229,015,662,592	23,229,034,225,664	14,586,052,548,509	25,154,938,761,216	25,945,969,811,456	22,034,264,555,520	29,685,706,653,696	1,419,798,390	2,685,432,767	0	0
em-p-ihep51	20260625144859603000000	40	23,229,020,532,736	23,229,034,278,912	14,584,612,001,702	25,154,938,761,216	25,945,969,811,456	22,034,264,555,520	29,685,706,653,696	2,127,170,667	2,911,203,538	4,096	0
em-p-ihep51	20260625144909615000000	28	23,228,996,538,368	23,229,223,079,936	14,594,150,962,825	25,154,938,761,216	25,945,969,811,456	22,034,264,555,520	29,685,706,653,696	1,126,618,792	2,837,537,658	0	0
em-p-ihep51	20260625144919631000000	32	23,229,001,183,232	23,229,020,647,424	14,588,654,247,716	25,154,938,761,216	25,945,969,811,456	22,034,264,555,520	29,685,706,653,696	1,201,608,908	2,275,021,013	0	0
em-p-ihep51	20260625144929626000000	34	23,228,995,084,288	23,229,337,243,648	14,595,121,557,714	25,154,938,761,216	25,945,969,811,456	22,034,264,555,520	29,685,706,653,696	760,781,543	2,819,576,447	0	0
em-p-ihep51	20260625144939702000000	31	23,228,997,648,384	23,229,027,475,456	14,590,753,620,049	25,154,938,761,216	25,945,969,811,456	22,034,264,555,520	29,685,706,653,696	1,018,789,876	2,653,702,739	0	0
em-p-ihep51	20260625144949811000000	31	23,229,000,024,064	23,229,003,853,824	14,597,025,809,816	25,154,938,761,216	25,945,969,811,456	22,034,264,555,520	29,685,706,653,696	890,849,473	1,718,577,118	0	0
em-p-ihep51	20260625144959831000000	32	23,229,001,379,840	23,229,009,399,808	14,594,902,211,704	25,154,938,761,216	25,945,969,811,456	22,034,264,555,520	29,685,706,653,696	762,038,728	1,565,995,687	12,288	0
em-p-ihep51	20260625145009873000000	38	23,228,981,243,904	23,228,983,607,296	14,618,215,576,036	25,154,938,761,216	25,945,969,811,456	22,034,264,555,520	29,685,706,653,696	1,184,104,855	3,009,525,150	0	0
em-p-ihep51	20260625145019860000000	47	23,229,003,251,712	23,228,997,120,000	14,614,390,521,137	25,154,938,761,216	25,945,969,811,456	22,034,264,555,520	29,685,706,653,696	1,310,973,423	2,987,127,997	0	0
em-p-ihep51	20260625145029956000000	39	23,229,017,780,224	23,229,099,507,712	14,603,826,548,768	25,154,938,761,216	25,945,969,811,456	22,034,264,555,520	29,685,706,653,696	1,134,352,973	4,015,216,112	0	0
em-p-ihep51	20260625145039951000000	44	23,228,989,911,040	23,228,990,529,536	14,600,690,401,169	25,154,938,761,216	25,945,969,811,456	22,034,264,555,520	29,685,706,653,696	1,468,963,494	3,124,324,556	0	0
em-p-ihep51	20260625145049983000000	33	23,229,002,670,080	23,229,003,669,504	14,601,812,597,295	25,154,938,761,216	25,945,969,811,456	22,034,264,555,520	29,685,706,653,696	1,041,772,581	1,894,726,629	57,344	0
em-p-ihep51	20260625145059995000000	32	23,229,005,320,192	23,229,004,132,352	14,594,715,818,044	25,154,938,761,216	25,945,969,811,456	22,034,264,555,520	29,685,706,653,696	1,185,356,235	1,978,500,232	0	0
em-p-ihep51	20260625145110007000000	26	23,229,001,781,248	23,228,999,507,968	14,610,244,713,463	25,154,938,761,216	25,945,969,811,456	22,034,264,555,520	29,685,706,653,696	885,325,540	1,943,183,445	0	0
em-p-ihep51	20260625145120021000000	26	23,228,998,111,232	23,229,408,743,424	14,607,169,574,868	25,154,938,761,216	25,945,969,811,456	22,034,264,555,520	29,685,706,653,696	938,328,094	2,240,069,608	0	0
em-p-ihep51	20260625145130021000000	30	23,229,005,234,176	23,229,042,524,160	14,601,597,176,034	25,154,938,761,216	25,945,969,811,456	22,034,264,555,520	29,685,706,653,696	915,136,428	1,445,122,777	0	0
em-p-ihep51	20260625145140042000000	33	23,229,016,522,752	23,229,032,775,680	14,601,414,536,711	25,154,938,761,216	25,945,969,811,456	22,034,264,555,520	29,685,706,653,696	561,524,974	2,203,737,587	0	0
em-p-ihep51	20260625145150038000000	37	23,229,021,822,976	23,229,514,723,328	14,612,565,461,574	25,154,938,761,216	25,945,969,811,456	22,034,264,555,520	29,685,706,653,696	907,881,095	2,705,172,618	20,480	0
em-p-ihep51	20260625145200031000000	29	23,229,024,149,504	23,229,021,057,024	14,592,954,001,443	25,154,938,761,216	25,945,969,811,456	22,034,264,555,520	29,685,706,653,696	787,178,224	1,706,070,625	0	0
em-p-ihep51	20260625145210049000000	22	23,229,039,751,168	23,229,035,331,584	14,598,439,191,289	25,154,938,761,216	25,945,969,811,456	22,034,264,555,520	29,685,706,653,696	717,881,875	1,783,833,760	36,864	0
em-p-ihep51	20260625145220146000000	21	23,229,028,982,784	23,229,858,607,104	14,603,021,646,895	25,154,938,761,216	25,945,969,811,456	22,034,264,555,520	29,685,706,653,696	1,157,950,255	2,465,669,400	0	0
em-p-ihep51	20260625145230156000000	28	23,229,030,494,208	23,229,029,081,088	14,614,250,721,060	25,154,938,761,216	25,945,969,811,456	22,034,264,555,520	29,685,706,653,696	1,243,081,758	2,766,683,814	0	0
em-p-ihep51	20260625145240172000000	26	23,229,028,016,128	23,229,026,238,464	14,620,731,623,900	25,154,938,761,216	25,945,969,811,456	22,034,264,555,520	29,685,706,653,696	1,173,623,224	2,014,720,641	0	0
em-p-ihep51	20260625145250159000000	22	23,229,030,612,992	23,229,024,321,536	14,627,112,481,132	25,154,938,761,216	25,945,969,811,456	22,034,264,555,520	29,685,706,653,696	759,777,135	1,248,188,679	0	0
em-p-ihep51	20260625145300171000000	18	23,232,218,517,504	23,232,118,759,424	14,618,951,465,980	25,154,938,761,216	25,945,969,811,456	22,034,264,555,520	29,685,706,653,696	339,054,362	1,285,851,116	0	0
em-p-ihep51	20260625145310187000000	20	23,239,012,761,600	23,239,017,467,904	14,633,619,921,439	25,154,938,761,216	25,945,969,811,456	22,034,264,555,520	29,685,706,653,696	946,260,756	2,126,998,281	0	0
em-p-ihep51	20260625145320281000000	21	23,238,690,603,008	23,238,684,192,768	14,636,589,422,589	25,154,938,761,216	25,945,969,811,456	22,034,264,555,520	29,685,706,653,696	707,826,003	2,356,486,332	0	0
em-p-ihep51	20260625145330370000000	20	23,238,729,416,704	23,238,893,150,208	14,647,186,323,467	25,154,938,761,216	25,945,969,811,456	22,034,264,555,520	29,685,706,653,696	928,403,103	2,289,192,018	0	0
em-p-ihep51	20260625145340389000000	19	23,238,734,819,328	23,238,777,135,104	14,650,958,670,663	25,154,938,761,216	25,945,969,811,456	22,034,264,555,520	29,685,706,653,696	719,033,646	1,315,136,205	0	0
em-p-ihep51	20260625145350490000000	21	23,238,740,733,952	23,238,768,427,008	14,660,961,680,195	25,154,938,761,216	25,945,969,811,456	22,034,264,555,520	29,685,706,653,696	439,123,711	1,280,167,755	0	0
em-p-ihep51	20260625145400464000000	19	23,239,518,679,040	23,239,545,176,064	14,669,105,961,343	25,154,938,761,216	25,945,969,811,456	22,034,264,555,520	29,685,706,653,696	585,210,266	1,193,075,315	0	0
em-p-ihep51	20260625145410564000000	22	23,243,866,886,144	23,243,900,776,448	14,684,901,071,583	25,154,938,761,216	25,945,969,811,456	22,034,264,555,520	29,685,706,653,696	522,991,804	1,587,061,679	0	0
em-p-ihep51	20260625145420571000000	18	23,248,223,903,744	23,248,256,221,184	14,679,853,879,950	25,154,938,761,216	25,945,969,811,456	22,034,264,555,520	29,685,706,653,696	875,699,286	1,624,120,213	0	0
em-p-ihep51	20260625145430585000000	22	23,244,839,587,840	23,246,993,813,504	14,688,128,279,917	25,154,938,761,216	25,945,969,811,456	22,034,264,555,520	29,685,706,653,696	1,367,674,075	2,051,734,096	0	0
em-p-ihep51	20260625145440589000000	21	23,245,109,620,736	23,245,167,226,880	14,703,091,361,513	25,154,938,761,216	25,945,969,811,456	22,034,264,555,520	29,685,706,653,696	995,396,274	2,073,450,084	69,632	0
em-p-ihep51	20260625145450583000000	24	23,245,119,447,040	23,245,153,067,008	14,700,756,580,502	25,154,938,761,216	25,945,969,811,456	22,034,264,555,520	29,685,706,653,696	507,790,250	1,607,313,129	0	0
em-p-ihep51	20260625145500692000000	20	23,245,193,871,360	23,245,227,524,096	14,695,178,029,003	25,154,938,761,216	25,945,969,811,456	22,034,264,555,520	29,685,706,653,696	1,001,377,932	1,853,792,316	0	0
em-p-ihep51	20260625145510712000000	21	23,245,196,468,224	23,245,259,988,992	14,702,896,793,379	25,154,938,761,216	25,945,969,811,456	22,034,264,555,520	29,685,706,653,696	490,442,806	1,612,409,037	0	0
em-p-ihep51	20260625145520753000000	23	23,245,547,765,760	23,245,592,944,640	14,705,278,915,491	25,154,938,761,216	25,945,969,811,456	22,034,264,555,520	29,685,706,653,696	615,007,212	2,056,214,329	0	0
em-p-ihep51	20260625145530771000000	25	23,245,593,026,560	23,245,637,283,840	14,702,077,079,481	25,154,938,761,216	25,945,969,811,456	22,034,264,555,520	29,685,706,653,696	781,043,768	1,615,657,669	0	0
em-p-ihep51	20260625145540823000000	27	23,245,594,378,240	23,245,650,685,952	14,708,251,634,875	25,154,938,761,216	25,945,969,811,456	22,034,264,555,520	29,685,706,653,696	1,091,352,043	1,617,743,910	0	0
em-p-ihep51	20260625145550812000000	22	23,245,600,002,048	23,245,702,459,392	14,698,757,402,435	25,154,938,761,216	25,945,969,811,456	22,034,264,555,520	29,685,706,653,696	939,223,094	3,160,746,869	0	0
em-p-ihep51	20260625145600868000000	28	23,245,596,540,928	23,245,643,628,544	14,704,312,127,621	25,154,938,761,216	25,945,969,811,456	22,034,264,555,520	29,685,706,653,696	2,007,216,796	3,330,861,794	0	0
em-p-ihep51	20260625145610906000000	32	23,245,601,488,896	23,245,651,820,544	14,706,922,497,615	25,154,938,761,216	25,945,969,811,456	22,034,264,555,520	29,685,706,653,696	1,027,302,821	2,229,267,591	0	0
em-p-ihep51	20260625145620944000000	29	23,247,807,995,904	23,247,861,284,864	14,700,270,568,326	25,154,938,761,216	25,945,969,811,456	22,034,264,555,520	29,685,706,653,696	1,031,932,573	2,638,889,833	0	0
em-p-ihep51	20260625145630956000000	24	23,247,802,212,352	23,247,852,691,456	14,697,541,296,557	25,154,938,761,216	25,945,969,811,456	22,034,264,555,520	29,685,706,653,696	1,162,075,753	1,927,803,516	0	0
em-p-ihep51	20260625145640974000000	27	23,247,953,760,256	23,247,992,528,896	14,702,637,124,799	25,154,938,761,216	25,945,969,811,456	22,034,264,555,520	29,685,706,653,696	1,240,851,030	2,251,807,200	0	0
em-p-ihep51	20260625145651030000000	31	23,247,418,294,272	23,247,448,637,440	14,562,142,141,100	25,154,938,761,216	25,945,969,811,456	22,034,264,555,520	29,685,706,653,696	591,252,741	2,505,158,715	0	0
em-p-ihep51	20260625145700983000000	29	23,247,413,874,688	23,247,445,110,784	14,567,611,438,657	25,154,938,761,216	25,945,969,811,456	22,034,264,555,520	29,685,706,653,696	882,252,694	1,516,264,880	0	0
em-p-ihep51	20260625145710992000000	27	23,247,412,633,600	23,247,456,866,304	14,574,660,205,831	25,154,938,761,216	25,945,969,811,456	22,034,264,555,520	29,685,706,653,696	925,385,147	1,322,750,007	0	0
em-p-ihep51	20260625145720992000000	24	23,247,415,193,600	23,247,464,710,144	14,570,256,837,139	25,154,938,761,216	25,945,969,811,456	22,034,264,555,520	29,685,706,653,696	255,163,430	2,094,299,535	0	0
em-p-ihep51	20260625145731081000000	17	23,247,417,245,696	23,247,451,271,168	14,566,635,952,255	25,154,938,761,216	25,945,969,811,456	22,034,264,555,520	29,685,706,653,696	577,311,812	2,029,587,742	0	0
em-p-ihep51	20260625145741172000000	23	23,247,430,639,616	23,247,459,201,024	14,566,842,457,305	25,154,938,761,216	25,945,969,811,456	22,034,264,555,520	29,685,706,653,696	747,816,219	2,274,793,348	0	0
em-p-ihep51	20260625145751176000000	20	23,247,457,734,656	23,247,494,979,584	14,563,420,622,824	25,154,938,761,216	25,945,969,811,456	22,034,264,555,520	29,685,706,653,696	662,011,687	1,544,169,825	0	0
em-p-ihep51	20260625145801178000000	17	23,247,455,358,976	23,247,490,756,608	14,558,384,649,123	25,154,938,761,216	25,945,969,811,456	22,034,264,555,520	29,685,706,653,696	784,610,697	1,371,900,611	0	0
em-p-ihep51	20260625145811180000000	18	23,247,457,628,160	23,247,544,045,568	14,563,203,534,250	25,154,938,761,216	25,945,969,811,456	22,034,264,555,520	29,685,706,653,696	419,541,443	849,462,826	0	0
em-p-ihep51	20260625145821194000000	20	23,247,456,604,160	23,247,619,985,408	14,557,964,003,022	25,154,938,761,216	25,945,969,811,456	22,034,264,555,520	29,685,706,653,696	426,804,299	1,508,623,032	0	0
em-p-ihep51	20260625145831217000000	17	23,247,456,116,736	23,247,600,857,088	14,561,953,758,348	25,154,938,761,216	25,945,969,811,456	22,034,264,555,520	29,685,706,653,696	569,065,990	1,052,666,254	0	0
em-p-ihep51	20260625145841252000000	18	23,247,464,271,872	23,247,609,757,696	14,560,992,152,591	25,154,938,761,216	25,945,969,811,456	22,034,264,555,520	29,685,706,653,696	426,752,464	1,227,467,487	0	0
em-p-ihep51	20260625145851339000000	14	23,247,461,842,944	23,247,554,990,080	14,566,727,302,013	25,154,938,761,216	25,945,969,811,456	22,034,264,555,520	29,685,706,653,696	1,329,367,999	2,026,768,050	0	0
em-p-ihep51	20260625145901433000000	19	23,247,513,186,304	23,248,038,068,224	14,570,855,747,484	25,154,938,761,216	25,945,969,811,456	22,034,264,555,520	29,685,706,653,696	888,013,049	2,154,592,019	0	0
em-p-ihep51	20260625145911545000000	26	23,247,519,166,464	23,247,600,898,048	14,578,482,488,536	25,154,938,761,216	25,945,969,811,456	22,034,264,555,520	29,685,706,653,696	1,030,801,731	3,330,639,738	0	0
em-p-ihep51	20260625145921545000000	24	23,247,517,093,888	23,247,601,115,136	14,572,499,277,335	25,154,938,761,216	25,945,969,811,456	22,034,264,555,520	29,685,706,653,696	1,031,774,639	2,004,355,775	0	0
em-p-ihep51	20260625145931549000000	23	23,247,520,493,568	23,247,606,910,976	14,572,416,785,640	25,154,938,761,216	25,945,969,811,456	22,034,264,555,520	29,685,706,653,696	392,436,276	1,222,407,278	0	0
em-p-ihep51	20260625145941650000000	24	23,247,515,795,456	23,247,598,837,760	14,560,996,348,389	25,154,938,761,216	25,945,969,811,456	22,034,264,555,520	29,685,706,653,696	641,607,819	1,428,007,800	0	0
em-p-ihep51	20260625145951737000000	17	23,247,513,477,120	23,247,596,777,472	14,566,379,215,205	25,154,938,761,216	25,945,969,811,456	22,034,264,555,520	29,685,706,653,696	858,933,753	1,662,857,776	0	0
em-p-ihep51	20260625150001840000000	20	23,247,510,994,944	23,247,643,291,648	14,558,626,586,088	25,154,938,761,216	25,945,969,811,456	22,034,264,555,520	29,685,706,653,696	919,401,895	1,464,161,554	0	0
em-p-ihep51	20260625150011871000000	45	23,247,986,425,856	23,247,889,158,144	14,616,941,745,907	25,154,938,761,216	25,945,969,811,456	22,034,264,555,520	29,685,706,653,696	1,131,324,013	5,419,683,835	77,824	0
em-p-ihep51	20260625150021928000000	41	23,248,005,828,608	23,248,092,487,680	14,610,763,158,184	25,154,938,761,216	25,945,969,811,456	22,034,264,555,520	29,685,706,653,696	1,240,139,758	3,414,991,712	0	0
em-p-ihep51	20260625150031955000000	36	23,248,002,453,504	23,248,080,433,152	14,584,233,050,689	25,154,938,761,216	25,945,969,811,456	22,034,264,555,520	29,685,706,653,696	1,785,817,706	2,523,138,348	0	0
em-p-ihep51	20260625150041959000000	33	23,250,006,679,552	23,250,081,628,160	14,574,516,194,571	25,154,938,761,216	25,945,969,811,456	22,034,264,555,520	29,685,706,653,696	676,101,093	1,891,705,109	0	0
em-p-ihep51	20260625150051972000000	21	23,248,008,884,224	23,248,084,271,104	14,571,457,311,669	25,154,938,761,216	25,945,969,811,456	22,034,264,555,520	29,685,706,653,696	658,607,952	1,635,985,589	0	0
em-p-ihep51	20260625150101985000000	22	23,248,507,351,040	23,248,582,295,552	14,568,177,109,537	25,154,938,761,216	25,945,969,811,456	22,034,264,555,520	29,685,706,653,696	515,243,472	1,559,894,150	0	0
em-p-ihep51	20260625150111999000000	22	23,250,575,618,048	23,250,674,081,792	14,578,782,507,238	25,154,938,761,216	25,945,969,811,456	22,034,264,555,520	29,685,706,653,696	861,642,472	2,125,547,595	0	0
em-p-ihep51	20260625150121988000000	22	23,250,572,480,512	23,250,647,384,064	14,567,672,136,779	25,154,938,761,216	25,945,969,811,456	22,034,264,555,520	29,685,706,653,696	974,929,581	3,326,765,183	0	0
em-p-ihep51	20260625150132065000000	17	23,250,575,745,024	23,250,651,148,288	14,566,804,466,814	25,154,938,761,216	25,945,969,811,456	22,034,264,555,520	29,685,706,653,696	840,247,930	2,072,693,743	0	0
em-p-ihep51	20260625150142085000000	21	23,250,579,472,384	23,250,669,666,304	14,563,930,374,544	25,154,938,761,216	25,945,969,811,456	22,034,264,555,520	29,685,706,653,696	526,012,116	1,077,192,016	0	0
em-p-ihep51	20260625150152191000000	24	23,250,581,905,408	23,250,657,710,080	14,566,662,212,996	25,154,938,761,216	25,945,969,811,456	22,034,264,555,520	29,685,706,653,696	294,728,695	1,329,082,120	0	0
em-p-ihep51	20260625150202186000000	24	23,250,696,974,336	23,250,771,902,464	14,561,153,613,691	25,154,938,761,216	25,945,969,811,456	22,034,264,555,520	29,685,706,653,696	512,415,083	1,724,797,639	0	0
em-p-ihep51	20260625150212225000000	20	23,250,653,708,288	23,250,728,407,040	14,565,006,162,049	25,154,938,761,216	25,945,969,811,456	22,034,264,555,520	29,685,706,653,696	1,036,251,135	1,838,940,285	0	0
em-p-ihep51	20260625150222211000000	16	23,250,887,118,848	23,251,355,852,800	14,563,298,949,864	25,154,938,761,216	25,945,969,811,456	22,034,264,555,520	29,685,706,653,696	1,350,159,612	2,452,000,257	0	0
em-p-ihep51	20260625150232311000000	14	23,250,907,680,768	23,250,982,035,456	14,560,098,630,985	25,154,938,761,216	25,945,969,811,456	22,034,264,555,520	29,685,706,653,696	759,928,543	1,548,142,183	0	0
em-p-ihep51	20260625150242399000000	14	23,250,905,309,184	23,250,981,736,448	14,559,181,692,681	25,154,938,761,216	25,945,969,811,456	22,034,264,555,520	29,685,706,653,696	665,524,793	1,277,006,454	0	0
em-p-ihep51	20260625150252483000000	14	23,250,901,909,504	23,251,447,197,696	14,561,278,890,205	25,154,938,761,216	25,945,969,811,456	22,034,264,555,520	29,685,706,653,696	440,516,469	909,375,695	0	0
em-p-ihep51	20260625150302574000000	16	23,250,902,073,344	23,250,980,593,664	14,563,359,851,580	25,154,938,761,216	25,945,969,811,456	22,034,264,555,520	29,685,706,653,696	487,003,869	1,032,490,429	0	0
em-p-ihep51	20260625150312648000000	17	23,250,902,237,184	23,250,948,702,208	14,559,887,195,602	25,154,938,761,216	25,945,969,811,456	22,034,264,555,520	29,685,706,653,696	994,750,447	2,643,306,005	8,192	0
em-p-ihep51	20260625150322744000000	16	23,250,903,580,672	23,250,947,280,896	14,559,750,862,389	25,154,938,761,216	25,945,969,811,456	22,034,264,555,520	29,685,706,653,696	1,100,883,102	2,561,399,767	4,096	0
em-p-ihep51	20260625150332838000000	19	23,250,901,098,496	23,251,027,836,928	14,561,476,205,995	25,154,938,761,216	25,945,969,811,456	22,034,264,555,520	29,685,706,653,696	1,027,848,869	2,001,168,410	0	0
em-p-ihep51	20260625150342934000000	19	23,250,959,642,624	23,251,002,650,624	14,557,815,534,880	25,154,938,761,216	25,945,969,811,456	22,034,264,555,520	29,685,706,653,696	1,255,872,245	1,766,550,126	0	0
em-p-ihep51	20260625150353016000000	19	23,251,077,128,192	23,251,123,617,792	14,561,824,108,072	25,154,938,761,216	25,945,969,811,456	22,034,264,555,520	29,685,706,653,696	781,619,758	1,725,170,858	0	0
em-p-ihep51	20260625150403117000000	26	23,251,064,782,848	23,251,511,738,368	14,564,280,737,299	25,154,938,761,216	25,945,969,811,456	22,034,264,555,520	29,685,706,653,696	1,081,513,292	3,259,949,572	0	0
em-p-ihep51	20260625150413148000000	45	23,251,215,843,328	23,251,237,527,552	14,571,479,354,065	25,154,938,761,216	25,945,969,811,456	22,034,264,555,520	29,685,706,653,696	590,599,639	7,649,365,635	0	0
em-p-ihep51	20260625150423229000000	28	23,253,696,696,320	23,253,695,913,984	14,573,002,596,600	25,154,938,761,216	25,945,969,811,456	22,034,264,555,520	29,685,706,653,696	719,358,330	3,150,164,864	0	0
em-p-ihep51	20260625150433230000000	18	23,250,249,183,232	23,250,300,956,672	14,561,170,143,995	25,154,938,761,216	25,945,969,811,456	22,034,264,555,520	29,685,706,653,696	702,375,848	1,843,650,122	0	0
em-p-ihep51	20260625150443268000000	24	23,250,254,729,216	23,250,351,607,808	14,567,585,738,294	25,154,938,761,216	25,945,969,811,456	22,034,264,555,520	29,685,706,653,696	1,256,934,413	3,364,758,072	0	0
em-p-ihep51	20260625150453265000000	29	23,250,273,480,704	23,250,313,662,464	14,565,032,660,141	25,154,938,761,216	25,945,969,811,456	22,034,264,555,520	29,685,706,653,696	667,497,816	2,316,926,867	0	0
em-p-ihep51	20260625150503332000000	18	23,250,263,277,568	23,250,311,573,504	14,563,416,504,408	25,154,938,761,216	25,945,969,811,456	22,034,264,555,520	29,685,706,653,696	626,617,371	1,262,576,136	0	0
em-p-ihep51	20260625150513272000000	29	23,250,268,336,128	23,250,319,794,176	14,575,727,245,059	25,154,938,761,216	25,945,969,811,456	22,034,264,555,520	29,685,706,653,696	1,161,468,367	1,859,661,857	0	0
em-p-ihep51	20260625150523283000000	24	23,255,440,175,104	23,255,486,746,624	14,589,927,556,749	25,154,938,761,216	25,945,969,811,456	22,034,264,555,520	29,685,706,653,696	966,683,304	1,857,033,998	0	0
em-p-ihep51	20260625150533319000000	28	23,248,730,525,696	23,248,808,435,712	14,575,382,187,652	25,154,938,761,216	25,945,969,811,456	22,034,264,555,520	29,685,706,653,696	557,842,295	1,163,582,192	0	0
em-p-ihep51	20260625150543314000000	26	23,248,726,745,088	23,248,768,839,680	14,569,777,474,472	25,154,938,761,216	25,945,969,811,456	22,034,264,555,520	29,685,706,653,696	742,764,497	1,797,677,891	0	0
em-p-ihep51	20260625150553407000000	17	23,248,719,429,632	23,248,742,846,464	14,564,165,194,103	25,154,938,761,216	25,945,969,811,456	22,034,264,555,520	29,685,706,653,696	1,073,075,388	1,559,467,825	0	0
em-p-ihep51	20260625150603510000000	23	23,248,709,820,416	23,248,732,188,672	14,570,548,956,802	25,154,938,761,216	25,945,969,811,456	22,034,264,555,520	29,685,706,653,696	697,509,420	1,452,738,301	0	0
em-p-ihep51	20260625150613561000000	37	23,248,463,273,984	23,248,486,948,864	14,570,458,510,029	25,154,938,761,216	25,945,969,811,456	22,034,264,555,520	29,685,706,653,696	1,240,091,630	2,168,334,440	0	0
em-p-ihep51	20260625150623556000000	39	23,248,336,920,576	23,248,379,805,696	14,581,958,054,757	25,154,938,761,216	25,945,969,811,456	22,034,264,555,520	29,685,706,653,696	747,081,154	2,023,046,441	0	0
em-p-ihep51	20260625150633604000000	44	23,248,358,694,912	23,248,527,527,936	14,585,802,810,348	25,154,938,761,216	25,945,969,811,456	22,034,264,555,520	29,685,706,653,696	894,770,457	3,715,518,220	0	0
em-p-ihep51	20260625150643601000000	39	23,251,714,318,336	23,251,085,549,568	14,598,998,179,539	25,154,938,761,216	25,945,969,811,456	22,034,264,555,520	29,685,706,653,696	1,739,697,493	3,032,374,317	0	0
em-p-ihep51	20260625150653626000000	40	23,238,625,394,688	23,238,651,904,000	14,576,198,704,644	25,154,938,761,216	25,945,969,811,456	22,034,264,555,520	29,685,706,653,696	1,522,979,928	2,578,571,347	0	0
em-p-ihep51	20260625150703657000000	45	23,238,611,546,112	23,238,637,936,640	14,573,152,392,293	25,154,938,761,216	25,945,969,811,456	22,034,264,555,520	29,685,706,653,696	1,593,968,496	2,345,768,683	0	0
em-p-ihep51	20260625150713713000000	44	23,238,747,615,232	23,238,816,088,064	14,573,330,238,143	25,154,938,761,216	25,945,969,811,456	22,034,264,555,520	29,685,706,653,696	1,287,399,951	2,318,942,297	0	0
em-p-ihep51	20260625150723722000000	44	23,239,049,744,384	23,239,074,856,960	14,584,400,215,923	25,154,938,761,216	25,945,969,811,456	22,034,264,555,520	29,685,706,653,696	1,206,869,293	2,068,318,010	28,672	0
em-p-ihep51	20260625150733682000000	32	23,248,619,913,216	23,248,776,458,240	14,609,311,857,323	25,154,938,761,216	25,945,969,811,456	22,034,264,555,520	29,685,706,653,696	663,218,529	2,760,439,732	0	0
em-p-ihep51	20260625150743685000000	30	23,241,121,902,592	23,241,155,534,848	14,577,155,951,301	25,154,938,761,216	25,945,969,811,456	22,034,264,555,520	29,685,706,653,696	1,416,523,408	3,253,254,757	0	0
em-p-ihep51	20260625150753789000000	26	23,238,193,430,528	23,238,335,877,120	14,571,266,316,451	25,154,938,761,216	25,945,969,811,456	22,034,264,555,520	29,685,706,653,696	1,300,762,728	2,521,371,433	0	0
em-p-ihep51	20260625150803776000000	19	23,241,799,757,824	23,241,834,618,880	14,566,500,119,095	25,154,938,761,216	25,945,969,811,456	22,034,264,555,520	29,685,706,653,696	813,213,741	1,627,732,171	0	0
em-p-ihep51	20260625150813857000000	24	23,237,113,356,288	23,237,190,754,304	14,581,489,422,467	25,154,938,761,216	25,945,969,811,456	22,034,264,555,520	29,685,706,653,696	646,921,494	1,245,777,837	0	0
em-p-ihep51	20260625150823953000000	21	23,243,448,795,136	23,244,028,882,944	14,588,162,319,094	25,154,938,761,216	25,945,969,811,456	22,034,264,555,520	29,685,706,653,696	691,603,652	1,282,999,503	28,672	0
em-p-ihep51	20260625150834044000000	19	23,243,451,224,064	23,243,607,416,832	14,582,409,684,472	25,154,938,761,216	25,945,969,811,456	22,034,264,555,520	29,685,706,653,696	720,486,922	1,181,691,161	28,672	0
em-p-ihep51	20260625150844070000000	20	23,243,452,198,912	23,243,608,600,576	14,575,369,517,228	25,154,938,761,216	25,945,969,811,456	22,034,264,555,520	29,685,706,653,696	421,242,028	1,119,290,327	0	0
em-p-ihep51	20260625150854084000000	24	23,243,443,433,472	23,243,611,267,072	14,578,386,820,720	25,154,938,761,216	25,945,969,811,456	22,034,264,555,520	29,685,706,653,696	1,077,712,624	1,935,169,843	0	0
em-p-ihep51	20260625150904133000000	28	23,243,444,969,472	23,243,585,171,456	14,583,201,786,838	25,154,938,761,216	25,945,969,811,456	22,034,264,555,520	29,685,706,653,696	773,980,022	1,866,573,043	0	0
em-p-ihep51	20260625150914120000000	42	23,249,056,608,256	23,248,097,550,336	14,598,226,864,143	25,154,938,761,216	25,945,969,811,456	22,034,264,555,520	29,685,706,653,696	1,248,149,415	2,919,052,062	0	0
em-p-ihep51	20260625150924104000000	37	23,253,136,093,184	23,253,475,917,824	14,585,101,929,057	25,154,938,761,216	25,945,969,811,456	22,034,264,555,520	29,685,706,653,696	1,159,754,204	3,479,244,854	0	0
em-p-ihep51	20260625150934108000000	32	23,244,886,671,360	23,244,976,447,488	14,579,225,530,859	25,154,938,761,216	25,945,969,811,456	22,034,264,555,520	29,685,706,653,696	784,000,660	1,954,882,930	0	0
em-p-ihep51	20260625150944194000000	25	23,244,882,182,144	23,244,976,205,824	14,578,631,154,597	25,154,938,761,216	25,945,969,811,456	22,034,264,555,520	29,685,706,653,696	345,778,454	872,341,062	0	0
em-p-ihep51	20260625150954210000000	22	23,245,287,198,720	23,245,374,189,568	14,579,142,147,558	25,154,938,761,216	25,945,969,811,456	22,034,264,555,520	29,685,706,653,696	1,052,570,633	1,556,757,625	0	0
em-p-ihep51	20260625151004315000000	29	23,245,918,003,200	23,246,006,542,336	14,580,575,641,645	25,154,938,761,216	25,945,969,811,456	22,034,264,555,520	29,685,706,653,696	1,076,140,760	3,063,441,597	0	0
em-p-ihep51	20260625151014353000000	44	23,245,918,523,392	23,246,000,070,656	14,614,485,796,687	25,154,938,761,216	25,945,969,811,456	22,034,264,555,520	29,685,706,653,696	1,668,433,401	3,812,408,032	12,288	0
em-p-ihep51	20260625151024346000000	37	23,245,917,786,112	23,246,352,646,144	14,592,889,563,274	25,154,938,761,216	25,945,969,811,456	22,034,264,555,520	29,685,706,653,696	1,364,861,244	3,418,622,502	0	0
em-p-ihep51	20260625151034366000000	31	23,245,919,129,600	23,246,142,967,808	14,586,859,080,406	25,154,938,761,216	25,945,969,811,456	22,034,264,555,520	29,685,706,653,696	594,002,381	2,725,121,257	0	0
em-p-ihep51	20260625151044391000000	29	23,245,924,986,880	23,246,007,332,864	14,585,730,548,512	25,154,938,761,216	25,945,969,811,456	22,034,264,555,520	29,685,706,653,696	834,999,855	2,404,465,364	0	0
em-p-ihep51	20260625151054491000000	33	23,245,930,287,104	23,246,012,092,416	14,581,790,979,970	25,154,938,761,216	25,945,969,811,456	22,034,264,555,520	29,685,706,653,696	1,011,340,474	2,715,024,185	0	0
em-p-ihep51	20260625151104495000000	32	23,245,940,948,992	23,246,566,678,528	14,590,847,036,101	25,154,938,761,216	25,945,969,811,456	22,034,264,555,520	29,685,706,653,696	1,081,217,184	2,314,872,841	0	0
em-p-ihep51	20260625151114486000000	32	23,253,270,806,528	23,253,347,270,656	14,603,630,662,358	25,154,938,761,216	25,945,969,811,456	22,034,264,555,520	29,685,706,653,696	921,033,463	2,462,731,344	0	0
em-p-ihep51	20260625151124506000000	37	23,239,816,101,888	23,239,854,125,056	14,599,351,072,898	25,154,938,761,216	25,945,969,811,456	22,034,264,555,520	29,685,706,653,696	834,941,841	2,531,044,880	0	0
em-p-ihep51	20260625151134508000000	34	23,237,744,099,328	23,237,822,156,800	14,595,845,519,945	25,154,938,761,216	25,945,969,811,456	22,034,264,555,520	29,685,706,653,696	909,082,011	2,306,983,767	0	0
em-p-ihep51	20260625151144651000000	32	23,237,738,926,080	23,237,773,307,904	14,600,164,884,671	25,154,938,761,216	25,945,969,811,456	22,034,264,555,520	29,685,706,653,696	995,259,578	2,231,328,910	0	0
em-p-ihep51	20260625151154675000000	35	23,237,988,749,312	23,238,025,535,488	14,596,436,407,670	25,154,938,761,216	25,945,969,811,456	22,034,264,555,520	29,685,706,653,696	907,813,984	1,741,934,353	0	0
em-p-ihep51	20260625151204675000000	37	23,237,997,346,816	23,238,035,189,760	14,605,509,906,487	25,154,938,761,216	25,945,969,811,456	22,034,264,555,520	29,685,706,653,696	518,464,900	2,290,147,435	0	0
em-p-ihep51	20260625151214675000000	35	23,238,139,813,888	23,238,268,485,632	14,588,491,271,430	25,154,938,761,216	25,945,969,811,456	22,034,264,555,520	29,685,706,653,696	458,418,874	3,385,346,484	0	0
em-p-ihep51	20260625151224795000000	29	23,238,136,311,808	23,238,170,746,880	14,598,567,962,958	25,154,938,761,216	25,945,969,811,456	22,034,264,555,520	29,685,706,653,696	1,948,661,558	3,367,919,337	0	0
em-p-ihep51	20260625151234861000000	26	23,238,137,704,448	23,238,181,654,528	14,587,542,338,403	25,154,938,761,216	25,945,969,811,456	22,034,264,555,520	29,685,706,653,696	1,241,305,604	3,321,053,219	0	0
em-p-ihep51	20260625151244933000000	21	23,238,127,435,776	23,238,170,247,168	14,590,845,817,331	25,154,938,761,216	25,945,969,811,456	22,034,264,555,520	29,685,706,653,696	732,421,176	2,312,030,998	0	0
em-p-ihep51	20260625151254956000000	24	23,238,128,787,456	23,238,205,911,040	14,585,151,183,656	25,154,938,761,216	25,945,969,811,456	22,034,264,555,520	29,685,706,653,696	711,590,190	2,157,795,541	4,096	0
em-p-ihep51	20260625151304988000000	27	23,238,136,041,472	23,238,214,164,480	14,599,242,255,700	25,154,938,761,216	25,945,969,811,456	22,034,264,555,520	29,685,706,653,696	533,187,103	1,866,815,256	0	0
em-p-ihep51	20260625151314966000000	29	23,238,143,823,872	23,238,219,653,120	14,597,683,548,269	25,154,938,761,216	25,945,969,811,456	22,034,264,555,520	29,685,706,653,696	781,337,741	1,990,654,441	0	0
em-p-ihep51	20260625151325074000000	27	23,238,131,208,192	23,238,204,682,240	14,590,050,261,783	25,154,938,761,216	25,945,969,811,456	22,034,264,555,520	29,685,706,653,696	661,607,884	1,431,835,203	0	0
em-p-ihep51	20260625151335147000000	20	23,238,127,775,744	23,238,201,335,808	14,589,543,758,486	25,154,938,761,216	25,945,969,811,456	22,034,264,555,520	29,685,706,653,696	764,336,213	2,502,755,908	0	0
em-p-ihep51	20260625151345158000000	24	23,238,125,400,064	23,238,196,260,864	14,595,581,167,921	25,154,938,761,216	25,945,969,811,456	22,034,264,555,520	29,685,706,653,696	1,029,678,396	2,421,759,200	0	0
em-p-ihep51	20260625151355253000000	19	23,238,126,641,152	23,238,254,317,568	14,587,239,337,250	25,154,938,761,216	25,945,969,811,456	22,034,264,555,520	29,685,706,653,696	1,084,404,586	2,108,157,179	0	0
em-p-ihep51	20260625151405264000000	24	23,238,126,534,656	23,238,199,193,600	14,585,148,057,374	25,154,938,761,216	25,945,969,811,456	22,034,264,555,520	29,685,706,653,696	812,319,184	1,549,988,002	0	0
em-p-ihep51	20260625151415369000000	29	23,238,183,145,472	23,238,259,044,352	14,604,971,579,011	25,154,938,761,216	25,945,969,811,456	22,034,264,555,520	29,685,706,653,696	657,337,109	1,356,816,732	0	0
em-p-ihep51	20260625151425375000000	31	23,241,946,324,992	23,242,096,599,040	14,596,908,032,977	25,154,938,761,216	25,945,969,811,456	22,034,264,555,520	29,685,706,653,696	534,517,440	1,288,792,576	0	0
em-p-ihep51	20260625151435472000000	26	23,251,881,725,952	23,251,384,705,024	14,607,639,056,605	25,154,938,761,216	25,945,969,811,456	22,034,264,555,520	29,685,706,653,696	1,034,254,573	1,745,393,578	0	0
em-p-ihep51	20260625151445587000000	24	23,244,405,936,128	23,244,458,143,744	14,589,433,940,377	25,154,938,761,216	25,945,969,811,456	22,034,264,555,520	29,685,706,653,696	1,362,567,633	2,040,913,197	0	0
em-p-ihep51	20260625151455651000000	28	23,239,310,684,160	23,239,367,991,296	14,597,191,907,910	25,154,938,761,216	25,945,969,811,456	22,034,264,555,520	29,685,706,653,696	992,176,039	1,516,974,523	0	0
em-p-ihep51	20260625151505686000000	20	23,244,092,755,968	23,242,663,563,264	14,622,796,382,250	25,154,938,761,216	25,945,969,811,456	22,034,264,555,520	29,685,706,653,696	1,030,057,535	1,807,405,278	57,344	0
em-p-ihep51	20260625151515677000000	25	23,234,224,705,536	23,234,276,945,920	14,573,866,264,770	25,154,938,761,216	25,945,969,811,456	22,034,264,555,520	29,685,706,653,696	660,662,790	1,975,411,167	0	0
em-p-ihep51	20260625151525679000000	23	23,227,837,067,264	23,228,018,774,016	14,575,685,107,246	25,154,938,761,216	25,945,969,811,456	22,034,264,555,520	29,685,706,653,696	1,180,018,795	3,177,717,294	0	0
em-p-ihep51	20260625151535715000000	25	23,227,866,066,944	23,227,952,877,568	14,574,539,573,347	25,154,938,761,216	25,945,969,811,456	22,034,264,555,520	29,685,706,653,696	420,913,138	1,272,092,168	0	0
em-p-ihep51	20260625151545687000000	20	23,227,734,798,336	23,227,788,079,104	14,569,954,626,459	25,154,938,761,216	25,945,969,811,456	22,034,264,555,520	29,685,706,653,696	376,288,836	933,216,875	0	0
em-p-ihep51	20260625151555708000000	25	23,221,531,328,512	23,220,928,913,408	14,604,409,439,281	25,154,938,761,216	25,945,969,811,456	22,034,264,555,520	29,685,706,653,696	667,400,655	1,146,199,843	0	0
em-p-ihep51	20260625151605821000000	27	23,228,822,470,656	23,228,751,302,656	14,583,902,500,178	25,154,938,761,216	25,945,969,811,456	22,034,264,555,520	29,685,706,653,696	1,073,499,433	1,285,820,158	0	0
em-p-ihep51	20260625151615823000000	30	23,222,814,240,768	23,222,868,746,240	14,575,846,712,850	25,154,938,761,216	25,945,969,811,456	22,034,264,555,520	29,685,706,653,696	581,898,274	1,330,920,532	0	0
em-p-ihep51	20260625151625835000000	27	23,223,355,359,232	23,223,827,701,760	14,575,267,236,989	25,154,938,761,216	25,945,969,811,456	22,034,264,555,520	29,685,706,653,696	1,145,318,872	2,065,433,015	0	0
em-p-ihep51	20260625151635946000000	30	23,223,741,116,416	23,223,806,529,536	14,572,620,128,455	25,154,938,761,216	25,945,969,811,456	22,034,264,555,520	29,685,706,653,696	788,336,960	2,252,424,580	0	0
em-p-ihep51	20260625151645953000000	27	23,223,747,489,792	23,223,808,995,328	14,566,348,540,925	25,154,938,761,216	25,945,969,811,456	22,034,264,555,520	29,685,706,653,696	1,035,181,321	1,616,874,865	0	0
em-p-ihep51	20260625151655941000000	28	23,223,756,050,432	23,223,816,331,264	14,580,798,015,127	25,154,938,761,216	25,945,969,811,456	22,034,264,555,520	29,685,706,653,696	770,123,618	1,365,739,733	0	0
em-p-ihep51	20260625151705958000000	24	23,223,755,943,936	23,223,816,318,976	14,584,905,876,404	25,154,938,761,216	25,945,969,811,456	22,034,264,555,520	29,685,706,653,696	676,903,749	1,296,704,354	0	0
em-p-ihep51	20260625151716073000000	21	23,226,192,396,288	23,225,262,198,784	14,610,335,418,823	25,154,938,761,216	25,945,969,811,456	22,034,264,555,520	29,685,706,653,696	913,949,277	1,832,324,737	0	0
em-p-ihep51	20260625151726087000000	25	23,212,745,175,040	23,211,776,598,016	14,619,931,482,590	25,154,938,761,216	25,945,969,811,456	22,034,264,555,520	29,685,706,653,696	822,654,781	1,546,316,890	0	0
em-p-ihep51	20260625151736138000000	26	23,205,336,813,568	23,205,397,114,880	14,584,328,664,496	25,154,938,761,216	25,945,969,811,456	22,034,264,555,520	29,685,706,653,696	1,266,663,541	1,780,788,898	20,480	0
em-p-ihep51	20260625151746200000000	23	23,201,636,995,072	23,201,760,321,536	14,599,463,904,721	25,154,938,761,216	25,945,969,811,456	22,034,264,555,520	29,685,706,653,696	532,245,232	1,294,248,780	0	0
em-p-ihep51	20260625151756219000000	23	23,200,208,015,360	23,200,285,777,920	14,608,858,809,556	25,154,938,761,216	25,945,969,811,456	22,034,264,555,520	29,685,706,653,696	843,235,762	1,861,043,599	0	0
em-p-ihep51	20260625151806214000000	21	23,201,049,190,400	23,201,130,917,888	14,631,511,405,222	25,154,938,761,216	25,945,969,811,456	22,034,264,555,520	29,685,706,653,696	499,919,102	1,721,428,909	0	0
em-p-ihep51	20260625151816310000000	22	23,203,612,946,432	23,204,154,953,728	14,646,475,452,585	25,154,938,761,216	25,945,969,811,456	22,034,264,555,520	29,685,706,653,696	958,855,404	1,222,455,695	0	0
em-p-ihep51	20260625151826333000000	24	23,203,613,110,272	23,203,693,690,880	14,658,118,172,862	25,154,938,761,216	25,945,969,811,456	22,034,264,555,520	29,685,706,653,696	495,668,111	980,100,457	0	0
em-p-ihep51	20260625151836343000000	21	23,203,148,476,416	23,203,457,744,896	14,628,259,424,678	25,154,938,761,216	25,945,969,811,456	22,034,264,555,520	29,685,706,653,696	532,467,820	1,781,129,090	0	0
em-p-ihep51	20260625151846351000000	22	23,201,625,735,168	23,202,919,518,208	14,636,831,596,353	25,154,938,761,216	25,945,969,811,456	22,034,264,555,520	29,685,706,653,696	564,187,874	2,127,004,930	0	0
em-p-ihep51	20260625151856346000000	26	23,199,857,922,048	23,200,028,819,456	14,626,992,236,995	25,154,938,761,216	25,945,969,811,456	22,034,264,555,520	29,685,706,653,696	1,057,592,416	1,481,103,732	0	0
em-p-ihep51	20260625151906349000000	22	23,200,264,081,408	23,200,412,966,912	14,634,212,220,366	25,154,938,761,216	25,945,969,811,456	22,034,264,555,520	29,685,706,653,696	903,975,700	2,087,358,321	0	0
em-p-ihep51	20260625151916362000000	26	23,200,835,493,888	23,200,989,364,224	14,610,436,478,707	25,154,938,761,216	25,945,969,811,456	22,034,264,555,520	29,685,706,653,696	1,068,956,062	3,184,547,729	0	0
em-p-ihep51	20260625151926359000000	19	23,199,385,055,232	23,199,543,824,384	14,595,639,301,277	25,154,938,761,216	25,945,969,811,456	22,034,264,555,520	29,685,706,653,696	492,554,721	1,619,638,728	0	0
em-p-ihep51	20260625151936482000000	20	23,200,707,174,400	23,200,862,482,432	14,584,560,749,357	25,154,938,761,216	25,945,969,811,456	22,034,264,555,520	29,685,706,653,696	763,837,971	1,308,838,302	0	0
em-p-ihep51	20260625151946480000000	18	23,200,705,081,344	23,200,859,963,392	14,593,780,224,848	25,154,938,761,216	25,945,969,811,456	22,034,264,555,520	29,685,706,653,696	712,485,612	1,385,833,325	0	0
em-p-ihep51	20260625151956563000000	16	23,200,707,133,440	23,200,875,466,752	14,595,775,996,196	25,154,938,761,216	25,945,969,811,456	22,034,264,555,520	29,685,706,653,696	839,074,966	1,240,194,797	0	0
em-p-ihep51	20260625152006586000000	23	23,202,268,942,336	23,201,981,906,944	14,615,299,299,672	25,154,938,761,216	25,945,969,811,456	22,034,264,555,520	29,685,706,653,696	995,803,239	2,311,746,983	0	0
em-p-ihep51	20260625152016586000000	28	23,204,788,199,424	23,205,135,462,400	14,613,109,986,346	25,154,938,761,216	25,945,969,811,456	22,034,264,555,520	29,685,706,653,696	1,130,534,752	2,236,064,469	0	0
em-p-ihep51	20260625152026587000000	22	23,204,505,190,400	23,204,600,197,120	14,618,629,022,515	25,154,938,761,216	25,945,969,811,456	22,034,264,555,520	29,685,706,653,696	903,507,774	3,084,257,040	0	0
em-p-ihep51	20260625152036605000000	24	23,204,507,729,920	23,204,887,322,624	14,606,642,139,783	25,154,938,761,216	25,945,969,811,456	22,034,264,555,520	29,685,706,653,696	1,125,352,594	2,027,029,432	0	0
em-p-ihep51	20260625152046692000000	21	23,208,156,188,672	23,208,582,279,168	14,613,902,670,796	25,154,938,761,216	25,945,969,811,456	22,034,264,555,520	29,685,706,653,696	1,043,723,061	2,000,885,689	0	0
em-p-ihep51	20260625152056731000000	21	23,213,077,168,128	23,213,156,630,528	14,619,752,020,872	25,154,938,761,216	25,945,969,811,456	22,034,264,555,520	29,685,706,653,696	1,066,733,098	1,692,324,632	0	0
em-p-ihep51	20260625152106758000000	26	23,213,081,808,896	23,213,709,836,288	14,619,994,145,097	25,154,938,761,216	25,945,969,811,456	22,034,264,555,520	29,685,706,653,696	1,055,309,026	2,069,355,202	0	0
em-p-ihep51	20260625152116768000000	22	23,215,633,891,328	23,215,693,905,920	14,617,403,931,474	25,154,938,761,216	25,945,969,811,456	22,034,264,555,520	29,685,706,653,696	1,187,541,525	1,931,580,576	0	0
em-p-ihep51	20260625152126779000000	16	23,215,758,192,640	23,215,952,723,968	14,613,389,178,343	25,154,938,761,216	25,945,969,811,456	22,034,264,555,520	29,685,706,653,696	465,966,434	1,310,130,688	0	0
em-p-ihep51	20260625152136824000000	18	23,215,804,633,088	23,215,865,204,736	14,610,966,077,780	25,154,938,761,216	25,945,969,811,456	22,034,264,555,520	29,685,706,653,696	358,101,388	2,144,552,060	0	0
em-p-ihep51	20260625152146819000000	21	23,215,892,672,512	23,215,956,357,120	14,624,633,057,003	25,154,938,761,216	25,945,969,811,456	22,034,264,555,520	29,685,706,653,696	694,741,095	1,293,261,508	0	0
em-p-ihep51	20260625152156837000000	20	23,215,990,964,224	23,216,049,229,824	14,612,052,599,071	25,154,938,761,216	25,945,969,811,456	22,034,264,555,520	29,685,706,653,696	745,615,843	1,504,180,723	0	0
em-p-ihep51	20260625152206867000000	19	23,215,988,813,824	23,216,113,692,672	14,610,530,484,333	25,154,938,761,216	25,945,969,811,456	22,034,264,555,520	29,685,706,653,696	789,825,186	1,908,045,122	0	0
em-p-ihep51	20260625152216884000000	17	23,215,988,813,824	23,216,193,150,976	14,612,499,667,947	25,154,938,761,216	25,945,969,811,456	22,034,264,555,520	29,685,706,653,696	967,832,003	1,721,120,956	0	0
em-p-ihep51	20260625152226917000000	17	23,215,986,720,768	23,216,067,846,144	14,618,957,464,641	25,154,938,761,216	25,945,969,811,456	22,034,264,555,520	29,685,706,653,696	493,534,169	971,516,537	0	0
em-p-ihep51	20260625152236938000000	18	23,215,983,452,160	23,216,064,327,680	14,611,489,133,889	25,154,938,761,216	25,945,969,811,456	22,034,264,555,520	29,685,706,653,696	379,638,631	1,262,325,705	0	0
em-p-ihep51	20260625152246953000000	18	23,215,984,533,504	23,216,053,190,656	14,620,887,461,260	25,154,938,761,216	25,945,969,811,456	22,034,264,555,520	29,685,706,653,696	1,674,342,593	2,047,225,110	0	0
em-p-ihep51	20260625152256975000000	19	23,215,989,018,624	23,216,063,942,656	14,614,758,513,127	25,154,938,761,216	25,945,969,811,456	22,034,264,555,520	29,685,706,653,696	541,874,002	1,291,258,215	0	0
em-p-ihep51	20260625152306982000000	21	23,215,981,256,704	23,216,049,033,216	14,617,491,259,843	25,154,938,761,216	25,945,969,811,456	22,034,264,555,520	29,685,706,653,696	1,107,535,413	1,524,167,326	49,152	0
em-p-ihep51	20260625152316999000000	16	23,216,232,792,064	23,216,300,683,264	14,618,626,808,124	25,154,938,761,216	25,945,969,811,456	22,034,264,555,520	29,685,706,653,696	1,076,838,346	2,405,438,099	0	0
em-p-ihep51	20260625152327010000000	12	23,216,234,037,248	23,216,326,717,440	14,587,784,243,540	25,154,938,761,216	25,945,969,811,456	22,034,264,555,520	29,685,706,653,696	743,607,649	1,583,759,373	0	0
em-p-ihep51	20260625152337033000000	18	23,216,236,523,520	23,216,302,235,648	14,584,679,714,710	25,154,938,761,216	25,945,969,811,456	22,034,264,555,520	29,685,706,653,696	267,371,266	1,301,946,061	0	0
em-p-ihep51	20260625152347047000000	21	23,219,029,000,192	23,219,085,148,160	14,597,914,105,809	25,154,938,761,216	25,945,969,811,456	22,034,264,555,520	29,685,706,653,696	816,326,112	1,713,682,041	0	0
em-p-ihep51	20260625152357042000000	17	23,218,760,564,736	23,218,821,484,544	14,588,297,887,842	25,154,938,761,216	25,945,969,811,456	22,034,264,555,520	29,685,706,653,696	869,446,749	1,418,276,313	0	0
em-p-ihep51	20260625152407147000000	18	23,209,658,400,768	23,209,165,094,912	14,566,074,319,357	25,154,938,761,216	25,945,969,811,456	22,034,264,555,520	29,685,706,653,696	757,594,883	3,145,495,585	0	0
em-p-ihep51	20260625152417167000000	19	23,214,546,665,472	23,214,605,623,296	14,573,018,932,565	25,154,938,761,216	25,945,969,811,456	22,034,264,555,520	29,685,706,653,696	1,004,335,432	2,244,178,854	0	0
em-p-ihep51	20260625152427166000000	13	23,214,685,003,776	23,214,745,378,816	14,565,613,738,506	25,154,938,761,216	25,945,969,811,456	22,034,264,555,520	29,685,706,653,696	815,740,961	1,128,701,304	0	0
em-p-ihep51	20260625152437245000000	13	23,214,685,007,872	23,215,214,862,336	14,568,240,614,402	25,154,938,761,216	25,945,969,811,456	22,034,264,555,520	29,685,706,653,696	802,491,387	1,643,229,426	0	0
em-p-ihep51	20260625152447245000000	13	23,214,685,446,144	23,214,746,726,400	14,567,824,504,738	25,154,938,761,216	25,945,969,811,456	22,034,264,555,520	29,685,706,653,696	792,883,271	1,171,295,445	0	0
em-p-ihep51	20260625152457345000000	17	23,214,685,339,648	23,214,746,673,152	14,567,195,441,900	25,154,938,761,216	25,945,969,811,456	22,034,264,555,520	29,685,706,653,696	459,110,386	1,976,895,281	0	0
em-p-ihep51	20260625152507376000000	24	23,214,687,715,328	23,214,743,826,432	14,576,469,012,377	25,154,938,761,216	25,945,969,811,456	22,034,264,555,520	29,685,706,653,696	1,457,657,846	2,552,260,658	0	0
em-p-ihep51	20260625152517406000000	24	23,214,692,249,600	23,214,740,307,968	14,574,969,597,850	25,154,938,761,216	25,945,969,811,456	22,034,264,555,520	29,685,706,653,696	580,856,861	1,595,271,195	0	0
em-p-ihep51	20260625152527424000000	22	23,214,686,474,240	23,214,737,666,048	14,569,500,309,302	25,154,938,761,216	25,945,969,811,456	22,034,264,555,520	29,685,706,653,696	552,920,780	1,707,745,256	0	0
em-p-ihep51	20260625152537405000000	19	23,214,686,367,744	23,214,741,737,472	14,566,221,461,203	25,154,938,761,216	25,945,969,811,456	22,034,264,555,520	29,685,706,653,696	430,013,467	844,937,450	0	0
em-p-ihep51	20260625152547497000000	16	23,214,688,149,504	23,215,292,571,648	14,561,824,726,149	25,154,938,761,216	25,945,969,811,456	22,034,264,555,520	29,685,706,653,696	212,874,642	738,531,080	0	0
em-p-ihep51	20260625152557543000000	17	23,214,695,677,952	23,214,749,528,064	14,561,903,473,016	25,154,938,761,216	25,945,969,811,456	22,034,264,555,520	29,685,706,653,696	329,693,495	991,356,917	0	0
em-p-ihep51	20260625152607535000000	19	23,214,694,387,712	23,214,748,315,648	14,566,785,606,615	25,154,938,761,216	25,945,969,811,456	22,034,264,555,520	29,685,706,653,696	471,912,387	1,100,802,779	0	0
em-p-ihep51	20260625152617565000000	21	23,214,695,624,704	23,214,752,002,048	14,565,510,012,631	25,154,938,761,216	25,945,969,811,456	22,034,264,555,520	29,685,706,653,696	640,213,534	1,877,279,405	0	0
em-p-ihep51	20260625152627575000000	20	23,214,691,315,712	23,214,747,078,656	14,558,700,053,706	25,154,938,761,216	25,945,969,811,456	22,034,264,555,520	29,685,706,653,696	979,921,877	1,978,576,773	0	0
em-p-ihep51	20260625152637560000000	23	23,214,686,941,184	23,214,775,668,736	14,561,357,237,623	25,154,938,761,216	25,945,969,811,456	22,034,264,555,520	29,685,706,653,696	1,264,142,014	1,528,049,792	86,016	0
em-p-ihep51	20260625152647589000000	18	23,214,686,834,688	23,214,747,910,144	14,562,210,487,994	25,154,938,761,216	25,945,969,811,456	22,034,264,555,520	29,685,706,653,696	590,586,922	1,040,870,508	0	0
em-p-ihep51	20260625152657678000000	12	23,214,686,834,688	23,215,099,138,048	14,559,391,734,865	25,154,938,761,216	25,945,969,811,456	22,034,264,555,520	29,685,706,653,696	391,065,818	747,104,189	0	0
em-p-ihep51	20260625152707704000000	17	23,214,688,075,776	23,214,751,363,072	14,568,626,904,979	25,154,938,761,216	25,945,969,811,456	22,034,264,555,520	29,685,706,653,696	407,923,225	1,290,068,808	0	0
em-p-ihep51	20260625152717804000000	15	23,214,688,243,712	23,214,751,203,328	14,567,691,916,583	25,154,938,761,216	25,945,969,811,456	22,034,264,555,520	29,685,706,653,696	1,001,701,459	2,283,777,236	0	0
em-p-ihep51	20260625152727900000000	17	23,214,688,137,216	23,214,796,767,232	14,561,245,087,815	25,154,938,761,216	25,945,969,811,456	22,034,264,555,520	29,685,706,653,696	340,156,454	1,217,077,929	0	0
em-p-ihep51	20260625152737906000000	18	23,214,694,248,448	23,214,798,573,568	14,562,203,915,435	25,154,938,761,216	25,945,969,811,456	22,034,264,555,520	29,685,706,653,696	418,868,008	1,881,813,824	0	0
em-p-ihep51	20260625152747895000000	15	23,214,700,089,344	23,214,805,258,240	14,559,238,780,124	25,154,938,761,216	25,945,969,811,456	22,034,264,555,520	29,685,706,653,696	1,164,185,003	2,155,966,379	0	0
em-p-ihep51	20260625152757907000000	14	23,214,699,982,848	23,214,805,389,312	14,555,296,049,136	25,154,938,761,216	25,945,969,811,456	22,034,264,555,520	29,685,706,653,696	1,138,323,957	1,642,154,297	0	0
em-p-ihep51	20260625152807900000000	13	23,215,176,953,856	23,215,297,634,304	14,567,534,302,270	25,154,938,761,216	25,945,969,811,456	22,034,264,555,520	29,685,706,653,696	733,596,530	1,396,363,358	0	0
em-p-ihep51	20260625152818044000000	13	23,215,176,908,800	23,215,291,994,112	14,561,054,989,759	25,154,938,761,216	25,945,969,811,456	22,034,264,555,520	29,685,706,653,696	504,829,548	841,284,678	0	0
em-p-ihep51	20260625152828118000000	18	23,215,190,040,576	23,215,285,727,232	14,562,083,395,981	25,154,938,761,216	25,945,969,811,456	22,034,264,555,520	29,685,706,653,696	400,301,431	1,002,794,896	0	0
em-p-ihep51	20260625152838116000000	22	23,215,189,504,000	23,215,358,140,416	14,568,221,028,257	25,154,938,761,216	25,945,969,811,456	22,034,264,555,520	29,685,706,653,696	254,235,333	1,077,278,219	0	0
em-p-ihep51	20260625152848149000000	20	23,214,967,791,616	23,215,136,399,360	14,564,697,613,716	25,154,938,761,216	25,945,969,811,456	22,034,264,555,520	29,685,706,653,696	623,839,516	1,114,548,581	0	0
em-p-ihep51	20260625152858155000000	19	23,214,965,579,776	23,215,130,238,976	14,569,022,651,113	25,154,938,761,216	25,945,969,811,456	22,034,264,555,520	29,685,706,653,696	381,557,393	1,161,947,669	0	0
em-p-ihep51	20260625152908163000000	16	23,219,883,274,240	23,219,076,358,144	14,587,441,512,006	25,154,938,761,216	25,945,969,811,456	22,034,264,555,520	29,685,706,653,696	574,698,068	1,693,361,780	0	0
em-p-ihep51	20260625152918193000000	22	23,208,847,286,272	23,210,443,145,216	14,574,786,501,006	25,154,938,761,216	25,945,969,811,456	22,034,264,555,520	29,685,706,653,696	456,495,146	3,472,350,196	0	0
em-p-ihep51	20260625152928187000000	18	23,208,589,889,536	23,208,758,296,576	14,558,795,262,745	25,154,938,761,216	25,945,969,811,456	22,034,264,555,520	29,685,706,653,696	947,516,123	2,288,482,840	0	0
em-p-ihep51	20260625152938276000000	15	23,208,589,889,536	23,208,756,637,696	14,559,973,664,208	25,154,938,761,216	25,945,969,811,456	22,034,264,555,520	29,685,706,653,696	1,174,816,832	1,694,632,626	0	0
em-p-ihep51	20260625152948363000000	13	23,208,587,300,864	23,208,770,031,616	14,562,989,075,043	25,154,938,761,216	25,945,969,811,456	22,034,264,555,520	29,685,706,653,696	1,240,816,264	1,868,751,268	0	0
em-p-ihep51	20260625152958385000000	14	23,208,585,105,408	23,208,681,828,352	14,565,222,390,171	25,154,938,761,216	25,945,969,811,456	22,034,264,555,520	29,685,706,653,696	579,749,350	1,014,737,074	0	0
em-p-ihep51	20260625153008430000000	35	23,208,729,567,232	23,208,823,242,752	14,598,609,038,852	25,154,938,761,216	25,945,969,811,456	22,034,264,555,520	29,685,706,653,696	991,514,706	3,034,741,106	0	0
em-p-ihep51	20260625153018414000000	33	23,207,782,137,856	23,207,910,014,976	14,587,543,361,316	25,154,938,761,216	25,945,969,811,456	22,034,264,555,520	29,685,706,653,696	1,757,105,442	3,087,469,786	0	0
em-p-ihep51	20260625153028435000000	31	23,207,786,508,288	23,208,206,135,296	14,570,707,586,273	25,154,938,761,216	25,945,969,811,456	22,034,264,555,520	29,685,706,653,696	2,007,352,213	2,908,845,610	0	0
em-p-ihep51	20260625153038452000000	30	23,207,790,108,672	23,208,220,651,520	14,567,747,324,184	25,154,938,761,216	25,945,969,811,456	22,034,264,555,520	29,685,706,653,696	759,148,223	2,859,857,870	0	0
em-p-ihep51	20260625153048447000000	22	23,209,747,238,912	23,209,569,316,864	14,595,630,608,850	25,154,938,761,216	25,945,969,811,456	22,034,264,555,520	29,685,706,653,696	720,301,224	2,417,248,284	0	0
em-p-ihep51	20260625153058487000000	23	23,208,139,546,624	23,208,832,974,848	14,563,170,469,659	25,154,938,761,216	25,945,969,811,456	22,034,264,555,520	29,685,706,653,696	585,564,807	1,213,708,144	0	0
em-p-ihep51	20260625153108498000000	22	23,206,411,051,008	23,206,491,951,104	14,576,177,545,465	25,154,938,761,216	25,945,969,811,456	22,034,264,555,520	29,685,706,653,696	547,559,027	1,621,871,989	0	0
em-p-ihep51	20260625153118503000000	27	23,207,432,040,448	23,207,512,846,336	14,568,261,068,540	25,154,938,761,216	25,945,969,811,456	22,034,264,555,520	29,685,706,653,696	714,030,518	1,919,484,299	0	0
em-p-ihep51	20260625153128516000000	25	23,207,427,772,416	23,207,522,779,136	14,568,112,806,632	25,154,938,761,216	25,945,969,811,456	22,034,264,555,520	29,685,706,653,696	907,616,453	1,480,269,416	20,480	0
em-p-ihep51	20260625153138537000000	34	23,207,427,145,728	23,207,497,662,464	14,568,941,737,472	25,154,938,761,216	25,945,969,811,456	22,034,264,555,520	29,685,706,653,696	591,395,745	1,201,860,119	0	0
em-p-ihep51	20260625153148552000000	27	23,207,427,313,664	23,207,498,457,088	14,567,354,579,131	25,154,938,761,216	25,945,969,811,456	22,034,264,555,520	29,685,706,653,696	401,848,035	1,289,839,958	0	0
em-p-ihep51	20260625153158545000000	21	23,208,130,994,176	23,208,235,511,808	14,568,132,427,627	25,154,938,761,216	25,945,969,811,456	22,034,264,555,520	29,685,706,653,696	512,480,984	1,392,837,400	0	0
em-p-ihep51	20260625153208647000000	24	23,209,490,497,536	23,208,914,161,664	14,608,469,292,370	25,154,938,761,216	25,945,969,811,456	22,034,264,555,520	29,685,706,653,696	951,671,925	2,020,829,109	0	0
em-p-ihep51	20260625153218744000000	23	23,234,561,896,448	23,233,995,595,776	14,624,964,807,821	25,154,938,761,216	25,945,969,811,456	22,034,264,555,520	29,685,706,653,696	1,182,831,542	1,229,647,592	0	0
em-p-ihep51	20260625153228730000000	28	23,209,156,038,656	23,211,737,993,216	14,568,958,300,261	25,154,938,761,216	25,945,969,811,456	22,034,264,555,520	29,685,706,653,696	861,231,578	1,977,755,441	0	0
em-p-ihep51	20260625153238763000000	23	23,206,635,704,320	23,207,071,600,640	14,566,868,605,484	25,154,938,761,216	25,945,969,811,456	22,034,264,555,520	29,685,706,653,696	1,776,671,945	2,062,929,516	0	0
em-p-ihep51	20260625153248767000000	19	23,206,940,258,304	23,206,961,840,128	14,569,338,241,362	25,154,938,761,216	25,945,969,811,456	22,034,264,555,520	29,685,706,653,696	567,299,906	1,137,313,433	0	0
em-p-ihep51	20260625153258759000000	16	23,207,130,566,656	23,207,200,894,976	14,574,445,539,353	25,154,938,761,216	25,945,969,811,456	22,034,264,555,520	29,685,706,653,696	401,688,871	1,084,009,333	0	0
em-p-ihep51	20260625153308860000000	20	23,212,131,106,816	23,211,985,657,856	14,596,198,276,385	25,154,938,761,216	25,945,969,811,456	22,034,264,555,520	29,685,706,653,696	815,080,080	1,189,246,522	0	0
em-p-ihep51	20260625153318967000000	17	23,214,533,746,688	23,214,601,334,784	14,563,062,827,285	25,154,938,761,216	25,945,969,811,456	22,034,264,555,520	29,685,706,653,696	845,829,670	2,165,040,327	0	0
em-p-ihep51	20260625153328972000000	18	23,207,249,084,416	23,207,315,357,696	14,566,638,266,922	25,154,938,761,216	25,945,969,811,456	22,034,264,555,520	29,685,706,653,696	1,401,677,912	2,587,529,058	0	0
em-p-ihep51	20260625153338967000000	22	23,213,506,121,728	23,213,744,398,336	14,580,240,183,101	25,154,938,761,216	25,945,969,811,456	22,034,264,555,520	29,685,706,653,696	1,393,022,156	3,603,463,940	24,576	0
em-p-ihep51	20260625153349050000000	17	23,199,371,259,904	23,199,463,096,320	14,561,673,182,094	25,154,938,761,216	25,945,969,811,456	22,034,264,555,520	29,685,706,653,696	847,968,750	1,573,451,032	0	0
em-p-ihep51	20260625153359079000000	20	23,199,375,347,712	23,199,441,276,928	14,562,500,390,118	25,154,938,761,216	25,945,969,811,456	22,034,264,555,520	29,685,706,653,696	548,559,868	1,179,371,866	0	0
em-p-ihep51	20260625153409163000000	18	23,199,375,511,552	23,199,462,567,936	14,576,647,520,907	25,154,938,761,216	25,945,969,811,456	22,034,264,555,520	29,685,706,653,696	656,050,382	1,610,671,585	0	0
em-p-ihep51	20260625153419257000000	21	23,208,013,729,792	23,208,223,580,160	14,576,728,745,096	25,154,938,761,216	25,945,969,811,456	22,034,264,555,520	29,685,706,653,696	842,026,459	1,397,184,139	0	0
em-p-ihep51	20260625153429356000000	17	23,199,370,166,272	23,199,416,766,464	14,564,766,151,539	25,154,938,761,216	25,945,969,811,456	22,034,264,555,520	29,685,706,653,696	742,931,387	1,359,853,720	0	0
em-p-ihep51	20260625153439446000000	22	23,199,373,840,384	23,199,418,183,680	14,565,157,794,973	25,154,938,761,216	25,945,969,811,456	22,034,264,555,520	29,685,706,653,696	819,925,904	2,046,041,045	0	0
em-p-ihep51	20260625153449543000000	24	23,199,389,048,832	23,199,449,972,736	14,565,311,057,627	25,154,938,761,216	25,945,969,811,456	22,034,264,555,520	29,685,706,653,696	1,236,957,732	2,127,452,662	0	0
em-p-ihep51	20260625153459637000000	25	23,199,388,479,488	23,199,426,879,488	14,563,383,925,479	25,154,938,761,216	25,945,969,811,456	22,034,264,555,520	29,685,706,653,696	927,440,957	1,705,114,771	0	0
em-p-ihep51	20260625153509637000000	28	23,199,366,832,128	23,199,400,366,080	14,573,604,658,932	25,154,938,761,216	25,945,969,811,456	22,034,264,555,520	29,685,706,653,696	1,219,311,392	2,107,313,370	0	0
em-p-ihep51	20260625153519657000000	28	23,199,366,852,608	23,199,401,000,960	14,575,798,405,362	25,154,938,761,216	25,945,969,811,456	22,034,264,555,520	29,685,706,653,696	1,373,196,013	2,719,655,333	49,152	0
em-p-ihep51	20260625153529668000000	24	23,199,369,285,632	23,199,431,819,264	14,572,226,464,588	25,154,938,761,216	25,945,969,811,456	22,034,264,555,520	29,685,706,653,696	863,911,656	1,805,025,158	0	0
em-p-ihep51	20260625153539666000000	23	23,199,382,261,760	23,199,419,969,536	14,567,487,976,789	25,154,938,761,216	25,945,969,811,456	22,034,264,555,520	29,685,706,653,696	777,917,937	1,251,787,113	0	0
em-p-ihep51	20260625153549741000000	20	23,199,383,506,944	23,199,420,645,376	14,567,839,377,694	25,154,938,761,216	25,945,969,811,456	22,034,264,555,520	29,685,706,653,696	885,075,292	1,235,606,679	0	0
em-p-ihep51	20260625153559778000000	24	23,199,388,266,496	23,199,919,239,168	14,580,895,837,300	25,154,938,761,216	25,945,969,811,456	22,034,264,555,520	29,685,706,653,696	409,570,054	1,339,743,290	0	0
em-p-ihep51	20260625153609770000000	31	23,195,815,653,376	23,195,265,212,416	14,587,251,665,715	25,154,938,761,216	25,945,969,811,456	22,034,264,555,520	29,685,706,653,696	1,257,901,423	2,601,519,283	0	0
em-p-ihep51	20260625153619820000000	29	23,187,114,659,840	23,187,188,793,344	14,566,932,046,897	25,154,938,761,216	25,945,969,811,456	22,034,264,555,520	29,685,706,653,696	496,125,289	2,126,966,921	0	0
em-p-ihep51	20260625153629895000000	22	23,188,228,382,720	23,188,133,359,616	14,581,764,248,458	25,154,938,761,216	25,945,969,811,456	22,034,264,555,520	29,685,706,653,696	1,198,893,099	2,756,845,473	0	0
em-p-ihep51	20260625153639883000000	19	23,198,820,548,608	23,198,892,716,032	14,564,852,964,385	25,154,938,761,216	25,945,969,811,456	22,034,264,555,520	29,685,706,653,696	669,407,532	1,307,745,018	0	0
em-p-ihep51	20260625153649897000000	21	23,189,019,574,272	23,189,072,035,840	14,569,622,430,657	25,154,938,761,216	25,945,969,811,456	22,034,264,555,520	29,685,706,653,696	729,680,029	1,407,632,769	0	0
em-p-ihep51	20260625153659922000000	21	23,189,019,529,216	23,189,201,809,408	14,567,879,543,461	25,154,938,761,216	25,945,969,811,456	22,034,264,555,520	29,685,706,653,696	712,240,374	2,518,913,988	0	0
em-p-ihep51	20260625153709920000000	22	23,189,046,087,680	23,189,648,908,288	14,573,492,460,036	25,154,938,761,216	25,945,969,811,456	22,034,264,555,520	29,685,706,653,696	833,732,461	1,841,196,309	0	0
em-p-ihep51	20260625153720023000000	20	23,191,330,861,056	23,191,499,390,976	14,570,504,945,483	25,154,938,761,216	25,945,969,811,456	22,034,264,555,520	29,685,706,653,696	487,765,772	1,544,498,941	0	0
em-p-ihep51	20260625153730015000000	23	23,191,717,060,608	23,191,806,410,752	14,567,037,486,465	25,154,938,761,216	25,945,969,811,456	22,034,264,555,520	29,685,706,653,696	674,104,596	1,701,595,019	0	0
em-p-ihep51	20260625153740130000000	20	23,191,716,347,904	23,191,810,584,576	14,564,417,629,901	25,154,938,761,216	25,945,969,811,456	22,034,264,555,520	29,685,706,653,696	1,174,175,949	1,945,684,239	0	0
em-p-ihep51	20260625153750199000000	24	23,191,715,000,320	23,191,804,538,880	14,563,012,918,325	25,154,938,761,216	25,945,969,811,456	22,034,264,555,520	29,685,706,653,696	962,013,987	2,127,624,673	0	0
em-p-ihep51	20260625153800283000000	16	23,191,713,759,232	23,191,805,353,984	14,565,328,325,558	25,154,938,761,216	25,945,969,811,456	22,034,264,555,520	29,685,706,653,696	997,157,057	1,733,637,646	0	0
em-p-ihep51	20260625153810397000000	25	23,191,706,685,440	23,191,795,130,368	14,576,219,904,763	25,154,938,761,216	25,945,969,811,456	22,034,264,555,520	29,685,706,653,696	1,419,175,326	2,174,969,425	0	0
em-p-ihep51	20260625153820413000000	28	23,191,707,770,880	23,192,204,718,080	14,569,620,746,825	25,154,938,761,216	25,945,969,811,456	22,034,264,555,520	29,685,706,653,696	1,162,851,119	1,636,761,797	0	0
em-p-ihep51	20260625153830414000000	25	23,191,708,852,224	23,191,802,007,552	14,570,293,994,657	25,154,938,761,216	25,945,969,811,456	22,034,264,555,520	29,685,706,653,696	429,847,420	847,142,999	0	0
em-p-ihep51	20260625153840498000000	18	23,191,849,316,352	23,191,942,217,728	14,569,969,939,014	25,154,938,761,216	25,945,969,811,456	22,034,264,555,520	29,685,706,653,696	545,707,628	1,211,722,388	0	0
em-p-ihep51	20260625153850506000000	18	23,199,574,376,448	23,199,017,721,856	14,589,945,782,488	25,154,938,761,216	25,945,969,811,456	22,034,264,555,520	29,685,706,653,696	419,130,529	869,491,628	0	0
em-p-ihep51	20260625153900570000000	23	23,190,863,097,856	23,191,041,417,216	14,568,558,319,653	25,154,938,761,216	25,945,969,811,456	22,034,264,555,520	29,685,706,653,696	841,326,718	1,830,215,978	12,288	0
em-p-ihep51	20260625153910564000000	27	23,190,865,780,736	23,191,042,789,376	14,579,199,046,777	25,154,938,761,216	25,945,969,811,456	22,034,264,555,520	29,685,706,653,696	1,250,569,991	3,448,956,974	0	0
em-p-ihep51	20260625153920575000000	22	23,199,512,178,688	23,199,624,802,304	14,576,905,104,006	25,154,938,761,216	25,945,969,811,456	22,034,264,555,520	29,685,706,653,696	743,118,771	2,009,417,114	0	0
em-p-ihep51	20260625153930573000000	19	23,190,867,304,448	23,190,995,210,240	14,564,955,291,677	25,154,938,761,216	25,945,969,811,456	22,034,264,555,520	29,685,706,653,696	546,562,698	1,477,839,386	0	0
em-p-ihep51	20260625153940660000000	21	23,190,866,440,192	23,190,961,102,848	14,569,018,217,659	25,154,938,761,216	25,945,969,811,456	22,034,264,555,520	29,685,706,653,696	766,292,307	1,418,702,080	0	0
em-p-ihep51	20260625153950706000000	25	23,190,864,957,440	23,190,979,903,488	14,562,874,725,852	25,154,938,761,216	25,945,969,811,456	22,034,264,555,520	29,685,706,653,696	1,107,042,542	1,678,516,141	0	0
em-p-ihep51	20260625154000684000000	17	23,190,863,241,216	23,190,993,498,112	14,560,273,056,413	25,154,938,761,216	25,945,969,811,456	22,034,264,555,520	29,685,706,653,696	752,313,755	3,135,754,298	0	0
em-p-ihep51	20260625154010738000000	41	23,191,472,848,896	23,191,585,558,528	14,597,558,165,240	25,154,938,761,216	25,945,969,811,456	22,034,264,555,520	29,685,706,653,696	1,145,650,280	3,248,095,660	0	0
em-p-ihep51	20260625154020756000000	42	23,193,103,007,744	23,193,221,058,560	14,606,022,454,572	25,154,938,761,216	25,945,969,811,456	22,034,264,555,520	29,685,706,653,696	989,364,902	2,339,678,817	24,576	0
em-p-ihep51	20260625154030787000000	37	23,194,453,745,664	23,194,576,510,976	14,581,604,507,808	25,154,938,761,216	25,945,969,811,456	22,034,264,555,520	29,685,706,653,696	1,365,376,090	2,297,454,764	0	0
em-p-ihep51	20260625154040819000000	39	23,193,177,608,192	23,193,278,607,360	14,588,048,375,028	25,154,938,761,216	25,945,969,811,456	22,034,264,555,520	29,685,706,653,696	1,001,235,680	2,001,780,964	0	0
em-p-ihep51	20260625154050849000000	38	23,193,193,836,544	23,193,299,140,608	14,571,262,727,233	25,154,938,761,216	25,945,969,811,456	22,034,264,555,520	29,685,706,653,696	1,092,219,305	3,670,555,137	0	0
em-p-ihep51	20260625154100889000000	38	23,193,200,340,992	23,193,398,616,064	14,575,667,700,818	25,154,938,761,216	25,945,969,811,456	22,034,264,555,520	29,685,706,653,696	808,708,320	2,154,749,140	0	0
em-p-ihep51	20260625154110855000000	37	23,194,575,880,192	23,194,161,954,816	14,582,778,203,685	25,154,938,761,216	25,945,969,811,456	22,034,264,555,520	29,685,706,653,696	1,184,568,179	1,994,982,821	0	0
em-p-ihep51	20260625154120881000000	35	23,196,144,594,944	23,196,240,048,128	14,579,940,558,988	25,154,938,761,216	25,945,969,811,456	22,034,264,555,520	29,685,706,653,696	1,140,689,258	2,129,610,061	0	0
em-p-ihep51	20260625154130950000000	33	23,198,133,284,864	23,198,269,648,896	14,594,892,560,253	25,154,938,761,216	25,945,969,811,456	22,034,264,555,520	29,685,706,653,696	1,052,161,010	1,546,342,133	0	0
em-p-ihep51	20260625154140966000000	27	23,175,105,679,360	23,175,232,737,280	14,572,418,033,328	25,154,938,761,216	25,945,969,811,456	22,034,264,555,520	29,685,706,653,696	616,459,157	1,603,205,544	0	0
em-p-ihep51	20260625154151046000000	26	23,175,380,639,744	23,175,506,960,384	14,586,160,916,472	25,154,938,761,216	25,945,969,811,456	22,034,264,555,520	29,685,706,653,696	719,162,529	1,425,868,306	24,576	0
em-p-ihep51	20260625154201081000000	29	23,176,005,566,464	23,176,138,850,304	14,593,073,262,513	25,154,938,761,216	25,945,969,811,456	22,034,264,555,520	29,685,706,653,696	784,573,884	2,373,096,128	0	0
em-p-ihep51	20260625154211081000000	29	23,176,015,429,632	23,176,278,315,008	14,605,181,289,719	25,154,938,761,216	25,945,969,811,456	22,034,264,555,520	29,685,706,653,696	1,425,671,355	3,874,894,578	0	0
em-p-ihep51	20260625154221113000000	25	23,179,185,098,752	23,179,199,094,784	14,602,398,503,924	25,154,938,761,216	25,945,969,811,456	22,034,264,555,520	29,685,706,653,696	1,538,013,376	3,830,485,600	0	0
em-p-ihep51	20260625154231116000000	22	23,180,394,917,888	23,180,511,076,352	14,610,191,258,128	25,154,938,761,216	25,945,969,811,456	22,034,264,555,520	29,685,706,653,696	1,262,482,021	2,133,506,102	28,672	0
em-p-ihep51	20260625154241122000000	22	23,180,391,546,880	23,180,561,846,272	14,608,746,978,404	25,154,938,761,216	25,945,969,811,456	22,034,264,555,520	29,685,706,653,696	1,219,233,125	2,354,081,256	0	0
em-p-ihep51	20260625154251118000000	22	23,180,387,983,360	23,180,476,731,392	14,603,685,637,118	25,154,938,761,216	25,945,969,811,456	22,034,264,555,520	29,685,706,653,696	950,433,798	1,606,197,681	0	0
em-p-ihep51	20260625154301233000000	20	23,180,399,333,376	23,180,485,074,944	14,562,350,007,067	25,154,938,761,216	25,945,969,811,456	22,034,264,555,520	29,685,706,653,696	971,067,705	1,686,397,165	0	0
em-p-ihep51	20260625154311256000000	33	23,180,475,551,744	23,180,586,045,440	14,575,291,992,068	25,154,938,761,216	25,945,969,811,456	22,034,264,555,520	29,685,706,653,696	2,002,192,653	2,692,968,176	40,960	0
em-p-ihep51	20260625154321271000000	23	23,180,477,980,672	23,180,562,112,512	14,567,289,303,488	25,154,938,761,216	25,945,969,811,456	22,034,264,555,520	29,685,706,653,696	937,264,775	2,384,188,355	0	0
em-p-ihep51	20260625154331269000000	15	23,181,933,805,568	23,182,330,109,952	14,570,724,102,069	25,154,938,761,216	25,945,969,811,456	22,034,264,555,520	29,685,706,653,696	604,103,841	2,450,097,979	0	0
em-p-ihep51	20260625154341295000000	25	23,182,537,748,480	23,182,454,009,856	14,573,341,605,875	25,154,938,761,216	25,945,969,811,456	22,034,264,555,520	29,685,706,653,696	594,881,006	3,087,781,877	0	0
em-p-ihep51	20260625154351292000000	20	23,183,302,524,928	23,183,389,184,000	14,572,678,989,932	25,154,938,761,216	25,945,969,811,456	22,034,264,555,520	29,685,706,653,696	1,389,983,838	2,102,650,785	0	0
em-p-ihep51	20260625154401391000000	16	23,183,569,027,072	23,183,655,899,136	14,570,032,254,652	25,154,938,761,216	25,945,969,811,456	22,034,264,555,520	29,685,706,653,696	863,883,799	1,739,243,951	0	0
em-p-ihep51	20260625154411404000000	26	23,184,315,674,624	23,184,402,771,968	14,585,747,150,001	25,154,938,761,216	25,945,969,811,456	22,034,264,555,520	29,685,706,653,696	709,114,482	1,427,403,044	0	0
em-p-ihep51	20260625154421413000000	25	23,184,290,865,152	23,184,397,713,408	14,566,695,142,737	25,154,938,761,216	25,945,969,811,456	22,034,264,555,520	29,685,706,653,696	906,318,365	1,569,776,500	0	0
em-p-ihep51	20260625154431412000000	18	23,184,292,052,992	23,184,764,284,928	14,566,931,913,397	25,154,938,761,216	25,945,969,811,456	22,034,264,555,520	29,685,706,653,696	1,186,003,020	1,557,402,775	0	0
em-p-ihep51	20260625154441420000000	21	23,184,286,240,768	23,184,362,717,184	14,579,781,489,207	25,154,938,761,216	25,945,969,811,456	22,034,264,555,520	29,685,706,653,696	835,437,308	2,073,274,990	28,672	0
em-p-ihep51	20260625154451520000000	26	23,185,482,567,680	23,185,789,276,160	14,576,053,850,650	25,154,938,761,216	25,945,969,811,456	22,034,264,555,520	29,685,706,653,696	859,502,566	2,298,846,695	0	0
em-p-ihep51	20260625154501609000000	21	23,185,487,327,232	23,185,564,184,576	14,568,741,548,962	25,154,938,761,216	25,945,969,811,456	22,034,264,555,520	29,685,706,653,696	887,148,582	2,866,898,344	0	0
em-p-ihep51	20260625154511633000000	26	23,186,032,627,712	23,186,110,869,504	14,582,417,811,586	25,154,938,761,216	25,945,969,811,456	22,034,264,555,520	29,685,706,653,696	1,287,168,505	2,132,946,983	0	0
em-p-ihep51	20260625154521725000000	29	23,186,063,630,336	23,186,189,328,384	14,567,326,934,880	25,154,938,761,216	25,945,969,811,456	22,034,264,555,520	29,685,706,653,696	1,039,735,556	2,007,173,744	0	0
em-p-ihep51	20260625154531725000000	27	23,186,061,103,104	23,186,139,729,920	14,576,404,455,585	25,154,938,761,216	25,945,969,811,456	22,034,264,555,520	29,685,706,653,696	1,030,016,155	1,456,389,275	0	0
em-p-ihep51	20260625154541817000000	26	23,186,072,543,232	23,186,216,570,880	14,565,076,424,423	25,154,938,761,216	25,945,969,811,456	22,034,264,555,520	29,685,706,653,696	789,597,913	2,505,290,246	0	0
em-p-ihep51	20260625154551923000000	22	23,186,081,288,192	23,186,160,152,576	14,569,768,641,824	25,154,938,761,216	25,945,969,811,456	22,034,264,555,520	29,685,706,653,696	458,030,122	1,466,698,396	0	0
em-p-ihep51	20260625154601922000000	21	23,186,075,242,496	23,186,171,080,704	14,567,298,250,919	25,154,938,761,216	25,945,969,811,456	22,034,264,555,520	29,685,706,653,696	466,630,047	1,125,850,624	0	0
em-p-ihep51	20260625154612014000000	21	23,187,407,974,400	23,187,506,065,408	14,577,445,739,196	25,154,938,761,216	25,945,969,811,456	22,034,264,555,520	29,685,706,653,696	629,665,716	2,201,187,628	0	0
em-p-ihep51	20260625154622110000000	18	23,187,407,863,808	23,187,508,428,800	14,565,642,928,101	25,154,938,761,216	25,945,969,811,456	22,034,264,555,520	29,685,706,653,696	357,743,075	1,404,570,937	0	0
em-p-ihep51	20260625154632222000000	17	23,187,865,817,088	23,188,282,781,696	14,561,762,207,953	25,154,938,761,216	25,945,969,811,456	22,034,264,555,520	29,685,706,653,696	220,482,052	871,145,366	0	0
em-p-ihep51	20260625154642307000000	18	23,187,865,710,592	23,187,988,729,856	14,566,138,487,535	25,154,938,761,216	25,945,969,811,456	22,034,264,555,520	29,685,706,653,696	523,425,752	1,010,631,816	0	0
em-p-ihep51	20260625154652319000000	19	23,188,833,189,888	23,188,709,011,456	14,572,740,576,927	25,154,938,761,216	25,945,969,811,456	22,034,264,555,520	29,685,706,653,696	945,792,500	1,467,447,738	0	0
em-p-ihep51	20260625154702318000000	18	23,188,835,512,320	23,188,939,259,904	14,564,219,005,576	25,154,938,761,216	25,945,969,811,456	22,034,264,555,520	29,685,706,653,696	750,754,315	1,123,695,763	0	0
em-p-ihep51	20260625154712332000000	18	23,190,449,033,216	23,190,577,385,472	14,574,427,433,668	25,154,938,761,216	25,945,969,811,456	22,034,264,555,520	29,685,706,653,696	459,872,636	1,703,608,948	0	0
em-p-ihep51	20260625154722346000000	15	23,190,986,096,640	23,191,052,369,920	14,568,953,639,831	25,154,938,761,216	25,945,969,811,456	22,034,264,555,520	29,685,706,653,696	945,017,180	1,497,017,755	0	0
em-p-ihep51	20260625154732440000000	16	23,190,647,513,088	23,190,714,769,408	14,562,092,546,419	25,154,938,761,216	25,945,969,811,456	22,034,264,555,520	29,685,706,653,696	674,784,250	1,493,734,816	208,896	0
em-p-ihep51	20260625154742450000000	13	23,190,648,868,864	23,191,248,351,232	14,567,079,881,519	25,154,938,761,216	25,945,969,811,456	22,034,264,555,520	29,685,706,653,696	808,465,488	1,672,726,886	0	0
em-p-ihep51	20260625154752465000000	15	23,191,210,889,216	23,191,276,679,168	14,562,659,862,195	25,154,938,761,216	25,945,969,811,456	22,034,264,555,520	29,685,706,653,696	790,641,179	1,859,134,242	0	0
em-p-ihep51	20260625154802481000000	13	23,191,209,824,256	23,191,275,548,672	14,558,409,530,264	25,154,938,761,216	25,945,969,811,456	22,034,264,555,520	29,685,706,653,696	990,074,383	1,356,499,350	0	0
em-p-ihep51	20260625154812571000000	19	23,191,332,610,048	23,191,400,906,752	14,567,630,376,900	25,154,938,761,216	25,945,969,811,456	22,034,264,555,520	29,685,706,653,696	426,685,254	1,598,148,847	0	0
em-p-ihep51	20260625154822569000000	16	23,191,332,773,888	23,191,435,780,096	14,562,022,128,163	25,154,938,761,216	25,945,969,811,456	22,034,264,555,520	29,685,706,653,696	863,525,156	1,115,254,009	0	0
em-p-ihep51	20260625154832676000000	13	23,191,330,291,712	23,191,401,009,152	14,563,750,292,549	25,154,938,761,216	25,945,969,811,456	22,034,264,555,520	29,685,706,653,696	332,074,546	878,764,350	0	0
em-p-ihep51	20260625154842673000000	12	23,191,326,785,536	23,191,398,522,880	14,565,296,362,007	25,154,938,761,216	25,945,969,811,456	22,034,264,555,520	29,685,706,653,696	662,864,670	1,183,827,399	0	0
em-p-ihep51	20260625154852763000000	16	23,191,435,350,016	23,192,197,619,712	14,566,959,476,239	25,154,938,761,216	25,945,969,811,456	22,034,264,555,520	29,685,706,653,696	714,011,058	920,243,610	0	0
em-p-ihep51	20260625154902882000000	15	23,191,435,243,520	23,191,591,768,064	14,565,979,332,582	25,154,938,761,216	25,945,969,811,456	22,034,264,555,520	29,685,706,653,696	505,866,214	1,507,078,932	0	0
em-p-ihep51	20260625154912988000000	23	23,191,438,921,728	23,191,595,229,184	14,575,963,749,364	25,154,938,761,216	25,945,969,811,456	22,034,264,555,520	29,685,706,653,696	495,955,629	2,168,685,002	0	0
em-p-ihep51	20260625154923015000000	22	23,191,441,608,704	23,191,606,386,688	14,568,656,111,401	25,154,938,761,216	25,945,969,811,456	22,034,264,555,520	29,685,706,653,696	768,007,204	3,750,532,401	0	0
em-p-ihep51	20260625154933071000000	19	23,191,438,987,264	23,191,619,985,408	14,568,034,352,049	25,154,938,761,216	25,945,969,811,456	22,034,264,555,520	29,685,706,653,696	725,854,906	1,761,101,138	0	0
em-p-ihep51	20260625154943072000000	15	23,191,439,151,104	23,191,603,838,976	14,566,900,444,278	25,154,938,761,216	25,945,969,811,456	22,034,264,555,520	29,685,706,653,696	851,546,633	1,547,125,784	0	0
em-p-ihep51	20260625154953074000000	15	23,191,425,421,312	23,191,585,386,496	14,563,493,516,792	25,154,938,761,216	25,945,969,811,456	22,034,264,555,520	29,685,706,653,696	552,597,878	1,074,473,972	0	0
em-p-ihep51	20260625155003093000000	17	23,191,428,825,088	23,191,622,209,536	14,572,819,161,829	25,154,938,761,216	25,945,969,811,456	22,034,264,555,520	29,685,706,653,696	926,065,098	2,171,577,916	0	0
em-p-ihep51	20260625155013187000000	28	23,191,456,829,440	23,191,616,864,256	14,579,346,744,133	25,154,938,761,216	25,945,969,811,456	22,034,264,555,520	29,685,706,653,696	1,560,994,090	2,234,242,820	0	0
em-p-ihep51	20260625155023298000000	22	23,191,454,617,600	23,191,597,117,440	14,576,571,361,266	25,154,938,761,216	25,945,969,811,456	22,034,264,555,520	29,685,706,653,696	855,209,837	1,787,179,626	0	0
em-p-ihep51	20260625155033339000000	26	23,191,455,854,592	23,191,565,053,952	14,573,639,849,341	25,154,938,761,216	25,945,969,811,456	22,034,264,555,520	29,685,706,653,696	735,200,136	1,704,607,863	0	0
em-p-ihep51	20260625155043313000000	23	23,191,459,254,272	23,191,549,788,160	14,577,403,862,893	25,154,938,761,216	25,945,969,811,456	22,034,264,555,520	29,685,706,653,696	277,206,877	1,140,744,961	0	0
em-p-ihep51	20260625155053329000000	20	23,191,459,254,272	23,191,539,941,376	14,572,437,082,748	25,154,938,761,216	25,945,969,811,456	22,034,264,555,520	29,685,706,653,696	401,178,229	963,915,224	0	0
em-p-ihep51	20260625155103358000000	25	23,191,461,580,800	23,191,539,675,136	14,570,076,486,198	25,154,938,761,216	25,945,969,811,456	22,034,264,555,520	29,685,706,653,696	459,637,485	1,011,850,119	0	0
em-p-ihep51	20260625155113439000000	21	23,193,060,659,200	23,193,232,224,256	14,569,764,803,032	25,154,938,761,216	25,945,969,811,456	22,034,264,555,520	29,685,706,653,696	788,273,139	1,921,787,516	0	0
em-p-ihep51	20260625155123421000000	16	23,193,060,081,664	23,193,336,705,024	14,574,287,993,236	25,154,938,761,216	25,945,969,811,456	22,034,264,555,520	29,685,706,653,696	920,388,274	2,016,067,909	0	0
em-p-ihep51	20260625155133431000000	18	23,193,061,638,144	23,193,149,468,672	14,569,263,716,639	25,154,938,761,216	25,945,969,811,456	22,034,264,555,520	29,685,706,653,696	398,429,442	1,519,104,146	0	0
em-p-ihep51	20260625155143464000000	21	23,193,061,531,648	23,193,152,741,376	14,570,677,195,222	25,154,938,761,216	25,945,969,811,456	22,034,264,555,520	29,685,706,653,696	611,233,203	1,114,986,487	0	0
em-p-ihep51	20260625155153478000000	19	23,193,082,552,320	23,193,185,443,840	14,567,333,604,466	25,154,938,761,216	25,945,969,811,456	22,034,264,555,520	29,685,706,653,696	591,305,063	1,499,106,884	0	0
em-p-ihep51	20260625155203475000000	19	23,193,086,267,392	23,193,451,057,152	14,555,824,539,199	25,154,938,761,216	25,945,969,811,456	22,034,264,555,520	29,685,706,653,696	693,062,130	3,521,321,914	0	0
em-p-ihep51	20260625155213484000000	23	23,193,079,447,552	23,193,164,107,776	14,557,721,083,146	25,154,938,761,216	25,945,969,811,456	22,034,264,555,520	29,685,706,653,696	1,304,652,810	2,139,327,072	0	0
em-p-ihep51	20260625155223479000000	14	23,193,084,477,440	23,193,174,216,704	14,563,050,895,018	25,154,938,761,216	25,945,969,811,456	22,034,264,555,520	29,685,706,653,696	572,031,656	1,287,971,441	0	0
em-p-ihep51	20260625155233492000000	16	23,193,084,370,944	23,193,171,542,016	14,559,157,904,388	25,154,938,761,216	25,945,969,811,456	22,034,264,555,520	29,685,706,653,696	698,981,048	1,465,222,501	0	0
em-p-ihep51	20260625155243490000000	18	23,193,083,183,104	23,193,173,807,104	14,566,162,672,693	25,154,938,761,216	25,945,969,811,456	22,034,264,555,520	29,685,706,653,696	680,373,963	1,092,624,243	0	0
em-p-ihep51	20260625155253514000000	15	23,193,087,778,816	23,193,190,936,576	14,558,908,455,366	25,154,938,761,216	25,945,969,811,456	22,034,264,555,520	29,685,706,653,696	630,340,338	1,034,462,606	0	0
em-p-ihep51	20260625155303615000000	13	23,193,086,590,976	23,193,182,498,816	14,557,689,177,311	25,154,938,761,216	25,945,969,811,456	22,034,264,555,520	29,685,706,653,696	602,653,314	998,455,624	0	0
em-p-ihep51	20260625155313630000000	17	23,193,086,758,912	23,193,176,334,336	14,561,696,344,306	25,154,938,761,216	25,945,969,811,456	22,034,264,555,520	29,685,706,653,696	658,827,504	2,487,321,687	0	0
em-p-ihep51	20260625155323627000000	16	23,193,086,652,416	23,193,156,165,632	14,560,123,970,005	25,154,938,761,216	25,945,969,811,456	22,034,264,555,520	29,685,706,653,696	1,028,520,516	2,192,151,243	0	0
em-p-ihep51	20260625155333726000000	19	23,193,087,897,600	23,193,155,407,872	14,559,209,608,515	25,154,938,761,216	25,945,969,811,456	22,034,264,555,520	29,685,706,653,696	174,167,757	1,249,794,072	0	0
em-p-ihep51	20260625155343719000000	16	23,193,087,791,104	23,193,153,904,640	14,554,361,339,965	25,154,938,761,216	25,945,969,811,456	22,034,264,555,520	29,685,706,653,696	388,674,696	844,099,417	0	0
em-p-ihep51	20260625155353742000000	14	23,193,087,791,104	23,193,154,179,072	14,560,850,426,667	25,154,938,761,216	25,945,969,811,456	22,034,264,555,520	29,685,706,653,696	745,819,102	1,710,666,752	0	0
em-p-ihep51	20260625155403821000000	13	23,193,089,142,784	23,193,174,503,424	14,560,666,257,401	25,154,938,761,216	25,945,969,811,456	22,034,264,555,520	29,685,706,653,696	901,912,708	1,267,683,388	0	0
em-p-ihep51	20260625155413843000000	20	23,190,940,717,056	23,191,005,544,448	14,567,425,791,962	25,154,938,761,216	25,945,969,811,456	22,034,264,555,520	29,685,706,653,696	725,486,586	1,501,931,087	24,576	0
em-p-ihep51	20260625155423968000000	21	23,199,032,807,424	23,199,099,359,232	14,575,610,814,310	25,154,938,761,216	25,945,969,811,456	22,034,264,555,520	29,685,706,653,696	817,091,570	1,784,368,208	0	0
em-p-ihep51	20260625155433998000000	30	23,190,394,527,744	23,190,470,463,488	14,563,143,249,678	25,154,938,761,216	25,945,969,811,456	22,034,264,555,520	29,685,706,653,696	957,078,021	1,231,661,818	0	0
em-p-ihep51	20260625155443979000000	26	23,190,416,576,512	23,190,481,375,232	14,561,084,780,595	25,154,938,761,216	25,945,969,811,456	22,034,264,555,520	29,685,706,653,696	838,532,828	1,376,372,143	0	0
em-p-ihep51	20260625155453985000000	20	23,190,416,576,512	23,190,484,221,952	14,562,887,563,954	25,154,938,761,216	25,945,969,811,456	22,034,264,555,520	29,685,706,653,696	677,700,792	1,258,993,838	0	0
em-p-ihep51	20260625155504028000000	16	23,190,416,470,016	23,190,539,468,800	14,567,807,574,244	25,154,938,761,216	25,945,969,811,456	22,034,264,555,520	29,685,706,653,696	481,199,325	1,293,555,012	0	0
em-p-ihep51	20260625155514041000000	24	23,190,420,148,224	23,190,519,726,080	14,575,920,706,211	25,154,938,761,216	25,945,969,811,456	22,034,264,555,520	29,685,706,653,696	746,756,849	1,903,259,124	0	0
em-p-ihep51	20260625155524028000000	30	23,190,423,957,504	23,190,540,546,048	14,572,567,260,334	25,154,938,761,216	25,945,969,811,456	22,034,264,555,520	29,685,706,653,696	597,694,061	2,680,204,660	0	0
em-p-ihep51	20260625155534020000000	25	23,190,429,966,336	23,190,527,877,120	14,568,579,597,969	25,154,938,761,216	25,945,969,811,456	22,034,264,555,520	29,685,706,653,696	924,270,964	2,409,910,341	0	0
em-p-ihep51	20260625155544059000000	29	23,190,444,294,144	23,190,570,254,336	14,574,498,161,536	25,154,938,761,216	25,945,969,811,456	22,034,264,555,520	29,685,706,653,696	472,067,800	1,126,515,032	0	0
em-p-ihep51	20260625155554074000000	22	23,190,446,579,712	23,190,547,243,008	14,569,229,194,333	25,154,938,761,216	25,945,969,811,456	22,034,264,555,520	29,685,706,653,696	745,894,916	983,061,215	0	0
em-p-ihep51	20260625155604117000000	27	23,190,436,925,440	23,190,536,540,160	14,566,001,602,949	25,154,938,761,216	25,945,969,811,456	22,034,264,555,520	29,685,706,653,696	647,019,921	1,100,509,739	49,152	0
em-p-ihep51	20260625155614118000000	26	23,190,634,639,360	23,190,951,776,256	14,572,829,678,211	25,154,938,761,216	25,945,969,811,456	22,034,264,555,520	29,685,706,653,696	736,784,433	1,385,806,822	28,672	0
em-p-ihep51	20260625155624150000000	29	23,191,174,463,488	23,191,260,078,080	14,570,962,776,740	25,154,938,761,216	25,945,969,811,456	22,034,264,555,520	29,685,706,653,696	857,581,997	1,833,219,613	0	0
em-p-ihep51	20260625155634237000000	29	23,191,180,574,720	23,191,272,583,168	14,573,775,908,403	25,154,938,761,216	25,945,969,811,456	22,034,264,555,520	29,685,706,653,696	758,009,511	1,705,404,267	0	0
em-p-ihep51	20260625155644244000000	27	23,191,162,818,560	23,191,655,784,448	14,570,408,979,591	25,154,938,761,216	25,945,969,811,456	22,034,264,555,520	29,685,706,653,696	1,007,858,514	2,310,227,893	0	0
em-p-ihep51	20260625155654254000000	24	23,191,162,982,400	23,191,253,147,648	14,569,120,875,279	25,154,938,761,216	25,945,969,811,456	22,034,264,555,520	29,685,706,653,696	1,106,234,621	1,625,214,048	0	0
em-p-ihep51	20260625155704248000000	21	23,191,498,604,544	23,191,584,190,464	14,571,288,990,039	25,154,938,761,216	25,945,969,811,456	22,034,264,555,520	29,685,706,653,696	753,569,648	2,532,965,977	0	0
em-p-ihep51	20260625155714343000000	20	23,191,502,147,584	23,191,736,008,704	14,558,851,753,227	25,154,938,761,216	25,945,969,811,456	22,034,264,555,520	29,685,706,653,696	1,258,379,083	2,423,097,668	0	0
em-p-ihep51	20260625155724447000000	20	23,191,581,827,072	23,191,662,276,608	14,564,821,115,162	25,154,938,761,216	25,945,969,811,456	22,034,264,555,520	29,685,706,653,696	564,094,293	1,627,225,383	0	0
em-p-ihep51	20260625155734445000000	20	23,191,585,521,664	23,191,663,362,048	14,570,053,599,579	25,154,938,761,216	25,945,969,811,456	22,034,264,555,520	29,685,706,653,696	547,695,073	991,701,504	0	0
em-p-ihep51	20260625155744541000000	17	23,191,582,334,976	23,191,964,151,808	14,571,888,832,390	25,154,938,761,216	25,945,969,811,456	22,034,264,555,520	29,685,706,653,696	1,183,959,748	2,670,809,683	0	0
em-p-ihep51	20260625155754636000000	21	23,191,584,464,896	23,191,678,607,360	14,566,976,675,892	25,154,938,761,216	25,945,969,811,456	22,034,264,555,520	29,685,706,653,696	607,706,378	2,802,298,915	0	0
em-p-ihep51	20260625155804747000000	17	23,191,584,628,736	23,191,662,956,544	14,572,790,543,729	25,154,938,761,216	25,945,969,811,456	22,034,264,555,520	29,685,706,653,696	648,812,373	1,544,457,409	0	0
em-p-ihep51	20260625155814740000000	20	23,191,584,935,936	23,191,664,553,984	14,559,514,657,568	25,154,938,761,216	25,945,969,811,456	22,034,264,555,520	29,685,706,653,696	523,960,187	986,864,852	0	0
em-p-ihep51	20260625155824852000000	18	23,191,578,996,736	23,191,677,874,176	14,563,714,850,911	25,154,938,761,216	25,945,969,811,456	22,034,264,555,520	29,685,706,653,696	400,723,502	784,267,234	0	0
em-p-ihep51	20260625155834843000000	19	23,191,580,573,696	23,191,652,519,936	14,566,128,828,102	25,154,938,761,216	25,945,969,811,456	22,034,264,555,520	29,685,706,653,696	491,649,830	972,537,142	0	0
em-p-ihep51	20260625155844935000000	17	23,191,580,524,544	23,191,651,545,088	14,562,772,120,331	25,154,938,761,216	25,945,969,811,456	22,034,264,555,520	29,685,706,653,696	813,584,094	1,399,173,715	0	0
em-p-ihep51	20260625155855058000000	18	23,191,579,230,208	23,191,650,406,400	14,563,301,687,259	25,154,938,761,216	25,945,969,811,456	22,034,264,555,520	29,685,706,653,696	960,047,001	1,329,449,716	0	0
em-p-ihep51	20260625155905105000000	24	23,191,577,001,984	23,192,172,810,240	14,565,707,443,780	25,154,938,761,216	25,945,969,811,456	22,034,264,555,520	29,685,706,653,696	628,150,159	1,696,731,629	0	0
em-p-ihep51	20260625155915138000000	24	23,191,577,165,824	23,191,722,127,360	14,573,338,335,905	25,154,938,761,216	25,945,969,811,456	22,034,264,555,520	29,685,706,653,696	1,032,820,725	2,761,366,756	0	0
em-p-ihep51	20260625155925144000000	24	23,191,579,217,920	23,191,723,716,608	14,565,261,713,386	25,154,938,761,216	25,945,969,811,456	22,034,264,555,520	29,685,706,653,696	474,057,612	2,009,721,400	0	0
em-p-ihep51	20260625155935151000000	21	23,191,579,648,000	23,191,983,226,880	14,563,828,759,344	25,154,938,761,216	25,945,969,811,456	22,034,264,555,520	29,685,706,653,696	616,158,934	1,216,209,151	0	0
em-p-ihep51	20260625155945151000000	13	23,191,578,624,000	23,191,721,734,144	14,561,682,674,004	25,154,938,761,216	25,945,969,811,456	22,034,264,555,520	29,685,706,653,696	694,952,045	1,234,084,167	0	0
em-p-ihep51	20260625155955242000000	17	23,191,579,705,344	23,191,709,265,920	14,574,402,699,617	25,154,938,761,216	25,945,969,811,456	22,034,264,555,520	29,685,706,653,696	756,946,727	1,131,205,695	0	0
em-p-ihep51	20260625160005358000000	18	23,191,577,374,720	23,191,707,734,016	14,560,804,639,238	25,154,938,761,216	25,945,969,811,456	22,034,264,555,520	29,685,706,653,696	1,087,072,518	1,708,212,182	0	0
em-p-ihep51	20260625160015394000000	43	23,192,907,800,576	23,193,044,889,600	14,611,934,305,396	25,154,938,761,216	25,945,969,811,456	22,034,264,555,520	29,685,706,653,696	1,403,564,532	3,122,062,605	12,288	0
em-p-ihep51	20260625160025398000000	42	23,194,560,143,360	23,194,691,448,832	14,587,853,888,788	25,154,938,761,216	25,945,969,811,456	22,034,264,555,520	29,685,706,653,696	1,145,282,939	3,138,855,017	0	0
em-p-ihep51	20260625160035422000000	30	23,193,753,591,808	23,193,895,567,360	14,572,983,203,859	25,154,938,761,216	25,945,969,811,456	22,034,264,555,520	29,685,706,653,696	1,312,161,055	2,894,102,990	0	0
em-p-ihep51	20260625160045420000000	32	23,194,319,581,184	23,194,463,232,000	14,578,249,873,026	25,154,938,761,216	25,945,969,811,456	22,034,264,555,520	29,685,706,653,696	1,151,019,778	1,974,634,999	0	0
em-p-ihep51	20260625160055458000000	32	23,193,791,193,088	23,193,918,345,216	14,581,085,116,362	25,154,938,761,216	25,945,969,811,456	22,034,264,555,520	29,685,706,653,696	913,372,583	1,889,426,991	0	0
em-p-ihep51	20260625160105481000000	47	23,193,861,726,208	23,194,037,317,632	14,582,913,632,225	25,154,938,761,216	25,945,969,811,456	22,034,264,555,520	29,685,706,653,696	1,252,911,372	1,906,101,049	4,096	0
em-p-ihep51	20260625160115532000000	39	23,194,662,637,568	23,194,847,526,912	14,586,175,560,847	25,154,938,761,216	25,945,969,811,456	22,034,264,555,520	29,685,706,653,696	1,329,008,205	2,391,216,938	0	0
em-p-ihep51	20260625160125507000000	30	23,194,658,373,632	23,194,946,191,360	14,573,657,024,921	25,154,938,761,216	25,945,969,811,456	22,034,264,555,520	29,685,706,653,696	768,409,798	2,910,425,089	0	0
em-p-ihep51	20260625160135535000000	23	23,194,666,819,584	23,194,792,706,048	14,580,810,267,544	25,154,938,761,216	25,945,969,811,456	22,034,264,555,520	29,685,706,653,696	314,901,675	1,250,537,806	0	0
em-p-ihep51	20260625160145543000000	33	23,194,671,550,464	23,194,825,052,160	14,580,322,238,471	25,154,938,761,216	25,945,969,811,456	22,034,264,555,520	29,685,706,653,696	551,860,186	1,308,144,046	0	0
em-p-ihep51	20260625160155534000000	27	23,194,672,799,744	23,194,805,465,088	14,571,536,968,345	25,154,938,761,216	25,945,969,811,456	22,034,264,555,520	29,685,706,653,696	652,669,203	1,082,416,775	0	0
em-p-ihep51	20260625160205569000000	28	23,194,674,098,176	23,194,806,669,312	14,573,396,574,258	25,154,938,761,216	25,945,969,811,456	22,034,264,555,520	29,685,706,653,696	325,427,094	1,327,483,889	0	0
em-p-ihep51	20260625160215550000000	22	23,194,676,645,888	23,195,284,983,808	14,577,933,627,934	25,154,938,761,216	25,945,969,811,456	22,034,264,555,520	29,685,706,653,696	784,316,245	1,500,176,174	0	0
em-p-ihep51	20260625160225564000000	21	23,194,696,970,240	23,194,838,896,640	14,573,816,232,511	25,154,938,761,216	25,945,969,811,456	22,034,264,555,520	29,685,706,653,696	421,150,904	1,287,517,303	0	0
em-p-ihep51	20260625160235646000000	23	23,194,697,109,504	23,194,839,752,704	14,573,609,345,454	25,154,938,761,216	25,945,969,811,456	22,034,264,555,520	29,685,706,653,696	525,934,310	1,138,078,148	69,632	0
em-p-ihep51	20260625160245745000000	19	23,194,700,722,176	23,194,837,798,912	14,576,812,948,243	25,154,938,761,216	25,945,969,811,456	22,034,264,555,520	29,685,706,653,696	582,923,391	1,105,984,645	0	0
em-p-ihep51	20260625160255831000000	16	23,194,701,967,360	23,194,824,835,072	14,571,336,883,076	25,154,938,761,216	25,945,969,811,456	22,034,264,555,520	29,685,706,653,696	391,047,682	914,119,788	0	0
em-p-ihep51	20260625160305934000000	19	23,194,698,866,688	23,195,018,153,984	14,574,514,649,823	25,154,938,761,216	25,945,969,811,456	22,034,264,555,520	29,685,706,653,696	433,005,313	2,705,593,876	0	0
em-p-ihep51	20260625160316029000000	19	23,194,699,915,264	23,194,844,274,688	14,571,519,482,694	25,154,938,761,216	25,945,969,811,456	22,034,264,555,520	29,685,706,653,696	1,232,241,064	2,223,874,262	0	0
em-p-ihep51	20260625160326030000000	16	23,194,700,079,104	23,194,795,069,440	14,577,010,319,604	25,154,938,761,216	25,945,969,811,456	22,034,264,555,520	29,685,706,653,696	925,679,337	1,518,936,357	0	0
em-p-ihep51	20260625160336127000000	21	23,194,699,972,608	23,194,806,239,232	14,577,346,095,579	25,154,938,761,216	25,945,969,811,456	22,034,264,555,520	29,685,706,653,696	433,848,514	1,301,496,290	0	0
em-p-ihep51	20260625160346237000000	28	23,194,703,482,880	23,194,797,170,688	14,574,532,976,678	25,154,938,761,216	25,945,969,811,456	22,034,264,555,520	29,685,706,653,696	713,184,596	2,092,432,885	0	0
em-p-ihep51	20260625160356275000000	23	23,194,706,890,752	23,194,832,375,808	14,580,119,210,492	25,154,938,761,216	25,945,969,811,456	22,034,264,555,520	29,685,706,653,696	997,274,100	1,241,824,902	0	0
em-p-ihep51	20260625160406245000000	23	23,194,701,430,784	23,194,794,655,744	14,575,986,341,735	25,154,938,761,216	25,945,969,811,456	22,034,264,555,520	29,685,706,653,696	381,340,134	1,210,916,470	0	0
em-p-ihep51	20260625160416277000000	23	23,196,546,244,608	23,196,641,828,864	14,587,809,581,799	25,154,938,761,216	25,945,969,811,456	22,034,264,555,520	29,685,706,653,696	648,472,163	1,004,783,071	0	0
em-p-ihep51	20260625160426256000000	17	23,196,546,408,448	23,196,645,285,888	14,572,006,490,270	25,154,938,761,216	25,945,969,811,456	22,034,264,555,520	29,685,706,653,696	752,871,473	1,205,062,483	0	0
em-p-ihep51	20260625160436277000000	19	23,193,254,125,568	23,193,363,619,840	14,576,293,201,765	25,154,938,761,216	25,945,969,811,456	22,034,264,555,520	29,685,706,653,696	570,269,778	1,129,478,835	0	0
em-p-ihep51	20260625160446363000000	20	23,193,258,987,520	23,193,381,277,696	14,577,104,617,618	25,154,938,761,216	25,945,969,811,456	22,034,264,555,520	29,685,706,653,696	471,506,657	858,096,898	0	0
em-p-ihep51	20260625160456396000000	27	23,193,258,770,432	23,193,381,318,656	14,574,561,309,667	25,154,938,761,216	25,945,969,811,456	22,034,264,555,520	29,685,706,653,696	522,695,815	1,043,978,303	0	0
em-p-ihep51	20260625160506508000000	21	23,193,256,550,400	23,193,741,230,080	14,579,275,227,405	25,154,938,761,216	25,945,969,811,456	22,034,264,555,520	29,685,706,653,696	589,578,416	2,013,016,855	0	0
em-p-ihep51	20260625160516504000000	24	23,193,254,379,520	23,193,363,505,152	14,575,659,773,475	25,154,938,761,216	25,945,969,811,456	22,034,264,555,520	29,685,706,653,696	787,852,549	1,784,586,446	0	0
em-p-ihep51	20260625160526543000000	22	23,193,255,186,432	23,193,359,765,504	14,576,299,455,009	25,154,938,761,216	25,945,969,811,456	22,034,264,555,520	29,685,706,653,696	796,983,066	2,400,222,614	0	0
em-p-ihep51	20260625160536527000000	24	23,193,264,267,264	23,193,785,143,296	14,581,120,339,655	25,154,938,761,216	25,945,969,811,456	22,034,264,555,520	29,685,706,653,696	814,025,480	2,539,330,075	0	0
em-p-ihep51	20260625160546545000000	30	23,193,247,240,192	23,193,348,149,248	14,569,246,058,916	25,154,938,761,216	25,945,969,811,456	22,034,264,555,520	29,685,706,653,696	897,991,544	2,041,079,759	0	0
em-p-ihep51	20260625160556626000000	28	23,193,243,951,104	23,193,344,614,400	14,579,023,326,459	25,154,938,761,216	25,945,969,811,456	22,034,264,555,520	29,685,706,653,696	877,131,300	1,282,213,393	0	0
em-p-ihep51	20260625160606673000000	35	23,193,245,507,584	23,193,754,656,768	14,587,150,579,114	25,154,938,761,216	25,945,969,811,456	22,034,264,555,520	29,685,706,653,696	869,873,817	1,316,838,144	0	0
em-p-ihep51	20260625160616662000000	34	23,193,255,096,320	23,193,357,852,672	14,582,541,261,712	25,154,938,761,216	25,945,969,811,456	22,034,264,555,520	29,685,706,653,696	872,356,411	1,363,389,379	0	0
em-p-ihep51	20260625160626681000000	36	23,193,265,819,648	23,193,385,623,552	14,577,708,113,793	25,154,938,761,216	25,945,969,811,456	22,034,264,555,520	29,685,706,653,696	769,646,304	3,254,797,831	0	0
em-p-ihep51	20260625160636682000000	30	23,193,258,307,584	23,193,383,690,240	14,574,854,933,275	25,154,938,761,216	25,945,969,811,456	22,034,264,555,520	29,685,706,653,696	1,320,997,418	2,697,991,603	0	0
em-p-ihep51	20260625160646713000000	35	23,193,259,442,176	23,193,721,581,568	14,590,641,820,387	25,154,938,761,216	25,945,969,811,456	22,034,264,555,520	29,685,706,653,696	804,677,568	2,366,121,463	0	0
em-p-ihep51	20260625160656700000000	34	23,193,256,198,144	23,193,351,909,376	14,584,536,673,940	25,154,938,761,216	25,945,969,811,456	22,034,264,555,520	29,685,706,653,696	669,114,499	1,946,238,054	0	0
em-p-ihep51	20260625160706706000000	34	23,193,249,349,632	23,193,347,604,480	14,585,710,011,277	25,154,938,761,216	25,945,969,811,456	22,034,264,555,520	29,685,706,653,696	696,584,889	1,721,133,461	40,960	0
em-p-ihep51	20260625160716731000000	27	23,193,527,742,464	23,193,638,481,920	14,581,075,360,843	25,154,938,761,216	25,945,969,811,456	22,034,264,555,520	29,685,706,653,696	1,119,730,626	1,977,143,468	28,672	0
em-p-ihep51	20260625160726804000000	24	23,193,535,750,144	23,193,640,058,880	14,572,838,077,414	25,154,938,761,216	25,945,969,811,456	22,034,264,555,520	29,685,706,653,696	1,170,836,072	2,037,242,312	0	0
em-p-ihep51	20260625160736818000000	21	23,193,536,151,552	23,193,627,062,272	14,575,390,766,985	25,154,938,761,216	25,945,969,811,456	22,034,264,555,520	29,685,706,653,696	1,018,635,954	1,625,718,407	0	0
em-p-ihep51	20260625160746821000000	23	23,193,536,208,896	23,193,635,983,360	14,576,875,980,080	25,154,938,761,216	25,945,969,811,456	22,034,264,555,520	29,685,706,653,696	1,041,101,540	1,707,868,539	0	0
em-p-ihep51	20260625160756918000000	24	23,193,538,531,328	23,193,620,897,792	14,580,271,743,176	25,154,938,761,216	25,945,969,811,456	22,034,264,555,520	29,685,706,653,696	624,832,311	2,104,657,346	0	0
em-p-ihep51	20260625160806964000000	25	23,193,524,416,512	23,193,602,375,680	14,585,086,403,011	25,154,938,761,216	25,945,969,811,456	22,034,264,555,520	29,685,706,653,696	656,937,904	2,492,474,844	32,768	0
em-p-ihep51	20260625160817025000000	31	23,194,102,898,688	23,194,633,351,168	14,582,749,370,386	25,154,938,761,216	25,945,969,811,456	22,034,264,555,520	29,685,706,653,696	849,320,637	2,186,396,818	0	0
em-p-ihep51	20260625160827004000000	17	23,190,973,153,280	23,191,052,828,672	14,577,559,140,993	25,154,938,761,216	25,945,969,811,456	22,034,264,555,520	29,685,706,653,696	612,147,045	1,022,455,831	0	0
em-p-ihep51	20260625160837014000000	23	23,190,975,270,912	23,191,049,195,520	14,576,509,240,899	25,154,938,761,216	25,945,969,811,456	22,034,264,555,520	29,685,706,653,696	644,780,662	1,109,669,178	0	0
em-p-ihep51	20260625160847037000000	25	23,190,983,798,784	23,191,047,249,920	14,577,224,857,841	25,154,938,761,216	25,945,969,811,456	22,034,264,555,520	29,685,706,653,696	631,985,905	1,354,365,088	0	0
em-p-ihep51	20260625160857024000000	20	23,191,352,430,592	23,191,077,253,120	14,575,973,723,563	25,154,938,761,216	25,945,969,811,456	22,034,264,555,520	29,685,706,653,696	1,029,560,910	1,572,849,175	12,288	0
em-p-ihep51	20260625160907048000000	25	23,191,734,018,048	23,191,825,362,944	14,572,188,557,021	25,154,938,761,216	25,945,969,811,456	22,034,264,555,520	29,685,706,653,696	1,415,472,834	2,524,392,319	0	0
em-p-ihep51	20260625160917093000000	31	23,193,042,132,992	23,192,779,780,096	14,596,423,738,985	25,154,938,761,216	25,945,969,811,456	22,034,264,555,520	29,685,706,653,696	1,323,958,144	2,502,677,656	0	0
em-p-ihep51	20260625160927133000000	32	23,194,906,677,248	23,195,641,671,680	14,578,945,286,922	25,154,938,761,216	25,945,969,811,456	22,034,264,555,520	29,685,706,653,696	1,053,801,201	3,360,284,934	0	0
em-p-ihep51	20260625160937101000000	25	23,191,713,394,688	23,191,903,547,392	14,573,972,006,847	25,154,938,761,216	25,945,969,811,456	22,034,264,555,520	29,685,706,653,696	905,584,014	2,409,496,285	0	0
em-p-ihep51	20260625160947119000000	26	23,191,703,502,848	23,191,892,885,504	14,566,231,563,924	25,154,938,761,216	25,945,969,811,456	22,034,264,555,520	29,685,706,653,696	945,038,263	1,554,533,630	4,096	0
em-p-ihep51	20260625160957153000000	21	23,191,700,119,552	23,192,438,235,136	14,570,849,846,300	25,154,938,761,216	25,945,969,811,456	22,034,264,555,520	29,685,706,653,696	977,764,403	2,064,674,504	24,576	0
em-p-ihep51	20260625161007140000000	34	23,191,880,347,648	23,192,072,298,496	14,592,614,327,381	25,154,938,761,216	25,945,969,811,456	22,034,264,555,520	29,685,706,653,696	800,197,575	2,688,491,316	0	0
em-p-ihep51	20260625161017164000000	30	23,191,873,630,208	23,192,377,864,192	14,596,256,535,092	25,154,938,761,216	25,945,969,811,456	22,034,264,555,520	29,685,706,653,696	1,367,486,001	3,679,654,892	0	0
em-p-ihep51	20260625161027184000000	27	23,191,866,900,480	23,192,073,089,024	14,580,094,028,160	25,154,938,761,216	25,945,969,811,456	22,034,264,555,520	29,685,706,653,696	1,034,221,419	3,684,126,565	0	0
em-p-ihep51	20260625161037232000000	29	23,191,871,008,768	23,192,085,397,504	14,575,908,563,557	25,154,938,761,216	25,945,969,811,456	22,034,264,555,520	29,685,706,653,696	478,423,716	2,150,019,768	12,288	0
em-p-ihep51	20260625161047221000000	26	23,191,863,103,488	23,192,049,053,696	14,588,091,332,737	25,154,938,761,216	25,945,969,811,456	22,034,264,555,520	29,685,706,653,696	1,021,576,684	2,358,994,311	0	0
em-p-ihep51	20260625161057222000000	22	23,191,866,507,264	23,192,052,633,600	14,581,374,197,914	25,154,938,761,216	25,945,969,811,456	22,034,264,555,520	29,685,706,653,696	986,911,989	2,519,494,416	0	0
em-p-ihep51	20260625161107349000000	20	23,191,865,585,664	23,192,454,348,800	14,584,251,785,206	25,154,938,761,216	25,945,969,811,456	22,034,264,555,520	29,685,706,653,696	1,069,302,338	2,469,554,114	0	0
em-p-ihep51	20260625161117327000000	23	23,191,868,018,688	23,192,052,477,952	14,581,765,990,623	25,154,938,761,216	25,945,969,811,456	22,034,264,555,520	29,685,706,653,696	967,503,444	3,193,091,586	0	0
em-p-ihep51	20260625161127343000000	24	23,191,875,629,056	23,192,193,830,912	14,580,059,007,493	25,154,938,761,216	25,945,969,811,456	22,034,264,555,520	29,685,706,653,696	747,955,384	3,397,011,582	0	0
em-p-ihep51	20260625161137366000000	18	23,191,874,555,904	23,192,531,460,096	14,582,436,098,226	25,154,938,761,216	25,945,969,811,456	22,034,264,555,520	29,685,706,653,696	490,785,701	2,131,013,165	0	0
em-p-ihep51	20260625161147371000000	25	23,191,869,919,232	23,192,047,058,944	14,579,389,709,614	25,154,938,761,216	25,945,969,811,456	22,034,264,555,520	29,685,706,653,696	645,325,355	2,001,651,330	0	0
em-p-ihep51	20260625161157370000000	14	23,191,870,205,952	23,192,045,215,744	14,573,178,770,590	25,154,938,761,216	25,945,969,811,456	22,034,264,555,520	29,685,706,653,696	349,655,051	1,338,761,121	0	0
em-p-ihep51	20260625161207472000000	17	23,191,883,075,584	23,192,103,510,016	14,585,744,137,037	25,154,938,761,216	25,945,969,811,456	22,034,264,555,520	29,685,706,653,696	659,570,232	2,283,670,799	0	0
em-p-ihep51	20260625161217504000000	23	23,191,885,905,920	23,192,063,561,728	14,580,150,175,523	25,154,938,761,216	25,945,969,811,456	22,034,264,555,520	29,685,706,653,696	1,043,167,588	3,047,555,945	0	0
em-p-ihep51	20260625161227511000000	18	23,191,883,493,376	23,192,060,346,368	14,580,558,666,848	25,154,938,761,216	25,945,969,811,456	22,034,264,555,520	29,685,706,653,696	688,803,063	1,979,371,474	0	0
em-p-ihep51	20260625161237519000000	18	23,191,883,386,880	23,192,102,899,712	14,583,009,490,686	25,154,938,761,216	25,945,969,811,456	22,034,264,555,520	29,685,706,653,696	913,899,310	1,498,849,321	0	0
em-p-ihep51	20260625161247525000000	17	23,191,924,822,016	23,192,030,130,176	14,574,883,211,155	25,154,938,761,216	25,945,969,811,456	22,034,264,555,520	29,685,706,653,696	814,146,807	1,564,478,301	0	0
em-p-ihep51	20260625161257534000000	18	23,191,920,115,712	23,192,020,803,584	14,576,414,673,792	25,154,938,761,216	25,945,969,811,456	22,034,264,555,520	29,685,706,653,696	558,751,081	1,152,142,602	0	0
em-p-ihep51	20260625161307544000000	16	23,191,921,086,464	23,192,025,071,616	14,580,157,092,231	25,154,938,761,216	25,945,969,811,456	22,034,264,555,520	29,685,706,653,696	701,134,235	1,039,546,392	0	0
em-p-ihep51	20260625161317581000000	21	23,191,922,438,144	23,192,047,136,768	14,574,011,651,888	25,154,938,761,216	25,945,969,811,456	22,034,264,555,520	29,685,706,653,696	461,118,162	1,753,617,689	0	0
em-p-ihep51	20260625161327560000000	20	23,191,921,250,304	23,192,003,637,248	14,579,008,425,862	25,154,938,761,216	25,945,969,811,456	22,034,264,555,520	29,685,706,653,696	653,798,466	1,468,716,475	0	0
em-p-ihep51	20260625161337644000000	13	23,191,922,331,648	23,192,071,966,720	14,573,054,877,773	25,154,938,761,216	25,945,969,811,456	22,034,264,555,520	29,685,706,653,696	537,636,982	1,512,444,425	0	0
em-p-ihep51	20260625161347641000000	15	23,191,920,193,536	23,192,013,664,256	14,574,289,669,077	25,154,938,761,216	25,945,969,811,456	22,034,264,555,520	29,685,706,653,696	646,807,200	1,658,906,513	0	0
em-p-ihep51	20260625161357753000000	11	23,201,431,887,872	23,201,586,626,560	14,598,560,809,991	25,154,938,761,216	25,945,969,811,456	22,034,264,555,520	29,685,706,653,696	909,010,574	2,662,422,867	0	0
em-p-ihep51	20260625161407790000000	21	23,203,393,683,456	23,203,493,789,696	14,617,100,372,699	25,154,938,761,216	25,945,969,811,456	22,034,264,555,520	29,685,706,653,696	306,962,632	2,116,083,505	0	0
em-p-ihep51	20260625161417787000000	22	23,207,613,792,256	23,206,636,613,632	14,629,036,313,097	25,154,938,761,216	25,945,969,811,456	22,034,264,555,520	29,685,706,653,696	576,572,050	1,532,483,904	0	0
em-p-ihep51	20260625161427877000000	17	23,211,746,041,856	23,212,245,549,056	14,621,544,381,243	25,154,938,761,216	25,945,969,811,456	22,034,264,555,520	29,685,706,653,696	1,020,450,528	1,212,644,955	0	0
em-p-ihep51	20260625161437890000000	15	23,214,275,731,456	23,214,375,522,304	14,612,489,468,449	25,154,938,761,216	25,945,969,811,456	22,034,264,555,520	29,685,706,653,696	627,632,812	1,150,963,058	0	0
em-p-ihep51	20260625161447904000000	9	23,214,413,930,496	23,214,489,853,952	14,582,560,252,090	25,154,938,761,216	25,945,969,811,456	22,034,264,555,520	29,685,706,653,696	661,529,417	933,568,028	8,192	0
em-p-ihep51	20260625161457988000000	11	23,214,413,930,496	23,214,487,195,648	14,572,473,604,244	25,154,938,761,216	25,945,969,811,456	22,034,264,555,520	29,685,706,653,696	163,505,210	947,558,254	0	0
em-p-ihep51	20260625161508083000000	17	23,214,412,742,656	23,214,588,674,048	14,583,992,942,117	25,154,938,761,216	25,945,969,811,456	22,034,264,555,520	29,685,706,653,696	722,752,890	2,203,569,244	0	0
em-p-ihep51	20260625161518185000000	18	23,215,688,507,392	23,215,411,814,400	14,587,606,102,038	25,154,938,761,216	25,945,969,811,456	22,034,264,555,520	29,685,706,653,696	1,101,339,735	3,210,902,665	0	0
em-p-ihep51	20260625161528192000000	22	23,215,852,630,016	23,215,908,311,040	14,580,681,982,552	25,154,938,761,216	25,945,969,811,456	22,034,264,555,520	29,685,706,653,696	941,558,095	1,984,909,830	0	0
em-p-ihep51	20260625161538277000000	18	23,215,853,867,008	23,216,391,069,696	14,575,228,369,471	25,154,938,761,216	25,945,969,811,456	22,034,264,555,520	29,685,706,653,696	889,884,572	1,349,702,732	0	0
em-p-ihep51	20260625161548357000000	16	23,215,854,948,352	23,215,918,010,368	14,576,056,065,815	25,154,938,761,216	25,945,969,811,456	22,034,264,555,520	29,685,706,653,696	801,707,354	1,481,174,105	0	0
em-p-ihep51	20260625161558358000000	19	23,215,852,789,760	23,215,913,414,656	14,577,029,032,214	25,154,938,761,216	25,945,969,811,456	22,034,264,555,520	29,685,706,653,696	436,445,206	1,039,538,578	0	0
em-p-ihep51	20260625161608475000000	17	23,215,851,991,040	23,215,912,996,864	14,579,229,701,827	25,154,938,761,216	25,945,969,811,456	22,034,264,555,520	29,685,706,653,696	889,615,194	1,497,570,493	0	0
em-p-ihep51	20260625161618574000000	23	23,216,874,102,784	23,216,962,740,224	14,583,777,283,963	25,154,938,761,216	25,945,969,811,456	22,034,264,555,520	29,685,706,653,696	774,908,861	1,496,916,108	0	0
em-p-ihep51	20260625161628652000000	26	23,216,878,587,904	23,216,942,546,944	14,580,344,752,212	25,154,938,761,216	25,945,969,811,456	22,034,264,555,520	29,685,706,653,696	526,941,440	1,214,412,614	0	0
em-p-ihep51	20260625161638666000000	24	23,216,880,214,016	23,216,953,159,680	14,582,774,112,733	25,154,938,761,216	25,945,969,811,456	22,034,264,555,520	29,685,706,653,696	255,128,822	1,151,013,456	0	0
em-p-ihep51	20260625161648698000000	21	23,216,880,107,520	23,217,126,821,888	14,578,744,112,035	25,154,938,761,216	25,945,969,811,456	22,034,264,555,520	29,685,706,653,696	527,713,295	2,152,776,685	0	0
em-p-ihep51	20260625161658800000000	17	23,216,878,919,680	23,216,951,328,768	14,569,504,990,311	25,154,938,761,216	25,945,969,811,456	22,034,264,555,520	29,685,706,653,696	663,568,362	1,119,474,890	0	0
em-p-ihep51	20260625161708888000000	11	23,216,876,646,400	23,216,945,786,880	14,579,107,837,664	25,154,938,761,216	25,945,969,811,456	22,034,264,555,520	29,685,706,653,696	763,893,335	1,458,604,808	0	0
em-p-ihep51	20260625161719012000000	12	23,216,876,810,240	23,216,945,819,648	14,575,682,875,635	25,154,938,761,216	25,945,969,811,456	22,034,264,555,520	29,685,706,653,696	500,977,057	1,625,826,542	0	0
em-p-ihep51	20260625161728974000000	11	23,216,876,703,744	23,216,950,239,232	14,567,191,593,828	25,154,938,761,216	25,945,969,811,456	22,034,264,555,520	29,685,706,653,696	347,532,179	1,614,814,931	0	0
em-p-ihep51	20260625161739075000000	10	23,216,869,576,704	23,216,943,734,784	14,571,163,621,330	25,154,938,761,216	25,945,969,811,456	22,034,264,555,520	29,685,706,653,696	936,589,699	1,516,778,251	0	0
em-p-ihep51	20260625161749059000000	17	23,216,870,658,048	23,216,935,616,512	14,582,459,066,906	25,154,938,761,216	25,945,969,811,456	22,034,264,555,520	29,685,706,653,696	744,499,503	1,331,405,149	0	0
em-p-ihep51	20260625161759141000000	17	23,216,870,821,888	23,216,954,507,264	14,576,423,303,422	25,154,938,761,216	25,945,969,811,456	22,034,264,555,520	29,685,706,653,696	545,516,090	1,315,283,016	0	0
em-p-ihep51	20260625161809146000000	19	23,220,030,394,368	23,219,934,003,200	14,587,918,668,730	25,154,938,761,216	25,945,969,811,456	22,034,264,555,520	29,685,706,653,696	623,838,296	2,184,993,096	0	0
em-p-ihep51	20260625161819158000000	22	23,216,080,502,784	23,216,156,393,472	14,575,449,431,549	25,154,938,761,216	25,945,969,811,456	22,034,264,555,520	29,685,706,653,696	664,798,232	1,171,684,631	0	0
em-p-ihep51	20260625161829175000000	17	23,216,085,286,912	23,216,480,608,256	14,573,966,594,235	25,154,938,761,216	25,945,969,811,456	22,034,264,555,520	29,685,706,653,696	1,054,455,185	2,317,594,582	0	0
em-p-ihep51	20260625161839228000000	16	23,216,086,695,936	23,216,367,652,864	14,573,580,347,398	25,154,938,761,216	25,945,969,811,456	22,034,264,555,520	29,685,706,653,696	748,157,723	2,075,667,222	0	0
em-p-ihep51	20260625161849312000000	20	23,216,086,556,672	23,216,202,936,320	14,576,676,684,146	25,154,938,761,216	25,945,969,811,456	22,034,264,555,520	29,685,706,653,696	805,505,164	1,834,796,003	0	0
em-p-ihep51	20260625161859388000000	11	23,216,086,556,672	23,216,200,994,816	14,571,556,873,076	25,154,938,761,216	25,945,969,811,456	22,034,264,555,520	29,685,706,653,696	497,812,120	806,879,831	0	0
em-p-ihep51	20260625161909476000000	13	23,215,894,360,064	23,216,476,557,312	14,582,609,361,482	25,154,938,761,216	25,945,969,811,456	22,034,264,555,520	29,685,706,653,696	512,982,277	2,096,557,133	0	0
em-p-ihep51	20260625161919568000000	18	23,215,894,523,904	23,216,099,557,376	14,593,164,175,227	25,154,938,761,216	25,945,969,811,456	22,034,264,555,520	29,685,706,653,696	691,469,126	2,148,153,930	0	0
em-p-ihep51	20260625161929660000000	19	23,215,894,417,408	23,216,099,930,112	14,577,030,664,885	25,154,938,761,216	25,945,969,811,456	22,034,264,555,520	29,685,706,653,696	659,428,596	1,960,404,256	0	0
em-p-ihep51	20260625161939752000000	20	23,216,237,142,016	23,216,445,440,000	14,572,557,124,387	25,154,938,761,216	25,945,969,811,456	22,034,264,555,520	29,685,706,653,696	455,345,131	1,323,399,077	0	0
em-p-ihep51	20260625161949852000000	19	23,216,237,416,448	23,216,441,102,336	14,579,893,344,035	25,154,938,761,216	25,945,969,811,456	22,034,264,555,520	29,685,706,653,696	683,919,359	1,382,166,266	0	0
em-p-ihep51	20260625161959936000000	14	23,216,256,499,712	23,216,454,266,880	14,577,348,724,085	25,154,938,761,216	25,945,969,811,456	22,034,264,555,520	29,685,706,653,696	407,763,350	1,003,711,542	0	0
em-p-ihep51	20260625162010074000000	26	23,216,356,380,672	23,216,567,734,272	14,625,355,616,006	25,154,938,761,216	25,945,969,811,456	22,034,264,555,520	29,685,706,653,696	618,047,182	2,596,969,562	0	0
em-p-ihep51	20260625162020116000000	27	23,220,704,972,800	23,221,332,570,112	14,606,591,959,217	25,154,938,761,216	25,945,969,811,456	22,034,264,555,520	29,685,706,653,696	726,005,547	1,763,902,061	0	0
em-p-ihep51	20260625162030139000000	23	23,214,357,782,528	23,214,555,598,848	14,599,336,281,474	25,154,938,761,216	25,945,969,811,456	22,034,264,555,520	29,685,706,653,696	638,976,404	2,531,084,024	0	0
em-p-ihep51	20260625162040156000000	19	23,214,355,668,992	23,214,544,113,664	14,582,585,151,984	25,154,938,761,216	25,945,969,811,456	22,034,264,555,520	29,685,706,653,696	177,758,581	933,220,299	0	0
em-p-ihep51	20260625162050130000000	21	23,214,350,004,224	23,215,010,193,408	14,577,511,473,913	25,154,938,761,216	25,945,969,811,456	22,034,264,555,520	29,685,706,653,696	579,875,501	2,134,142,864	0	0
em-p-ihep51	20260625162100263000000	26	23,214,497,419,264	23,214,680,809,472	14,585,293,138,673	25,154,938,761,216	25,945,969,811,456	22,034,264,555,520	29,685,706,653,696	677,417,181	1,847,554,125	0	0
em-p-ihep51	20260625162110295000000	29	23,214,490,226,688	23,214,673,985,536	14,601,482,688,083	25,154,938,761,216	25,945,969,811,456	22,034,264,555,520	29,685,706,653,696	678,469,275	1,158,752,759	28,672	0
em-p-ihep51	20260625162120263000000	27	23,214,629,191,680	23,215,348,142,080	14,588,341,404,320	25,154,938,761,216	25,945,969,811,456	22,034,264,555,520	29,685,706,653,696	685,855,077	2,335,469,575	0	0
em-p-ihep51	20260625162130330000000	21	23,214,630,670,336	23,214,803,685,376	14,584,626,086,705	25,154,938,761,216	25,945,969,811,456	22,034,264,555,520	29,685,706,653,696	569,920,190	1,738,111,426	0	0
em-p-ihep51	20260625162140439000000	21	23,214,654,124,032	23,214,826,913,792	14,575,691,515,102	25,154,938,761,216	25,945,969,811,456	22,034,264,555,520	29,685,706,653,696	318,706,943	954,875,500	0	0
em-p-ihep51	20260625162150441000000	15	23,214,652,940,288	23,214,826,000,384	14,583,870,030,191	25,154,938,761,216	25,945,969,811,456	22,034,264,555,520	29,685,706,653,696	469,485,808	846,151,635	0	0
em-p-ihep51	20260625162200452000000	17	23,214,654,181,376	23,215,239,094,272	14,580,264,294,038	25,154,938,761,216	25,945,969,811,456	22,034,264,555,520	29,685,706,653,696	531,621,525	858,661,063	0	0
em-p-ihep51	20260625162210547000000	22	23,214,656,233,472	23,214,829,670,400	14,582,304,571,412	25,154,938,761,216	25,945,969,811,456	22,034,264,555,520	29,685,706,653,696	486,155,394	1,357,023,797	0	0
em-p-ihep51	20260625162220639000000	20	23,214,658,560,000	23,214,836,641,792	14,573,799,252,216	25,154,938,761,216	25,945,969,811,456	22,034,264,555,520	29,685,706,653,696	592,900,904	1,534,160,082	0	0
em-p-ihep51	20260625162230741000000	20	23,214,658,560,000	23,215,257,444,352	14,580,187,746,780	25,154,938,761,216	25,945,969,811,456	22,034,264,555,520	29,685,706,653,696	594,948,014	1,162,591,377	0	0
em-p-ihep51	20260625162240829000000	18	23,214,658,560,000	23,214,830,505,984	14,574,719,253,553	25,154,938,761,216	25,945,969,811,456	22,034,264,555,520	29,685,706,653,696	785,421,971	1,272,518,128	0	0
em-p-ihep51	20260625162250945000000	22	23,214,662,696,960	23,214,834,982,912	14,588,527,571,330	25,154,938,761,216	25,945,969,811,456	22,034,264,555,520	29,685,706,653,696	658,439,131	1,054,881,740	0	0
em-p-ihep51	20260625162301025000000	27	23,214,661,533,696	23,214,837,161,984	14,580,229,804,983	25,154,938,761,216	25,945,969,811,456	22,034,264,555,520	29,685,706,653,696	482,011,066	1,138,629,576	0	0
em-p-ihep51	20260625162311121000000	25	23,214,662,504,448	23,214,834,941,952	14,590,511,567,495	25,154,938,761,216	25,945,969,811,456	22,034,264,555,520	29,685,706,653,696	695,946,369	1,203,943,650	0	0
em-p-ihep51	20260625162321201000000	20	23,214,653,370,368	23,214,822,711,296	14,568,071,624,087	25,154,938,761,216	25,945,969,811,456	22,034,264,555,520	29,685,706,653,696	461,996,296	1,760,742,591	0	0
em-p-ihep51	20260625162331215000000	14	23,214,653,534,208	23,214,851,305,472	14,579,254,674,384	25,154,938,761,216	25,945,969,811,456	22,034,264,555,520	29,685,706,653,696	1,315,265,990	1,938,296,401	0	0
em-p-ihep51	20260625162341299000000	19	23,214,653,427,712	23,215,397,539,840	14,575,215,537,648	25,154,938,761,216	25,945,969,811,456	22,034,264,555,520	29,685,706,653,696	740,752,535	1,602,774,893	0	0
em-p-ihep51	20260625162351380000000	16	23,214,653,591,552	23,214,854,946,816	14,573,266,792,433	25,154,938,761,216	25,945,969,811,456	22,034,264,555,520	29,685,706,653,696	725,745,513	1,621,877,088	0	0
em-p-ihep51	20260625162401416000000	18	23,214,658,076,672	23,214,856,114,176	14,571,983,860,582	25,154,938,761,216	25,945,969,811,456	22,034,264,555,520	29,685,706,653,696	466,207,514	1,220,953,884	0	0
em-p-ihep51	20260625162411479000000	16	23,212,994,740,224	23,213,196,464,128	14,584,298,710,758	25,154,938,761,216	25,945,969,811,456	22,034,264,555,520	29,685,706,653,696	964,435,305	1,731,548,583	0	0
em-p-ihep51	20260625162421540000000	14	23,215,757,246,464	23,215,945,261,056	14,587,306,128,656	25,154,938,761,216	25,945,969,811,456	22,034,264,555,520	29,685,706,653,696	623,845,760	1,168,480,945	0	0
em-p-ihep51	20260625162431645000000	19	23,208,922,439,680	23,209,107,173,376	14,579,064,900,365	25,154,938,761,216	25,945,969,811,456	22,034,264,555,520	29,685,706,653,696	298,014,742	899,291,952	0	0
em-p-ihep51	20260625162441664000000	18	23,207,848,591,360	23,208,040,108,032	14,579,201,996,193	25,154,938,761,216	25,945,969,811,456	22,034,264,555,520	29,685,706,653,696	705,292,909	1,357,013,016	0	0
em-p-ihep51	20260625162451741000000	13	23,207,847,403,520	23,208,463,147,008	14,571,183,629,009	25,154,938,761,216	25,945,969,811,456	22,034,264,555,520	29,685,706,653,696	807,733,920	1,227,502,360	0	0
em-p-ihep51	20260625162501837000000	19	23,207,849,836,544	23,208,041,496,576	14,579,908,466,964	25,154,938,761,216	25,945,969,811,456	22,034,264,555,520	29,685,706,653,696	360,249,163	1,307,861,383	0	0
em-p-ihep51	20260625162511828000000	21	23,207,658,934,272	23,207,852,941,312	14,598,987,235,186	25,154,938,761,216	25,945,969,811,456	22,034,264,555,520	29,685,706,653,696	798,793,790	1,691,877,337	0	0
em-p-ihep51	20260625162521925000000	25	23,207,659,831,296	23,208,405,200,896	14,580,580,111,493	25,154,938,761,216	25,945,969,811,456	22,034,264,555,520	29,685,706,653,696	708,878,807	2,738,368,426	0	0
em-p-ihep51	20260625162532022000000	20	23,207,662,391,296	23,207,859,281,920	14,582,952,963,198	25,154,938,761,216	25,945,969,811,456	22,034,264,555,520	29,685,706,653,696	506,720,659	1,671,063,973	0	0
em-p-ihep51	20260625162542110000000	20	23,207,662,284,800	23,207,853,211,648	14,576,585,623,710	25,154,938,761,216	25,945,969,811,456	22,034,264,555,520	29,685,706,653,696	341,598,090	839,937,503	0	0
em-p-ihep51	20260625162552197000000	21	23,207,663,218,688	23,207,787,937,792	14,584,735,869,424	25,154,938,761,216	25,945,969,811,456	22,034,264,555,520	29,685,706,653,696	490,320,964	1,505,356,036	0	0
em-p-ihep51	20260625162602286000000	25	23,207,663,382,528	23,207,804,391,424	14,581,391,700,970	25,154,938,761,216	25,945,969,811,456	22,034,264,555,520	29,685,706,653,696	574,818,490	1,438,318,677	0	0
em-p-ihep51	20260625162612378000000	26	23,209,363,255,296	23,209,480,265,728	14,590,366,783,909	25,154,938,761,216	25,945,969,811,456	22,034,264,555,520	29,685,706,653,696	674,057,281	1,447,442,880	0	0
em-p-ihep51	20260625162622458000000	18	23,209,363,148,800	23,209,468,112,896	14,578,129,380,909	25,154,938,761,216	25,945,969,811,456	22,034,264,555,520	29,685,706,653,696	477,009,498	1,523,481,881	0	0
em-p-ihep51	20260625162632459000000	16	23,209,361,960,960	23,209,935,069,184	14,574,221,088,837	25,154,938,761,216	25,945,969,811,456	22,034,264,555,520	29,685,706,653,696	487,915,439	1,299,348,974	0	0
em-p-ihep51	20260625162642469000000	17	23,209,364,393,984	23,209,469,366,272	14,579,451,756,892	25,154,938,761,216	25,945,969,811,456	22,034,264,555,520	29,685,706,653,696	349,646,672	929,297,805	0	0
em-p-ihep51	20260625162652557000000	21	23,209,365,639,168	23,209,469,370,368	14,581,227,890,255	25,154,938,761,216	25,945,969,811,456	22,034,264,555,520	29,685,706,653,696	547,147,572	1,096,958,144	0	0
em-p-ihep51	20260625162702645000000	16	23,209,293,406,208	23,209,446,092,800	14,573,440,422,048	25,154,938,761,216	25,945,969,811,456	22,034,264,555,520	29,685,706,653,696	893,255,823	1,192,620,174	0	0
em-p-ihep51	20260625162712744000000	16	23,209,288,601,600	23,209,498,267,648	14,578,437,863,479	25,154,938,761,216	25,945,969,811,456	22,034,264,555,520	29,685,706,653,696	720,729,963	1,624,970,895	16,384	0
em-p-ihep51	20260625162722831000000	16	23,209,274,683,392	23,209,377,918,976	14,569,681,451,236	25,154,938,761,216	25,945,969,811,456	22,034,264,555,520	29,685,706,653,696	555,563,107	1,771,264,354	0	0
em-p-ihep51	20260625162732906000000	16	23,209,277,042,688	23,209,383,202,816	14,571,433,155,327	25,154,938,761,216	25,945,969,811,456	22,034,264,555,520	29,685,706,653,696	806,334,306	1,444,981,895	106,496	0
em-p-ihep51	20260625162742920000000	17	23,209,276,936,192	23,209,891,971,072	14,572,099,833,867	25,154,938,761,216	25,945,969,811,456	22,034,264,555,520	29,685,706,653,696	841,587,627	1,331,172,552	0	0
em-p-ihep51	20260625162753011000000	15	23,209,278,287,872	23,209,388,355,584	14,572,716,090,192	25,154,938,761,216	25,945,969,811,456	22,034,264,555,520	29,685,706,653,696	650,449,155	1,764,399,665	0	0
em-p-ihep51	20260625162803114000000	19	23,209,279,262,720	23,209,456,816,128	14,577,237,911,473	25,154,938,761,216	25,945,969,811,456	22,034,264,555,520	29,685,706,653,696	1,301,033,075	2,113,573,979	0	0
em-p-ihep51	20260625162813101000000	20	23,209,282,441,216	23,209,376,571,392	14,588,448,232,695	25,154,938,761,216	25,945,969,811,456	22,034,264,555,520	29,685,706,653,696	927,245,900	1,278,789,087	0	0
em-p-ihep51	20260625162823195000000	17	23,209,281,253,376	23,209,414,373,376	14,576,996,798,967	25,154,938,761,216	25,945,969,811,456	22,034,264,555,520	29,685,706,653,696	574,005,021	1,112,893,812	0	0
em-p-ihep51	20260625162833280000000	14	23,209,284,767,744	23,209,415,421,952	14,573,691,537,246	25,154,938,761,216	25,945,969,811,456	22,034,264,555,520	29,685,706,653,696	732,747,817	1,403,252,926	0	0
em-p-ihep51	20260625162843364000000	14	23,209,283,682,304	23,209,412,087,808	14,569,157,535,643	25,154,938,761,216	25,945,969,811,456	22,034,264,555,520	29,685,706,653,696	745,565,803	1,231,373,747	0	0
em-p-ihep51	20260625162853485000000	19	23,209,284,653,056	23,209,429,102,592	14,579,806,427,804	25,154,938,761,216	25,945,969,811,456	22,034,264,555,520	29,685,706,653,696	977,080,984	1,609,061,621	0	0
em-p-ihep51	20260625162903547000000	19	23,209,468,977,152	23,209,600,823,296	14,570,624,723,628	25,154,938,761,216	25,945,969,811,456	22,034,264,555,520	29,685,706,653,696	472,410,508	1,473,830,716	0	0
em-p-ihep51	20260625162913649000000	20	23,210,944,225,280	23,211,075,895,296	14,588,298,670,620	25,154,938,761,216	25,945,969,811,456	22,034,264,555,520	29,685,706,653,696	898,579,945	2,836,309,771	0	0
em-p-ihep51	20260625162923642000000	20	23,217,042,345,984	23,218,546,085,888	14,577,373,536,386	25,154,938,761,216	25,945,969,811,456	22,034,264,555,520	29,685,706,653,696	699,452,371	2,049,737,255	0	0
em-p-ihep51	20260625162933751000000	20	23,211,900,923,904	23,212,141,191,168	14,579,490,187,638	25,154,938,761,216	25,945,969,811,456	22,034,264,555,520	29,685,706,653,696	740,251,104	1,370,746,792	0	0
em-p-ihep51	20260625162943742000000	15	23,207,496,347,648	23,207,717,965,824	14,571,884,351,438	25,154,938,761,216	25,945,969,811,456	22,034,264,555,520	29,685,706,653,696	989,783,597	2,728,063,789	0	0
em-p-ihep51	20260625162953833000000	15	23,207,496,208,384	23,207,717,978,112	14,581,890,685,941	25,154,938,761,216	25,945,969,811,456	22,034,264,555,520	29,685,706,653,696	1,263,373,818	2,218,790,750	0	0
em-p-ihep51	20260625163003947000000	15	23,207,516,639,232	23,207,733,383,168	14,582,457,498,244	25,154,938,761,216	25,945,969,811,456	22,034,264,555,520	29,685,706,653,696	815,540,839	1,883,506,151	4,096	0
em-p-ihep51	20260625163013919000000	33	23,207,698,276,352	23,207,918,510,080	14,601,638,417,261	25,154,938,761,216	25,945,969,811,456	22,034,264,555,520	29,685,706,653,696	1,643,617,743	3,199,205,872	12,288	0
em-p-ihep51	20260625163024028000000	28	23,207,699,521,536	23,207,924,105,216	14,582,936,795,482	25,154,938,761,216	25,945,969,811,456	22,034,264,555,520	29,685,706,653,696	1,379,463,749	1,888,447,690	0	0
em-p-ihep51	20260625163034015000000	23	23,207,774,326,784	23,208,436,142,080	14,590,502,958,151	25,154,938,761,216	25,945,969,811,456	22,034,264,555,520	29,685,706,653,696	527,827,048	998,313,692	0	0
em-p-ihep51	20260625163044039000000	20	23,207,775,305,728	23,207,986,159,616	14,570,723,507,422	25,154,938,761,216	25,945,969,811,456	22,034,264,555,520	29,685,706,653,696	646,165,478	1,701,734,094	0	0
em-p-ihep51	20260625163054129000000	21	23,208,470,106,112	23,208,691,761,152	14,581,659,631,802	25,154,938,761,216	25,945,969,811,456	22,034,264,555,520	29,685,706,653,696	802,402,089	1,802,988,784	0	0
em-p-ihep51	20260625163104214000000	24	23,208,464,814,080	23,208,665,616,384	14,577,627,200,313	25,154,938,761,216	25,945,969,811,456	22,034,264,555,520	29,685,706,653,696	1,072,205,159	1,613,742,516	0	0
em-p-ihep51	20260625163114245000000	25	23,208,773,992,448	23,209,306,939,392	14,579,044,064,140	25,154,938,761,216	25,945,969,811,456	22,034,264,555,520	29,685,706,653,696	676,454,931	2,647,254,215	0	0
em-p-ihep51	20260625163124250000000	23	23,208,773,967,872	23,208,979,968,000	14,575,988,909,149	25,154,938,761,216	25,945,969,811,456	22,034,264,555,520	29,685,706,653,696	599,766,524	2,012,758,066	0	0
em-p-ihep51	20260625163134269000000	24	23,208,772,780,032	23,208,978,554,880	14,579,805,556,112	25,154,938,761,216	25,945,969,811,456	22,034,264,555,520	29,685,706,653,696	713,459,976	1,041,209,544	0	0
em-p-ihep51	20260625163144279000000	24	23,208,776,290,304	23,208,987,377,664	14,577,374,012,671	25,154,938,761,216	25,945,969,811,456	22,034,264,555,520	29,685,706,653,696	695,669,611	1,340,783,392	20,480	0
em-p-ihep51	20260625163154267000000	24	23,208,784,760,832	23,208,987,254,784	14,576,844,103,240	25,154,938,761,216	25,945,969,811,456	22,034,264,555,520	29,685,706,653,696	811,006,643	1,277,403,637	0	0
em-p-ihep51	20260625163204376000000	23	23,208,791,003,136	23,208,994,312,192	14,579,164,773,204	25,154,938,761,216	25,945,969,811,456	22,034,264,555,520	29,685,706,653,696	668,810,849	1,524,545,655	0	0
em-p-ihep51	20260625163214376000000	27	23,208,787,791,872	23,209,014,878,208	14,573,741,614,949	25,154,938,761,216	25,945,969,811,456	22,034,264,555,520	29,685,706,653,696	856,933,935	1,677,267,731	0	0
em-p-ihep51	20260625163224470000000	24	23,208,787,038,208	23,208,968,433,664	14,582,273,379,824	25,154,938,761,216	25,945,969,811,456	22,034,264,555,520	29,685,706,653,696	812,125,009	2,141,968,696	0	0
em-p-ihep51	20260625163234559000000	17	23,208,782,704,640	23,208,963,792,896	14,574,967,453,237	25,154,938,761,216	25,945,969,811,456	22,034,264,555,520	29,685,706,653,696	710,928,310	1,135,523,267	0	0
em-p-ihep51	20260625163244663000000	21	23,208,792,330,240	23,209,023,819,776	14,573,621,563,616	25,154,938,761,216	25,945,969,811,456	22,034,264,555,520	29,685,706,653,696	558,211,750	1,188,201,572	12,288	0
em-p-ihep51	20260625163254661000000	18	23,208,788,127,744	23,209,202,597,888	14,576,509,431,780	25,154,938,761,216	25,945,969,811,456	22,034,264,555,520	29,685,706,653,696	610,306,580	2,084,294,575	0	0
em-p-ihep51	20260625163304744000000	15	23,208,787,124,224	23,209,267,900,416	14,572,994,821,191	25,154,938,761,216	25,945,969,811,456	22,034,264,555,520	29,685,706,653,696	562,028,456	1,635,207,813	0	0
em-p-ihep51	20260625163314767000000	18	23,208,787,288,064	23,208,881,750,016	14,572,861,995,649	25,154,938,761,216	25,945,969,811,456	22,034,264,555,520	29,685,706,653,696	834,110,925	1,906,864,296	0	0
em-p-ihep51	20260625163324776000000	23	23,208,788,262,912	23,208,915,546,112	14,575,699,479,234	25,154,938,761,216	25,945,969,811,456	22,034,264,555,520	29,685,706,653,696	1,003,201,365	1,658,173,605	0	0
em-p-ihep51	20260625163334768000000	24	23,208,789,233,664	23,208,911,142,912	14,577,543,278,233	25,154,938,761,216	25,945,969,811,456	22,034,264,555,520	29,685,706,653,696	623,308,432	1,765,450,722	57,344	0
em-p-ihep51	20260625163344895000000	25	23,208,789,286,912	23,208,907,505,664	14,578,722,888,759	25,154,938,761,216	25,945,969,811,456	22,034,264,555,520	29,685,706,653,696	911,719,832	1,794,905,904	0	0
em-p-ihep51	20260625163354859000000	29	23,208,789,401,600	23,208,925,421,568	14,578,616,124,318	25,154,938,761,216	25,945,969,811,456	22,034,264,555,520	29,685,706,653,696	860,266,219	1,549,821,643	0	0
em-p-ihep51	20260625163404973000000	21	23,208,791,777,280	23,208,911,077,376	14,577,852,719,601	25,154,938,761,216	25,945,969,811,456	22,034,264,555,520	29,685,706,653,696	412,726,265	1,196,041,267	0	0
em-p-ihep51	20260625163415069000000	21	23,207,689,990,144	23,207,883,468,800	14,589,810,386,505	25,154,938,761,216	25,945,969,811,456	22,034,264,555,520	29,685,706,653,696	564,558,836	940,421,086	0	0
em-p-ihep51	20260625163425186000000	19	23,209,675,436,032	23,209,801,023,488	14,575,484,154,476	25,154,938,761,216	25,945,969,811,456	22,034,264,555,520	29,685,706,653,696	579,328,270	916,892,949	65,536	0
em-p-ihep51	20260625163435242000000	19	23,199,301,910,528	23,199,906,455,552	14,572,143,563,646	25,154,938,761,216	25,945,969,811,456	22,034,264,555,520	29,685,706,653,696	454,804,473	813,015,311	0	0
em-p-ihep51	20260625163445254000000	19	23,199,291,146,240	23,199,576,092,672	14,575,767,632,093	25,154,938,761,216	25,945,969,811,456	22,034,264,555,520	29,685,706,653,696	352,142,798	2,329,440,077	0	0
em-p-ihep51	20260625163455282000000	24	23,199,288,901,632	23,199,386,411,008	14,580,334,525,075	25,154,938,761,216	25,945,969,811,456	22,034,264,555,520	29,685,706,653,696	626,881,060	1,313,503,010	0	0
em-p-ihep51	20260625163505296000000	31	23,199,301,767,168	23,199,837,573,120	14,577,921,810,170	25,154,938,761,216	25,945,969,811,456	22,034,264,555,520	29,685,706,653,696	942,933,330	1,797,418,758	0	0
em-p-ihep51	20260625163515290000000	26	23,199,301,931,008	23,199,404,740,608	14,586,781,155,425	25,154,938,761,216	25,945,969,811,456	22,034,264,555,520	29,685,706,653,696	795,862,551	2,174,737,143	0	0
em-p-ihep51	20260625163525393000000	24	23,199,302,012,928	23,199,397,154,816	14,587,366,534,211	25,154,938,761,216	25,945,969,811,456	22,034,264,555,520	29,685,706,653,696	1,239,244,579	2,403,946,990	0	0
em-p-ihep51	20260625163535397000000	25	23,199,305,666,560	23,199,404,183,552	14,576,087,632,836	25,154,938,761,216	25,945,969,811,456	22,034,264,555,520	29,685,706,653,696	772,160,197	1,429,980,273	40,960	0
em-p-ihep51	20260625163545412000000	27	23,199,304,515,584	23,199,401,902,080	14,583,822,030,864	25,154,938,761,216	25,945,969,811,456	22,034,264,555,520	29,685,706,653,696	830,677,195	1,301,419,087	0	0
em-p-ihep51	20260625163555434000000	30	23,199,308,386,304	23,199,410,950,144	14,587,711,721,427	25,154,938,761,216	25,945,969,811,456	22,034,264,555,520	29,685,706,653,696	721,258,243	1,576,547,828	0	0
em-p-ihep51	20260625163605460000000	31	23,199,544,311,808	23,199,643,774,976	14,590,516,331,504	25,154,938,761,216	25,945,969,811,456	22,034,264,555,520	29,685,706,653,696	1,191,976,225	1,804,973,130	0	0
em-p-ihep51	20260625163615483000000	27	23,200,103,710,720	23,200,373,174,272	14,594,441,635,724	25,154,938,761,216	25,945,969,811,456	22,034,264,555,520	29,685,706,653,696	1,314,611,812	3,127,621,349	0	0
em-p-ihep51	20260625163625514000000	29	23,205,135,446,016	23,204,820,058,112	14,607,666,126,180	25,154,938,761,216	25,945,969,811,456	22,034,264,555,520	29,685,706,653,696	945,649,099	1,979,666,078	0	0
em-p-ihep51	20260625163635534000000	37	23,211,969,929,216	23,211,997,835,264	14,615,885,648,749	25,154,938,761,216	25,945,969,811,456	22,034,264,555,520	29,685,706,653,696	1,048,374,671	1,994,229,566	20,480	0
em-p-ihep51	20260625163645537000000	33	23,222,979,379,200	23,223,206,346,752	14,621,426,289,016	25,154,938,761,216	25,945,969,811,456	22,034,264,555,520	29,685,706,653,696	1,070,527,057	3,271,933,480	0	0
em-p-ihep51	20260625163655540000000	32	23,228,133,576,704	23,228,233,383,936	14,621,469,277,019	25,154,938,761,216	25,945,969,811,456	22,034,264,555,520	29,685,706,653,696	1,080,302,359	1,833,958,049	0	0
em-p-ihep51	20260625163705555000000	31	23,228,131,586,048	23,228,231,118,848	14,617,957,500,640	25,154,938,761,216	25,945,969,811,456	22,034,264,555,520	29,685,706,653,696	1,364,327,724	2,044,903,617	0	0
em-p-ihep51	20260625163715575000000	30	23,225,531,592,704	23,225,852,137,472	14,621,132,026,302	25,154,938,761,216	25,945,969,811,456	22,034,264,555,520	29,685,706,653,696	1,011,808,555	1,771,710,605	0	0
em-p-ihep51	20260625163725606000000	27	23,211,512,041,472	23,211,615,567,872	14,596,250,191,368	25,154,938,761,216	25,945,969,811,456	22,034,264,555,520	29,685,706,653,696	830,545,964	1,585,260,515	0	0
em-p-ihep51	20260625163735679000000	21	23,211,860,090,880	23,211,986,268,160	14,593,066,800,458	25,154,938,761,216	25,945,969,811,456	22,034,264,555,520	29,685,706,653,696	1,005,206,733	1,321,276,426	0	0
em-p-ihep51	20260625163745774000000	20	23,211,863,764,992	23,212,020,187,136	14,601,293,075,283	25,154,938,761,216	25,945,969,811,456	22,034,264,555,520	29,685,706,653,696	767,348,323	1,113,515,243	0	0
em-p-ihep51	20260625163755872000000	20	23,212,151,128,064	23,212,299,235,328	14,604,691,033,345	25,154,938,761,216	25,945,969,811,456	22,034,264,555,520	29,685,706,653,696	567,498,569	856,075,515	0	0
em-p-ihep51	20260625163805964000000	16	23,212,145,082,368	23,212,282,126,336	14,606,331,876,156	25,154,938,761,216	25,945,969,811,456	22,034,264,555,520	29,685,706,653,696	393,828,938	1,182,347,569	0	0
em-p-ihep51	20260625163816045000000	16	23,212,148,760,576	23,212,291,788,800	14,602,338,822,370	25,154,938,761,216	25,945,969,811,456	22,034,264,555,520	29,685,706,653,696	201,479,316	1,396,669,539	0	0
em-p-ihep51	20260625163826153000000	12	23,212,398,174,208	23,212,551,483,392	14,600,360,330,458	25,154,938,761,216	25,945,969,811,456	22,034,264,555,520	29,685,706,653,696	914,548,049	1,418,297,312	0	0
em-p-ihep51	20260625163836141000000	13	23,214,929,408,000	23,214,371,278,848	14,610,370,053,556	25,154,938,761,216	25,945,969,811,456	22,034,264,555,520	29,685,706,653,696	994,840,838	1,284,707,898	0	0
em-p-ihep51	20260625163846235000000	15	23,215,731,658,752	23,215,874,101,248	14,611,071,981,144	25,154,938,761,216	25,945,969,811,456	22,034,264,555,520	29,685,706,653,696	600,857,972	1,507,224,150	0	0
em-p-ihep51	20260625163856337000000	15	23,219,239,895,040	23,219,788,808,192	14,604,334,986,219	25,154,938,761,216	25,945,969,811,456	22,034,264,555,520	29,685,706,653,696	343,059,281	1,849,505,840	0	0
em-p-ihep51	20260625163906340000000	21	23,218,434,723,840	23,218,573,770,752	14,609,500,757,903	25,154,938,761,216	25,945,969,811,456	22,034,264,555,520	29,685,706,653,696	534,591,450	2,101,469,997	0	0
em-p-ihep51	20260625163916353000000	17	23,226,201,153,536	23,225,590,403,072	14,618,535,130,451	25,154,938,761,216	25,945,969,811,456	22,034,264,555,520	29,685,706,653,696	298,522,832	1,667,196,358	0	0
em-p-ihep51	20260625163926424000000	18	23,220,558,819,328	23,223,754,231,808	14,614,554,160,417	25,154,938,761,216	25,945,969,811,456	22,034,264,555,520	29,685,706,653,696	287,222,221	1,613,984,041	0	0
em-p-ihep51	20260625163936448000000	18	23,218,009,182,208	23,218,679,750,656	14,604,911,285,928	25,154,938,761,216	25,945,969,811,456	22,034,264,555,520	29,685,706,653,696	587,508,704	1,606,861,240	0	0
em-p-ihep51	20260625163946500000000	20	23,216,776,810,496	23,216,968,278,016	14,602,685,087,133	25,154,938,761,216	25,945,969,811,456	22,034,264,555,520	29,685,706,653,696	538,201,602	1,351,143,628	0	0
em-p-ihep51	20260625163956507000000	19	23,215,506,268,160	23,215,697,887,232	14,612,055,061,865	25,154,938,761,216	25,945,969,811,456	22,034,264,555,520	29,685,706,653,696	613,134,173	1,010,878,977	0	0
em-p-ihep51	20260625164006538000000	26	23,216,277,139,456	23,216,470,278,144	14,635,607,889,193	25,154,938,761,216	25,945,969,811,456	22,034,264,555,520	29,685,706,653,696	595,883,398	1,800,990,944	0	0
em-p-ihep51	20260625164016552000000	33	23,221,583,437,824	23,221,417,066,496	14,666,164,698,662	25,154,938,761,216	25,945,969,811,456	22,034,264,555,520	29,685,706,653,696	572,588,945	1,695,982,269	0	0
em-p-ihep51	20260625164026552000000	28	23,219,022,942,208	23,219,189,280,768	14,627,519,694,016	25,154,938,761,216	25,945,969,811,456	22,034,264,555,520	29,685,706,653,696	1,073,654,285	1,366,039,431	0	0
em-p-ihep51	20260625164036540000000	28	23,219,030,028,288	23,219,195,129,856	14,625,826,582,557	25,154,938,761,216	25,945,969,811,456	22,034,264,555,520	29,685,706,653,696	737,590,793	1,125,082,412	0	0
em-p-ihep51	20260625164046550000000	20	23,219,026,604,032	23,219,319,377,920	14,611,399,843,852	25,154,938,761,216	25,945,969,811,456	22,034,264,555,520	29,685,706,653,696	420,953,116	1,275,993,162	0	0
em-p-ihep51	20260625164056655000000	16	23,219,563,528,192	23,219,655,045,120	14,613,519,762,614	25,154,938,761,216	25,945,969,811,456	22,034,264,555,520	29,685,706,653,696	656,065,121	2,863,557,224	0	0
em-p-ihep51	20260625164106669000000	22	23,219,570,503,680	23,219,642,908,672	14,613,655,924,661	25,154,938,761,216	25,945,969,811,456	22,034,264,555,520	29,685,706,653,696	767,663,484	2,028,379,042	0	0
em-p-ihep51	20260625164116754000000	22	23,221,072,920,576	23,221,697,863,680	14,614,798,153,025	25,154,938,761,216	25,945,969,811,456	22,034,264,555,520	29,685,706,653,696	350,676,430	1,354,937,619	0	0
em-p-ihep51	20260625164126763000000	20	23,221,076,434,944	23,221,150,248,960	14,613,764,469,880	25,154,938,761,216	25,945,969,811,456	22,034,264,555,520	29,685,706,653,696	634,662,717	1,143,669,949	0	0
em-p-ihep51	20260625164136777000000	20	23,221,072,297,984	23,221,146,050,560	14,615,906,165,256	25,154,938,761,216	25,945,969,811,456	22,034,264,555,520	29,685,706,653,696	293,489,407	730,903,740	0	0
em-p-ihep51	20260625164146785000000	25	23,221,070,385,152	23,221,184,868,352	14,604,101,809,537	25,154,938,761,216	25,945,969,811,456	22,034,264,555,520	29,685,706,653,696	468,198,199	1,094,164,433	0	0
em-p-ihep51	20260625164156850000000	20	23,224,094,584,832	23,223,308,935,168	14,624,704,798,823	25,154,938,761,216	25,945,969,811,456	22,034,264,555,520	29,685,706,653,696	477,987,252	741,950,761	0	0
em-p-ihep51	20260625164206799000000	18	23,232,941,944,832	23,232,965,939,200	14,635,083,988,952	25,154,938,761,216	25,945,969,811,456	22,034,264,555,520	29,685,706,653,696	269,163,790	1,123,933,046	0	0
em-p-ihep51	20260625164216824000000	21	23,233,558,736,896	23,233,620,209,664	14,630,235,156,975	25,154,938,761,216	25,945,969,811,456	22,034,264,555,520	29,685,706,653,696	506,698,874	2,183,993,052	0	0
em-p-ihep51	20260625164226810000000	24	23,234,940,596,224	23,234,884,141,056	14,636,772,534,031	25,154,938,761,216	25,945,969,811,456	22,034,264,555,520	29,685,706,653,696	555,114,659	1,518,149,573	0	0
em-p-ihep51	20260625164236840000000	18	23,236,057,133,056	23,236,120,408,064	14,628,438,270,381	25,154,938,761,216	25,945,969,811,456	22,034,264,555,520	29,685,706,653,696	344,278,397	1,093,627,622	0	0
em-p-ihep51	20260625164246843000000	19	23,236,057,026,560	23,236,345,774,080	14,627,364,431,737	25,154,938,761,216	25,945,969,811,456	22,034,264,555,520	29,685,706,653,696	259,358,048	632,679,755	0	0
em-p-ihep51	20260625164256913000000	24	23,236,409,352,192	23,236,559,138,816	14,638,730,157,759	25,154,938,761,216	25,945,969,811,456	22,034,264,555,520	29,685,706,653,696	277,889,253	672,700,183	0	0
em-p-ihep51	20260625164307033000000	23	23,234,382,180,352	23,234,484,031,488	14,619,692,719,954	25,154,938,761,216	25,945,969,811,456	22,034,264,555,520	29,685,706,653,696	541,285,133	665,357,963	0	0
em-p-ihep51	20260625164317124000000	24	23,230,901,583,872	23,231,004,082,176	14,628,176,174,286	25,154,938,761,216	25,945,969,811,456	22,034,264,555,520	29,685,706,653,696	609,884,060	1,243,392,416	0	0
em-p-ihep51	20260625164327222000000	20	23,230,898,130,944	23,231,000,514,560	14,620,412,623,597	25,154,938,761,216	25,945,969,811,456	22,034,264,555,520	29,685,706,653,696	263,077,829	1,138,064,201	0	0
em-p-ihep51	20260625164337324000000	15	23,232,982,052,864	23,233,005,006,848	14,626,609,117,418	25,154,938,761,216	25,945,969,811,456	22,034,264,555,520	29,685,706,653,696	559,635,186	1,085,888,170	0	0
em-p-ihep51	20260625164347407000000	16	23,233,299,230,720	23,233,387,540,480	14,624,005,759,230	25,154,938,761,216	25,945,969,811,456	22,034,264,555,520	29,685,706,653,696	209,162,673	1,425,052,790	0	0
em-p-ihep51	20260625164357504000000	18	23,233,847,414,784	23,233,947,406,336	14,625,623,859,312	25,154,938,761,216	25,945,969,811,456	22,034,264,555,520	29,685,706,653,696	413,967,414	976,572,688	0	0
em-p-ihep51	20260625164407629000000	22	23,224,639,848,448	23,224,618,319,872	14,628,391,388,738	25,154,938,761,216	25,945,969,811,456	22,034,264,555,520	29,685,706,653,696	462,848,528	1,305,712,019	0	0
em-p-ihep51	20260625164417627000000	27	23,233,022,427,136	23,233,118,990,336	14,655,540,492,420	25,154,938,761,216	25,945,969,811,456	22,034,264,555,520	29,685,706,653,696	768,603,542	1,263,612,937	0	0
em-p-ihep51	20260625164427717000000	29	23,237,520,408,576	23,237,621,751,808	14,635,023,674,664	25,154,938,761,216	25,945,969,811,456	22,034,264,555,520	29,685,706,653,696	768,085,630	1,785,421,790	0	0
em-p-ihep51	20260625164437727000000	19	23,220,991,668,224	23,221,092,450,304	14,620,241,325,422	25,154,938,761,216	25,945,969,811,456	22,034,264,555,520	29,685,706,653,696	429,916,654	770,679,861	0	0
em-p-ihep51	20260625164447732000000	22	23,220,401,758,208	23,220,509,347,840	14,618,570,269,855	25,154,938,761,216	25,945,969,811,456	22,034,264,555,520	29,685,706,653,696	565,577,922	1,077,767,769	0	0
em-p-ihep51	20260625164457724000000	16	23,221,198,741,504	23,221,303,918,592	14,615,325,113,129	25,154,938,761,216	25,945,969,811,456	22,034,264,555,520	29,685,706,653,696	589,521,328	1,372,478,737	0	0
em-p-ihep51	20260625164507766000000	28	23,220,939,997,184	23,221,040,840,704	14,634,959,803,689	25,154,938,761,216	25,945,969,811,456	22,034,264,555,520	29,685,706,653,696	1,187,501,320	1,997,500,521	0	0
em-p-ihep51	20260625164517765000000	23	23,220,670,631,936	23,220,793,556,992	14,628,669,258,810	25,154,938,761,216	25,945,969,811,456	22,034,264,555,520	29,685,706,653,696	759,119,020	1,722,718,598	0	0
em-p-ihep51	20260625164527776000000	21	23,220,669,005,824	23,220,770,451,456	14,627,824,013,083	25,154,938,761,216	25,945,969,811,456	22,034,264,555,520	29,685,706,653,696	999,300,092	1,686,826,917	0	0
em-p-ihep51	20260625164537741000000	17	23,224,669,458,432	23,224,633,503,744	14,620,876,677,602	25,154,938,761,216	25,945,969,811,456	22,034,264,555,520	29,685,706,653,696	564,768,559	848,056,351	0	0
em-p-ihep51	20260625164547837000000	17	23,225,483,988,992	23,225,586,737,152	14,621,416,636,312	25,154,938,761,216	25,945,969,811,456	22,034,264,555,520	29,685,706,653,696	530,049,464	1,166,983,549	0	0
em-p-ihep51	20260625164557936000000	20	23,225,484,140,544	23,225,583,394,816	14,623,702,642,561	25,154,938,761,216	25,945,969,811,456	22,034,264,555,520	29,685,706,653,696	982,826,908	973,905,915	0	0
em-p-ihep51	20260625164607947000000	20	23,225,499,013,120	23,225,598,283,776	14,621,234,935,983	25,154,938,761,216	25,945,969,811,456	22,034,264,555,520	29,685,706,653,696	425,242,816	852,481,062	0	0
em-p-ihep51	20260625164617972000000	18	23,225,497,825,280	23,225,575,800,832	14,628,344,247,752	25,154,938,761,216	25,945,969,811,456	22,034,264,555,520	29,685,706,653,696	419,925,458	932,486,061	0	0
em-p-ihep51	20260625164628023000000	22	23,225,264,939,008	23,225,359,138,816	14,621,031,797,199	25,154,938,761,216	25,945,969,811,456	22,034,264,555,520	29,685,706,653,696	355,256,421	1,224,846,826	0	0
em-p-ihep51	20260625164637998000000	29	23,222,253,821,952	23,222,515,642,368	14,628,080,745,564	25,154,938,761,216	25,945,969,811,456	22,034,264,555,520	29,685,706,653,696	917,539,818	3,163,006,475	0	0
em-p-ihep51	20260625164648073000000	24	23,222,257,303,552	23,222,334,517,248	14,623,749,420,145	25,154,938,761,216	25,945,969,811,456	22,034,264,555,520	29,685,706,653,696	800,269,754	944,786,419	0	0
em-p-ihep51	20260625164658164000000	18	23,222,255,194,112	23,222,332,682,240	14,616,980,928,195	25,154,938,761,216	25,945,969,811,456	22,034,264,555,520	29,685,706,653,696	331,591,643	604,706,273	0	0
em-p-ihep51	20260625164708262000000	15	23,222,255,435,776	23,222,341,922,816	14,627,154,501,772	25,154,938,761,216	25,945,969,811,456	22,034,264,555,520	29,685,706,653,696	699,220,718	869,966,508	0	0
em-p-ihep51	20260625164718292000000	21	23,222,207,152,128	23,222,064,070,656	14,627,863,428,533	25,154,938,761,216	25,945,969,811,456	22,034,264,555,520	29,685,706,653,696	308,634,557	1,141,419,449	0	0
em-p-ihep51	20260625164728288000000	21	23,304,020,660,224	23,300,974,829,568	14,685,365,234,299	25,154,938,761,216	25,945,969,811,456	22,034,264,555,520	29,685,706,653,696	430,394,634	991,279,644	0	0
em-p-ihep51	20260625164738382000000	14	23,293,293,092,864	23,293,836,759,040	14,687,152,346,733	25,154,938,761,216	25,945,969,811,456	22,034,264,555,520	29,685,706,653,696	273,971,418	770,321,376	0	0
em-p-ihep51	20260625164748447000000	16	23,300,932,726,784	23,298,310,189,056	14,723,711,212,543	25,154,938,761,216	25,945,969,811,456	22,034,264,555,520	29,685,706,653,696	754,598,590	1,636,467,851	0	0
em-p-ihep51	20260625164758543000000	18	23,312,563,556,352	23,312,668,258,304	14,718,174,492,318	25,154,938,761,216	25,945,969,811,456	22,034,264,555,520	29,685,706,653,696	610,967,501	1,552,694,223	0	0
em-p-ihep51	20260625164808642000000	15	23,316,797,362,176	23,316,159,090,688	14,737,589,550,205	25,154,938,761,216	25,945,969,811,456	22,034,264,555,520	29,685,706,653,696	907,973,648	1,510,636,063	0	0
em-p-ihep51	20260625164818653000000	18	23,319,841,677,312	23,319,884,410,880	14,729,741,054,243	25,154,938,761,216	25,945,969,811,456	22,034,264,555,520	29,685,706,653,696	582,992,074	1,017,884,197	0	0
em-p-ihep51	20260625164828655000000	14	23,320,827,961,344	23,320,398,647,296	14,724,681,972,903	25,154,938,761,216	25,945,969,811,456	22,034,264,555,520	29,685,706,653,696	351,318,875	800,864,370	0	0
em-p-ihep51	20260625164838668000000	21	23,319,655,473,152	23,319,814,836,224	14,725,309,844,032	25,154,938,761,216	25,945,969,811,456	22,034,264,555,520	29,685,706,653,696	347,359,369	712,140,274	0	0
em-p-ihep51	20260625164848652000000	16	23,315,537,186,816	23,316,112,371,712	14,717,125,350,542	25,154,938,761,216	25,945,969,811,456	22,034,264,555,520	29,685,706,653,696	158,636,704	659,761,211	0	0
em-p-ihep51	20260625164858763000000	17	23,315,544,915,968	23,315,661,893,632	14,707,863,880,095	25,154,938,761,216	25,945,969,811,456	22,034,264,555,520	29,685,706,653,696	633,241,259	956,167,772	0	0
em-p-ihep51	20260625164908868000000	19	23,307,086,925,824	23,307,181,568,000	14,716,900,881,863	25,154,938,761,216	25,945,969,811,456	22,034,264,555,520	29,685,706,653,696	470,030,739	1,892,178,058	0	0
em-p-ihep51	20260625164918841000000	22	23,311,814,619,136	23,311,477,051,392	14,719,002,523,805	25,154,938,761,216	25,945,969,811,456	22,034,264,555,520	29,685,706,653,696	258,946,438	1,752,025,069	0	0
em-p-ihep51	20260625164928976000000	20	23,312,324,902,912	23,312,425,242,624	14,707,643,303,279	25,154,938,761,216	25,945,969,811,456	22,034,264,555,520	29,685,706,653,696	728,334,400	1,575,306,077	0	0
em-p-ihep51	20260625164938986000000	17	23,301,215,887,360	23,303,484,485,632	14,689,963,318,650	25,154,938,761,216	25,945,969,811,456	22,034,264,555,520	29,685,706,653,696	508,147,653	805,313,164	0	0
em-p-ihep51	20260625164948968000000	13	23,300,450,197,504	23,300,624,048,128	14,688,297,990,936	25,154,938,761,216	25,945,969,811,456	22,034,264,555,520	29,685,706,653,696	847,250,409	1,143,550,566	0	0
em-p-ihep51	20260625164959066000000	14	23,299,108,184,064	23,299,304,923,136	14,626,612,748,005	25,154,938,761,216	25,945,969,811,456	22,034,264,555,520	29,685,706,653,696	410,101,197	689,260,312	0	0
em-p-ihep51	20260625165009187000000	27	23,237,968,252,928	23,239,190,953,984	14,634,019,130,428	25,154,938,761,216	25,945,969,811,456	22,034,264,555,520	29,685,706,653,696	746,712,022	1,861,990,277	0	0
em-p-ihep51	20260625165019173000000	22	23,223,749,283,840	23,223,967,350,784	14,622,380,667,464	25,154,938,761,216	25,945,969,811,456	22,034,264,555,520	29,685,706,653,696	462,685,220	2,185,988,948	0	0
em-p-ihep51	20260625165029184000000	18	23,213,028,884,480	23,213,241,790,464	14,609,873,715,942	25,154,938,761,216	25,945,969,811,456	22,034,264,555,520	29,685,706,653,696	289,344,655	1,813,859,318	0	0
em-p-ihep51	20260625165039265000000	16	23,213,031,485,440	23,213,192,257,536	14,595,560,249,521	25,154,938,761,216	25,945,969,811,456	22,034,264,555,520	29,685,706,653,696	366,115,623	1,144,535,194	0	0
em-p-ihep51	20260625165049343000000	17	23,213,029,359,616	23,213,193,994,240	14,597,013,120,662	25,154,938,761,216	25,945,969,811,456	22,034,264,555,520	29,685,706,653,696	294,816,779	1,130,990,342	0	0
em-p-ihep51	20260625165059394000000	17	23,201,173,520,384	23,201,335,967,744	14,591,418,654,855	25,154,938,761,216	25,945,969,811,456	22,034,264,555,520	29,685,706,653,696	191,864,772	590,172,916	0	0
em-p-ihep51	20260625165109383000000	26	23,290,856,198,144	23,291,296,235,520	14,697,363,679,272	25,154,938,761,216	25,945,969,811,456	22,034,264,555,520	29,685,706,653,696	552,081,801	1,194,835,814	0	0
em-p-ihep51	20260625165119475000000	27	23,302,535,733,248	23,302,864,060,416	14,697,525,772,210	25,154,938,761,216	25,945,969,811,456	22,034,264,555,520	29,685,706,653,696	397,962,791	2,497,117,522	0	0
em-p-ihep51	20260625165129569000000	20	23,301,792,272,384	23,302,092,718,080	14,726,017,825,160	25,154,938,761,216	25,945,969,811,456	22,034,264,555,520	29,685,706,653,696	338,857,611	1,408,267,999	0	0
em-p-ihep51	20260625165139583000000	20	23,317,624,664,064	23,317,904,982,016	14,726,186,014,049	25,154,938,761,216	25,945,969,811,456	22,034,264,555,520	29,685,706,653,696	327,772,678	1,223,874,282	0	0
em-p-ihep51	20260625165149582000000	25	23,319,556,751,360	23,319,693,271,040	14,726,136,510,622	25,154,938,761,216	25,945,969,811,456	22,034,264,555,520	29,685,706,653,696	527,430,133	994,992,059	0	0
em-p-ihep51	20260625165159587000000	18	23,319,016,083,456	23,320,929,665,024	14,714,520,606,675	25,154,938,761,216	25,945,969,811,456	22,034,264,555,520	29,685,706,653,696	464,514,323	1,228,811,472	0	0
em-p-ihep51	20260625165209606000000	21	23,317,930,336,256	23,318,099,783,680	14,720,973,742,915	25,154,938,761,216	25,945,969,811,456	22,034,264,555,520	29,685,706,653,696	430,858,659	2,113,705,235	0	0
em-p-ihep51	20260625165219631000000	20	23,318,937,927,680	23,319,111,630,848	14,721,802,235,518	25,154,938,761,216	25,945,969,811,456	22,034,264,555,520	29,685,706,653,696	1,158,076,060	1,531,146,317	0	0
em-p-ihep51	20260625165229637000000	23	23,319,481,147,392	23,320,083,275,776	14,717,230,912,101	25,154,938,761,216	25,945,969,811,456	22,034,264,555,520	29,685,706,653,696	370,925,294	684,075,190	0	0
em-p-ihep51	20260625165239729000000	19	23,320,272,052,224	23,320,409,960,448	14,710,559,791,963	25,154,938,761,216	25,945,969,811,456	22,034,264,555,520	29,685,706,653,696	695,918,936	1,141,179,477	0	0
em-p-ihep51	20260625165249723000000	21	23,304,562,376,704	23,305,017,241,600	14,704,704,093,177	25,154,938,761,216	25,945,969,811,456	22,034,264,555,520	29,685,706,653,696	411,200,860	1,085,056,777	0	0
em-p-ihep51	20260625165259826000000	21	23,304,562,270,208	23,304,700,579,840	14,711,123,320,262	25,154,938,761,216	25,945,969,811,456	22,034,264,555,520	29,685,706,653,696	454,889,112	693,686,252	0	0
em-p-ihep51	20260625165309866000000	23	23,304,567,402,496	23,304,707,543,040	14,720,597,217,747	25,154,938,761,216	25,945,969,811,456	22,034,264,555,520	29,685,706,653,696	315,614,290	682,288,053	0	0
em-p-ihep51	20260625165319871000000	22	23,304,659,083,264	23,304,782,835,712	14,706,705,867,861	25,154,938,761,216	25,945,969,811,456	22,034,264,555,520	29,685,706,653,696	226,324,478	1,251,311,144	0	0
em-p-ihep51	20260625165329975000000	19	23,304,765,214,720	23,304,902,877,184	14,696,663,734,525	25,154,938,761,216	25,945,969,811,456	22,034,264,555,520	29,685,706,653,696	320,664,838	1,671,196,189	0	0
em-p-ihep51	20260625165340078000000	17	23,297,047,707,648	23,297,165,451,264	14,695,422,561,961	25,154,938,761,216	25,945,969,811,456	22,034,264,555,520	29,685,706,653,696	731,166,023	1,567,212,311	20,480	0
em-p-ihep51	20260625165350065000000	21	23,297,046,626,304	23,297,165,279,232	14,689,765,678,539	25,154,938,761,216	25,945,969,811,456	22,034,264,555,520	29,685,706,653,696	472,763,751	1,200,973,896	0	0
em-p-ihep51	20260625165400080000000	19	23,290,173,165,568	23,290,691,547,136	14,691,781,533,774	25,154,938,761,216	25,945,969,811,456	22,034,264,555,520	29,685,706,653,696	101,016,948	1,004,434,522	0	0
em-p-ihep51	20260625165410155000000	19	23,290,174,443,520	23,290,293,153,792	14,693,534,413,340	25,154,938,761,216	25,945,969,811,456	22,034,264,555,520	29,685,706,653,696	435,833,619	1,731,812,768	12,288	0
em-p-ihep51	20260625165420184000000	19	23,290,658,332,672	23,290,776,973,312	14,696,618,887,019	25,154,938,761,216	25,945,969,811,456	22,034,264,555,520	29,685,706,653,696	647,892,039	1,355,664,741	0	0
em-p-ihep51	20260625165430292000000	22	23,283,875,442,688	23,283,996,839,936	14,685,273,318,482	25,154,938,761,216	25,945,969,811,456	22,034,264,555,520	29,685,706,653,696	300,341,436	862,508,820	0	0
em-p-ihep51	20260625165440301000000	26	23,283,968,708,608	23,284,088,074,240	14,687,311,806,217	25,154,938,761,216	25,945,969,811,456	22,034,264,555,520	29,685,706,653,696	507,031,255	1,477,306,084	0	0
em-p-ihep51	20260625165450390000000	23	23,275,661,832,192	23,275,845,058,560	14,672,280,714,792	25,154,938,761,216	25,945,969,811,456	22,034,264,555,520	29,685,706,653,696	416,892,650	1,682,812,277	0	0
em-p-ihep51	20260625165500392000000	17	23,267,080,953,856	23,267,196,411,904	14,658,996,865,804	25,154,938,761,216	25,945,969,811,456	22,034,264,555,520	29,685,706,653,696	526,913,215	1,868,284,994	0	0
em-p-ihep51	20260625165510487000000	21	23,257,656,573,952	23,258,280,566,784	14,666,215,772,448	25,154,938,761,216	25,945,969,811,456	22,034,264,555,520	29,685,706,653,696	415,664,620	1,870,957,761	0	0
em-p-ihep51	20260625165520501000000	23	23,257,657,552,896	23,257,775,726,592	14,665,963,076,196	25,154,938,761,216	25,945,969,811,456	22,034,264,555,520	29,685,706,653,696	417,589,825	2,301,405,812	0	0
em-p-ihep51	20260625165530479000000	25	23,252,427,837,440	23,252,546,437,120	14,659,097,034,724	25,154,938,761,216	25,945,969,811,456	22,034,264,555,520	29,685,706,653,696	173,445,345	1,576,352,918	0	0
em-p-ihep51	20260625165540503000000	19	23,254,798,204,928	23,254,893,256,704	14,666,261,948,635	25,154,938,761,216	25,945,969,811,456	22,034,264,555,520	29,685,706,653,696	163,767,896	1,004,120,012	0	0
em-p-ihep51	20260625165550478000000	18	23,250,103,234,560	23,251,712,176,128	14,654,284,817,978	25,154,938,761,216	25,945,969,811,456	22,034,264,555,520	29,685,706,653,696	670,229,525	1,319,354,013	0	0
em-p-ihep51	20260625165600509000000	26	23,246,656,618,496	23,246,739,984,384	14,647,330,548,285	25,154,938,761,216	25,945,969,811,456	22,034,264,555,520	29,685,706,653,696	287,532,262	751,704,058	0	0
em-p-ihep51	20260625165610595000000	26	23,220,555,247,616	23,220,639,293,440	14,625,856,375,138	25,154,938,761,216	25,945,969,811,456	22,034,264,555,520	29,685,706,653,696	606,442,569	1,064,285,767	0	0
em-p-ihep51	20260625165620606000000	26	23,223,106,777,088	23,223,594,614,784	14,625,268,635,874	25,154,938,761,216	25,945,969,811,456	22,034,264,555,520	29,685,706,653,696	500,178,046	1,614,997,564	0	0
em-p-ihep51	20260625165630621000000	17	23,220,498,857,984	23,220,585,500,672	14,616,591,132,029	25,154,938,761,216	25,945,969,811,456	22,034,264,555,520	29,685,706,653,696	557,512,061	1,111,509,259	0	0
em-p-ihep51	20260625165640656000000	16	23,220,299,321,344	23,220,385,677,312	14,604,192,645,036	25,154,938,761,216	25,945,969,811,456	22,034,264,555,520	29,685,706,653,696	525,228,491	1,050,746,442	0	0
em-p-ihep51	20260625165650684000000	27	23,219,244,433,408	23,219,880,624,128	14,618,204,819,755	25,154,938,761,216	25,945,969,811,456	22,034,264,555,520	29,685,706,653,696	1,091,820,499	1,343,615,352	0	0
em-p-ihep51	20260625165700749000000	21	23,219,247,030,272	23,219,333,251,072	14,613,253,498,312	25,154,938,761,216	25,945,969,811,456	22,034,264,555,520	29,685,706,653,696	432,062,267	762,463,718	0	0
em-p-ihep51	20260625165710839000000	16	23,219,482,808,320	23,219,721,596,928	14,616,481,957,829	25,154,938,761,216	25,945,969,811,456	22,034,264,555,520	29,685,706,653,696	297,586,447	1,030,290,802	0	0
em-p-ihep51	20260625165720932000000	15	23,225,928,851,456	23,226,058,387,456	14,630,455,084,916	25,154,938,761,216	25,945,969,811,456	22,034,264,555,520	29,685,706,653,696	392,366,480	2,531,003,221	0	0
em-p-ihep51	20260625165731028000000	15	23,218,413,637,632	23,218,737,033,216	14,598,911,697,426	25,154,938,761,216	25,945,969,811,456	22,034,264,555,520	29,685,706,653,696	460,176,719	1,207,564,439	0	0
em-p-ihep51	20260625165741036000000	19	23,217,349,517,312	23,217,484,587,008	14,585,138,527,755	25,154,938,761,216	25,945,969,811,456	22,034,264,555,520	29,685,706,653,696	509,184,490	1,766,814,885	0	0
em-p-ihep51	20260625165751037000000	16	23,207,253,909,504	23,207,398,764,544	14,579,824,136,206	25,154,938,761,216	25,945,969,811,456	22,034,264,555,520	29,685,706,653,696	372,165,777	1,133,425,213	0	0
em-p-ihep51	20260625165801075000000	18	23,207,248,629,760	23,207,399,452,672	14,583,974,929,712	25,154,938,761,216	25,945,969,811,456	22,034,264,555,520	29,685,706,653,696	475,166,308	1,343,376,687	0	0
em-p-ihep51	20260625165811075000000	18	23,207,246,254,080	23,207,386,079,232	14,586,275,578,623	25,154,938,761,216	25,945,969,811,456	22,034,264,555,520	29,685,706,653,696	887,589,709	1,046,301,435	0	0
em-p-ihep51	20260625165821182000000	21	23,207,248,683,008	23,207,400,079,360	14,580,138,320,818	25,154,938,761,216	25,945,969,811,456	22,034,264,555,520	29,685,706,653,696	441,125,147	1,123,747,183	0	0
em-p-ihep51	20260625165831177000000	16	23,207,248,830,464	23,207,407,894,528	14,581,400,281,659	25,154,938,761,216	25,945,969,811,456	22,034,264,555,520	29,685,706,653,696	239,061,086	536,962,382	0	0
em-p-ihep51	20260625165841186000000	15	23,207,246,589,952	23,207,386,181,632	14,575,989,443,144	25,154,938,761,216	25,945,969,811,456	22,034,264,555,520	29,685,706,653,696	449,415,130	821,467,920	0	0
em-p-ihep51	20260625165851278000000	15	23,207,246,483,456	23,207,385,387,008	14,579,733,410,334	25,154,938,761,216	25,945,969,811,456	22,034,264,555,520	29,685,706,653,696	582,549,307	933,997,741	0	0
em-p-ihep51	20260625165901368000000	14	23,207,246,647,296	23,207,384,231,936	14,577,121,897,965	25,154,938,761,216	25,945,969,811,456	22,034,264,555,520	29,685,706,653,696	352,907,717	1,257,163,327	0	0
em-p-ihep51	20260625165911466000000	18	23,207,245,459,456	23,207,389,224,960	14,588,197,483,118	25,154,938,761,216	25,945,969,811,456	22,034,264,555,520	29,685,706,653,696	656,062,503	2,215,292,705	0	0
em-p-ihep51	20260625165921454000000	22	23,206,840,938,496	23,206,983,467,008	14,601,029,893,745	25,154,938,761,216	25,945,969,811,456	22,034,264,555,520	29,685,706,653,696	498,182,817	1,526,689,898	0	0
em-p-ihep51	20260625165931464000000	19	23,206,839,767,040	23,206,982,508,544	14,581,063,612,698	25,154,938,761,216	25,945,969,811,456	22,034,264,555,520	29,685,706,653,696	319,285,876	905,711,523	0	0
em-p-ihep51	20260625165941560000000	18	23,204,713,762,816	23,204,874,780,672	14,584,521,248,420	25,154,938,761,216	25,945,969,811,456	22,034,264,555,520	29,685,706,653,696	336,060,219	838,053,222	0	0
em-p-ihep51	20260625165951566000000	22	23,204,715,003,904	23,204,937,314,304	14,588,368,474,678	25,154,938,761,216	25,945,969,811,456	22,034,264,555,520	29,685,706,653,696	636,952,266	1,077,396,193	0	0
em-p-ihep51	20260625170001661000000	15	23,204,722,229,248	23,205,322,731,520	14,583,827,131,892	25,154,938,761,216	25,945,969,811,456	22,034,264,555,520	29,685,706,653,696	554,747,860	2,204,903,371	0	0
em-p-ihep51	20260625170011679000000	38	23,204,608,876,544	23,204,817,715,200	14,632,847,520,869	25,154,938,761,216	25,945,969,811,456	22,034,264,555,520	29,685,706,653,696	1,305,623,939	3,636,521,676	0	0
em-p-ihep51	20260625170021696000000	32	23,204,616,708,096	23,205,218,045,952	14,602,297,976,773	25,154,938,761,216	25,945,969,811,456	22,034,264,555,520	29,685,706,653,696	945,720,978	1,947,002,983	0	0
em-p-ihep51	20260625170031712000000	22	23,204,608,610,304	23,204,821,704,704	14,612,846,841,028	25,154,938,761,216	25,945,969,811,456	22,034,264,555,520	29,685,706,653,696	836,133,542	1,807,949,228	0	0
em-p-ihep51	20260625170041753000000	30	23,204,607,361,024	23,204,800,827,392	14,586,176,273,348	25,154,938,761,216	25,945,969,811,456	22,034,264,555,520	29,685,706,653,696	931,983,116	1,871,651,867	0	0
em-p-ihep51	20260625170051734000000	25	23,204,588,797,952	23,204,784,353,280	14,589,902,906,374	25,154,938,761,216	25,945,969,811,456	22,034,264,555,520	29,685,706,653,696	852,238,447	1,537,065,003	0	0
em-p-ihep51	20260625170101776000000	27	23,204,587,020,288	23,204,839,014,400	14,589,902,288,995	25,154,938,761,216	25,945,969,811,456	22,034,264,555,520	29,685,706,653,696	509,227,778	1,119,281,680	0	0
em-p-ihep51	20260625170111740000000	23	23,204,585,115,648	23,204,770,197,504	14,590,449,735,132	25,154,938,761,216	25,945,969,811,456	22,034,264,555,520	29,685,706,653,696	704,864,592	1,348,743,544	0	0
em-p-ihep51	20260625170121744000000	22	23,204,628,721,664	23,204,882,919,424	14,583,255,897,914	25,154,938,761,216	25,945,969,811,456	22,034,264,555,520	29,685,706,653,696	809,209,625	2,254,945,370	0	0
em-p-ihep51	20260625170131746000000	20	23,204,630,855,680	23,204,774,772,736	14,586,540,708,952	25,154,938,761,216	25,945,969,811,456	22,034,264,555,520	29,685,706,653,696	578,571,716	2,958,789,352	98,304	0
em-p-ihep51	20260625170141750000000	22	23,204,632,100,864	23,204,776,968,192	14,587,782,568,182	25,154,938,761,216	25,945,969,811,456	22,034,264,555,520	29,685,706,653,696	486,136,842	1,009,172,989	0	0
em-p-ihep51	20260625170151755000000	23	23,204,631,203,840	23,204,767,281,152	14,585,715,373,484	25,154,938,761,216	25,945,969,811,456	22,034,264,555,520	29,685,706,653,696	445,967,829	1,420,816,454	0	0
em-p-ihep51	20260625170201778000000	23	23,204,634,836,992	23,205,172,580,352	14,581,808,529,640	25,154,938,761,216	25,945,969,811,456	22,034,264,555,520	29,685,706,653,696	857,152,429	1,665,330,854	0	0
em-p-ihep51	20260625170211772000000	21	23,204,630,138,880	23,204,765,040,640	14,591,195,090,560	25,154,938,761,216	25,945,969,811,456	22,034,264,555,520	29,685,706,653,696	723,966,097	1,426,257,275	0	0
em-p-ihep51	20260625170221873000000	15	23,204,727,521,280	23,204,849,143,808	14,583,568,354,834	25,154,938,761,216	25,945,969,811,456	22,034,264,555,520	29,685,706,653,696	266,525,166	747,867,429	0	0
em-p-ihep51	20260625170231969000000	17	23,204,745,031,680	23,204,871,225,344	14,584,039,839,639	25,154,938,761,216	25,945,969,811,456	22,034,264,555,520	29,685,706,653,696	204,874,947	646,595,512	0	0
em-p-ihep51	20260625170242047000000	13	23,204,744,085,504	23,204,847,222,784	14,579,319,522,487	25,154,938,761,216	25,945,969,811,456	22,034,264,555,520	29,685,706,653,696	256,537,450	684,708,821	0	0
em-p-ihep51	20260625170252061000000	16	23,204,743,233,536	23,204,848,029,696	14,585,877,463,059	25,154,938,761,216	25,945,969,811,456	22,034,264,555,520	29,685,706,653,696	156,422,949	496,981,198	0	0
em-p-ihep51	20260625170302179000000	21	23,204,740,857,856	23,204,847,513,600	14,591,081,003,468	25,154,938,761,216	25,945,969,811,456	22,034,264,555,520	29,685,706,653,696	227,336,185	558,236,664	0	0
em-p-ihep51	20260625170312163000000	27	23,204,736,954,368	23,204,848,705,536	14,591,420,428,454	25,154,938,761,216	25,945,969,811,456	22,034,264,555,520	29,685,706,653,696	453,940,092	1,303,745,429	0	0
em-p-ihep51	20260625170322250000000	18	23,204,735,815,680	23,204,841,099,264	14,583,241,680,050	25,154,938,761,216	25,945,969,811,456	22,034,264,555,520	29,685,706,653,696	658,337,874	2,138,680,102	0	0
em-p-ihep51	20260625170332271000000	16	23,204,733,493,248	23,204,837,609,472	14,580,790,132,030	25,154,938,761,216	25,945,969,811,456	22,034,264,555,520	29,685,706,653,696	310,469,198	1,678,786,196	0	0
em-p-ihep51	20260625170342359000000	22	23,204,849,901,568	23,204,981,772,288	14,584,513,284,598	25,154,938,761,216	25,945,969,811,456	22,034,264,555,520	29,685,706,653,696	452,595,209	1,200,362,960	0	0
em-p-ihep51	20260625170352368000000	13	23,204,849,901,568	23,204,957,593,600	14,577,518,294,214	25,154,938,761,216	25,945,969,811,456	22,034,264,555,520	29,685,706,653,696	194,969,033	646,086,026	0	0
em-p-ihep51	20260625170402392000000	12	23,204,847,579,136	23,204,960,022,528	14,577,455,508,118	25,154,938,761,216	25,945,969,811,456	22,034,264,555,520	29,685,706,653,696	176,122,220	868,693,297	0	0
em-p-ihep51	20260625170412414000000	16	23,204,849,938,432	23,205,007,462,400	14,597,191,462,176	25,154,938,761,216	25,945,969,811,456	22,034,264,555,520	29,685,706,653,696	238,139,498	1,963,899,502	0	0
em-p-ihep51	20260625170422453000000	17	23,204,848,992,256	23,204,975,853,568	14,582,763,343,669	25,154,938,761,216	25,945,969,811,456	22,034,264,555,520	29,685,706,653,696	430,336,198	1,316,001,161	0	0
em-p-ihep51	20260625170432455000000	13	23,204,650,651,648	23,204,752,023,552	14,578,342,062,507	25,154,938,761,216	25,945,969,811,456	22,034,264,555,520	29,685,706,653,696	509,909,345	844,279,152	0	0
em-p-ihep51	20260625170442484000000	16	23,204,651,622,400	23,204,751,724,544	14,578,311,477,229	25,154,938,761,216	25,945,969,811,456	22,034,264,555,520	29,685,706,653,696	323,959,914	1,217,002,102	0	0
em-p-ihep51	20260625170452516000000	14	23,204,651,786,240	23,205,204,279,296	14,582,013,495,500	25,154,938,761,216	25,945,969,811,456	22,034,264,555,520	29,685,706,653,696	304,713,276	1,190,149,531	0	0
em-p-ihep51	20260625170502611000000	17	23,204,702,298,112	23,204,802,613,248	14,583,558,150,693	25,154,938,761,216	25,945,969,811,456	22,034,264,555,520	29,685,706,653,696	339,913,335	1,384,204,320	0	0
em-p-ihep51	20260625170512629000000	26	23,204,699,815,936	23,204,801,687,552	14,594,320,728,406	25,154,938,761,216	25,945,969,811,456	22,034,264,555,520	29,685,706,653,696	441,474,002	834,495,133	0	0
em-p-ihep51	20260625170522662000000	24	23,204,699,439,104	23,204,779,991,040	14,594,440,828,139	25,154,938,761,216	25,945,969,811,456	22,034,264,555,520	29,685,706,653,696	561,852,485	1,544,877,393	0	0
em-p-ihep51	20260625170532654000000	20	23,204,700,753,920	23,204,772,966,400	14,594,757,374,011	25,154,938,761,216	25,945,969,811,456	22,034,264,555,520	29,685,706,653,696	363,462,467	959,492,405	0	0
em-p-ihep51	20260625170542731000000	20	23,204,701,188,096	23,204,772,823,040	14,589,554,203,044	25,154,938,761,216	25,945,969,811,456	22,034,264,555,520	29,685,706,653,696	670,577,902	1,282,396,112	0	0
em-p-ihep51	20260625170552776000000	20	23,204,705,673,216	23,204,776,812,544	14,586,339,607,357	25,154,938,761,216	25,945,969,811,456	22,034,264,555,520	29,685,706,653,696	885,167,952	1,433,844,231	0	0
em-p-ihep51	20260625170602808000000	21	23,204,706,967,552	23,204,784,013,312	14,594,026,505,620	25,154,938,761,216	25,945,969,811,456	22,034,264,555,520	29,685,706,653,696	696,924,600	1,267,598,557	0	0
em-p-ihep51	20260625170612844000000	23	23,204,706,983,936	23,204,776,833,024	14,600,878,112,971	25,154,938,761,216	25,945,969,811,456	22,034,264,555,520	29,685,706,653,696	580,691,918	1,819,165,171	0	0
em-p-ihep51	20260625170622904000000	20	23,206,240,669,696	23,206,485,897,216	14,591,834,876,965	25,154,938,761,216	25,945,969,811,456	22,034,264,555,520	29,685,706,653,696	732,450,597	2,099,687,785	0	0
em-p-ihep51	20260625170632935000000	20	23,206,242,721,792	23,206,369,677,312	14,594,791,142,674	25,154,938,761,216	25,945,969,811,456	22,034,264,555,520	29,685,706,653,696	621,733,785	2,451,597,417	0	0
em-p-ihep51	20260625170642920000000	20	23,206,243,012,608	23,206,317,568,000	14,597,564,240,110	25,154,938,761,216	25,945,969,811,456	22,034,264,555,520	29,685,706,653,696	643,161,958	1,646,468,352	0	0
em-p-ihep51	20260625170652943000000	21	23,206,245,445,632	23,206,359,789,568	14,593,192,964,914	25,154,938,761,216	25,945,969,811,456	22,034,264,555,520	29,685,706,653,696	464,573,409	858,836,861	0	0
em-p-ihep51	20260625170703028000000	20	23,206,337,560,576	23,206,450,376,704	14,589,203,208,422	25,154,938,761,216	25,945,969,811,456	22,034,264,555,520	29,685,706,653,696	595,824,713	860,311,988	0	0
em-p-ihep51	20260625170713015000000	17	23,206,338,641,920	23,206,534,156,288	14,586,333,891,612	25,154,938,761,216	25,945,969,811,456	22,034,264,555,520	29,685,706,653,696	768,630,771	1,254,811,087	0	0
em-p-ihep51	20260625170723112000000	19	23,206,336,376,832	23,206,448,037,888	14,588,149,239,623	25,154,938,761,216	25,945,969,811,456	22,034,264,555,520	29,685,706,653,696	527,057,425	1,385,301,455	0	0
em-p-ihep51	20260625170733211000000	11	23,206,337,458,176	23,206,442,733,568	14,587,491,460,736	25,154,938,761,216	25,945,969,811,456	22,034,264,555,520	29,685,706,653,696	579,825,159	1,103,044,469	0	0
em-p-ihep51	20260625170743201000000	16	23,206,337,622,016	23,206,456,754,176	14,581,764,888,021	25,154,938,761,216	25,945,969,811,456	22,034,264,555,520	29,685,706,653,696	214,630,464	1,104,333,525	0	0
em-p-ihep51	20260625170753297000000	14	23,206,337,593,344	23,206,448,553,984	14,596,662,015,868	25,154,938,761,216	25,945,969,811,456	22,034,264,555,520	29,685,706,653,696	481,099,876	634,180,885	0	0
em-p-ihep51	20260625170803305000000	22	23,206,337,376,256	23,206,448,840,704	14,591,655,581,157	25,154,938,761,216	25,945,969,811,456	22,034,264,555,520	29,685,706,653,696	276,185,355	754,901,924	0	0
em-p-ihep51	20260625170813303000000	22	23,206,349,230,080	23,206,464,458,752	14,587,997,018,561	25,154,938,761,216	25,945,969,811,456	22,034,264,555,520	29,685,706,653,696	606,752,528	912,423,126	0	0
em-p-ihep51	20260625170823397000000	17	23,206,370,955,264	23,206,508,486,656	14,586,669,945,278	25,154,938,761,216	25,945,969,811,456	22,034,264,555,520	29,685,706,653,696	468,169,067	764,328,892	0	0
em-p-ihep51	20260625170833487000000	16	23,206,370,848,768	23,206,487,670,784	14,582,278,583,462	25,154,938,761,216	25,945,969,811,456	22,034,264,555,520	29,685,706,653,696	452,900,910	670,887,307	0	0
em-p-ihep51	20260625170843586000000	10	23,206,369,935,360	23,206,490,783,744	14,585,875,314,839	25,154,938,761,216	25,945,969,811,456	22,034,264,555,520	29,685,706,653,696	264,020,050	577,810,185	0	0
em-p-ihep51	20260625170853573000000	10	23,206,468,308,992	23,206,581,907,456	14,584,097,121,454	25,154,938,761,216	25,945,969,811,456	22,034,264,555,520	29,685,706,653,696	143,354,003	1,101,805,843	0	0
em-p-ihep51	20260625170903678000000	10	23,206,468,435,968	23,206,758,690,816	14,584,008,882,498	25,154,938,761,216	25,945,969,811,456	22,034,264,555,520	29,685,706,653,696	241,160,306	2,920,479,116	0	0
em-p-ihep51	20260625170913663000000	16	23,204,403,171,328	23,206,581,248,000	14,585,878,752,528	25,154,938,761,216	25,945,969,811,456	22,034,264,555,520	29,685,706,653,696	483,653,587	2,438,520,832	0	0
em-p-ihep51	20260625170923757000000	12	23,205,144,178,688	23,205,929,590,784	14,577,950,949,722	25,154,938,761,216	25,945,969,811,456	22,034,264,555,520	29,685,706,653,696	587,537,407	1,586,524,837	0	0
em-p-ihep51	20260625170933852000000	16	23,202,743,230,464	23,202,849,423,360	14,586,500,880,356	25,154,938,761,216	25,945,969,811,456	22,034,264,555,520	29,685,706,653,696	175,537,381	883,785,637	0	0
em-p-ihep51	20260625170943941000000	15	23,202,744,311,808	23,202,862,780,416	14,576,485,126,061	25,154,938,761,216	25,945,969,811,456	22,034,264,555,520	29,685,706,653,696	186,141,351	850,083,660	0	0
em-p-ihep51	20260625170954033000000	12	23,202,744,475,648	23,202,841,120,768	14,580,101,455,766	25,154,938,761,216	25,945,969,811,456	22,034,264,555,520	29,685,706,653,696	383,798,000	631,961,901	0	0
em-p-ihep51	20260625171004089000000	26	23,202,768,297,984	23,202,956,361,728	14,582,784,228,591	25,154,938,761,216	25,945,969,811,456	22,034,264,555,520	29,685,706,653,696	450,197,490	2,036,141,066	0	0
em-p-ihep51	20260625171014145000000	30	23,202,807,693,312	23,202,970,673,152	14,609,700,696,052	25,154,938,761,216	25,945,969,811,456	22,034,264,555,520	29,685,706,653,696	1,195,107,607	2,704,423,966	0	0
em-p-ihep51	20260625171024155000000	20	23,202,802,171,904	23,202,958,778,368	14,586,945,049,747	25,154,938,761,216	25,945,969,811,456	22,034,264,555,520	29,685,706,653,696	672,105,983	2,006,779,295	0	0
em-p-ihep51	20260625171034189000000	22	23,202,803,142,656	23,202,894,643,200	14,582,075,090,423	25,154,938,761,216	25,945,969,811,456	22,034,264,555,520	29,685,706,653,696	553,579,812	1,716,275,480	0	0
em-p-ihep51	20260625171044189000000	19	23,202,797,907,968	23,203,323,068,416	14,592,859,977,340	25,154,938,761,216	25,945,969,811,456	22,034,264,555,520	29,685,706,653,696	636,796,077	1,867,756,672	0	0
em-p-ihep51	20260625171054268000000	15	23,202,794,950,656	23,202,885,332,992	14,584,831,122,441	25,154,938,761,216	25,945,969,811,456	22,034,264,555,520	29,685,706,653,696	615,485,953	2,647,549,210	0	0
em-p-ihep51	20260625171104278000000	16	23,202,796,466,176	23,202,885,619,712	14,586,730,107,422	25,154,938,761,216	25,945,969,811,456	22,034,264,555,520	29,685,706,653,696	345,649,539	1,571,757,486	0	0
em-p-ihep51	20260625171114287000000	17	23,203,445,415,936	23,203,541,692,416	14,596,525,128,063	25,154,938,761,216	25,945,969,811,456	22,034,264,555,520	29,685,706,653,696	750,812,146	1,898,813,673	0	0
em-p-ihep51	20260625171124366000000	19	23,203,449,413,632	23,203,541,151,744	14,584,433,280,983	25,154,938,761,216	25,945,969,811,456	22,034,264,555,520	29,685,706,653,696	441,763,479	1,631,435,797	0	0
em-p-ihep51	20260625171134469000000	17	23,203,448,119,296	23,203,572,895,744	14,581,176,183,127	25,154,938,761,216	25,945,969,811,456	22,034,264,555,520	29,685,706,653,696	318,640,831	904,044,623	0	0
em-p-ihep51	20260625171144553000000	16	23,203,448,012,800	23,203,572,920,320	14,584,955,789,641	25,154,938,761,216	25,945,969,811,456	22,034,264,555,520	29,685,706,653,696	561,555,313	2,022,390,231	0	0
em-p-ihep51	20260625171154642000000	15	23,203,448,176,640	23,204,045,111,296	14,579,970,633,798	25,154,938,761,216	25,945,969,811,456	22,034,264,555,520	29,685,706,653,696	445,059,419	2,262,514,657	0	0
em-p-ihep51	20260625171204725000000	16	23,203,456,176,128	23,203,582,353,408	14,578,001,029,812	25,154,938,761,216	25,945,969,811,456	22,034,264,555,520	29,685,706,653,696	488,141,090	1,862,975,041	0	0
em-p-ihep51	20260625171214819000000	20	23,203,455,414,272	23,203,733,229,568	14,582,564,731,796	25,154,938,761,216	25,945,969,811,456	22,034,264,555,520	29,685,706,653,696	306,902,111	1,986,477,001	0	0
em-p-ihep51	20260625171224908000000	14	23,203,454,304,256	23,203,579,072,512	14,575,954,886,232	25,154,938,761,216	25,945,969,811,456	22,034,264,555,520	29,685,706,653,696	564,416,128	1,557,759,938	0	0
em-p-ihep51	20260625171234990000000	10	23,203,454,197,760	23,203,567,505,408	14,583,162,731,002	25,154,938,761,216	25,945,969,811,456	22,034,264,555,520	29,685,706,653,696	604,385,741	1,302,554,436	0	0
em-p-ihep51	20260625171245072000000	11	23,203,451,891,712	23,203,558,662,144	14,580,879,759,543	25,154,938,761,216	25,945,969,811,456	22,034,264,555,520	29,685,706,653,696	652,568,076	1,136,156,925	0	0
em-p-ihep51	20260625171255139000000	10	23,203,593,170,944	23,203,699,982,336	14,574,756,064,193	25,154,938,761,216	25,945,969,811,456	22,034,264,555,520	29,685,706,653,696	465,886,861	952,270,017	0	0
em-p-ihep51	20260625171305227000000	10	23,203,588,419,584	23,203,718,139,904	14,579,271,848,371	25,154,938,761,216	25,945,969,811,456	22,034,264,555,520	29,685,706,653,696	676,485,439	1,202,165,252	0	0
em-p-ihep51	20260625171315324000000	13	23,203,589,500,928	23,203,694,858,240	14,575,308,910,077	25,154,938,761,216	25,945,969,811,456	22,034,264,555,520	29,685,706,653,696	517,893,801	1,264,797,559	0	0
em-p-ihep51	20260625171325314000000	12	23,203,588,313,088	23,203,699,851,264	14,577,636,122,940	25,154,938,761,216	25,945,969,811,456	22,034,264,555,520	29,685,706,653,696	322,625,744	1,377,643,253	0	0
em-p-ihep51	20260625171335406000000	10	23,203,589,664,768	23,203,698,003,968	14,577,840,628,112	25,154,938,761,216	25,945,969,811,456	22,034,264,555,520	29,685,706,653,696	122,144,044	685,036,357	0	0
em-p-ihep51	20260625171345498000000	11	23,203,589,558,272	23,203,712,155,648	14,579,244,959,249	25,154,938,761,216	25,945,969,811,456	22,034,264,555,520	29,685,706,653,696	524,306,932	915,877,854	0	0
em-p-ihep51	20260625171355594000000	12	23,203,590,746,112	23,203,694,325,760	14,578,309,291,536	25,154,938,761,216	25,945,969,811,456	22,034,264,555,520	29,685,706,653,696	694,416,471	990,189,397	0	0
em-p-ihep51	20260625171405697000000	9	23,203,590,639,616	23,203,694,309,376	14,581,159,839,760	25,154,938,761,216	25,945,969,811,456	22,034,264,555,520	29,685,706,653,696	686,499,721	1,126,466,724	0	0
em-p-ihep51	20260625171415676000000	12	23,201,700,331,520	23,202,230,857,728	14,586,172,254,683	25,154,938,761,216	25,945,969,811,456	22,034,264,555,520	29,685,706,653,696	674,840,573	860,556,954	0	0
em-p-ihep51	20260625171425678000000	12	23,208,208,519,168	23,208,318,410,752	14,575,942,629,618	25,154,938,761,216	25,945,969,811,456	22,034,264,555,520	29,685,706,653,696	427,563,289	725,354,904	0	0
em-p-ihep51	20260625171435689000000	11	23,199,566,098,432	23,199,688,097,792	14,580,820,428,672	25,154,938,761,216	25,945,969,811,456	22,034,264,555,520	29,685,706,653,696	627,794,602	1,473,679,891	0	0
em-p-ihep51	20260625171445775000000	13	23,199,566,262,272	23,199,676,436,480	14,582,619,753,256	25,154,938,761,216	25,945,969,811,456	22,034,264,555,520	29,685,706,653,696	796,446,250	1,457,707,410	0	0
em-p-ihep51	20260625171455882000000	13	23,199,566,155,776	23,199,701,651,456	14,579,218,154,644	25,154,938,761,216	25,945,969,811,456	22,034,264,555,520	29,685,706,653,696	595,154,101	966,976,610	12,288	0
em-p-ihep51	20260625171505959000000	14	23,199,564,972,032	23,199,708,258,304	14,589,669,226,813	25,154,938,761,216	25,945,969,811,456	22,034,264,555,520	29,685,706,653,696	659,326,352	907,879,485	8,192	0
em-p-ihep51	20260625171515977000000	24	23,199,576,272,896	23,199,686,778,880	14,585,677,245,650	25,154,938,761,216	25,945,969,811,456	22,034,264,555,520	29,685,706,653,696	894,292,079	1,414,965,635	0	0
em-p-ihep51	20260625171526067000000	16	23,199,573,508,096	23,200,238,301,184	14,580,174,860,412	25,154,938,761,216	25,945,969,811,456	22,034,264,555,520	29,685,706,653,696	1,039,511,634	1,333,899,141	4,096	0
em-p-ihep51	20260625171536131000000	15	23,199,572,213,760	23,199,722,872,832	14,586,476,459,938	25,154,938,761,216	25,945,969,811,456	22,034,264,555,520	29,685,706,653,696	579,293,737	733,369,264	0	0
em-p-ihep51	20260625171546229000000	11	23,199,572,246,528	23,199,879,417,856	14,578,260,976,578	25,154,938,761,216	25,945,969,811,456	22,034,264,555,520	29,685,706,653,696	436,686,004	2,381,596,001	0	0
em-p-ihep51	20260625171556310000000	11	23,199,572,647,936	23,199,676,055,552	14,581,404,423,039	25,154,938,761,216	25,945,969,811,456	22,034,264,555,520	29,685,706,653,696	520,342,560	1,345,997,407	0	0
em-p-ihep51	20260625171606401000000	16	23,199,572,541,440	23,200,095,490,048	14,581,503,466,558	25,154,938,761,216	25,945,969,811,456	22,034,264,555,520	29,685,706,653,696	474,424,383	1,231,232,117	0	0
em-p-ihep51	20260625171616489000000	17	23,200,453,713,920	23,200,584,011,776	14,589,733,358,068	25,154,938,761,216	25,945,969,811,456	22,034,264,555,520	29,685,706,653,696	711,828,923	918,543,276	0	0
em-p-ihep51	20260625171626576000000	12	23,200,453,607,424	23,200,584,003,584	14,580,490,592,788	25,154,938,761,216	25,945,969,811,456	22,034,264,555,520	29,685,706,653,696	1,010,533,743	1,069,894,590	0	0
em-p-ihep51	20260625171636665000000	10	23,200,453,607,424	23,200,666,865,664	14,576,754,692,763	25,154,938,761,216	25,945,969,811,456	22,034,264,555,520	29,685,706,653,696	592,204,367	646,052,809	0	0
em-p-ihep51	20260625171646750000000	11	23,200,453,500,928	23,200,584,736,768	14,579,371,271,549	25,154,938,761,216	25,945,969,811,456	22,034,264,555,520	29,685,706,653,696	360,403,714	457,288,480	0	0
em-p-ihep51	20260625171656840000000	11	23,200,453,693,440	23,200,559,636,480	14,578,637,954,585	25,154,938,761,216	25,945,969,811,456	22,034,264,555,520	29,685,706,653,696	219,112,702	460,044,723	0	0
em-p-ihep51	20260625171706927000000	7	23,200,453,586,944	23,200,557,559,808	14,581,163,366,317	25,154,938,761,216	25,945,969,811,456	22,034,264,555,520	29,685,706,653,696	192,584,964	370,081,217	0	0
em-p-ihep51	20260625171717016000000	10	23,200,453,750,784	23,200,880,922,624	14,579,526,599,549	25,154,938,761,216	25,945,969,811,456	22,034,264,555,520	29,685,706,653,696	247,871,568	1,343,710,413	0	0
em-p-ihep51	20260625171727111000000	10	23,200,453,750,784	23,200,559,599,616	14,579,317,320,340	25,154,938,761,216	25,945,969,811,456	22,034,264,555,520	29,685,706,653,696	266,813,014	1,442,679,839	0	0
em-p-ihep51	20260625171737213000000	13	23,200,453,644,288	23,200,556,834,816	14,581,370,649,832	25,154,938,761,216	25,945,969,811,456	22,034,264,555,520	29,685,706,653,696	515,692,370	640,941,452	0	0
em-p-ihep51	20260625171747306000000	11	23,200,454,078,464	23,200,556,945,408	14,578,785,693,233	25,154,938,761,216	25,945,969,811,456	22,034,264,555,520	29,685,706,653,696	204,059,915	487,344,683	0	0
em-p-ihep51	20260625171757397000000	12	23,200,479,653,888	23,200,896,589,824	14,590,978,835,068	25,154,938,761,216	25,945,969,811,456	22,034,264,555,520	29,685,706,653,696	388,342,100	543,995,306	0	0
em-p-ihep51	20260625171807486000000	13	23,200,479,653,888	23,200,585,031,680	14,585,211,252,843	25,154,938,761,216	25,945,969,811,456	22,034,264,555,520	29,685,706,653,696	377,633,020	752,713,561	172,032	0
em-p-ihep51	20260625171817569000000	13	23,200,477,286,400	23,200,587,268,096	14,583,531,795,529	25,154,938,761,216	25,945,969,811,456	22,034,264,555,520	29,685,706,653,696	278,010,397	986,729,570	0	0
em-p-ihep51	20260625171827670000000	12	23,200,478,367,744	23,200,594,460,672	14,584,852,232,944	25,154,938,761,216	25,945,969,811,456	22,034,264,555,520	29,685,706,653,696	621,157,082	889,527,471	0	0
em-p-ihep51	20260625171837767000000	9	23,200,478,531,584	23,200,594,907,136	14,583,655,794,942	25,154,938,761,216	25,945,969,811,456	22,034,264,555,520	29,685,706,653,696	124,122,966	622,541,952	0	0
em-p-ihep51	20260625171847769000000	13	23,200,478,670,848	23,200,596,578,304	14,579,222,256,908	25,154,938,761,216	25,945,969,811,456	22,034,264,555,520	29,685,706,653,696	361,264,878	1,313,791,408	0	0
em-p-ihep51	20260625171857860000000	10	23,200,478,670,848	23,200,596,725,760	14,582,005,428,318	25,154,938,761,216	25,945,969,811,456	22,034,264,555,520	29,685,706,653,696	628,555,994	969,313,866	0	0
em-p-ihep51	20260625171907951000000	8	23,200,478,670,848	23,200,614,760,448	14,585,133,610,205	25,154,938,761,216	25,945,969,811,456	22,034,264,555,520	29,685,706,653,696	303,808,420	1,236,373,356	0	0
em-p-ihep51	20260625171918057000000	12	23,200,478,564,352	23,200,597,979,136	14,591,294,903,836	25,154,938,761,216	25,945,969,811,456	22,034,264,555,520	29,685,706,653,696	521,344,341	1,103,315,908	0	0
em-p-ihep51	20260625171928145000000	10	23,200,479,805,440	23,200,598,056,960	14,578,152,467,111	25,154,938,761,216	25,945,969,811,456	22,034,264,555,520	29,685,706,653,696	416,404,963	1,121,750,848	0	0
em-p-ihep51	20260625171938243000000	11	23,200,477,540,352	23,200,580,730,880	14,579,860,386,331	25,154,938,761,216	25,945,969,811,456	22,034,264,555,520	29,685,706,653,696	679,123,429	815,351,970	0	0
em-p-ihep51	20260625171948234000000	10	23,200,819,957,760	23,200,927,526,912	14,573,420,307,849	25,154,938,761,216	25,945,969,811,456	22,034,264,555,520	29,685,706,653,696	543,255,674	820,600,032	0	0
em-p-ihep51	20260625171958324000000	9	23,200,819,109,888	23,201,073,336,320	14,575,512,722,910	25,154,938,761,216	25,945,969,811,456	22,034,264,555,520	29,685,706,653,696	572,924,306	2,398,632,111	0	0
em-p-ihep51	20260625172008451000000	23	23,201,053,868,032	23,201,236,635,648	14,619,068,720,490	25,154,938,761,216	25,945,969,811,456	22,034,264,555,520	29,685,706,653,696	639,616,571	2,586,268,141	0	0
em-p-ihep51	20260625172018529000000	20	23,201,061,429,248	23,201,260,437,504	14,604,093,168,247	25,154,938,761,216	25,945,969,811,456	22,034,264,555,520	29,685,706,653,696	1,031,207,755	1,776,428,248	0	0
em-p-ihep51	20260625172028541000000	17	23,201,060,241,408	23,201,237,164,032	14,593,665,047,566	25,154,938,761,216	25,945,969,811,456	22,034,264,555,520	29,685,706,653,696	1,009,019,621	1,238,150,362	0	0
em-p-ihep51	20260625172038630000000	18	23,201,060,134,912	23,201,224,069,120	14,593,260,344,059	25,154,938,761,216	25,945,969,811,456	22,034,264,555,520	29,685,706,653,696	440,577,602	552,159,588	0	0
em-p-ihep51	20260625172048635000000	14	23,201,055,727,616	23,201,228,423,168	14,580,664,822,125	25,154,938,761,216	25,945,969,811,456	22,034,264,555,520	29,685,706,653,696	321,369,603	858,439,733	0	0
em-p-ihep51	20260625172058737000000	15	23,201,057,079,296	23,201,227,079,680	14,584,357,793,815	25,154,938,761,216	25,945,969,811,456	22,034,264,555,520	29,685,706,653,696	748,192,152	757,313,980	0	0
em-p-ihep51	20260625172108824000000	16	23,201,419,440,128	23,201,612,984,320	14,589,276,308,659	25,154,938,761,216	25,945,969,811,456	22,034,264,555,520	29,685,706,653,696	931,773,819	1,251,171,142	0	0
em-p-ihep51	20260625172118943000000	22	23,201,999,835,136	23,202,291,187,712	14,591,462,288,762	25,154,938,761,216	25,945,969,811,456	22,034,264,555,520	29,685,706,653,696	642,239,645	2,755,073,186	0	0
em-p-ihep51	20260625172129017000000	22	23,202,003,419,136	23,202,604,937,216	14,582,431,867,622	25,154,938,761,216	25,945,969,811,456	22,034,264,555,520	29,685,706,653,696	439,438,942	1,495,263,882	0	0
em-p-ihep51	20260625172139100000000	15	23,202,001,387,520	23,202,187,644,928	14,581,621,769,228	25,154,938,761,216	25,945,969,811,456	22,034,264,555,520	29,685,706,653,696	680,247,796	1,059,702,826	0	0
em-p-ihep51	20260625172149099000000	11	23,202,000,363,520	23,202,119,823,360	14,576,789,141,083	25,154,938,761,216	25,945,969,811,456	22,034,264,555,520	29,685,706,653,696	168,484,275	618,971,367	0	0
em-p-ihep51	20260625172159201000000	8	23,202,000,257,024	23,202,128,531,456	14,579,834,664,460	25,154,938,761,216	25,945,969,811,456	22,034,264,555,520	29,685,706,653,696	525,409,539	690,335,235	0	0
em-p-ihep51	20260625172209298000000	13	23,202,003,070,976	23,202,119,421,952	14,590,232,174,162	25,154,938,761,216	25,945,969,811,456	22,034,264,555,520	29,685,706,653,696	773,846,779	1,518,384,201	0	0
em-p-ihep51	20260625172219379000000	13	23,202,004,148,224	23,202,120,458,240	14,576,474,013,610	25,154,938,761,216	25,945,969,811,456	22,034,264,555,520	29,685,706,653,696	784,127,769	821,945,408	0	0
em-p-ihep51	20260625172229469000000	11	23,202,001,846,272	23,202,118,467,584	14,582,405,028,585	25,154,938,761,216	25,945,969,811,456	22,034,264,555,520	29,685,706,653,696	430,641,701	674,113,407	0	0
em-p-ihep51	20260625172239570000000	11	23,202,001,707,008	23,202,128,252,928	14,591,087,402,209	25,154,938,761,216	25,945,969,811,456	22,034,264,555,520	29,685,706,653,696	641,755,836	699,554,807	0	0
em-p-ihep51	20260625172249658000000	12	23,201,998,065,664	23,202,190,176,256	14,584,472,599,295	25,154,938,761,216	25,945,969,811,456	22,034,264,555,520	29,685,706,653,696	572,168,024	1,634,055,142	0	0
em-p-ihep51	20260625172259724000000	7	23,201,998,307,328	23,202,100,670,464	14,574,835,829,625	25,154,938,761,216	25,945,969,811,456	22,034,264,555,520	29,685,706,653,696	562,899,539	2,516,730,402	0	0
em-p-ihep51	20260625172309821000000	7	23,201,998,200,832	23,202,103,619,584	14,584,440,668,137	25,154,938,761,216	25,945,969,811,456	22,034,264,555,520	29,685,706,653,696	587,849,431	890,574,609	0	0
em-p-ihep51	20260625172319920000000	7	23,201,997,201,408	23,202,101,260,288	14,579,730,387,376	25,154,938,761,216	25,945,969,811,456	22,034,264,555,520	29,685,706,653,696	438,119,294	1,189,419,759	0	0
em-p-ihep51	20260625172329920000000	10	23,201,994,866,688	23,202,099,240,960	14,581,578,397,282	25,154,938,761,216	25,945,969,811,456	22,034,264,555,520	29,685,706,653,696	832,135,802	1,420,624,411	0	0
em-p-ihep51	20260625172340021000000	9	23,201,995,030,528	23,202,099,122,176	14,578,416,977,027	25,154,938,761,216	25,945,969,811,456	22,034,264,555,520	29,685,706,653,696	733,506,796	1,250,748,512	0	0
em-p-ihep51	20260625172350025000000	10	23,201,994,924,032	23,202,112,782,336	14,576,962,302,781	25,154,938,761,216	25,945,969,811,456	22,034,264,555,520	29,685,706,653,696	279,617,691	1,045,838,452	0	0
em-p-ihep51	20260625172400007000000	7	23,201,995,087,872	23,202,095,005,696	14,576,519,047,863	25,154,938,761,216	25,945,969,811,456	22,034,264,555,520	29,685,706,653,696	320,991,435	631,265,318	0	0
em-p-ihep51	20260625172410103000000	8	23,201,991,782,400	23,202,091,302,912	14,590,559,016,683	25,154,938,761,216	25,945,969,811,456	22,034,264,555,520	29,685,706,653,696	162,546,574	1,099,295,802	0	0
em-p-ihep51	20260625172420093000000	9	23,203,946,672,128	23,204,047,179,776	14,575,907,057,911	25,154,938,761,216	25,945,969,811,456	22,034,264,555,520	29,685,706,653,696	181,265,365	1,211,797,524	0	0
em-p-ihep51	20260625172430169000000	8	23,200,461,029,376	23,200,568,041,472	14,576,860,346,718	25,154,938,761,216	25,945,969,811,456	22,034,264,555,520	29,685,706,653,696	718,555,100	1,059,224,701	0	0
em-p-ihep51	20260625172440176000000	9	23,200,461,029,376	23,200,557,146,112	14,581,059,586,604	25,154,938,761,216	25,945,969,811,456	22,034,264,555,520	29,685,706,653,696	588,614,780	654,696,274	0	0
em-p-ihep51	20260625172450259000000	9	23,200,461,193,216	23,200,554,676,224	14,572,851,455,152	25,154,938,761,216	25,945,969,811,456	22,034,264,555,520	29,685,706,653,696	457,869,786	848,201,506	0	0
em-p-ihep51	20260625172500366000000	9	23,200,461,086,720	23,200,994,529,280	14,576,422,067,125	25,154,938,761,216	25,945,969,811,456	22,034,264,555,520	29,685,706,653,696	692,360,857	731,123,671	0	0
em-p-ihep51	20260625172510460000000	14	23,200,464,654,336	23,200,610,676,736	14,594,404,516,313	25,154,938,761,216	25,945,969,811,456	22,034,264,555,520	29,685,706,653,696	613,606,171	868,010,684	0	0
em-p-ihep51	20260625172520466000000	14	23,200,467,087,360	23,200,613,146,624	14,574,580,382,835	25,154,938,761,216	25,945,969,811,456	22,034,264,555,520	29,685,706,653,696	868,099,634	1,666,879,423	0	0
em-p-ihep51	20260625172530561000000	12	23,201,366,925,312	23,201,513,439,232	14,593,292,988,940	25,154,938,761,216	25,945,969,811,456	22,034,264,555,520	29,685,706,653,696	764,841,062	1,358,808,679	0	0
em-p-ihep51	20260625172540567000000	10	23,201,365,741,568	23,201,532,342,272	14,583,375,041,808	25,154,938,761,216	25,945,969,811,456	22,034,264,555,520	29,685,706,653,696	242,512,406	988,871,745	0	0
em-p-ihep51	20260625172550660000000	10	23,201,365,905,408	23,201,729,945,600	14,580,613,722,872	25,154,938,761,216	25,945,969,811,456	22,034,264,555,520	29,685,706,653,696	376,426,792	1,078,463,313	0	0
em-p-ihep51	20260625172600757000000	12	23,201,373,089,792	23,201,520,250,880	14,589,489,160,992	25,154,938,761,216	25,945,969,811,456	22,034,264,555,520	29,685,706,653,696	544,734,399	1,053,261,166	106,496	0
em-p-ihep51	20260625172610849000000	13	23,201,594,429,440	23,202,289,369,088	14,584,615,456,004	25,154,938,761,216	25,945,969,811,456	22,034,264,555,520	29,685,706,653,696	838,748,442	1,228,110,553	0	0
em-p-ihep51	20260625172620943000000	10	23,203,126,546,432	23,203,265,142,784	14,578,729,830,588	25,154,938,761,216	25,945,969,811,456	22,034,264,555,520	29,685,706,653,696	859,751,240	1,145,376,324	0	0
em-p-ihep51	20260625172631039000000	10	23,203,128,975,360	23,203,267,620,864	14,575,932,239,943	25,154,938,761,216	25,945,969,811,456	22,034,264,555,520	29,685,706,653,696	588,842,653	635,945,404	0	0
em-p-ihep51	20260625172641066000000	14	23,203,127,787,520	23,203,267,751,936	14,579,830,413,765	25,154,938,761,216	25,945,969,811,456	22,034,264,555,520	29,685,706,653,696	322,125,883	750,499,598	0	0
em-p-ihep51	20260625172651090000000	11	23,203,127,791,616	23,203,798,601,728	14,580,033,756,571	25,154,938,761,216	25,945,969,811,456	22,034,264,555,520	29,685,706,653,696	709,868,188	956,215,644	0	0
em-p-ihep51	20260625172701186000000	10	23,203,129,200,640	23,203,265,441,792	14,576,672,891,603	25,154,938,761,216	25,945,969,811,456	22,034,264,555,520	29,685,706,653,696	143,882,958	821,841,921	0	0
em-p-ihep51	20260625172711284000000	8	23,203,129,401,344	23,203,284,987,904	14,581,635,115,357	25,154,938,761,216	25,945,969,811,456	22,034,264,555,520	29,685,706,653,696	586,576,810	1,393,486,080	0	0
em-p-ihep51	20260625172721281000000	8	23,203,129,262,080	23,203,264,147,456	14,577,831,873,058	25,154,938,761,216	25,945,969,811,456	22,034,264,555,520	29,685,706,653,696	815,800,719	2,192,956,107	0	0
em-p-ihep51	20260625172731372000000	7	23,203,129,425,920	23,203,266,605,056	14,578,873,643,971	25,154,938,761,216	25,945,969,811,456	22,034,264,555,520	29,685,706,653,696	527,230,255	869,624,478	0	0
em-p-ihep51	20260625172741372000000	9	23,203,129,425,920	23,203,264,442,368	14,577,880,994,933	25,154,938,761,216	25,945,969,811,456	22,034,264,555,520	29,685,706,653,696	230,697,381	609,848,993	0	0
em-p-ihep51	20260625172751462000000	8	23,203,129,319,424	23,203,266,961,408	14,579,160,588,598	25,154,938,761,216	25,945,969,811,456	22,034,264,555,520	29,685,706,653,696	150,476,694	437,916,307	0	0
em-p-ihep51	20260625172801552000000	7	23,203,129,245,696	23,203,295,444,992	14,577,519,768,785	25,154,938,761,216	25,945,969,811,456	22,034,264,555,520	29,685,706,653,696	396,003,075	620,954,999	0	0
em-p-ihep51	20260625172811684000000	9	23,203,129,290,752	23,203,263,868,928	14,582,094,941,155	25,154,938,761,216	25,945,969,811,456	22,034,264,555,520	29,685,706,653,696	502,030,963	2,428,804,722	0	0
em-p-ihep51	20260625172821717000000	5	23,203,129,454,592	23,203,251,953,664	14,577,062,193,110	25,154,938,761,216	25,945,969,811,456	22,034,264,555,520	29,685,706,653,696	339,465,403	1,146,922,564	0	0
em-p-ihep51	20260625172831821000000	9	23,203,130,425,344	23,203,251,851,264	14,574,549,762,731	25,154,938,761,216	25,945,969,811,456	22,034,264,555,520	29,685,706,653,696	323,680,185	820,103,300	0	0
em-p-ihep51	20260625172841912000000	7	23,203,129,511,936	23,203,279,802,368	14,577,018,355,571	25,154,938,761,216	25,945,969,811,456	22,034,264,555,520	29,685,706,653,696	304,309,519	506,745,815	0	0
em-p-ihep51	20260625172852005000000	7	23,203,129,298,944	23,203,266,605,056	14,577,782,092,964	25,154,938,761,216	25,945,969,811,456	22,034,264,555,520	29,685,706,653,696	168,349,647	389,448,257	0	0
em-p-ihep51	20260625172902103000000	9	23,203,129,298,944	23,203,260,895,232	14,577,042,805,740	25,154,938,761,216	25,945,969,811,456	22,034,264,555,520	29,685,706,653,696	485,486,499	843,966,778	0	0
em-p-ihep51	20260625172912103000000	12	23,203,128,385,536	23,203,743,838,208	14,582,674,844,752	25,154,938,761,216	25,945,969,811,456	22,034,264,555,520	29,685,706,653,696	472,314,823	1,440,172,091	0	0
em-p-ihep51	20260625172922106000000	12	23,203,128,279,040	23,203,260,018,688	14,576,405,965,164	25,154,938,761,216	25,945,969,811,456	22,034,264,555,520	29,685,706,653,696	328,695,902	1,227,086,343	0	0
em-p-ihep51	20260625172932109000000	13	23,203,128,442,880	23,203,244,408,832	14,582,447,556,844	25,154,938,761,216	25,945,969,811,456	22,034,264,555,520	29,685,706,653,696	321,641,390	1,195,082,876	0	0
em-p-ihep51	20260625172942125000000	11	23,203,128,336,384	23,203,227,897,856	14,573,785,826,503	25,154,938,761,216	25,945,969,811,456	22,034,264,555,520	29,685,706,653,696	812,706,314	2,066,472,057	0	0
em-p-ihep51	20260625172952220000000	11	23,203,562,414,080	23,203,755,012,096	14,579,965,659,745	25,154,938,761,216	25,945,969,811,456	22,034,264,555,520	29,685,706,653,696	739,724,720	1,375,096,215	0	0
em-p-ihep51	20260625173002313000000	13	23,202,764,681,216	23,202,885,677,056	14,582,305,709,858	25,154,938,761,216	25,945,969,811,456	22,034,264,555,520	29,685,706,653,696	652,185,046	1,301,121,583	0	0
em-p-ihep51	20260625173012319000000	29	23,202,563,964,928	23,202,744,127,488	14,606,131,461,958	25,154,938,761,216	25,945,969,811,456	22,034,264,555,520	29,685,706,653,696	1,084,088,695	2,334,618,013	0	0
em-p-ihep51	20260625173022355000000	29	23,202,579,435,520	23,202,849,230,848	14,586,886,625,881	25,154,938,761,216	25,945,969,811,456	22,034,264,555,520	29,685,706,653,696	894,809,264	2,794,715,415	0	0
em-p-ihep51	20260625173032347000000	29	23,202,727,034,880	23,202,910,568,448	14,590,978,984,435	25,154,938,761,216	25,945,969,811,456	22,034,264,555,520	29,685,706,653,696	683,393,730	1,975,947,983	0	0
em-p-ihep51	20260625173042353000000	27	23,202,719,428,608	23,202,893,762,560	14,578,403,443,782	25,154,938,761,216	25,945,969,811,456	22,034,264,555,520	29,685,706,653,696	649,768,315	1,264,061,995	0	0
em-p-ihep51	20260625173052456000000	23	23,202,720,907,264	23,202,911,752,192	14,583,871,017,389	25,154,938,761,216	25,945,969,811,456	22,034,264,555,520	29,685,706,653,696	798,036,678	1,159,389,887	0	0
em-p-ihep51	20260625173102562000000	24	23,202,730,516,480	23,202,907,025,408	14,583,106,473,062	25,154,938,761,216	25,945,969,811,456	22,034,264,555,520	29,685,706,653,696	494,311,682	1,576,520,345	0	0
em-p-ihep51	20260625173112655000000	21	23,202,728,304,640	23,202,908,807,168	14,587,735,480,481	25,154,938,761,216	25,945,969,811,456	22,034,264,555,520	29,685,706,653,696	605,010,336	1,406,990,822	0	0
em-p-ihep51	20260625173122651000000	27	23,204,217,470,976	23,204,392,046,592	14,592,399,445,792	25,154,938,761,216	25,945,969,811,456	22,034,264,555,520	29,685,706,653,696	455,045,984	1,522,225,521	0	0
em-p-ihep51	20260625173132666000000	19	23,210,679,087,104	23,211,657,924,608	14,597,387,692,711	25,154,938,761,216	25,945,969,811,456	22,034,264,555,520	29,685,706,653,696	631,596,119	1,897,527,723	0	0
em-p-ihep51	20260625173142682000000	24	23,210,678,185,984	23,210,855,956,480	14,595,425,518,103	25,154,938,761,216	25,945,969,811,456	22,034,264,555,520	29,685,706,653,696	289,663,174	2,330,199,796	0	0
em-p-ihep51	20260625173152673000000	23	23,206,073,962,496	23,206,248,038,400	14,587,866,577,826	25,154,938,761,216	25,945,969,811,456	22,034,264,555,520	29,685,706,653,696	341,698,823	1,071,029,527	0	0
em-p-ihep51	20260625173202772000000	23	23,206,077,370,368	23,206,254,931,968	14,591,476,470,407	25,154,938,761,216	25,945,969,811,456	22,034,264,555,520	29,685,706,653,696	223,506,560	802,171,319	0	0
em-p-ihep51	20260625173212884000000	20	23,206,134,034,432	23,206,309,171,200	14,597,463,249,162	25,154,938,761,216	25,945,969,811,456	22,034,264,555,520	29,685,706,653,696	496,267,213	1,248,015,512	0	0
em-p-ihep51	20260625173222872000000	18	23,206,134,374,400	23,206,311,411,712	14,590,426,890,969	25,154,938,761,216	25,945,969,811,456	22,034,264,555,520	29,685,706,653,696	830,269,302	2,157,394,357	0	0
em-p-ihep51	20260625173232916000000	21	23,206,136,455,168	23,206,626,566,144	14,594,597,779,599	25,154,938,761,216	25,945,969,811,456	22,034,264,555,520	29,685,706,653,696	566,595,420	2,592,410,857	0	0
em-p-ihep51	20260625173242918000000	19	23,208,281,133,056	23,208,463,417,344	14,594,494,928,303	25,154,938,761,216	25,945,969,811,456	22,034,264,555,520	29,685,706,653,696	508,892,301	1,643,871,837	0	0
em-p-ihep51	20260625173253004000000	12	23,209,991,393,280	23,210,119,954,432	14,591,016,194,301	25,154,938,761,216	25,945,969,811,456	22,034,264,555,520	29,685,706,653,696	209,514,866	757,162,837	0	0
em-p-ihep51	20260625173303014000000	12	23,211,151,011,840	23,211,275,452,416	14,598,514,838,848	25,154,938,761,216	25,945,969,811,456	22,034,264,555,520	29,685,706,653,696	146,138,550	618,677,122	0	0
em-p-ihep51	20260625173313024000000	12	23,207,847,014,400	23,208,517,533,696	14,594,114,744,456	25,154,938,761,216	25,945,969,811,456	22,034,264,555,520	29,685,706,653,696	214,852,355	628,381,977	0	0
em-p-ihep51	20260625173323041000000	10	23,207,686,529,024	23,208,161,980,416	14,593,128,059,856	25,154,938,761,216	25,945,969,811,456	22,034,264,555,520	29,685,706,653,696	245,075,677	1,087,236,776	0	0
em-p-ihep51	20260625173333132000000	10	23,208,368,119,808	23,208,392,351,744	14,593,379,879,670	25,154,938,761,216	25,945,969,811,456	22,034,264,555,520	29,685,706,653,696	270,560,649	895,869,821	0	0
em-p-ihep51	20260625173343218000000	10	23,208,490,823,680	23,208,619,425,792	14,593,197,274,393	25,154,938,761,216	25,945,969,811,456	22,034,264,555,520	29,685,706,653,696	162,978,897	1,127,210,988	0	0
em-p-ihep51	20260625173353226000000	10	23,208,492,175,360	23,208,618,401,792	14,590,557,048,398	25,154,938,761,216	25,945,969,811,456	22,034,264,555,520	29,685,706,653,696	142,345,142	1,173,701,399	0	0
em-p-ihep51	20260625173403264000000	12	23,209,760,727,040	23,209,856,610,304	14,597,774,801,666	25,154,938,761,216	25,945,969,811,456	22,034,264,555,520	29,685,706,653,696	521,918,163	1,444,936,874	0	0
em-p-ihep51	20260625173413253000000	12	23,208,384,856,064	23,208,483,409,920	14,595,651,072,018	25,154,938,761,216	25,945,969,811,456	22,034,264,555,520	29,685,706,653,696	600,020,838	1,059,057,270	0	0
em-p-ihep51	20260625173423358000000	10	23,203,027,812,352	23,203,146,309,632	14,578,301,434,742	25,154,938,761,216	25,945,969,811,456	22,034,264,555,520	29,685,706,653,696	501,905,418	2,002,828,371	0	0
em-p-ihep51	20260625173433360000000	10	23,203,037,655,040	23,203,111,411,712	14,577,865,954,246	25,154,938,761,216	25,945,969,811,456	22,034,264,555,520	29,685,706,653,696	344,534,732	1,319,676,963	0	0
em-p-ihep51	20260625173443468000000	9	23,203,059,412,992	23,203,183,177,728	14,577,559,703,264	25,154,938,761,216	25,945,969,811,456	22,034,264,555,520	29,685,706,653,696	369,427,490	971,895,283	0	0
em-p-ihep51	20260625173453549000000	14	23,203,060,654,080	23,203,184,533,504	14,578,339,671,680	25,154,938,761,216	25,945,969,811,456	22,034,264,555,520	29,685,706,653,696	737,109,359	883,684,306	0	0
em-p-ihep51	20260625173503659000000	11	23,203,064,061,952	23,203,197,677,568	14,577,745,294,821	25,154,938,761,216	25,945,969,811,456	22,034,264,555,520	29,685,706,653,696	383,542,744	1,173,721,622	0	0
em-p-ihep51	20260625173513743000000	12	23,204,587,397,120	23,204,711,751,680	14,586,253,152,379	25,154,938,761,216	25,945,969,811,456	22,034,264,555,520	29,685,706,653,696	738,112,629	1,465,296,772	0	0
em-p-ihep51	20260625173523747000000	10	23,203,536,715,776	23,203,663,024,128	14,578,877,356,038	25,154,938,761,216	25,945,969,811,456	22,034,264,555,520	29,685,706,653,696	395,899,243	1,602,162,954	0	0
em-p-ihep51	20260625173533755000000	11	23,203,068,858,368	23,203,676,450,816	14,586,558,244,602	25,154,938,761,216	25,945,969,811,456	22,034,264,555,520	29,685,706,653,696	588,360,562	1,072,320,384	0	0
em-p-ihep51	20260625173543825000000	13	23,203,068,747,776	23,203,188,781,056	14,575,459,403,950	25,154,938,761,216	25,945,969,811,456	22,034,264,555,520	29,685,706,653,696	462,503,192	618,904,265	0	0
em-p-ihep51	20260625173553924000000	10	23,203,069,829,120	23,203,186,491,392	14,582,509,984,083	25,154,938,761,216	25,945,969,811,456	22,034,264,555,520	29,685,706,653,696	300,507,016	505,951,375	0	0
em-p-ihep51	20260625173603945000000	12	23,204,601,778,176	23,204,724,342,784	14,587,787,796,465	25,154,938,761,216	25,945,969,811,456	22,034,264,555,520	29,685,706,653,696	173,045,733	435,626,822	0	0
em-p-ihep51	20260625173614052000000	15	23,203,657,261,056	23,203,387,101,184	14,587,140,606,500	25,154,938,761,216	25,945,969,811,456	22,034,264,555,520	29,685,706,653,696	618,618,579	2,028,775,209	0	0
em-p-ihep51	20260625173624039000000	13	23,204,600,864,768	23,204,721,524,736	14,585,336,042,570	25,154,938,761,216	25,945,969,811,456	22,034,264,555,520	29,685,706,653,696	353,545,741	1,728,992,095	0	0
em-p-ihep51	20260625173634133000000	11	23,203,075,239,936	23,203,194,998,784	14,589,379,739,053	25,154,938,761,216	25,945,969,811,456	22,034,264,555,520	29,685,706,653,696	872,210,510	1,616,757,153	0	0
em-p-ihep51	20260625173644239000000	15	23,203,104,157,696	23,203,226,128,384	14,583,909,650,257	25,154,938,761,216	25,945,969,811,456	22,034,264,555,520	29,685,706,653,696	232,643,230	1,683,309,585	0	0
em-p-ihep51	20260625173654245000000	13	23,203,104,247,808	23,203,421,888,512	14,584,100,898,013	25,154,938,761,216	25,945,969,811,456	22,034,264,555,520	29,685,706,653,696	594,765,906	2,367,236,431	0	0
em-p-ihep51	20260625173704328000000	11	23,203,104,378,880	23,203,223,728,128	14,582,685,082,582	25,154,938,761,216	25,945,969,811,456	22,034,264,555,520	29,685,706,653,696	345,598,350	1,046,328,201	0	0
em-p-ihep51	20260625173714332000000	9	23,203,106,799,616	23,203,226,148,864	14,579,588,142,817	25,154,938,761,216	25,945,969,811,456	22,034,264,555,520	29,685,706,653,696	155,693,586	715,329,651	0	0
em-p-ihep51	20260625173724339000000	9	23,203,105,505,280	23,203,229,126,656	14,579,487,865,519	25,154,938,761,216	25,945,969,811,456	22,034,264,555,520	29,685,706,653,696	606,760,885	1,597,857,844	0	0
em-p-ihep51	20260625173734422000000	10	23,203,227,856,896	23,203,328,184,320	14,580,669,142,866	25,154,938,761,216	25,945,969,811,456	22,034,264,555,520	29,685,706,653,696	230,401,850	606,839,342	0	0
em-p-ihep51	20260625173744431000000	9	23,203,230,183,424	23,203,328,438,272	14,579,649,918,163	25,154,938,761,216	25,945,969,811,456	22,034,264,555,520	29,685,706,653,696	281,044,492	829,379,010	0	0
em-p-ihep51	20260625173754436000000	9	23,203,230,076,928	23,203,331,571,712	14,574,847,686,237	25,154,938,761,216	25,945,969,811,456	22,034,264,555,520	29,685,706,653,696	518,892,969	1,083,442,317	0	0
em-p-ihep51	20260625173804450000000	11	23,203,226,673,152	23,203,342,524,416	14,575,655,923,793	25,154,938,761,216	25,945,969,811,456	22,034,264,555,520	29,685,706,653,696	137,226,147	1,183,011,803	0	0
em-p-ihep51	20260625173814544000000	11	23,204,752,646,144	23,204,849,119,232	14,579,787,407,224	25,154,938,761,216	25,945,969,811,456	22,034,264,555,520	29,685,706,653,696	756,395,040	851,841,746	0	0
em-p-ihep51	20260625173824555000000	9	23,203,386,306,560	23,204,862,976,000	14,574,055,815,666	25,154,938,761,216	25,945,969,811,456	22,034,264,555,520	29,685,706,653,696	360,627,796	509,996,352	0	0
em-p-ihep51	20260625173834560000000	7	23,203,234,332,672	23,203,756,388,352	14,572,743,430,797	25,154,938,761,216	25,945,969,811,456	22,034,264,555,520	29,685,706,653,696	145,094,605	494,995,572	0	0
em-p-ihep51	20260625173844661000000	8	23,203,228,700,672	23,203,417,198,592	14,578,772,978,357	25,154,938,761,216	25,945,969,811,456	22,034,264,555,520	29,685,706,653,696	478,963,966	866,157,737	0	0
em-p-ihep51	20260625173854660000000	8	23,203,230,826,496	23,203,323,068,416	14,580,399,042,753	25,154,938,761,216	25,945,969,811,456	22,034,264,555,520	29,685,706,653,696	421,798,758	720,933,853	0	0
em-p-ihep51	20260625173904671000000	8	23,203,230,937,088	23,203,324,153,856	14,579,691,009,286	25,154,938,761,216	25,945,969,811,456	22,034,264,555,520	29,685,706,653,696	522,509,067	729,188,328	0	0
em-p-ihep51	20260625173914691000000	13	23,210,145,759,232	23,210,888,994,816	14,585,479,656,413	25,154,938,761,216	25,945,969,811,456	22,034,264,555,520	29,685,706,653,696	662,716,667	2,641,324,722	0	0
em-p-ihep51	20260625173924772000000	11	23,215,948,455,936	23,215,714,152,448	14,573,659,442,945	25,154,938,761,216	25,945,969,811,456	22,034,264,555,520	29,685,706,653,696	439,670,722	3,568,597,698	0	0
em-p-ihep51	20260625173934864000000	9	23,206,893,752,320	23,206,993,113,088	14,575,895,797,544	25,154,938,761,216	25,945,969,811,456	22,034,264,555,520	29,685,706,653,696	376,098,609	1,413,268,632	0	0
em-p-ihep51	20260625173944959000000	8	23,206,088,445,952	23,206,277,955,584	14,572,060,272,377	25,154,938,761,216	25,945,969,811,456	22,034,264,555,520	29,685,706,653,696	271,298,054	699,205,480	0	0
em-p-ihep51	20260625173955068000000	7	23,203,169,169,408	23,203,315,666,944	14,576,860,968,296	25,154,938,761,216	25,945,969,811,456	22,034,264,555,520	29,685,706,653,696	510,955,519	563,782,707	0	0
em-p-ihep51	20260625174005168000000	17	23,203,166,212,096	23,203,310,993,408	14,593,123,500,070	25,154,938,761,216	25,945,969,811,456	22,034,264,555,520	29,685,706,653,696	411,450,188	1,728,015,565	0	0
em-p-ihep51	20260625174015148000000	22	23,203,166,973,952	23,203,313,790,976	14,617,382,569,920	25,154,938,761,216	25,945,969,811,456	22,034,264,555,520	29,685,706,653,696	1,007,758,187	1,492,698,391	0	0
em-p-ihep51	20260625174025167000000	17	23,203,164,647,424	23,203,617,267,712	14,587,475,268,094	25,154,938,761,216	25,945,969,811,456	22,034,264,555,520	29,685,706,653,696	482,159,792	783,516,939	0	0
em-p-ihep51	20260625174035266000000	20	23,203,167,547,392	23,203,528,429,568	14,588,340,039,148	25,154,938,761,216	25,945,969,811,456	22,034,264,555,520	29,685,706,653,696	377,387,667	2,518,698,773	0	0
em-p-ihep51	20260625174045355000000	18	23,203,154,505,728	23,203,363,487,744	14,580,718,846,066	25,154,938,761,216	25,945,969,811,456	22,034,264,555,520	29,685,706,653,696	409,954,347	1,528,462,773	0	0
em-p-ihep51	20260625174055434000000	15	23,205,439,774,720	23,206,194,749,440	14,585,492,747,358	25,154,938,761,216	25,945,969,811,456	22,034,264,555,520	29,685,706,653,696	324,097,722	1,011,694,379	0	0
em-p-ihep51	20260625174105524000000	23	23,203,208,212,480	23,203,414,114,304	14,584,844,619,837	25,154,938,761,216	25,945,969,811,456	22,034,264,555,520	29,685,706,653,696	274,268,146	880,588,950	0	0
em-p-ihep51	20260625174115577000000	23	23,205,388,214,272	23,204,367,495,168	14,587,104,844,330	25,154,938,761,216	25,945,969,811,456	22,034,264,555,520	29,685,706,653,696	206,281,343	2,169,835,392	0	0
em-p-ihep51	20260625174125585000000	24	23,205,762,138,112	23,205,906,718,720	14,585,732,024,395	25,154,938,761,216	25,945,969,811,456	22,034,264,555,520	29,685,706,653,696	98,408,183	1,657,160,863	0	0
em-p-ihep51	20260625174135618000000	21	23,205,758,111,744	23,205,931,294,720	14,587,462,165,765	25,154,938,761,216	25,945,969,811,456	22,034,264,555,520	29,685,706,653,696	265,399,351	1,205,533,471	0	0
em-p-ihep51	20260625174145629000000	24	23,205,754,892,288	23,205,901,955,072	14,582,478,370,027	25,154,938,761,216	25,945,969,811,456	22,034,264,555,520	29,685,706,653,696	293,294,260	1,982,473,468	0	0
em-p-ihep51	20260625174155630000000	23	23,205,754,753,024	23,205,899,304,960	14,585,908,686,928	25,154,938,761,216	25,945,969,811,456	22,034,264,555,520	29,685,706,653,696	387,987,269	1,804,665,870	0	0
em-p-ihep51	20260625174205629000000	24	23,205,760,933,888	23,206,171,459,584	14,589,477,785,017	25,154,938,761,216	25,945,969,811,456	22,034,264,555,520	29,685,706,653,696	498,213,031	1,618,272,616	0	0
em-p-ihep51	20260625174215722000000	20	23,205,758,054,400	23,206,045,569,024	14,581,588,405,224	25,154,938,761,216	25,945,969,811,456	22,034,264,555,520	29,685,706,653,696	518,351,385	1,908,984,422	0	0
em-p-ihep51	20260625174225728000000	18	23,205,754,716,160	23,206,092,988,416	14,588,243,337,176	25,154,938,761,216	25,945,969,811,456	22,034,264,555,520	29,685,706,653,696	781,473,815	3,096,960,213	0	0
em-p-ihep51	20260625174235739000000	20	23,205,748,137,984	23,205,895,561,216	14,581,756,969,518	25,154,938,761,216	25,945,969,811,456	22,034,264,555,520	29,685,706,653,696	924,161,610	1,781,937,866	0	0
em-p-ihep51	20260625174245767000000	16	23,204,222,763,008	23,204,371,628,032	14,585,032,853,731	25,154,938,761,216	25,945,969,811,456	22,034,264,555,520	29,685,706,653,696	608,116,578	1,057,508,894	0	0
em-p-ihep51	20260625174255755000000	21	23,204,223,733,760	23,204,364,898,304	14,602,120,312,784	25,154,938,761,216	25,945,969,811,456	22,034,264,555,520	29,685,706,653,696	98,554,909	377,104,442	0	0
em-p-ihep51	20260625174305871000000	15	23,205,142,683,648	23,205,532,049,408	14,603,713,359,725	25,154,938,761,216	25,945,969,811,456	22,034,264,555,520	29,685,706,653,696	383,420,785	1,591,212,819	0	0
em-p-ihep51	20260625174315949000000	23	23,208,997,920,768	23,209,430,380,544	14,600,599,618,861	25,154,938,761,216	25,945,969,811,456	22,034,264,555,520	29,685,706,653,696	708,980,788	2,636,163,407	0	0
em-p-ihep51	20260625174325965000000	21	23,208,864,194,560	23,208,989,306,880	14,612,500,902,290	25,154,938,761,216	25,945,969,811,456	22,034,264,555,520	29,685,706,653,696	394,444,606	1,775,828,073	0	0
em-p-ihep51	20260625174336052000000	19	23,209,720,508,416	23,209,519,693,824	14,610,369,126,019	25,154,938,761,216	25,945,969,811,456	22,034,264,555,520	29,685,706,653,696	651,898,069	1,223,099,977	0	0
em-p-ihep51	20260625174346056000000	19	23,210,806,718,464	23,210,936,479,744	14,605,840,372,304	25,154,938,761,216	25,945,969,811,456	22,034,264,555,520	29,685,706,653,696	184,444,152	605,740,833	0	0
em-p-ihep51	20260625174356060000000	19	23,208,935,600,128	23,209,062,002,688	14,609,769,795,387	25,154,938,761,216	25,945,969,811,456	22,034,264,555,520	29,685,706,653,696	409,577,944	690,296,435	0	0
em-p-ihep51	20260625174406065000000	18	23,208,935,600,128	23,209,062,019,072	14,613,254,463,306	25,154,938,761,216	25,945,969,811,456	22,034,264,555,520	29,685,706,653,696	700,996,066	1,414,519,633	0	0
em-p-ihep51	20260625174416080000000	20	23,209,105,735,680	23,209,300,848,640	14,619,870,121,569	25,154,938,761,216	25,945,969,811,456	22,034,264,555,520	29,685,706,653,696	934,721,295	1,305,663,970	0	0
em-p-ihep51	20260625174426117000000	23	23,214,510,161,920	23,215,180,460,032	14,623,423,672,486	25,154,938,761,216	25,945,969,811,456	22,034,264,555,520	29,685,706,653,696	482,889,169	1,178,379,430	0	0
em-p-ihep51	20260625174436105000000	19	23,211,389,427,712	23,211,533,516,800	14,611,731,848,003	25,154,938,761,216	25,945,969,811,456	22,034,264,555,520	29,685,706,653,696	488,504,909	681,273,736	0	0
em-p-ihep51	20260625174446191000000	20	23,209,781,141,504	23,209,890,041,856	14,607,514,710,606	25,154,938,761,216	25,945,969,811,456	22,034,264,555,520	29,685,706,653,696	563,845,980	1,416,640,592	0	0
em-p-ihep51	20260625174456200000000	22	23,204,295,172,096	23,204,403,843,072	14,597,662,272,952	25,154,938,761,216	25,945,969,811,456	22,034,264,555,520	29,685,706,653,696	483,898,577	1,141,932,165	0	0
em-p-ihep51	20260625174506234000000	25	23,205,885,079,552	23,205,992,017,920	14,595,476,362,574	25,154,938,761,216	25,945,969,811,456	22,034,264,555,520	29,685,706,653,696	675,361,212	973,201,098	0	0
em-p-ihep51	20260625174516238000000	26	23,206,801,813,504	23,206,909,276,160	14,612,199,837,676	25,154,938,761,216	25,945,969,811,456	22,034,264,555,520	29,685,706,653,696	394,291,908	702,537,003	0	0
em-p-ihep51	20260625174526248000000	29	23,206,727,503,872	23,206,757,474,304	14,599,396,956,574	25,154,938,761,216	25,945,969,811,456	22,034,264,555,520	29,685,706,653,696	824,793,289	1,699,139,986	0	0
em-p-ihep51	20260625174536257000000	28	23,204,440,145,920	23,204,548,026,368	14,598,172,578,270	25,154,938,761,216	25,945,969,811,456	22,034,264,555,520	29,685,706,653,696	426,949,883	828,440,321	0	0
em-p-ihep51	20260625174546253000000	25	23,205,413,072,896	23,204,558,589,952	14,593,721,644,327	25,154,938,761,216	25,945,969,811,456	22,034,264,555,520	29,685,706,653,696	382,385,337	612,218,512	0	0
em-p-ihep51	20260625174556275000000	21	23,207,356,346,368	23,207,639,203,840	14,601,716,086,678	25,154,938,761,216	25,945,969,811,456	22,034,264,555,520	29,685,706,653,696	400,424,030	2,128,120,134	0	0
em-p-ihep51	20260625174606299000000	21	23,207,356,948,480	23,207,545,896,960	14,594,479,789,855	25,154,938,761,216	25,945,969,811,456	22,034,264,555,520	29,685,706,653,696	153,292,800	961,396,650	0	0
em-p-ihep51	20260625174616281000000	21	23,204,589,690,880	23,204,704,919,552	14,604,686,798,295	25,154,938,761,216	25,945,969,811,456	22,034,264,555,520	29,685,706,653,696	545,410,154	1,491,139,075	0	0
em-p-ihep51	20260625174626303000000	19	23,205,609,721,856	23,205,717,979,136	14,596,523,043,075	25,154,938,761,216	25,945,969,811,456	22,034,264,555,520	29,685,706,653,696	533,363,456	947,852,060	0	0
em-p-ihep51	20260625174636416000000	18	23,205,612,851,200	23,206,019,342,336	14,599,770,594,101	25,154,938,761,216	25,945,969,811,456	22,034,264,555,520	29,685,706,653,696	272,744,665	521,275,849	0	0
em-p-ihep51	20260625174646414000000	22	23,205,612,314,624	23,205,728,227,328	14,598,031,862,171	25,154,938,761,216	25,945,969,811,456	22,034,264,555,520	29,685,706,653,696	256,256,556	578,393,501	0	0
em-p-ihep51	20260625174656520000000	18	23,205,612,208,128	23,205,728,301,056	14,590,529,317,688	25,154,938,761,216	25,945,969,811,456	22,034,264,555,520	29,685,706,653,696	294,879,492	560,427,697	0	0
em-p-ihep51	20260625174706515000000	17	23,205,612,208,128	23,205,725,515,776	14,594,974,648,661	25,154,938,761,216	25,945,969,811,456	22,034,264,555,520	29,685,706,653,696	228,751,356	932,643,776	0	0
em-p-ihep51	20260625174716609000000	16	23,205,611,020,288	23,205,727,240,192	14,599,046,123,174	25,154,938,761,216	25,945,969,811,456	22,034,264,555,520	29,685,706,653,696	339,796,511	1,057,004,449	0	0
em-p-ihep51	20260625174726698000000	14	23,205,612,371,968	23,205,724,700,672	14,590,565,585,785	25,154,938,761,216	25,945,969,811,456	22,034,264,555,520	29,685,706,653,696	214,536,238	978,618,563	28,672	0
em-p-ihep51	20260625174736721000000	15	23,208,526,020,608	23,208,650,608,640	14,592,761,418,542	25,154,938,761,216	25,945,969,811,456	22,034,264,555,520	29,685,706,653,696	164,816,234	972,410,001	0	0
em-p-ihep51	20260625174746811000000	17	23,205,776,711,680	23,205,898,711,040	14,593,861,282,663	25,154,938,761,216	25,945,969,811,456	22,034,264,555,520	29,685,706,653,696	442,348,514	1,046,488,890	20,480	0
em-p-ihep51	20260625174756907000000	17	23,208,065,269,760	23,208,178,323,456	14,599,857,114,495	25,154,938,761,216	25,945,969,811,456	22,034,264,555,520	29,685,706,653,696	306,826,141	587,630,463	0	0
em-p-ihep51	20260625174806921000000	14	23,205,738,864,640	23,205,851,635,712	14,583,178,433,923	25,154,938,761,216	25,945,969,811,456	22,034,264,555,520	29,685,706,653,696	359,379,188	611,695,665	0	0
em-p-ihep51	20260625174816908000000	15	23,204,513,792,000	23,204,634,984,448	14,583,106,434,294	25,154,938,761,216	25,945,969,811,456	22,034,264,555,520	29,685,706,653,696	194,046,945	441,942,212	0	0
em-p-ihep51	20260625174826926000000	15	23,203,546,288,128	23,203,667,247,104	14,587,264,978,220	25,154,938,761,216	25,945,969,811,456	22,034,264,555,520	29,685,706,653,696	377,597,153	655,476,495	0	0
em-p-ihep51	20260625174836993000000	13	23,203,546,177,536	23,203,675,459,584	14,585,136,533,716	25,154,938,761,216	25,945,969,811,456	22,034,264,555,520	29,685,706,653,696	214,699,985	423,969,310	0	0
em-p-ihep51	20260625174847099000000	13	23,203,546,341,376	23,203,669,549,056	14,572,634,189,352	25,154,938,761,216	25,945,969,811,456	22,034,264,555,520	29,685,706,653,696	229,764,613	346,905,096	0	0
em-p-ihep51	20260625174857098000000	15	23,203,546,234,880	23,203,693,367,296	14,581,169,821,958	25,154,938,761,216	25,945,969,811,456	22,034,264,555,520	29,685,706,653,696	377,598,385	911,384,761	0	0
em-p-ihep51	20260625174907212000000	15	23,203,546,128,384	23,203,672,604,672	14,583,254,976,874	25,154,938,761,216	25,945,969,811,456	22,034,264,555,520	29,685,706,653,696	255,082,520	1,611,360,698	0	0
em-p-ihep51	20260625174917307000000	17	23,202,346,487,808	23,201,631,956,992	14,594,495,783,658	25,154,938,761,216	25,945,969,811,456	22,034,264,555,520	29,685,706,653,696	466,558,458	1,189,264,078	0	0
em-p-ihep51	20260625174927400000000	17	23,203,262,656,512	23,203,477,499,904	14,583,467,630,805	25,154,938,761,216	25,945,969,811,456	22,034,264,555,520	29,685,706,653,696	99,698,077	781,738,927	0	0
em-p-ihep51	20260625174937486000000	16	23,204,439,863,296	23,204,642,480,128	14,580,218,888,010	25,154,938,761,216	25,945,969,811,456	22,034,264,555,520	29,685,706,653,696	125,332,482	376,661,454	0	0
em-p-ihep51	20260625174947572000000	16	23,201,094,324,224	23,201,271,730,176	14,580,463,232,262	25,154,938,761,216	25,945,969,811,456	22,034,264,555,520	29,685,706,653,696	531,289,693	631,774,264	0	0
em-p-ihep51	20260625174957672000000	16	23,202,618,802,176	23,203,148,034,048	14,584,356,534,619	25,154,938,761,216	25,945,969,811,456	22,034,264,555,520	29,685,706,653,696	421,696,376	1,681,314,148	0	0
em-p-ihep51	20260625175007809000000	28	23,204,575,506,432	23,205,153,079,296	14,603,995,045,492	25,154,938,761,216	25,945,969,811,456	22,034,264,555,520	29,685,706,653,696	640,559,705	2,369,663,356	0	0
em-p-ihep51	20260625175017781000000	24	23,205,005,840,384	23,205,050,544,128	14,599,634,093,657	25,154,938,761,216	25,945,969,811,456	22,034,264,555,520	29,685,706,653,696	540,131,433	1,495,520,833	0	0
em-p-ihep51	20260625175027772000000	21	23,204,034,596,864	23,204,290,252,800	14,588,947,988,653	25,154,938,761,216	25,945,969,811,456	22,034,264,555,520	29,685,706,653,696	406,087,429	1,073,626,663	0	0
em-p-ihep51	20260625175037783000000	23	23,201,103,970,304	23,201,811,841,024	14,578,611,289,782	25,154,938,761,216	25,945,969,811,456	22,034,264,555,520	29,685,706,653,696	191,930,673	514,302,544	0	0
em-p-ihep51	20260625175047796000000	18	23,203,040,804,864	23,203,249,209,344	14,577,608,948,618	25,154,938,761,216	25,945,969,811,456	22,034,264,555,520	29,685,706,653,696	173,315,108	469,503,788	0	0
em-p-ihep51	20260625175057882000000	16	23,201,099,341,824	23,201,306,251,264	14,584,480,233,423	25,154,938,761,216	25,945,969,811,456	22,034,264,555,520	29,685,706,653,696	214,516,189	319,015,770	0	0
em-p-ihep51	20260625175107988000000	20	23,201,290,571,776	23,201,684,422,656	14,592,701,662,619	25,154,938,761,216	25,945,969,811,456	22,034,264,555,520	29,685,706,653,696	557,374,085	957,609,109	0	0
em-p-ihep51	20260625175117982000000	21	23,201,541,603,328	23,203,366,096,896	14,590,218,794,183	25,154,938,761,216	25,945,969,811,456	22,034,264,555,520	29,685,706,653,696	555,152,620	2,449,045,276	0	0
em-p-ihep51	20260625175127986000000	18	23,201,554,436,096	23,201,764,933,632	14,584,795,779,392	25,154,938,761,216	25,945,969,811,456	22,034,264,555,520	29,685,706,653,696	453,693,596	1,085,858,057	0	0
em-p-ihep51	20260625175138008000000	19	23,201,554,325,504	23,201,764,974,592	14,591,557,184,948	25,154,938,761,216	25,945,969,811,456	22,034,264,555,520	29,685,706,653,696	341,221,697	482,152,761	0	0
em-p-ihep51	20260625175148008000000	20	23,201,554,219,008	23,201,968,472,064	14,591,628,486,923	25,154,938,761,216	25,945,969,811,456	22,034,264,555,520	29,685,706,653,696	360,530,068	1,155,550,238	0	0
em-p-ihep51	20260625175158095000000	16	23,201,926,057,984	23,202,138,062,848	14,589,077,796,011	25,154,938,761,216	25,945,969,811,456	22,034,264,555,520	29,685,706,653,696	364,162,148	911,487,854	0	0
em-p-ihep51	20260625175208175000000	15	23,201,925,398,528	23,202,136,612,864	14,590,299,462,166	25,154,938,761,216	25,945,969,811,456	22,034,264,555,520	29,685,706,653,696	506,353,218	896,239,353	0	0
em-p-ihep51	20260625175218181000000	15	23,201,951,891,456	23,202,149,191,680	14,595,597,001,350	25,154,938,761,216	25,945,969,811,456	22,034,264,555,520	29,685,706,653,696	330,201,219	384,355,640	0	0
em-p-ihep51	20260625175228191000000	15	23,201,952,866,304	23,202,134,478,848	14,588,774,758,750	25,154,938,761,216	25,945,969,811,456	22,034,264,555,520	29,685,706,653,696	209,620,253	453,272,223	0	0
em-p-ihep51	20260625175238263000000	14	23,201,953,030,144	23,202,135,597,056	14,589,457,711,035	25,154,938,761,216	25,945,969,811,456	22,034,264,555,520	29,685,706,653,696	731,575,637	903,272,852	0	0
em-p-ihep51	20260625175248360000000	15	23,201,950,994,432	23,202,137,096,192	14,584,586,372,058	25,154,938,761,216	25,945,969,811,456	22,034,264,555,520	29,685,706,653,696	494,301,970	1,193,452,673	0	0
em-p-ihep51	20260625175258466000000	14	23,201,950,883,840	23,202,485,563,392	14,580,226,749,657	25,154,938,761,216	25,945,969,811,456	22,034,264,555,520	29,685,706,653,696	455,174,306	793,055,938	0	0
em-p-ihep51	20260625175308578000000	13	23,201,951,383,552	23,202,133,950,464	14,589,168,482,414	25,154,938,761,216	25,945,969,811,456	22,034,264,555,520	29,685,706,653,696	372,041,645	956,005,316	0	0
em-p-ihep51	20260625175318667000000	13	23,201,951,277,056	23,202,133,970,944	14,587,655,598,092	25,154,938,761,216	25,945,969,811,456	22,034,264,555,520	29,685,706,653,696	151,513,171	1,380,408,900	0	0
em-p-ihep51	20260625175328754000000	15	23,201,945,493,504	23,202,132,111,360	14,584,157,894,325	25,154,938,761,216	25,945,969,811,456	22,034,264,555,520	29,685,706,653,696	203,914,169	875,409,229	0	0
em-p-ihep51	20260625175338844000000	13	23,201,946,574,848	23,202,130,145,280	14,588,338,264,853	25,154,938,761,216	25,945,969,811,456	22,034,264,555,520	29,685,706,653,696	344,029,329	445,854,904	0	0
em-p-ihep51	20260625175348931000000	14	23,203,472,637,952	23,203,659,632,640	14,596,893,641,340	25,154,938,761,216	25,945,969,811,456	22,034,264,555,520	29,685,706,653,696	114,546,692	343,991,926	0	0
em-p-ihep51	20260625175359016000000	15	23,201,947,992,064	23,202,293,338,112	14,592,078,437,141	25,154,938,761,216	25,945,969,811,456	22,034,264,555,520	29,685,706,653,696	94,211,660	2,013,131,830	0	0
em-p-ihep51	20260625175409023000000	14	23,201,947,852,800	23,202,294,906,880	14,601,178,339,376	25,154,938,761,216	25,945,969,811,456	22,034,264,555,520	29,685,706,653,696	405,205,086	1,071,314,265	0	0
em-p-ihep51	20260625175419030000000	15	23,204,890,443,776	23,204,432,912,384	14,607,287,893,725	25,154,938,761,216	25,945,969,811,456	22,034,264,555,520	29,685,706,653,696	647,029,085	675,656,744	0	0
em-p-ihep51	20260625175429046000000	16	23,208,642,539,520	23,207,418,413,056	14,596,336,842,741	25,154,938,761,216	25,945,969,811,456	22,034,264,555,520	29,685,706,653,696	176,657,648	780,239,901	0	0
em-p-ihep51	20260625175439145000000	20	23,209,212,407,808	23,209,836,916,736	14,600,243,997,376	25,154,938,761,216	25,945,969,811,456	22,034,264,555,520	29,685,706,653,696	312,581,801	1,045,668,635	0	0
em-p-ihep51	20260625175449236000000	17	23,206,297,427,968	23,206,432,600,064	14,594,031,957,629	25,154,938,761,216	25,945,969,811,456	22,034,264,555,520	29,685,706,653,696	334,535,083	665,231,174	0	0
em-p-ihep51	20260625175459315000000	14	23,206,297,591,808	23,206,434,455,552	14,594,701,361,747	25,154,938,761,216	25,945,969,811,456	22,034,264,555,520	29,685,706,653,696	75,595,504	203,414,731	0	0
em-p-ihep51	20260625175509341000000	22	23,206,308,175,872	23,206,431,617,024	14,605,954,066,250	25,154,938,761,216	25,945,969,811,456	22,034,264,555,520	29,685,706,653,696	266,784,418	585,133,364	0	0
em-p-ihep51	20260625175519431000000	22	23,206,307,426,304	23,206,803,374,080	14,601,797,899,772	25,154,938,761,216	25,945,969,811,456	22,034,264,555,520	29,685,706,653,696	141,609,934	912,538,966	0	0
em-p-ihep51	20260625175529423000000	18	23,209,220,694,016	23,209,345,380,352	14,601,685,576,163	25,154,938,761,216	25,945,969,811,456	22,034,264,555,520	29,685,706,653,696	442,505,710	1,221,787,123	0	0
em-p-ihep51	20260625175539522000000	17	23,207,844,380,672	23,209,343,180,800	14,605,613,030,312	25,154,938,761,216	25,945,969,811,456	22,034,264,555,520	29,685,706,653,696	663,295,673	636,280,370	0	0
em-p-ihep51	20260625175549542000000	17	23,206,304,366,592	23,206,429,265,920	14,599,221,365,436	25,154,938,761,216	25,945,969,811,456	22,034,264,555,520	29,685,706,653,696	306,708,035	791,043,509	0	0
em-p-ihep51	20260625175559621000000	17	23,206,304,530,432	23,206,660,595,712	14,606,707,176,347	25,154,938,761,216	25,945,969,811,456	22,034,264,555,520	29,685,706,653,696	364,089,186	1,051,443,385	0	0
em-p-ihep51	20260625175609731000000	21	23,207,278,161,920	23,207,082,749,952	14,609,801,434,418	25,154,938,761,216	25,945,969,811,456	22,034,264,555,520	29,685,706,653,696	689,081,501	950,965,025	0	0
em-p-ihep51	20260625175619748000000	22	23,209,956,978,688	23,210,031,595,520	14,611,029,724,494	25,154,938,761,216	25,945,969,811,456	22,034,264,555,520	29,685,706,653,696	644,205,700	991,442,029	0	0
em-p-ihep51	20260625175629742000000	26	23,210,980,597,760	23,211,280,306,176	14,609,434,380,923	25,154,938,761,216	25,945,969,811,456	22,034,264,555,520	29,685,706,653,696	1,150,689,360	1,287,741,960	0	0
em-p-ihep51	20260625175639790000000	21	23,210,977,742,848	23,211,155,976,192	14,610,728,105,364	25,154,938,761,216	25,945,969,811,456	22,034,264,555,520	29,685,706,653,696	702,352,362	830,083,249	0	0
em-p-ihep51	20260625175649768000000	19	23,213,892,751,360	23,214,017,814,528	14,610,212,015,901	25,154,938,761,216	25,945,969,811,456	22,034,264,555,520	29,685,706,653,696	402,470,538	674,168,328	0	0
em-p-ihep51	20260625175659864000000	18	23,210,978,828,288	23,211,106,115,584	14,607,287,092,111	25,154,938,761,216	25,945,969,811,456	22,034,264,555,520	29,685,706,653,696	523,547,046	727,423,148	0	0
em-p-ihep51	20260625175709959000000	18	23,210,973,110,272	23,211,097,903,104	14,608,578,626,691	25,154,938,761,216	25,945,969,811,456	22,034,264,555,520	29,685,706,653,696	485,900,092	752,455,322	0	0
em-p-ihep51	20260625175720058000000	17	23,210,970,898,432	23,211,096,399,872	14,603,825,938,461	25,154,938,761,216	25,945,969,811,456	22,034,264,555,520	29,685,706,653,696	848,794,347	2,467,299,985	0	0
em-p-ihep51	20260625175730052000000	16	23,210,972,086,272	23,211,096,678,400	14,604,267,030,765	25,154,938,761,216	25,945,969,811,456	22,034,264,555,520	29,685,706,653,696	641,311,003	1,455,322,199	0	0
em-p-ihep51	20260625175740139000000	15	23,210,971,062,272	23,211,464,859,648	14,604,842,782,758	25,154,938,761,216	25,945,969,811,456	22,034,264,555,520	29,685,706,653,696	394,085,186	640,068,909	0	0
em-p-ihep51	20260625175750154000000	13	23,210,969,907,200	23,211,088,474,112	14,604,843,764,538	25,154,938,761,216	25,945,969,811,456	22,034,264,555,520	29,685,706,653,696	773,396,322	827,617,612	0	0
em-p-ihep51	20260625175800248000000	14	23,211,246,178,304	23,211,365,654,528	14,610,130,041,763	25,154,938,761,216	25,945,969,811,456	22,034,264,555,520	29,685,706,653,696	322,053,781	629,971,637	0	0
em-p-ihep51	20260625175810337000000	14	23,214,611,009,536	23,215,175,364,608	14,595,726,352,579	25,154,938,761,216	25,945,969,811,456	22,034,264,555,520	29,685,706,653,696	455,440,183	1,057,605,879	0	0
em-p-ihep51	20260625175820428000000	15	23,219,443,298,304	23,219,507,269,632	14,590,665,952,517	25,154,938,761,216	25,945,969,811,456	22,034,264,555,520	29,685,706,653,696	365,284,367	417,438,143	0	0
em-p-ihep51	20260625175830513000000	12	23,209,816,023,040	23,209,941,512,192	14,581,697,614,758	25,154,938,761,216	25,945,969,811,456	22,034,264,555,520	29,685,706,653,696	114,797,199	338,426,963	0	0
em-p-ihep51	20260625175840600000000	12	23,209,814,835,200	23,209,959,886,848	14,574,380,495,941	25,154,938,761,216	25,945,969,811,456	22,034,264,555,520	29,685,706,653,696	170,580,708	624,965,712	0	0
em-p-ihep51	20260625175850629000000	13	23,209,814,081,536	23,210,011,578,368	14,574,987,665,059	25,154,938,761,216	25,945,969,811,456	22,034,264,555,520	29,685,706,653,696	133,091,442	872,283,813	0	0
em-p-ihep51	20260625175900623000000	13	23,211,339,669,504	23,211,466,833,920	14,576,513,158,878	25,154,938,761,216	25,945,969,811,456	22,034,264,555,520	29,685,706,653,696	138,361,132	444,324,130	0	0
em-p-ihep51	20260625175910729000000	17	23,210,803,568,640	23,210,931,359,744	14,589,966,630,639	25,154,938,761,216	25,945,969,811,456	22,034,264,555,520	29,685,706,653,696	264,446,730	1,235,375,296	0	0
em-p-ihep51	20260625175920745000000	18	23,212,746,629,120	23,212,868,935,680	14,574,744,719,803	25,154,938,761,216	25,945,969,811,456	22,034,264,555,520	29,685,706,653,696	393,718,252	1,186,579,685	0	0
em-p-ihep51	20260625175930754000000	14	23,209,813,127,168	23,209,924,268,032	14,584,891,844,161	25,154,938,761,216	25,945,969,811,456	22,034,264,555,520	29,685,706,653,696	257,713,454	802,824,035	0	0
em-p-ihep51	20260625175940764000000	15	23,210,991,132,672	23,210,722,103,296	14,582,401,307,671	25,154,938,761,216	25,945,969,811,456	22,034,264,555,520	29,685,706,653,696	406,179,864	599,362,394	0	0
em-p-ihep51	20260625175950774000000	13	23,212,727,947,264	23,212,329,091,072	14,587,841,351,616	25,154,938,761,216	25,945,969,811,456	22,034,264,555,520	29,685,706,653,696	377,719,377	473,359,617	0	0
