HOST	TIME	CPU	MEMORY_RESIDENT	MEMORY_TOTAL_RESIDENT	MEMORY_USED	MEMORY_ALLOCATION_LIMIT	MEMORY_SIZE	DISK_USED	DISK_SIZE	NETWORK_IN	NETWORK_OUT	SWAP_IN	SWAP_OUT
em-p-ihep51	20260626070002531000000	13	23,308,214,349,824	23,308,251,082,752	14,849,588,924,965	25,154,938,761,216	25,945,969,811,456	22,034,264,555,520	29,685,706,653,696	323,255,301	1,567,733,345	0	0
em-p-ihep51	20260626070012582000000	45	23,317,485,105,152	23,317,778,829,312	14,911,452,829,811	25,154,938,761,216	25,945,969,811,456	22,034,264,555,520	29,685,706,653,696	741,188,592	6,199,596,905	0	0
em-p-ihep51	20260626070022580000000	30	23,319,993,655,296	23,322,970,001,408	14,848,419,622,698	25,154,938,761,216	25,945,969,811,456	22,034,264,555,520	29,685,706,653,696	850,577,553	5,094,254,410	0	0
em-p-ihep51	20260626070032626000000	28	23,312,745,492,480	23,312,822,820,864	14,880,261,961,832	25,154,938,761,216	25,945,969,811,456	22,034,264,555,520	29,685,706,653,696	368,466,865	3,179,125,695	0	0
em-p-ihep51	20260626070042606000000	24	23,316,386,189,312	23,315,751,505,920	14,891,238,584,033	25,154,938,761,216	25,945,969,811,456	22,034,264,555,520	29,685,706,653,696	420,441,930	3,119,548,889	0	0
em-p-ihep51	20260626070052712000000	22	23,318,173,528,064	23,318,642,663,424	14,882,519,053,040	25,154,938,761,216	25,945,969,811,456	22,034,264,555,520	29,685,706,653,696	610,489,476	3,592,325,949	0	0
em-p-ihep51	20260626070102711000000	20	23,305,124,548,608	23,305,206,865,920	14,865,943,701,449	25,154,938,761,216	25,945,969,811,456	22,034,264,555,520	29,685,706,653,696	480,177,975	6,618,672,598	0	0
em-p-ihep51	20260626070112725000000	23	23,299,566,895,104	23,299,632,500,736	14,865,691,124,367	25,154,938,761,216	25,945,969,811,456	22,034,264,555,520	29,685,706,653,696	594,400,711	6,268,427,438	0	0
em-p-ihep51	20260626070122732000000	22	23,299,566,788,608	23,299,636,969,472	14,852,940,641,648	25,154,938,761,216	25,945,969,811,456	22,034,264,555,520	29,685,706,653,696	614,306,006	5,245,551,873	0	0
em-p-ihep51	20260626070132742000000	20	23,302,943,690,752	23,303,467,773,952	14,872,351,553,619	25,154,938,761,216	25,945,969,811,456	22,034,264,555,520	29,685,706,653,696	470,857,883	5,189,404,100	0	0
em-p-ihep51	20260626070142747000000	21	23,303,479,848,960	23,303,623,380,992	14,868,018,267,111	25,154,938,761,216	25,945,969,811,456	22,034,264,555,520	29,685,706,653,696	517,296,115	5,013,328,449	0	0
em-p-ihep51	20260626070152853000000	18	23,311,151,329,280	23,311,244,902,400	14,864,532,191,175	25,154,938,761,216	25,945,969,811,456	22,034,264,555,520	29,685,706,653,696	319,752,238	2,117,821,548	0	0
em-p-ihep51	20260626070202861000000	16	23,311,151,222,784	23,311,652,335,616	14,865,152,745,144	25,154,938,761,216	25,945,969,811,456	22,034,264,555,520	29,685,706,653,696	268,718,076	2,535,243,356	53,248	0
em-p-ihep51	20260626070212866000000	18	23,311,689,490,432	23,311,943,663,616	14,839,013,315,303	25,154,938,761,216	25,945,969,811,456	22,034,264,555,520	29,685,706,653,696	283,197,038	2,167,649,098	0	0
em-p-ihep51	20260626070222863000000	15	23,310,274,048,000	23,310,375,186,432	14,826,587,056,399	25,154,938,761,216	25,945,969,811,456	22,034,264,555,520	29,685,706,653,696	320,241,160	3,640,479,899	0	0
em-p-ihep51	20260626070232874000000	13	23,302,258,298,880	23,302,758,330,368	14,819,069,036,435	25,154,938,761,216	25,945,969,811,456	22,034,264,555,520	29,685,706,653,696	283,125,801	2,170,686,598	0	0
em-p-ihep51	20260626070242951000000	18	23,298,022,178,816	23,298,119,098,368	14,814,785,705,830	25,154,938,761,216	25,945,969,811,456	22,034,264,555,520	29,685,706,653,696	339,367,130	3,365,065,118	16,384	0
em-p-ihep51	20260626070253027000000	13	23,291,897,020,416	23,291,995,365,376	14,765,451,192,303	25,154,938,761,216	25,945,969,811,456	22,034,264,555,520	29,685,706,653,696	327,113,968	4,705,360,533	0	0
em-p-ihep51	20260626070303035000000	17	23,283,623,743,488	23,283,897,860,096	14,766,004,226,516	25,154,938,761,216	25,945,969,811,456	22,034,264,555,520	29,685,706,653,696	363,726,615	6,387,275,587	0	0
em-p-ihep51	20260626070313121000000	19	23,283,622,981,632	23,283,747,483,648	14,776,317,013,234	25,154,938,761,216	25,945,969,811,456	22,034,264,555,520	29,685,706,653,696	428,015,153	4,318,502,816	0	0
em-p-ihep51	20260626070323220000000	13	23,283,621,793,792	23,283,718,746,112	14,763,730,051,552	25,154,938,761,216	25,945,969,811,456	22,034,264,555,520	29,685,706,653,696	300,177,520	4,124,179,843	0	0
em-p-ihep51	20260626070333226000000	14	23,283,623,264,256	23,283,720,785,920	14,777,056,233,464	25,154,938,761,216	25,945,969,811,456	22,034,264,555,520	29,685,706,653,696	467,319,461	3,094,347,764	0	0
em-p-ihep51	20260626070343325000000	13	23,283,616,120,832	23,283,719,663,616	14,793,805,511,417	25,154,938,761,216	25,945,969,811,456	22,034,264,555,520	29,685,706,653,696	359,184,772	2,025,831,946	0	0
em-p-ihep51	20260626070353436000000	12	23,283,613,745,152	23,283,720,114,176	14,789,183,257,398	25,154,938,761,216	25,945,969,811,456	22,034,264,555,520	29,685,706,653,696	620,403,759	736,999,229	0	0
em-p-ihep51	20260626070403522000000	15	23,283,613,908,992	23,283,709,538,304	14,794,210,547,765	25,154,938,761,216	25,945,969,811,456	22,034,264,555,520	29,685,706,653,696	472,499,611	1,200,172,207	0	0
em-p-ihep51	20260626070413608000000	17	23,283,612,905,472	23,283,815,743,488	14,801,602,869,287	25,154,938,761,216	25,945,969,811,456	22,034,264,555,520	29,685,706,653,696	784,493,199	3,162,839,295	0	0
em-p-ihep51	20260626070423619000000	16	23,283,611,848,704	23,284,159,164,416	14,798,056,196,631	25,154,938,761,216	25,945,969,811,456	22,034,264,555,520	29,685,706,653,696	501,656,291	1,785,747,187	0	0
em-p-ihep51	20260626070433651000000	12	23,283,612,012,544	23,283,707,781,120	14,793,641,899,910	25,154,938,761,216	25,945,969,811,456	22,034,264,555,520	29,685,706,653,696	493,876,364	767,885,517	0	0
em-p-ihep51	20260626070443649000000	11	23,283,729,661,952	23,283,824,594,944	14,799,706,204,567	25,154,938,761,216	25,945,969,811,456	22,034,264,555,520	29,685,706,653,696	298,156,782	676,885,178	0	0
em-p-ihep51	20260626070453659000000	13	23,283,729,661,952	23,283,868,565,504	14,793,475,850,021	25,154,938,761,216	25,945,969,811,456	22,034,264,555,520	29,685,706,653,696	285,332,246	579,085,078	0	0
em-p-ihep51	20260626070503678000000	13	23,271,961,473,024	23,273,197,039,616	14,738,207,106,178	25,154,938,761,216	25,945,969,811,456	22,034,264,555,520	29,685,706,653,696	324,189,282	753,931,086	0	0
em-p-ihep51	20260626070513793000000	17	23,250,549,886,976	23,250,646,573,056	14,730,105,722,336	25,154,938,761,216	25,945,969,811,456	22,034,264,555,520	29,685,706,653,696	401,997,513	680,303,704	0	0
em-p-ihep51	20260626070523870000000	15	23,250,550,009,856	23,250,647,027,712	14,733,415,448,330	25,154,938,761,216	25,945,969,811,456	22,034,264,555,520	29,685,706,653,696	356,543,978	652,765,531	0	0
em-p-ihep51	20260626070533964000000	16	23,250,550,009,856	23,250,668,105,728	14,731,483,879,898	25,154,938,761,216	25,945,969,811,456	22,034,264,555,520	29,685,706,653,696	233,936,688	892,219,126	0	0
em-p-ihep51	20260626070544062000000	16	23,250,548,744,192	23,250,912,317,440	14,735,983,080,729	25,154,938,761,216	25,945,969,811,456	22,034,264,555,520	29,685,706,653,696	228,381,026	2,151,754,145	0	0
em-p-ihep51	20260626070554151000000	14	23,250,618,294,272	23,250,716,938,240	14,741,253,468,263	25,154,938,761,216	25,945,969,811,456	22,034,264,555,520	29,685,706,653,696	319,433,310	1,379,278,626	0	0
em-p-ihep51	20260626070604243000000	16	23,250,619,265,024	23,250,724,794,368	14,733,832,586,604	25,154,938,761,216	25,945,969,811,456	22,034,264,555,520	29,685,706,653,696	186,096,471	460,358,837	0	0
em-p-ihep51	20260626070614338000000	16	23,250,624,290,816	23,250,732,556,288	14,752,127,100,100	25,154,938,761,216	25,945,969,811,456	22,034,264,555,520	29,685,706,653,696	458,168,810	1,047,063,685	0	0
em-p-ihep51	20260626070624423000000	13	23,250,624,581,632	23,250,763,329,536	14,746,470,768,747	25,154,938,761,216	25,945,969,811,456	22,034,264,555,520	29,685,706,653,696	349,790,982	889,231,331	0	0
em-p-ihep51	20260626070634516000000	13	23,250,624,528,384	23,250,764,242,944	14,750,638,055,056	25,154,938,761,216	25,945,969,811,456	22,034,264,555,520	29,685,706,653,696	620,006,205	627,831,993	0	0
em-p-ihep51	20260626070644611000000	15	23,251,047,489,536	23,251,574,394,880	14,757,519,073,296	25,154,938,761,216	25,945,969,811,456	22,034,264,555,520	29,685,706,653,696	419,691,107	943,728,945	0	0
em-p-ihep51	20260626070654703000000	17	23,251,052,249,088	23,251,192,766,464	14,757,213,944,848	25,154,938,761,216	25,945,969,811,456	22,034,264,555,520	29,685,706,653,696	363,228,513	1,247,717,733	0	0
em-p-ihep51	20260626070704788000000	11	23,251,050,119,168	23,251,193,753,600	14,762,793,953,188	25,154,938,761,216	25,945,969,811,456	22,034,264,555,520	29,685,706,653,696	402,890,702	1,247,439,308	0	0
em-p-ihep51	20260626070714875000000	12	23,251,051,200,512	23,251,197,140,992	14,757,242,298,116	25,154,938,761,216	25,945,969,811,456	22,034,264,555,520	29,685,706,653,696	275,664,169	999,999,816	0	0
em-p-ihep51	20260626070724962000000	9	23,250,900,787,200	23,251,329,843,200	14,754,717,267,810	25,154,938,761,216	25,945,969,811,456	22,034,264,555,520	29,685,706,653,696	416,598,717	776,582,829	0	0
em-p-ihep51	20260626070735044000000	8	23,250,937,233,408	23,251,077,517,312	14,767,104,351,968	25,154,938,761,216	25,945,969,811,456	22,034,264,555,520	29,685,706,653,696	331,569,426	647,800,424	0	0
em-p-ihep51	20260626070745051000000	11	23,250,935,939,072	23,251,076,124,672	14,761,716,881,099	25,154,938,761,216	25,945,969,811,456	22,034,264,555,520	29,685,706,653,696	234,940,979	772,486,614	0	0
em-p-ihep51	20260626070755058000000	10	23,250,936,102,912	23,251,127,484,416	14,768,730,960,409	25,154,938,761,216	25,945,969,811,456	22,034,264,555,520	29,685,706,653,696	271,613,364	732,739,391	0	0
em-p-ihep51	20260626070805062000000	11	23,250,933,727,232	23,251,058,655,232	14,765,206,704,925	25,154,938,761,216	25,945,969,811,456	22,034,264,555,520	29,685,706,653,696	160,625,418	566,013,726	0	0
em-p-ihep51	20260626070815086000000	10	23,250,933,755,904	23,251,036,508,160	14,764,348,361,640	25,154,938,761,216	25,945,969,811,456	22,034,264,555,520	29,685,706,653,696	215,785,774	942,637,002	0	0
em-p-ihep51	20260626070825070000000	11	23,251,055,673,344	23,251,158,732,800	14,770,124,465,086	25,154,938,761,216	25,945,969,811,456	22,034,264,555,520	29,685,706,653,696	204,645,782	1,735,993,186	0	0
em-p-ihep51	20260626070835148000000	10	23,251,055,837,184	23,251,172,401,152	14,764,676,360,730	25,154,938,761,216	25,945,969,811,456	22,034,264,555,520	29,685,706,653,696	247,837,323	741,607,012	0	0
em-p-ihep51	20260626070845250000000	9	23,251,055,837,184	23,251,164,274,688	14,765,265,686,215	25,154,938,761,216	25,945,969,811,456	22,034,264,555,520	29,685,706,653,696	197,005,377	506,301,794	0	0
em-p-ihep51	20260626070855325000000	8	23,251,055,288,320	23,251,135,737,856	14,762,817,722,582	25,154,938,761,216	25,945,969,811,456	22,034,264,555,520	29,685,706,653,696	164,407,710	413,762,347	0	0
em-p-ihep51	20260626070905331000000	11	23,251,052,912,640	23,251,148,812,288	14,766,333,105,696	25,154,938,761,216	25,945,969,811,456	22,034,264,555,520	29,685,706,653,696	175,401,343	589,892,949	0	0
em-p-ihep51	20260626070915331000000	13	23,251,055,104,000	23,251,308,548,096	14,768,117,603,823	25,154,938,761,216	25,945,969,811,456	22,034,264,555,520	29,685,706,653,696	199,808,378	1,566,992,196	0	0
em-p-ihep51	20260626070925409000000	10	23,251,055,235,072	23,251,131,453,440	14,755,504,084,691	25,154,938,761,216	25,945,969,811,456	22,034,264,555,520	29,685,706,653,696	178,822,445	391,247,629	0	0
em-p-ihep51	20260626070935482000000	8	23,251,055,128,576	23,251,131,600,896	14,766,922,595,275	25,154,938,761,216	25,945,969,811,456	22,034,264,555,520	29,685,706,653,696	157,883,682	673,585,826	0	0
em-p-ihep51	20260626070945587000000	11	23,251,054,944,256	23,251,426,426,880	14,762,104,625,745	25,154,938,761,216	25,945,969,811,456	22,034,264,555,520	29,685,706,653,696	206,642,789	1,586,327,763	0	0
em-p-ihep51	20260626070955672000000	12	23,251,055,128,576	23,251,134,435,328	14,767,932,780,422	25,154,938,761,216	25,945,969,811,456	22,034,264,555,520	29,685,706,653,696	241,412,715	1,932,030,922	0	0
em-p-ihep51	20260626071005761000000	17	23,251,118,546,944	23,251,137,347,584	14,778,477,046,168	25,154,938,761,216	25,945,969,811,456	22,034,264,555,520	29,685,706,653,696	423,340,393	1,600,303,356	0	0
em-p-ihep51	20260626071015876000000	33	23,251,244,978,176	23,251,327,176,704	14,784,993,602,066	25,154,938,761,216	25,945,969,811,456	22,034,264,555,520	29,685,706,653,696	978,445,530	3,567,853,543	0	0
em-p-ihep51	20260626071025886000000	18	23,251,240,337,408	23,251,319,455,744	14,770,119,525,584	25,154,938,761,216	25,945,969,811,456	22,034,264,555,520	29,685,706,653,696	811,073,363	2,042,880,468	0	0
em-p-ihep51	20260626071035880000000	16	23,251,241,689,088	23,251,320,758,272	14,780,088,960,282	25,154,938,761,216	25,945,969,811,456	22,034,264,555,520	29,685,706,653,696	500,481,057	1,655,519,095	0	0
em-p-ihep51	20260626071045973000000	16	23,270,318,194,688	23,269,490,835,456	14,807,852,154,411	25,154,938,761,216	25,945,969,811,456	22,034,264,555,520	29,685,706,653,696	290,985,288	1,695,010,631	0	0
em-p-ihep51	20260626071055987000000	23	23,277,987,483,648	23,277,518,807,040	14,819,587,364,867	25,154,938,761,216	25,945,969,811,456	22,034,264,555,520	29,685,706,653,696	1,160,937,106	4,933,749,522	0	0
em-p-ihep51	20260626071105994000000	29	23,290,036,060,160	23,289,804,759,040	14,828,234,532,030	25,154,938,761,216	25,945,969,811,456	22,034,264,555,520	29,685,706,653,696	646,179,941	3,935,637,576	0	0
em-p-ihep51	20260626071116016000000	26	23,294,262,657,024	23,294,378,221,568	14,835,904,792,671	25,154,938,761,216	25,945,969,811,456	22,034,264,555,520	29,685,706,653,696	1,127,485,384	3,609,491,724	0	0
em-p-ihep51	20260626071126050000000	27	23,294,264,307,712	23,294,383,185,920	14,833,731,214,345	25,154,938,761,216	25,945,969,811,456	22,034,264,555,520	29,685,706,653,696	1,085,892,957	4,484,261,859	0	0
em-p-ihep51	20260626071136037000000	25	23,295,908,560,896	23,296,025,337,856	14,836,110,786,893	25,154,938,761,216	25,945,969,811,456	22,034,264,555,520	29,685,706,653,696	817,563,083	3,076,889,148	0	0
em-p-ihep51	20260626071146022000000	25	23,297,920,438,272	23,298,111,557,632	14,858,420,173,482	25,154,938,761,216	25,945,969,811,456	22,034,264,555,520	29,685,706,653,696	1,102,484,817	2,966,961,576	0	0
em-p-ihep51	20260626071156053000000	23	23,297,924,763,648	23,298,097,205,248	14,847,060,329,778	25,154,938,761,216	25,945,969,811,456	22,034,264,555,520	29,685,706,653,696	932,009,113	3,888,950,742	0	0
em-p-ihep51	20260626071206063000000	21	23,302,798,913,536	23,303,423,057,920	14,862,180,179,137	25,154,938,761,216	25,945,969,811,456	22,034,264,555,520	29,685,706,653,696	710,707,806	2,696,966,205	0	0
em-p-ihep51	20260626071216055000000	18	23,310,822,223,872	23,310,304,550,912	14,872,995,981,428	25,154,938,761,216	25,945,969,811,456	22,034,264,555,520	29,685,706,653,696	372,808,438	1,541,537,169	0	0
em-p-ihep51	20260626071226093000000	18	23,317,424,447,488	23,315,276,926,976	14,899,303,071,400	25,154,938,761,216	25,945,969,811,456	22,034,264,555,520	29,685,706,653,696	744,599,694	2,720,271,977	0	0
em-p-ihep51	20260626071236172000000	29	23,333,134,606,336	23,333,321,080,832	14,897,723,363,305	25,154,938,761,216	25,945,969,811,456	22,034,264,555,520	29,685,706,653,696	1,181,143,134	2,371,105,467	0	0
em-p-ihep51	20260626071246136000000	41	23,334,258,552,832	23,334,297,305,088	14,907,091,217,305	25,154,938,761,216	25,945,969,811,456	22,034,264,555,520	29,685,706,653,696	708,498,286	2,272,879,243	0	0
em-p-ihep51	20260626071256224000000	15	23,337,926,725,632	23,338,101,882,880	14,887,384,802,883	25,154,938,761,216	25,945,969,811,456	22,034,264,555,520	29,685,706,653,696	895,301,116	2,020,104,403	0	0
em-p-ihep51	20260626071306337000000	19	23,321,829,933,056	23,322,840,399,872	14,867,834,605,556	25,154,938,761,216	25,945,969,811,456	22,034,264,555,520	29,685,706,653,696	1,334,623,498	3,220,288,875	0	0
em-p-ihep51	20260626071316333000000	29	23,308,970,844,160	23,309,228,396,544	14,833,286,620,800	25,154,938,761,216	25,945,969,811,456	22,034,264,555,520	29,685,706,653,696	1,495,664,579	2,826,814,427	0	0
em-p-ihep51	20260626071326415000000	28	23,279,981,518,848	23,284,532,252,672	14,809,874,296,798	25,154,938,761,216	25,945,969,811,456	22,034,264,555,520	29,685,706,653,696	1,132,242,876	3,207,216,566	0	0
em-p-ihep51	20260626071336452000000	20	23,276,313,767,936	23,276,492,382,208	14,818,781,776,954	25,154,938,761,216	25,945,969,811,456	22,034,264,555,520	29,685,706,653,696	1,037,551,660	1,755,310,599	0	0
em-p-ihep51	20260626071346454000000	26	23,276,308,398,080	23,276,533,035,008	14,815,649,099,824	25,154,938,761,216	25,945,969,811,456	22,034,264,555,520	29,685,706,653,696	1,083,516,763	3,003,436,600	0	0
em-p-ihep51	20260626071356467000000	22	23,276,309,532,672	23,276,414,341,120	14,824,074,494,281	25,154,938,761,216	25,945,969,811,456	22,034,264,555,520	29,685,706,653,696	1,217,697,545	2,552,183,693	0	0
em-p-ihep51	20260626071406490000000	29	23,275,781,046,272	23,276,031,799,296	14,825,260,382,982	25,154,938,761,216	25,945,969,811,456	22,034,264,555,520	29,685,706,653,696	1,065,472,176	4,082,451,210	0	0
em-p-ihep51	20260626071416520000000	28	23,275,778,957,312	23,276,282,933,248	14,819,267,765,604	25,154,938,761,216	25,945,969,811,456	22,034,264,555,520	29,685,706,653,696	606,052,125	1,579,832,746	0	0
em-p-ihep51	20260626071426504000000	29	23,275,783,905,280	23,276,026,466,304	14,819,612,675,595	25,154,938,761,216	25,945,969,811,456	22,034,264,555,520	29,685,706,653,696	248,505,820	2,679,058,533	0	0
em-p-ihep51	20260626071436636000000	28	23,275,790,802,944	23,275,898,466,304	14,830,739,349,143	25,154,938,761,216	25,945,969,811,456	22,034,264,555,520	29,685,706,653,696	230,535,927	1,424,098,438	0	0
em-p-ihep51	20260626071446610000000	27	23,275,786,285,056	23,275,865,944,064	14,817,475,108,605	25,154,938,761,216	25,945,969,811,456	22,034,264,555,520	29,685,706,653,696	478,115,796	1,356,522,403	0	0
em-p-ihep51	20260626071456707000000	19	23,275,785,408,512	23,275,863,097,344	14,817,984,005,987	25,154,938,761,216	25,945,969,811,456	22,034,264,555,520	29,685,706,653,696	489,873,278	1,493,469,933	0	0
em-p-ihep51	20260626071506718000000	24	23,275,796,996,096	23,275,874,627,584	14,830,837,071,187	25,154,938,761,216	25,945,969,811,456	22,034,264,555,520	29,685,706,653,696	642,294,230	1,670,605,121	0	0
em-p-ihep51	20260626071516726000000	24	23,275,792,289,792	23,275,871,010,816	14,817,912,745,807	25,154,938,761,216	25,945,969,811,456	22,034,264,555,520	29,685,706,653,696	683,741,448	1,642,399,309	0	0
em-p-ihep51	20260626071526722000000	21	23,275,793,641,472	23,275,885,981,696	14,838,021,873,772	25,154,938,761,216	25,945,969,811,456	22,034,264,555,520	29,685,706,653,696	727,555,633	1,954,110,048	0	0
em-p-ihep51	20260626071536810000000	17	23,275,788,021,760	23,276,059,590,656	14,817,356,989,891	25,154,938,761,216	25,945,969,811,456	22,034,264,555,520	29,685,706,653,696	621,260,694	2,558,486,231	0	0
em-p-ihep51	20260626071546890000000	13	23,275,787,878,400	23,275,899,740,160	14,822,614,495,924	25,154,938,761,216	25,945,969,811,456	22,034,264,555,520	29,685,706,653,696	196,359,545	957,110,060	0	0
em-p-ihep51	20260626071556971000000	15	23,275,789,230,080	23,276,408,700,928	14,824,380,729,906	25,154,938,761,216	25,945,969,811,456	22,034,264,555,520	29,685,706,653,696	191,813,845	433,623,316	0	0
em-p-ihep51	20260626071606993000000	16	23,275,789,123,584	23,275,913,539,584	14,829,004,511,188	25,154,938,761,216	25,945,969,811,456	22,034,264,555,520	29,685,706,653,696	287,226,820	635,363,008	0	0
em-p-ihep51	20260626071617081000000	15	23,275,789,234,176	23,275,914,063,872	14,835,789,404,975	25,154,938,761,216	25,945,969,811,456	22,034,264,555,520	29,685,706,653,696	192,093,192	494,613,024	0	0
em-p-ihep51	20260626071627148000000	15	23,275,799,126,016	23,275,918,307,328	14,823,635,699,212	25,154,938,761,216	25,945,969,811,456	22,034,264,555,520	29,685,706,653,696	147,998,255	439,283,011	0	0
em-p-ihep51	20260626071637235000000	13	23,275,855,237,120	23,276,015,972,352	14,834,473,435,774	25,154,938,761,216	25,945,969,811,456	22,034,264,555,520	29,685,706,653,696	283,243,912	723,509,756	0	0
em-p-ihep51	20260626071647338000000	16	23,275,854,106,624	23,275,958,280,192	14,835,618,289,119	25,154,938,761,216	25,945,969,811,456	22,034,264,555,520	29,685,706,653,696	294,725,525	1,232,383,301	0	0
em-p-ihep51	20260626071657344000000	11	23,279,749,996,544	23,279,578,693,632	14,837,958,622,161	25,154,938,761,216	25,945,969,811,456	22,034,264,555,520	29,685,706,653,696	231,227,106	727,751,739	0	0
em-p-ihep51	20260626071707418000000	11	23,279,871,766,528	23,280,457,310,208	14,833,390,904,451	25,154,938,761,216	25,945,969,811,456	22,034,264,555,520	29,685,706,653,696	160,947,553	479,663,219	0	0
em-p-ihep51	20260626071717432000000	10	23,274,851,106,816	23,278,476,902,400	14,797,493,833,420	25,154,938,761,216	25,945,969,811,456	22,034,264,555,520	29,685,706,653,696	148,879,401	1,539,155,321	0	0
em-p-ihep51	20260626071727511000000	11	23,238,194,712,576	23,240,193,150,976	14,743,882,608,091	25,154,938,761,216	25,945,969,811,456	22,034,264,555,520	29,685,706,653,696	156,087,664	573,953,980	0	0
em-p-ihep51	20260626071737512000000	10	23,236,757,827,584	23,236,859,977,728	14,736,374,354,526	25,154,938,761,216	25,945,969,811,456	22,034,264,555,520	29,685,706,653,696	263,115,604	545,178,460	0	0
em-p-ihep51	20260626071747521000000	13	23,237,096,722,432	23,237,647,433,728	14,748,507,929,483	25,154,938,761,216	25,945,969,811,456	22,034,264,555,520	29,685,706,653,696	222,136,029	600,713,625	0	0
em-p-ihep51	20260626071757525000000	12	23,237,096,615,936	23,237,168,005,120	14,745,373,406,362	25,154,938,761,216	25,945,969,811,456	22,034,264,555,520	29,685,706,653,696	197,830,157	549,608,098	0	0
em-p-ihep51	20260626071807640000000	9	23,237,095,428,096	23,237,167,300,608	14,748,566,812,497	25,154,938,761,216	25,945,969,811,456	22,034,264,555,520	29,685,706,653,696	267,554,583	1,099,645,604	0	0
em-p-ihep51	20260626071817714000000	10	23,237,095,591,936	23,237,167,525,888	14,741,202,973,101	25,154,938,761,216	25,945,969,811,456	22,034,264,555,520	29,685,706,653,696	338,507,463	915,602,893	0	0
em-p-ihep51	20260626071827797000000	10	23,237,095,485,440	23,237,170,651,136	14,737,102,639,685	25,154,938,761,216	25,945,969,811,456	22,034,264,555,520	29,685,706,653,696	159,950,310	462,712,783	0	0
em-p-ihep51	20260626071837803000000	9	23,237,095,374,848	23,237,172,699,136	14,741,646,484,642	25,154,938,761,216	25,945,969,811,456	22,034,264,555,520	29,685,706,653,696	140,454,557	412,139,021	0	0
em-p-ihep51	20260626071847910000000	10	23,237,096,456,192	23,237,164,634,112	14,733,051,706,632	25,154,938,761,216	25,945,969,811,456	22,034,264,555,520	29,685,706,653,696	273,359,395	608,788,410	0	0
em-p-ihep51	20260626071858000000000	13	23,237,094,354,944	23,237,359,480,832	14,747,491,452,133	25,154,938,761,216	25,945,969,811,456	22,034,264,555,520	29,685,706,653,696	237,251,232	511,649,786	0	0
em-p-ihep51	20260626071908094000000	13	23,237,094,354,944	23,237,162,442,752	14,747,828,290,826	25,154,938,761,216	25,945,969,811,456	22,034,264,555,520	29,685,706,653,696	134,157,093	394,579,906	0	0
em-p-ihep51	20260626071918178000000	14	23,236,914,311,168	23,236,984,463,360	14,743,842,995,652	25,154,938,761,216	25,945,969,811,456	22,034,264,555,520	29,685,706,653,696	183,021,684	1,191,153,780	0	0
em-p-ihep51	20260626071928267000000	13	23,236,917,714,944	23,236,990,095,360	14,742,271,007,410	25,154,938,761,216	25,945,969,811,456	22,034,264,555,520	29,685,706,653,696	151,628,483	1,008,147,602	0	0
em-p-ihep51	20260626071938328000000	15	23,236,918,517,760	23,236,982,939,648	14,736,640,285,167	25,154,938,761,216	25,945,969,811,456	22,034,264,555,520	29,685,706,653,696	217,761,355	754,528,345	0	0
em-p-ihep51	20260626071948417000000	17	23,236,923,686,912	23,236,982,210,560	14,736,582,083,886	25,154,938,761,216	25,945,969,811,456	22,034,264,555,520	29,685,706,653,696	177,933,868	517,497,606	0	0
em-p-ihep51	20260626071958512000000	12	23,236,923,576,320	23,236,983,291,904	14,733,252,212,331	25,154,938,761,216	25,945,969,811,456	22,034,264,555,520	29,685,706,653,696	151,329,106	363,655,024	0	0
em-p-ihep51	20260626072008675000000	23	23,237,000,245,248	23,237,787,684,864	14,777,193,686,730	25,154,938,761,216	25,945,969,811,456	22,034,264,555,520	29,685,706,653,696	468,614,717	2,197,152,635	0	0
em-p-ihep51	20260626072018741000000	30	23,237,180,710,912	23,237,300,334,592	14,776,425,512,975	25,154,938,761,216	25,945,969,811,456	22,034,264,555,520	29,685,706,653,696	381,947,587	1,881,652,570	0	0
em-p-ihep51	20260626072028744000000	28	23,237,180,997,632	23,237,283,188,736	14,753,245,269,186	25,154,938,761,216	25,945,969,811,456	22,034,264,555,520	29,685,706,653,696	231,722,995	600,073,142	0	0
em-p-ihep51	20260626072038768000000	26	23,237,264,351,232	23,237,360,820,224	14,760,747,086,624	25,154,938,761,216	25,945,969,811,456	22,034,264,555,520	29,685,706,653,696	175,754,814	623,698,057	0	0
em-p-ihep51	20260626072048750000000	23	23,236,690,767,872	23,237,226,831,872	14,742,796,513,252	25,154,938,761,216	25,945,969,811,456	22,034,264,555,520	29,685,706,653,696	464,312,422	1,161,234,207	0	0
em-p-ihep51	20260626072058855000000	18	23,235,845,324,800	23,235,944,976,384	14,733,215,278,990	25,154,938,761,216	25,945,969,811,456	22,034,264,555,520	29,685,706,653,696	967,742,799	768,491,717	73,728	0
em-p-ihep51	20260626072108948000000	15	23,235,844,300,800	23,235,944,075,264	14,749,530,543,085	25,154,938,761,216	25,945,969,811,456	22,034,264,555,520	29,685,706,653,696	851,110,966	691,658,363	12,288	0
em-p-ihep51	20260626072119031000000	19	23,235,851,710,464	23,236,435,484,672	14,747,875,645,656	25,154,938,761,216	25,945,969,811,456	22,034,264,555,520	29,685,706,653,696	551,105,183	576,104,941	20,480	0
em-p-ihep51	20260626072129143000000	21	23,235,546,099,712	23,235,643,281,408	14,727,945,573,095	25,154,938,761,216	25,945,969,811,456	22,034,264,555,520	29,685,706,653,696	606,202,209	518,011,115	0	0
em-p-ihep51	20260626072139123000000	19	23,235,545,186,304	23,235,643,260,928	14,731,606,460,483	25,154,938,761,216	25,945,969,811,456	22,034,264,555,520	29,685,706,653,696	290,568,304	547,676,766	0	0
em-p-ihep51	20260626072149139000000	18	23,235,541,676,032	23,235,757,981,696	14,734,594,506,811	25,154,938,761,216	25,945,969,811,456	22,034,264,555,520	29,685,706,653,696	244,248,559	667,957,507	0	0
em-p-ihep51	20260626072159198000000	13	23,235,846,774,784	23,236,012,298,240	14,731,890,771,513	25,154,938,761,216	25,945,969,811,456	22,034,264,555,520	29,685,706,653,696	316,696,359	752,322,758	0	0
em-p-ihep51	20260626072209290000000	15	23,236,237,025,280	23,236,402,950,144	14,750,064,064,249	25,154,938,761,216	25,945,969,811,456	22,034,264,555,520	29,685,706,653,696	488,636,992	1,261,722,507	0	0
em-p-ihep51	20260626072219383000000	16	23,236,237,189,120	23,236,470,829,056	14,731,368,295,584	25,154,938,761,216	25,945,969,811,456	22,034,264,555,520	29,685,706,653,696	382,794,508	1,144,317,693	0	0
em-p-ihep51	20260626072229483000000	14	23,236,483,076,096	23,236,737,900,544	14,734,235,732,202	25,154,938,761,216	25,945,969,811,456	22,034,264,555,520	29,685,706,653,696	240,991,926	527,993,351	0	0
em-p-ihep51	20260626072239579000000	13	23,236,507,836,416	23,236,664,225,792	14,736,484,519,362	25,154,938,761,216	25,945,969,811,456	22,034,264,555,520	29,685,706,653,696	285,264,114	488,983,960	0	0
em-p-ihep51	20260626072249563000000	12	23,236,507,729,920	23,236,668,817,408	14,733,009,593,617	25,154,938,761,216	25,945,969,811,456	22,034,264,555,520	29,685,706,653,696	371,357,193	618,327,528	0	0
em-p-ihep51	20260626072259646000000	12	23,236,506,595,328	23,236,713,889,792	14,733,270,892,807	25,154,938,761,216	25,945,969,811,456	22,034,264,555,520	29,685,706,653,696	146,557,434	379,529,799	0	0
em-p-ihep51	20260626072309761000000	13	23,236,848,562,176	23,237,033,463,808	14,746,851,688,830	25,154,938,761,216	25,945,969,811,456	22,034,264,555,520	29,685,706,653,696	175,431,011	426,318,098	0	0
em-p-ihep51	20260626072319831000000	13	23,237,083,369,472	23,237,244,592,128	14,735,252,868,501	25,154,938,761,216	25,945,969,811,456	22,034,264,555,520	29,685,706,653,696	142,780,324	318,958,701	0	0
em-p-ihep51	20260626072329925000000	12	23,240,254,136,320	23,240,104,169,472	14,743,520,611,623	25,154,938,761,216	25,945,969,811,456	22,034,264,555,520	29,685,706,653,696	143,195,744	811,182,200	0	0
em-p-ihep51	20260626072340015000000	9	23,241,914,445,824	23,242,090,192,896	14,754,461,165,816	25,154,938,761,216	25,945,969,811,456	22,034,264,555,520	29,685,706,653,696	145,054,801	917,715,457	0	0
em-p-ihep51	20260626072350103000000	10	23,241,912,266,752	23,242,444,828,672	14,745,696,521,871	25,154,938,761,216	25,945,969,811,456	22,034,264,555,520	29,685,706,653,696	222,586,858	1,265,429,267	0	0
em-p-ihep51	20260626072400187000000	11	23,241,911,156,736	23,242,023,497,728	14,749,085,917,654	25,154,938,761,216	25,945,969,811,456	22,034,264,555,520	29,685,706,653,696	140,486,420	1,359,869,261	0	0
em-p-ihep51	20260626072410292000000	11	23,241,911,291,904	23,242,031,972,352	14,752,263,085,666	25,154,938,761,216	25,945,969,811,456	22,034,264,555,520	29,685,706,653,696	137,322,238	515,643,106	0	0
em-p-ihep51	20260626072420270000000	10	23,241,909,997,568	23,242,319,056,896	14,744,693,859,403	25,154,938,761,216	25,945,969,811,456	22,034,264,555,520	29,685,706,653,696	221,406,342	1,438,329,700	0	0
em-p-ihep51	20260626072430352000000	9	23,241,910,161,408	23,241,999,839,232	14,747,300,247,635	25,154,938,761,216	25,945,969,811,456	22,034,264,555,520	29,685,706,653,696	159,987,644	347,037,177	0	0
em-p-ihep51	20260626072440376000000	11	23,241,908,973,568	23,242,000,613,376	14,745,739,588,670	25,154,938,761,216	25,945,969,811,456	22,034,264,555,520	29,685,706,653,696	177,991,801	513,237,208	0	0
em-p-ihep51	20260626072450467000000	11	23,241,910,050,816	23,241,998,954,496	14,756,327,595,469	25,154,938,761,216	25,945,969,811,456	22,034,264,555,520	29,685,706,653,696	240,382,581	901,617,552	0	0
em-p-ihep51	20260626072500557000000	15	23,241,910,054,912	23,242,118,230,016	14,751,197,853,385	25,154,938,761,216	25,945,969,811,456	22,034,264,555,520	29,685,706,653,696	220,982,881	1,012,108,023	0	0
em-p-ihep51	20260626072510670000000	10	23,242,447,106,048	23,242,576,367,616	14,767,780,584,392	25,154,938,761,216	25,945,969,811,456	22,034,264,555,520	29,685,706,653,696	230,634,221	635,090,090	0	0
em-p-ihep51	20260626072520757000000	14	23,242,446,999,552	23,242,576,306,176	14,758,704,675,177	25,154,938,761,216	25,945,969,811,456	22,034,264,555,520	29,685,706,653,696	232,027,703	570,965,012	0	0
em-p-ihep51	20260626072530752000000	14	23,242,446,999,552	23,242,592,833,536	14,757,134,928,866	25,154,938,761,216	25,945,969,811,456	22,034,264,555,520	29,685,706,653,696	146,622,541	343,300,036	0	0
em-p-ihep51	20260626072540844000000	12	23,242,445,811,712	23,242,577,219,584	14,761,110,718,760	25,154,938,761,216	25,945,969,811,456	22,034,264,555,520	29,685,706,653,696	166,344,994	381,486,094	0	0
em-p-ihep51	20260626072550940000000	13	23,242,445,811,712	23,242,580,971,520	14,754,152,244,420	25,154,938,761,216	25,945,969,811,456	22,034,264,555,520	29,685,706,653,696	242,502,010	566,708,233	0	0
em-p-ihep51	20260626072601026000000	14	23,242,447,970,304	23,242,597,531,648	14,742,096,928,698	25,154,938,761,216	25,945,969,811,456	22,034,264,555,520	29,685,706,653,696	134,132,814	320,522,706	0	0
em-p-ihep51	20260626072611131000000	15	23,242,446,782,464	23,242,624,385,024	14,765,980,534,187	25,154,938,761,216	25,945,969,811,456	22,034,264,555,520	29,685,706,653,696	275,375,523	865,565,538	0	0
em-p-ihep51	20260626072621136000000	17	23,242,447,056,896	23,242,592,444,416	14,750,333,091,616	25,154,938,761,216	25,945,969,811,456	22,034,264,555,520	29,685,706,653,696	212,457,352	1,083,373,081	0	0
em-p-ihep51	20260626072631145000000	15	23,242,452,729,856	23,242,598,010,880	14,752,369,798,841	25,154,938,761,216	25,945,969,811,456	22,034,264,555,520	29,685,706,653,696	204,395,315	653,472,835	0	0
em-p-ihep51	20260626072641221000000	15	23,242,450,354,176	23,242,596,667,392	14,755,782,066,850	25,154,938,761,216	25,945,969,811,456	22,034,264,555,520	29,685,706,653,696	161,824,186	400,288,432	0	0
em-p-ihep51	20260626072651304000000	13	23,242,450,354,176	23,242,615,001,088	14,757,770,656,538	25,154,938,761,216	25,945,969,811,456	22,034,264,555,520	29,685,706,653,696	179,212,090	503,787,481	0	0
em-p-ihep51	20260626072701392000000	12	23,242,450,677,760	23,242,597,584,896	14,760,861,662,575	25,154,938,761,216	25,945,969,811,456	22,034,264,555,520	29,685,706,653,696	151,101,962	381,378,126	0	0
em-p-ihep51	20260626072711476000000	12	23,242,448,252,928	23,242,560,851,968	14,760,661,198,556	25,154,938,761,216	25,945,969,811,456	22,034,264,555,520	29,685,706,653,696	152,332,855	482,482,607	0	0
em-p-ihep51	20260626072721563000000	11	23,242,447,065,088	23,242,560,520,192	14,758,056,083,318	25,154,938,761,216	25,945,969,811,456	22,034,264,555,520	29,685,706,653,696	149,091,033	389,471,353	0	0
em-p-ihep51	20260626072731664000000	14	23,242,448,740,352	23,242,551,955,456	14,757,909,715,955	25,154,938,761,216	25,945,969,811,456	22,034,264,555,520	29,685,706,653,696	166,852,428	611,458,041	0	0
em-p-ihep51	20260626072741749000000	14	23,242,449,440,768	23,242,552,668,160	14,761,758,738,787	25,154,938,761,216	25,945,969,811,456	22,034,264,555,520	29,685,706,653,696	204,775,786	1,089,131,104	0	0
em-p-ihep51	20260626072751859000000	14	23,242,450,518,016	23,242,556,416,000	14,749,073,310,292	25,154,938,761,216	25,945,969,811,456	22,034,264,555,520	29,685,706,653,696	234,347,884	879,381,804	0	0
em-p-ihep51	20260626072801985000000	23	23,242,482,348,032	23,242,981,359,616	14,741,065,646,725	25,154,938,761,216	25,945,969,811,456	22,034,264,555,520	29,685,706,653,696	398,111,556	971,819,629	0	0
em-p-ihep51	20260626072812059000000	24	23,242,673,451,008	23,242,737,729,536	14,763,961,112,083	25,154,938,761,216	25,945,969,811,456	22,034,264,555,520	29,685,706,653,696	454,876,994	872,600,661	0	0
em-p-ihep51	20260626072822153000000	30	23,242,667,077,632	23,242,730,119,168	14,753,628,279,101	25,154,938,761,216	25,945,969,811,456	22,034,264,555,520	29,685,706,653,696	435,178,271	868,472,568	0	0
em-p-ihep51	20260626072832244000000	23	23,242,665,783,296	23,242,735,628,288	14,744,008,847,260	25,154,938,761,216	25,945,969,811,456	22,034,264,555,520	29,685,706,653,696	431,029,655	935,862,133	0	0
em-p-ihep51	20260626072842247000000	17	23,242,658,656,256	23,242,710,585,344	14,753,935,787,086	25,154,938,761,216	25,945,969,811,456	22,034,264,555,520	29,685,706,653,696	467,949,519	743,645,484	0	0
em-p-ihep51	20260626072852344000000	18	23,242,655,256,576	23,242,707,226,624	14,753,375,108,954	25,154,938,761,216	25,945,969,811,456	22,034,264,555,520	29,685,706,653,696	405,817,805	773,439,343	0	0
em-p-ihep51	20260626072902457000000	13	23,242,655,145,984	23,242,703,572,992	14,735,393,607,215	25,154,938,761,216	25,945,969,811,456	22,034,264,555,520	29,685,706,653,696	337,687,724	1,173,029,019	0	0
em-p-ihep51	20260626072912547000000	17	23,242,656,227,328	23,242,708,561,920	14,746,515,370,035	25,154,938,761,216	25,945,969,811,456	22,034,264,555,520	29,685,706,653,696	471,698,046	1,712,616,549	0	0
em-p-ihep51	20260626072922628000000	14	23,242,655,039,488	23,242,710,552,576	14,750,766,012,717	25,154,938,761,216	25,945,969,811,456	22,034,264,555,520	29,685,706,653,696	250,463,555	520,447,584	0	0
em-p-ihep51	20260626072932737000000	13	23,242,657,468,416	23,242,706,210,816	14,757,352,914,610	25,154,938,761,216	25,945,969,811,456	22,034,264,555,520	29,685,706,653,696	320,968,195	548,807,380	0	0
em-p-ihep51	20260626072942789000000	16	23,242,657,361,920	23,242,709,352,448	14,744,700,738,406	25,154,938,761,216	25,945,969,811,456	22,034,264,555,520	29,685,706,653,696	204,020,212	619,072,365	0	0
em-p-ihep51	20260626072952813000000	12	23,242,657,255,424	23,242,744,057,856	14,753,421,103,846	25,154,938,761,216	25,945,969,811,456	22,034,264,555,520	29,685,706,653,696	346,130,239	558,689,289	0	0
em-p-ihep51	20260626073002859000000	20	23,242,695,266,304	23,242,781,945,856	14,754,318,381,606	25,154,938,761,216	25,945,969,811,456	22,034,264,555,520	29,685,706,653,696	368,196,980	1,258,205,652	0	0
em-p-ihep51	20260626073012832000000	38	23,242,683,219,968	23,242,787,127,296	14,771,272,246,020	25,154,938,761,216	25,945,969,811,456	22,034,264,555,520	29,685,706,653,696	955,740,023	3,103,625,709	0	0
em-p-ihep51	20260626073022846000000	35	23,242,680,049,664	23,243,225,702,400	14,778,338,634,641	25,154,938,761,216	25,945,969,811,456	22,034,264,555,520	29,685,706,653,696	477,407,688	2,309,104,139	0	0
em-p-ihep51	20260626073032852000000	31	23,242,797,506,560	23,242,897,293,312	14,779,328,658,701	25,154,938,761,216	25,945,969,811,456	22,034,264,555,520	29,685,706,653,696	547,858,680	1,237,405,253	0	0
em-p-ihep51	20260626073042886000000	28	23,242,791,571,456	23,242,873,659,392	14,761,266,463,144	25,154,938,761,216	25,945,969,811,456	22,034,264,555,520	29,685,706,653,696	867,379,237	1,230,864,466	0	0
em-p-ihep51	20260626073052891000000	21	23,243,842,289,664	23,243,943,870,464	14,757,667,811,764	25,154,938,761,216	25,945,969,811,456	22,034,264,555,520	29,685,706,653,696	370,417,392	781,725,722	0	0
em-p-ihep51	20260626073102984000000	26	23,241,040,334,848	23,241,126,154,240	14,751,987,322,038	25,154,938,761,216	25,945,969,811,456	22,034,264,555,520	29,685,706,653,696	348,477,257	1,159,304,492	0	0
em-p-ihep51	20260626073112991000000	27	23,241,036,697,600	23,241,122,643,968	14,760,239,911,944	25,154,938,761,216	25,945,969,811,456	22,034,264,555,520	29,685,706,653,696	688,361,165	2,083,016,288	0	0
em-p-ihep51	20260626073122992000000	23	23,241,035,259,904	23,241,135,128,576	14,769,316,605,802	25,154,938,761,216	25,945,969,811,456	22,034,264,555,520	29,685,706,653,696	252,899,523	1,252,917,913	0	0
em-p-ihep51	20260626073133107000000	26	23,241,038,774,272	23,241,607,389,184	14,777,803,732,388	25,154,938,761,216	25,945,969,811,456	22,034,264,555,520	29,685,706,653,696	267,359,287	581,126,988	0	0
em-p-ihep51	20260626073143113000000	20	23,249,024,651,264	23,248,698,400,768	14,793,755,862,450	25,154,938,761,216	25,945,969,811,456	22,034,264,555,520	29,685,706,653,696	581,010,790	1,235,652,199	0	0
em-p-ihep51	20260626073153127000000	21	23,251,578,408,960	23,251,758,477,312	14,791,829,738,893	25,154,938,761,216	25,945,969,811,456	22,034,264,555,520	29,685,706,653,696	310,439,818	1,098,939,579	0	0
em-p-ihep51	20260626073203152000000	24	23,251,862,257,664	23,252,407,291,904	14,782,787,128,436	25,154,938,761,216	25,945,969,811,456	22,034,264,555,520	29,685,706,653,696	464,396,958	1,096,737,797	0	0
em-p-ihep51	20260626073213157000000	17	23,252,008,079,360	23,252,308,807,680	14,785,555,426,048	25,154,938,761,216	25,945,969,811,456	22,034,264,555,520	29,685,706,653,696	575,953,392	1,666,306,142	0	0
em-p-ihep51	20260626073223183000000	24	23,252,010,098,688	23,252,342,300,672	14,783,099,057,169	25,154,938,761,216	25,945,969,811,456	22,034,264,555,520	29,685,706,653,696	390,309,011	2,661,245,537	0	0
em-p-ihep51	20260626073233219000000	20	23,252,290,101,248	23,252,452,216,832	14,777,804,860,944	25,154,938,761,216	25,945,969,811,456	22,034,264,555,520	29,685,706,653,696	485,739,220	1,278,764,914	0	0
em-p-ihep51	20260626073243202000000	20	23,252,434,288,640	23,252,593,541,120	14,781,189,876,932	25,154,938,761,216	25,945,969,811,456	22,034,264,555,520	29,685,706,653,696	459,330,666	800,365,216	0	0
em-p-ihep51	20260626073253218000000	15	23,252,970,254,336	23,253,131,771,904	14,781,760,497,350	25,154,938,761,216	25,945,969,811,456	22,034,264,555,520	29,685,706,653,696	305,325,405	809,559,681	0	0
em-p-ihep51	20260626073303258000000	17	23,253,039,153,152	23,253,202,149,376	14,781,133,005,910	25,154,938,761,216	25,945,969,811,456	22,034,264,555,520	29,685,706,653,696	468,349,420	992,669,283	0	0
em-p-ihep51	20260626073313245000000	18	23,253,038,075,904	23,253,210,058,752	14,784,535,361,012	25,154,938,761,216	25,945,969,811,456	22,034,264,555,520	29,685,706,653,696	404,032,692	1,255,690,320	0	0
em-p-ihep51	20260626073323282000000	14	23,253,295,128,576	23,253,475,295,232	14,781,175,111,112	25,154,938,761,216	25,945,969,811,456	22,034,264,555,520	29,685,706,653,696	232,739,455	878,101,492	0	0
em-p-ihep51	20260626073333289000000	13	23,253,295,050,752	23,253,524,135,936	14,775,277,099,439	25,154,938,761,216	25,945,969,811,456	22,034,264,555,520	29,685,706,653,696	285,776,330	767,309,636	0	0
em-p-ihep51	20260626073343277000000	12	23,253,296,513,024	23,254,084,202,496	14,793,073,296,378	25,154,938,761,216	25,945,969,811,456	22,034,264,555,520	29,685,706,653,696	171,152,744	2,046,997,386	0	0
em-p-ihep51	20260626073353293000000	12	23,253,295,292,416	23,253,457,956,864	14,792,833,593,870	25,154,938,761,216	25,945,969,811,456	22,034,264,555,520	29,685,706,653,696	180,593,611	460,392,823	0	0
em-p-ihep51	20260626073403319000000	12	23,253,297,184,768	23,253,458,862,080	14,788,458,942,234	25,154,938,761,216	25,945,969,811,456	22,034,264,555,520	29,685,706,653,696	168,945,897	484,366,852	0	0
em-p-ihep51	20260626073413314000000	12	23,253,717,176,320	23,253,878,915,072	14,794,717,148,499	25,154,938,761,216	25,945,969,811,456	22,034,264,555,520	29,685,706,653,696	213,628,199	871,881,423	0	0
em-p-ihep51	20260626073423309000000	13	23,253,717,069,824	23,254,249,508,864	14,789,996,492,683	25,154,938,761,216	25,945,969,811,456	22,034,264,555,520	29,685,706,653,696	156,711,256	422,096,218	0	0
em-p-ihep51	20260626073433315000000	14	23,253,713,616,896	23,253,804,015,616	14,794,417,327,999	25,154,938,761,216	25,945,969,811,456	22,034,264,555,520	29,685,706,653,696	263,388,974	1,108,574,875	0	0
em-p-ihep51	20260626073443327000000	14	23,253,714,698,240	23,253,812,785,152	14,767,384,120,891	25,154,938,761,216	25,945,969,811,456	22,034,264,555,520	29,685,706,653,696	196,624,995	1,060,714,857	0	0
em-p-ihep51	20260626073453395000000	14	23,253,714,862,080	23,254,273,777,664	14,766,729,245,466	25,154,938,761,216	25,945,969,811,456	22,034,264,555,520	29,685,706,653,696	190,625,200	412,399,971	0	0
em-p-ihep51	20260626073503490000000	15	23,253,715,042,304	23,253,803,720,704	14,768,728,545,320	25,154,938,761,216	25,945,969,811,456	22,034,264,555,520	29,685,706,653,696	230,204,854	658,101,056	0	0
em-p-ihep51	20260626073513491000000	19	23,253,713,854,464	23,253,802,024,960	14,813,275,334,336	25,154,938,761,216	25,945,969,811,456	22,034,264,555,520	29,685,706,653,696	196,878,130	653,931,347	0	0
em-p-ihep51	20260626073523592000000	16	23,253,714,931,712	23,253,805,457,408	14,794,199,618,908	25,154,938,761,216	25,945,969,811,456	22,034,264,555,520	29,685,706,653,696	232,684,715	620,066,966	0	0
em-p-ihep51	20260626073533596000000	17	23,253,716,013,056	23,253,997,735,936	14,797,733,839,140	25,154,938,761,216	25,945,969,811,456	22,034,264,555,520	29,685,706,653,696	155,664,427	421,612,588	0	0
em-p-ihep51	20260626073543700000000	16	23,253,716,176,896	23,253,806,276,608	14,790,557,049,602	25,154,938,761,216	25,945,969,811,456	22,034,264,555,520	29,685,706,653,696	188,009,259	550,536,286	0	0
em-p-ihep51	20260626073553696000000	18	23,253,717,958,656	23,253,813,579,776	14,797,021,719,999	25,154,938,761,216	25,945,969,811,456	22,034,264,555,520	29,685,706,653,696	152,160,166	982,210,806	0	0
em-p-ihep51	20260626073603790000000	17	23,258,991,239,168	23,258,685,321,216	14,808,806,950,902	25,154,938,761,216	25,945,969,811,456	22,034,264,555,520	29,685,706,653,696	248,353,074	1,137,091,734	0	0
em-p-ihep51	20260626073613889000000	16	23,265,953,939,456	23,266,054,135,808	14,818,677,839,027	25,154,938,761,216	25,945,969,811,456	22,034,264,555,520	29,685,706,653,696	387,043,526	915,337,448	0	0
em-p-ihep51	20260626073623911000000	19	23,265,954,643,968	23,266,054,828,032	14,812,573,832,333	25,154,938,761,216	25,945,969,811,456	22,034,264,555,520	29,685,706,653,696	191,258,867	899,160,864	0	0
em-p-ihep51	20260626073633931000000	15	23,266,003,193,856	23,266,103,762,944	14,815,175,539,515	25,154,938,761,216	25,945,969,811,456	22,034,264,555,520	29,685,706,653,696	380,901,719	491,882,117	0	0
em-p-ihep51	20260626073643965000000	17	23,266,199,617,536	23,266,507,079,680	14,771,210,447,309	25,154,938,761,216	25,945,969,811,456	22,034,264,555,520	29,685,706,653,696	271,383,266	448,748,257	0	0
em-p-ihep51	20260626073653964000000	18	23,266,193,973,248	23,266,297,561,088	14,771,167,897,399	25,154,938,761,216	25,945,969,811,456	22,034,264,555,520	29,685,706,653,696	184,405,333	535,977,038	0	0
em-p-ihep51	20260626073703982000000	13	23,265,497,567,232	23,265,535,557,632	14,786,461,594,791	25,154,938,761,216	25,945,969,811,456	22,034,264,555,520	29,685,706,653,696	300,421,982	624,092,910	0	0
em-p-ihep51	20260626073714000000000	18	23,269,645,873,152	23,269,744,582,656	14,798,179,116,749	25,154,938,761,216	25,945,969,811,456	22,034,264,555,520	29,685,706,653,696	219,970,957	726,573,362	0	0
em-p-ihep51	20260626073724017000000	12	23,269,002,145,792	23,269,118,455,808	14,742,106,491,602	25,154,938,761,216	25,945,969,811,456	22,034,264,555,520	29,685,706,653,696	153,299,499	1,091,854,659	0	0
em-p-ihep51	20260626073734089000000	12	23,269,003,390,976	23,269,104,263,168	14,760,651,319,429	25,154,938,761,216	25,945,969,811,456	22,034,264,555,520	29,685,706,653,696	543,828,069	673,597,270	0	0
em-p-ihep51	20260626073744168000000	14	23,269,001,068,544	23,269,054,722,048	14,754,547,855,801	25,154,938,761,216	25,945,969,811,456	22,034,264,555,520	29,685,706,653,696	229,289,924	616,650,612	0	0
em-p-ihep51	20260626073754251000000	19	23,269,002,420,224	23,269,099,827,200	14,762,696,526,385	25,154,938,761,216	25,945,969,811,456	22,034,264,555,520	29,685,706,653,696	265,676,266	630,060,359	0	0
em-p-ihep51	20260626073804346000000	16	23,269,022,035,968	23,269,067,612,160	14,762,658,833,231	25,154,938,761,216	25,945,969,811,456	22,034,264,555,520	29,685,706,653,696	254,454,995	600,026,602	0	0
em-p-ihep51	20260626073814430000000	19	23,269,593,792,512	23,269,640,790,016	14,766,373,842,702	25,154,938,761,216	25,945,969,811,456	22,034,264,555,520	29,685,706,653,696	223,740,637	528,945,751	0	0
em-p-ihep51	20260626073824513000000	14	23,269,592,715,264	23,269,640,945,664	14,778,196,125,898	25,154,938,761,216	25,945,969,811,456	22,034,264,555,520	29,685,706,653,696	266,164,273	613,077,052	0	0
em-p-ihep51	20260626073834613000000	14	23,269,592,879,104	23,270,073,303,040	14,782,847,354,091	25,154,938,761,216	25,945,969,811,456	22,034,264,555,520	29,685,706,653,696	280,024,191	804,261,911	0	0
em-p-ihep51	20260626073844689000000	12	23,270,808,735,744	23,270,851,821,568	14,791,843,722,616	25,154,938,761,216	25,945,969,811,456	22,034,264,555,520	29,685,706,653,696	205,067,851	1,083,809,768	0	0
em-p-ihep51	20260626073854775000000	15	23,271,630,364,672	23,271,674,372,096	14,810,299,445,989	25,154,938,761,216	25,945,969,811,456	22,034,264,555,520	29,685,706,653,696	233,430,377	809,913,979	0	0
em-p-ihep51	20260626073904863000000	13	23,271,635,116,032	23,271,714,516,992	14,811,468,089,160	25,154,938,761,216	25,945,969,811,456	22,034,264,555,520	29,685,706,653,696	143,133,353	362,668,353	0	0
em-p-ihep51	20260626073914940000000	14	23,271,663,689,728	23,271,913,857,024	14,811,047,533,045	25,154,938,761,216	25,945,969,811,456	22,034,264,555,520	29,685,706,653,696	178,948,917	1,696,805,684	0	0
em-p-ihep51	20260626073925016000000	12	23,271,807,365,120	23,271,883,636,736	14,814,119,999,738	25,154,938,761,216	25,945,969,811,456	22,034,264,555,520	29,685,706,653,696	278,976,200	532,824,612	0	0
em-p-ihep51	20260626073935094000000	12	23,271,808,606,208	23,271,884,976,128	14,767,792,662,097	25,154,938,761,216	25,945,969,811,456	22,034,264,555,520	29,685,706,653,696	160,156,804	464,851,283	0	0
em-p-ihep51	20260626073945175000000	15	23,271,809,847,296	23,271,884,075,008	14,761,501,598,312	25,154,938,761,216	25,945,969,811,456	22,034,264,555,520	29,685,706,653,696	201,196,231	671,887,653	0	0
em-p-ihep51	20260626073955253000000	18	23,271,809,740,800	23,271,858,946,048	14,762,899,413,692	25,154,938,761,216	25,945,969,811,456	22,034,264,555,520	29,685,706,653,696	175,996,476	585,330,799	0	0
em-p-ihep51	20260626074005343000000	21	23,271,816,507,392	23,271,865,667,584	14,757,780,505,118	25,154,938,761,216	25,945,969,811,456	22,034,264,555,520	29,685,706,653,696	390,804,001	2,125,123,445	0	0
em-p-ihep51	20260626074015435000000	26	23,271,898,050,560	23,272,104,488,960	14,812,737,558,840	25,154,938,761,216	25,945,969,811,456	22,034,264,555,520	29,685,706,653,696	400,284,341	2,836,100,346	0	0
em-p-ihep51	20260626074025525000000	19	23,269,467,119,616	23,269,515,386,880	14,766,676,699,487	25,154,938,761,216	25,945,969,811,456	22,034,264,555,520	29,685,706,653,696	415,741,123	1,153,916,851	0	0
em-p-ihep51	20260626074035531000000	19	23,271,223,390,208	23,270,855,802,880	14,805,237,801,225	25,154,938,761,216	25,945,969,811,456	22,034,264,555,520	29,685,706,653,696	409,928,257	779,773,934	0	0
em-p-ihep51	20260626074045684000000	21	23,279,463,297,024	23,277,708,091,392	14,809,469,786,012	25,154,938,761,216	25,945,969,811,456	22,034,264,555,520	29,685,706,653,696	216,771,142	663,635,232	0	0
em-p-ihep51	20260626074055738000000	22	23,302,293,602,304	23,301,272,678,400	14,820,056,034,471	25,154,938,761,216	25,945,969,811,456	22,034,264,555,520	29,685,706,653,696	292,492,090	729,440,184	0	0
em-p-ihep51	20260626074105733000000	22	23,312,043,327,488	23,311,454,240,768	14,833,925,389,081	25,154,938,761,216	25,945,969,811,456	22,034,264,555,520	29,685,706,653,696	347,320,177	861,893,394	0	0
em-p-ihep51	20260626074115835000000	23	23,311,597,375,488	23,311,659,687,936	14,829,115,431,201	25,154,938,761,216	25,945,969,811,456	22,034,264,555,520	29,685,706,653,696	281,146,419	630,801,233	0	0
em-p-ihep51	20260626074125920000000	18	23,304,465,969,152	23,310,448,758,784	14,814,368,895,703	25,154,938,761,216	25,945,969,811,456	22,034,264,555,520	29,685,706,653,696	236,318,982	850,906,128	0	0
em-p-ihep51	20260626074136013000000	22	23,299,548,299,264	23,299,595,837,440	14,817,131,710,437	25,154,938,761,216	25,945,969,811,456	22,034,264,555,520	29,685,706,653,696	168,684,425	1,014,158,181	0	0
em-p-ihep51	20260626074146087000000	20	23,299,550,625,792	23,299,596,967,936	14,760,138,296,801	25,154,938,761,216	25,945,969,811,456	22,034,264,555,520	29,685,706,653,696	283,679,982	820,895,605	0	0
em-p-ihep51	20260626074156189000000	13	23,299,547,271,168	23,299,593,383,936	14,765,159,931,519	25,154,938,761,216	25,945,969,811,456	22,034,264,555,520	29,685,706,653,696	179,812,650	426,230,490	0	0
em-p-ihep51	20260626074206197000000	16	23,299,556,507,648	23,300,001,972,224	14,772,750,617,778	25,154,938,761,216	25,945,969,811,456	22,034,264,555,520	29,685,706,653,696	209,972,192	657,425,234	0	0
em-p-ihep51	20260626074216274000000	17	23,299,551,756,288	23,299,683,008,512	14,766,807,412,259	25,154,938,761,216	25,945,969,811,456	22,034,264,555,520	29,685,706,653,696	273,116,241	527,396,471	0	0
em-p-ihep51	20260626074226293000000	15	23,299,560,570,880	23,299,689,652,224	14,772,333,608,212	25,154,938,761,216	25,945,969,811,456	22,034,264,555,520	29,685,706,653,696	168,491,771	474,947,805	0	0
em-p-ihep51	20260626074236380000000	17	23,299,688,435,712	23,299,833,307,136	14,774,221,435,061	25,154,938,761,216	25,945,969,811,456	22,034,264,555,520	29,685,706,653,696	301,021,005	675,985,578	0	0
em-p-ihep51	20260626074246460000000	12	23,301,767,475,200	23,301,237,510,144	14,778,365,994,470	25,154,938,761,216	25,945,969,811,456	22,034,264,555,520	29,685,706,653,696	245,062,321	942,381,836	0	0
em-p-ihep51	20260626074256551000000	14	23,307,252,518,912	23,307,148,292,096	14,794,480,465,229	25,154,938,761,216	25,945,969,811,456	22,034,264,555,520	29,685,706,653,696	180,862,378	928,890,185	0	0
em-p-ihep51	20260626074306661000000	15	23,313,230,098,432	23,312,949,186,560	14,795,340,897,630	25,154,938,761,216	25,945,969,811,456	22,034,264,555,520	29,685,706,653,696	224,774,941	949,978,576	0	0
em-p-ihep51	20260626074316750000000	13	23,318,940,721,152	23,318,847,164,416	14,802,258,689,142	25,154,938,761,216	25,945,969,811,456	22,034,264,555,520	29,685,706,653,696	264,725,739	580,487,797	0	0
em-p-ihep51	20260626074326815000000	10	23,325,704,757,248	23,325,350,563,840	14,808,485,314,782	25,154,938,761,216	25,945,969,811,456	22,034,264,555,520	29,685,706,653,696	257,519,914	727,941,697	0	0
em-p-ihep51	20260626074336923000000	8	23,333,777,530,880	23,333,446,897,664	14,819,655,215,615	25,154,938,761,216	25,945,969,811,456	22,034,264,555,520	29,685,706,653,696	242,272,220	497,103,089	0	0
em-p-ihep51	20260626074347010000000	15	23,335,436,746,752	23,335,566,462,976	14,826,075,335,378	25,154,938,761,216	25,945,969,811,456	22,034,264,555,520	29,685,706,653,696	290,318,139	728,930,272	0	0
em-p-ihep51	20260626074357094000000	13	23,335,497,297,920	23,335,617,224,704	14,819,719,709,342	25,154,938,761,216	25,945,969,811,456	22,034,264,555,520	29,685,706,653,696	164,867,986	406,962,562	0	0
em-p-ihep51	20260626074407180000000	12	23,335,504,752,640	23,335,815,307,264	14,829,465,655,265	25,154,938,761,216	25,945,969,811,456	22,034,264,555,520	29,685,706,653,696	363,782,836	2,633,572,590	0	0
em-p-ihep51	20260626074417252000000	14	23,335,505,690,624	23,335,620,075,520	14,772,869,215,730	25,154,938,761,216	25,945,969,811,456	22,034,264,555,520	29,685,706,653,696	395,649,699	1,450,540,458	0	0
em-p-ihep51	20260626074427353000000	14	23,326,169,808,896	23,327,044,251,648	14,755,987,573,821	25,154,938,761,216	25,945,969,811,456	22,034,264,555,520	29,685,706,653,696	389,990,739	1,213,441,280	0	0
em-p-ihep51	20260626074437442000000	14	23,326,169,702,400	23,326,286,286,848	14,765,906,942,469	25,154,938,761,216	25,945,969,811,456	22,034,264,555,520	29,685,706,653,696	533,915,979	653,308,295	0	0
em-p-ihep51	20260626074447540000000	14	23,326,252,044,288	23,326,368,460,800	14,776,335,005,364	25,154,938,761,216	25,945,969,811,456	22,034,264,555,520	29,685,706,653,696	580,223,654	878,893,092	0	0
em-p-ihep51	20260626074457548000000	18	23,324,872,634,368	23,326,396,071,936	14,777,384,466,169	25,154,938,761,216	25,945,969,811,456	22,034,264,555,520	29,685,706,653,696	223,363,229	471,941,396	0	0
em-p-ihep51	20260626074507538000000	15	23,343,311,048,704	23,342,663,995,392	14,804,482,464,510	25,154,938,761,216	25,945,969,811,456	22,034,264,555,520	29,685,706,653,696	399,751,181	803,097,474	0	0
em-p-ihep51	20260626074517630000000	20	23,350,103,121,920	23,350,209,847,296	14,804,753,679,199	25,154,938,761,216	25,945,969,811,456	22,034,264,555,520	29,685,706,653,696	269,886,520	599,502,573	0	0
em-p-ihep51	20260626074527748000000	22	23,350,101,827,584	23,350,209,925,120	14,813,133,366,200	25,154,938,761,216	25,945,969,811,456	22,034,264,555,520	29,685,706,653,696	245,901,494	453,684,004	0	0
em-p-ihep51	20260626074537733000000	21	23,350,105,612,288	23,350,442,033,152	14,789,367,391,610	25,154,938,761,216	25,945,969,811,456	22,034,264,555,520	29,685,706,653,696	173,702,020	944,244,071	0	0
em-p-ihep51	20260626074547811000000	16	23,350,926,962,688	23,351,009,841,152	14,792,074,554,971	25,154,938,761,216	25,945,969,811,456	22,034,264,555,520	29,685,706,653,696	282,275,343	1,361,755,643	0	0
em-p-ihep51	20260626074557918000000	17	23,351,690,121,216	23,351,813,193,728	14,785,359,668,115	25,154,938,761,216	25,945,969,811,456	22,034,264,555,520	29,685,706,653,696	233,458,397	437,804,689	16,384	0
em-p-ihep51	20260626074607913000000	22	23,351,867,273,216	23,351,986,323,456	14,798,625,138,467	25,154,938,761,216	25,945,969,811,456	22,034,264,555,520	29,685,706,653,696	285,082,420	626,122,498	0	0
em-p-ihep51	20260626074617994000000	19	23,352,354,578,432	23,352,471,982,080	14,793,025,759,170	25,154,938,761,216	25,945,969,811,456	22,034,264,555,520	29,685,706,653,696	248,542,744	705,452,968	0	0
em-p-ihep51	20260626074628077000000	14	23,352,891,736,064	23,353,005,064,192	14,795,086,195,052	25,154,938,761,216	25,945,969,811,456	22,034,264,555,520	29,685,706,653,696	163,946,891	507,481,662	53,248	0
em-p-ihep51	20260626074638092000000	14	23,352,891,899,904	23,352,990,212,096	14,785,370,842,777	25,154,938,761,216	25,945,969,811,456	22,034,264,555,520	29,685,706,653,696	159,104,523	394,741,653	0	0
em-p-ihep51	20260626074648192000000	16	23,352,890,712,064	23,353,009,963,008	14,789,880,427,045	25,154,938,761,216	25,945,969,811,456	22,034,264,555,520	29,685,706,653,696	205,813,865	636,012,235	0	0
em-p-ihep51	20260626074658280000000	18	23,358,879,752,192	23,358,734,217,216	14,803,720,258,840	25,154,938,761,216	25,945,969,811,456	22,034,264,555,520	29,685,706,653,696	291,718,683	977,972,692	0	0
em-p-ihep51	20260626074708378000000	16	23,334,736,613,376	23,334,935,670,784	14,756,603,070,745	25,154,938,761,216	25,945,969,811,456	22,034,264,555,520	29,685,706,653,696	253,898,845	1,334,338,020	0	0
em-p-ihep51	20260626074718461000000	16	23,334,738,059,264	23,334,831,280,128	14,764,733,314,981	25,154,938,761,216	25,945,969,811,456	22,034,264,555,520	29,685,706,653,696	265,007,883	1,985,727,129	0	0
em-p-ihep51	20260626074728475000000	14	23,334,740,652,032	23,334,838,906,880	14,761,946,284,652	25,154,938,761,216	25,945,969,811,456	22,034,264,555,520	29,685,706,653,696	161,966,267	597,919,490	0	0
em-p-ihep51	20260626074738607000000	20	23,334,743,728,128	23,334,842,900,480	14,767,881,625,883	25,154,938,761,216	25,945,969,811,456	22,034,264,555,520	29,685,706,653,696	204,306,071	554,998,171	0	0
em-p-ihep51	20260626074748611000000	19	23,334,747,783,168	23,334,840,737,792	14,772,873,785,198	25,154,938,761,216	25,945,969,811,456	22,034,264,555,520	29,685,706,653,696	205,017,832	616,583,398	0	0
em-p-ihep51	20260626074758692000000	20	23,334,931,230,720	23,335,038,164,992	14,767,610,385,569	25,154,938,761,216	25,945,969,811,456	22,034,264,555,520	29,685,706,653,696	269,838,938	558,285,175	0	0
em-p-ihep51	20260626074808787000000	17	23,335,142,248,448	23,335,242,854,400	14,770,016,203,575	25,154,938,761,216	25,945,969,811,456	22,034,264,555,520	29,685,706,653,696	386,133,755	846,236,789	0	0
em-p-ihep51	20260626074818869000000	14	23,335,143,493,632	23,335,217,532,928	14,762,035,251,743	25,154,938,761,216	25,945,969,811,456	22,034,264,555,520	29,685,706,653,696	257,415,938	809,205,438	0	0
em-p-ihep51	20260626074828956000000	18	23,335,139,495,936	23,335,260,774,400	14,775,666,694,545	25,154,938,761,216	25,945,969,811,456	22,034,264,555,520	29,685,706,653,696	168,449,002	1,615,156,740	0	0
em-p-ihep51	20260626074839064000000	16	23,335,139,446,784	23,335,245,598,720	14,786,194,904,083	25,154,938,761,216	25,945,969,811,456	22,034,264,555,520	29,685,706,653,696	266,558,525	825,264,895	0	0
em-p-ihep51	20260626074849123000000	14	23,337,610,747,904	23,337,683,128,320	14,785,188,092,225	25,154,938,761,216	25,945,969,811,456	22,034,264,555,520	29,685,706,653,696	190,529,257	600,446,482	0	0
em-p-ihep51	20260626074859204000000	15	23,340,340,486,144	23,340,451,229,696	14,806,361,727,780	25,154,938,761,216	25,945,969,811,456	22,034,264,555,520	29,685,706,653,696	159,000,451	558,295,562	0	0
em-p-ihep51	20260626074909222000000	21	23,341,171,515,392	23,341,307,219,968	14,819,794,025,818	25,154,938,761,216	25,945,969,811,456	22,034,264,555,520	29,685,706,653,696	204,581,560	1,185,749,083	0	0
em-p-ihep51	20260626074919223000000	14	23,342,073,102,336	23,342,270,246,912	14,821,773,303,366	25,154,938,761,216	25,945,969,811,456	22,034,264,555,520	29,685,706,653,696	275,647,022	649,097,573	0	0
em-p-ihep51	20260626074929300000000	12	23,351,900,753,920	23,352,011,608,064	14,835,762,864,588	25,154,938,761,216	25,945,969,811,456	22,034,264,555,520	29,685,706,653,696	224,738,445	699,319,338	0	0
em-p-ihep51	20260626074939387000000	12	23,351,631,327,232	23,352,138,149,888	14,833,279,731,559	25,154,938,761,216	25,945,969,811,456	22,034,264,555,520	29,685,706,653,696	221,725,514	1,546,905,279	0	0
em-p-ihep51	20260626074949481000000	13	23,351,258,882,048	23,351,930,503,168	14,835,370,315,101	25,154,938,761,216	25,945,969,811,456	22,034,264,555,520	29,685,706,653,696	199,770,683	2,025,255,141	0	0
em-p-ihep51	20260626074959578000000	15	23,351,259,963,392	23,351,351,816,192	14,835,054,975,018	25,154,938,761,216	25,945,969,811,456	22,034,264,555,520	29,685,706,653,696	258,239,411	948,876,681	0	0
em-p-ihep51	20260626075009603000000	24	23,352,423,792,640	23,352,517,791,744	14,856,137,748,784	25,154,938,761,216	25,945,969,811,456	22,034,264,555,520	29,685,706,653,696	505,070,547	1,567,812,066	0	0
em-p-ihep51	20260626075019683000000	19	23,352,421,310,464	23,353,059,233,792	14,849,255,850,293	25,154,938,761,216	25,945,969,811,456	22,034,264,555,520	29,685,706,653,696	436,558,197	812,302,718	0	0
em-p-ihep51	20260626075029674000000	20	23,352,630,976,512	23,352,725,360,640	14,770,464,010,035	25,154,938,761,216	25,945,969,811,456	22,034,264,555,520	29,685,706,653,696	195,337,789	457,592,177	0	0
em-p-ihep51	20260626075039779000000	19	23,352,600,920,064	23,352,695,533,568	14,784,872,721,370	25,154,938,761,216	25,945,969,811,456	22,034,264,555,520	29,685,706,653,696	204,062,537	458,407,539	0	0
em-p-ihep51	20260626075049772000000	23	23,352,611,053,568	23,352,706,977,792	14,782,382,971,563	25,154,938,761,216	25,945,969,811,456	22,034,264,555,520	29,685,706,653,696	284,046,311	670,886,155	0	0
em-p-ihep51	20260626075059788000000	16	23,352,612,241,408	23,352,706,564,096	14,788,690,925,227	25,154,938,761,216	25,945,969,811,456	22,034,264,555,520	29,685,706,653,696	188,831,831	486,408,140	0	0
em-p-ihep51	20260626075109897000000	19	23,352,611,340,288	23,352,769,605,632	14,812,346,610,694	25,154,938,761,216	25,945,969,811,456	22,034,264,555,520	29,685,706,653,696	348,242,257	1,425,839,557	0	0
em-p-ihep51	20260626075119901000000	22	23,352,612,696,064	23,352,718,225,408	14,804,121,865,761	25,154,938,761,216	25,945,969,811,456	22,034,264,555,520	29,685,706,653,696	353,431,473	1,130,635,268	0	0
em-p-ihep51	20260626075129986000000	17	23,353,995,362,304	23,354,106,441,728	14,808,551,978,913	25,154,938,761,216	25,945,969,811,456	22,034,264,555,520	29,685,706,653,696	238,857,494	614,194,818	0	0
em-p-ihep51	20260626075140072000000	19	23,354,620,375,040	23,354,504,912,896	14,814,552,639,347	25,154,938,761,216	25,945,969,811,456	22,034,264,555,520	29,685,706,653,696	291,837,921	475,454,934	0	0
em-p-ihep51	20260626075150071000000	20	23,355,402,293,248	23,355,490,922,496	14,789,929,606,121	25,154,938,761,216	25,945,969,811,456	22,034,264,555,520	29,685,706,653,696	241,867,764	557,120,502	0	0
em-p-ihep51	20260626075200108000000	20	23,355,402,625,024	23,355,496,648,704	14,788,575,455,981	25,154,938,761,216	25,945,969,811,456	22,034,264,555,520	29,685,706,653,696	268,682,223	604,246,567	0	0
em-p-ihep51	20260626075210110000000	19	23,355,416,244,224	23,355,587,895,296	14,798,737,791,217	25,154,938,761,216	25,945,969,811,456	22,034,264,555,520	29,685,706,653,696	444,762,789	816,146,475	0	0
em-p-ihep51	20260626075220228000000	21	23,355,415,056,384	23,355,584,864,256	14,795,187,835,425	25,154,938,761,216	25,945,969,811,456	22,034,264,555,520	29,685,706,653,696	205,263,339	545,120,573	0	0
em-p-ihep51	20260626075230221000000	22	23,355,414,568,960	23,355,584,368,640	14,776,476,714,582	25,154,938,761,216	25,945,969,811,456	22,034,264,555,520	29,685,706,653,696	201,383,074	991,960,916	0	0
em-p-ihep51	20260626075240225000000	14	23,355,413,544,960	23,355,543,416,832	14,791,254,311,475	25,154,938,761,216	25,945,969,811,456	22,034,264,555,520	29,685,706,653,696	328,289,384	941,802,843	0	0
em-p-ihep51	20260626075250218000000	19	23,355,659,923,456	23,355,768,320,000	14,785,560,030,138	25,154,938,761,216	25,945,969,811,456	22,034,264,555,520	29,685,706,653,696	398,817,390	952,266,415	0	0
em-p-ihep51	20260626075300320000000	17	23,360,564,486,144	23,360,705,478,656	14,791,556,750,538	25,154,938,761,216	25,945,969,811,456	22,034,264,555,520	29,685,706,653,696	318,295,274	608,470,023	0	0
em-p-ihep51	20260626075310316000000	18	23,362,506,260,480	23,362,619,088,896	14,810,456,529,613	25,154,938,761,216	25,945,969,811,456	22,034,264,555,520	29,685,706,653,696	306,758,691	859,668,171	0	0
em-p-ihep51	20260626075320316000000	23	23,366,563,086,336	23,366,671,691,776	14,789,380,107,622	25,154,938,761,216	25,945,969,811,456	22,034,264,555,520	29,685,706,653,696	278,059,160	631,100,198	0	0
em-p-ihep51	20260626075330331000000	19	23,366,568,865,792	23,366,678,958,080	14,793,566,660,389	25,154,938,761,216	25,945,969,811,456	22,034,264,555,520	29,685,706,653,696	328,450,829	826,254,342	0	0
em-p-ihep51	20260626075340333000000	27	23,365,489,278,976	23,365,585,858,560	14,788,098,560,341	25,154,938,761,216	25,945,969,811,456	22,034,264,555,520	29,685,706,653,696	201,209,286	882,974,890	0	0
em-p-ihep51	20260626075350330000000	23	23,365,997,244,416	23,366,399,578,112	14,793,896,786,412	25,154,938,761,216	25,945,969,811,456	22,034,264,555,520	29,685,706,653,696	228,584,600	2,213,488,149	0	0
em-p-ihep51	20260626075400422000000	16	23,368,514,318,336	23,368,370,888,704	14,809,937,732,320	25,154,938,761,216	25,945,969,811,456	22,034,264,555,520	29,685,706,653,696	158,004,804	1,832,880,449	0	0
em-p-ihep51	20260626075410457000000	22	23,376,561,328,128	23,375,956,758,528	14,827,267,844,683	25,154,938,761,216	25,945,969,811,456	22,034,264,555,520	29,685,706,653,696	266,591,823	1,245,678,594	0	0
em-p-ihep51	20260626075420560000000	16	23,383,883,010,048	23,383,858,094,080	14,820,690,390,340	25,154,938,761,216	25,945,969,811,456	22,034,264,555,520	29,685,706,653,696	164,135,949	1,274,059,014	0	0
em-p-ihep51	20260626075430655000000	16	23,394,484,707,328	23,393,679,187,968	14,829,846,044,505	25,154,938,761,216	25,945,969,811,456	22,034,264,555,520	29,685,706,653,696	152,827,567	519,607,413	0	0
em-p-ihep51	20260626075440678000000	20	23,416,906,252,288	23,416,763,269,120	14,859,983,929,792	25,154,938,761,216	25,945,969,811,456	22,034,264,555,520	29,685,706,653,696	173,611,348	595,488,686	0	0
em-p-ihep51	20260626075450755000000	17	23,408,267,587,584	23,410,848,501,760	14,845,512,139,677	25,154,938,761,216	25,945,969,811,456	22,034,264,555,520	29,685,706,653,696	189,291,255	766,244,130	0	0
em-p-ihep51	20260626075500862000000	15	23,408,304,660,480	23,408,055,422,976	14,857,666,423,731	25,154,938,761,216	25,945,969,811,456	22,034,264,555,520	29,685,706,653,696	179,681,120	641,717,302	0	0
em-p-ihep51	20260626075510857000000	21	23,410,947,284,992	23,411,026,481,152	14,870,820,975,792	25,154,938,761,216	25,945,969,811,456	22,034,264,555,520	29,685,706,653,696	224,814,565	668,202,755	0	0
em-p-ihep51	20260626075520960000000	21	23,421,363,589,120	23,421,267,435,520	14,857,948,896,637	25,154,938,761,216	25,945,969,811,456	22,034,264,555,520	29,685,706,653,696	236,142,633	1,082,721,470	0	0
em-p-ihep51	20260626075530975000000	20	23,423,877,328,896	23,423,977,328,640	14,837,179,347,137	25,154,938,761,216	25,945,969,811,456	22,034,264,555,520	29,685,706,653,696	202,582,899	1,042,700,169	0	0
em-p-ihep51	20260626075540981000000	21	23,417,589,846,016	23,417,685,778,432	14,863,070,338,610	25,154,938,761,216	25,945,969,811,456	22,034,264,555,520	29,685,706,653,696	231,308,161	567,667,064	0	0
em-p-ihep51	20260626075550981000000	19	23,411,916,701,696	23,412,017,160,192	14,832,979,997,127	25,154,938,761,216	25,945,969,811,456	22,034,264,555,520	29,685,706,653,696	258,473,445	705,524,077	0	0
em-p-ihep51	20260626075601088000000	19	23,413,115,338,752	23,413,212,065,792	14,842,636,459,672	25,154,938,761,216	25,945,969,811,456	22,034,264,555,520	29,685,706,653,696	191,305,600	530,171,363	0	0
em-p-ihep51	20260626075611098000000	23	23,413,560,578,048	23,413,636,464,640	14,849,263,161,364	25,154,938,761,216	25,945,969,811,456	22,034,264,555,520	29,685,706,653,696	366,888,888	807,862,393	0	0
em-p-ihep51	20260626075621096000000	23	23,417,948,356,608	23,417,206,517,760	14,855,223,308,116	25,154,938,761,216	25,945,969,811,456	22,034,264,555,520	29,685,706,653,696	194,795,382	611,419,856	0	0
em-p-ihep51	20260626075631203000000	21	23,421,588,328,448	23,421,620,117,504	14,852,285,272,973	25,154,938,761,216	25,945,969,811,456	22,034,264,555,520	29,685,706,653,696	169,549,963	516,824,864	0	0
em-p-ihep51	20260626075641204000000	19	23,421,621,452,800	23,422,124,281,856	14,851,077,857,160	25,154,938,761,216	25,945,969,811,456	22,034,264,555,520	29,685,706,653,696	192,820,112	1,172,283,592	0	0
em-p-ihep51	20260626075651309000000	16	23,425,492,152,320	23,424,654,585,856	14,869,043,530,840	25,154,938,761,216	25,945,969,811,456	22,034,264,555,520	29,685,706,653,696	185,975,956	1,227,260,824	0	0
em-p-ihep51	20260626075701293000000	17	23,433,200,377,856	23,432,981,491,712	14,865,603,331,695	25,154,938,761,216	25,945,969,811,456	22,034,264,555,520	29,685,706,653,696	256,216,901	553,216,757	0	0
em-p-ihep51	20260626075711316000000	15	23,434,059,714,560	23,434,120,175,616	14,853,107,452,861	25,154,938,761,216	25,945,969,811,456	22,034,264,555,520	29,685,706,653,696	161,196,571	502,112,116	0	0
em-p-ihep51	20260626075721342000000	15	23,424,871,088,128	23,425,442,000,896	14,852,162,075,485	25,154,938,761,216	25,945,969,811,456	22,034,264,555,520	29,685,706,653,696	166,163,359	615,016,548	0	0
em-p-ihep51	20260626075731468000000	18	23,425,170,833,408	23,425,203,953,664	14,865,989,679,227	25,154,938,761,216	25,945,969,811,456	22,034,264,555,520	29,685,706,653,696	178,786,323	562,099,609	0	0
em-p-ihep51	20260626075741540000000	14	23,425,272,221,696	23,425,307,447,296	14,853,616,605,086	25,154,938,761,216	25,945,969,811,456	22,034,264,555,520	29,685,706,653,696	303,743,716	668,082,680	0	0
em-p-ihep51	20260626075751638000000	15	23,427,310,317,568	23,427,347,456,000	14,859,252,058,018	25,154,938,761,216	25,945,969,811,456	22,034,264,555,520	29,685,706,653,696	212,786,092	537,394,161	0	0
em-p-ihep51	20260626075801739000000	11	23,428,003,184,640	23,428,045,942,784	14,856,399,800,628	25,154,938,761,216	25,945,969,811,456	22,034,264,555,520	29,685,706,653,696	253,914,608	920,720,905	0	0
em-p-ihep51	20260626075811740000000	12	23,428,611,198,976	23,428,663,103,488	14,862,264,892,437	25,154,938,761,216	25,945,969,811,456	22,034,264,555,520	29,685,706,653,696	222,332,863	990,153,738	0	0
em-p-ihep51	20260626075821786000000	18	23,427,050,274,816	23,427,103,981,568	14,856,872,718,610	25,154,938,761,216	25,945,969,811,456	22,034,264,555,520	29,685,706,653,696	236,487,049	738,465,805	0	0
em-p-ihep51	20260626075831836000000	15	23,412,466,413,568	23,412,583,464,960	14,807,359,483,036	25,154,938,761,216	25,945,969,811,456	22,034,264,555,520	29,685,706,653,696	153,028,227	412,645,901	0	0
em-p-ihep51	20260626075841940000000	14	23,409,282,637,824	23,409,155,026,944	14,832,950,901,080	25,154,938,761,216	25,945,969,811,456	22,034,264,555,520	29,685,706,653,696	177,277,612	567,430,150	0	0
em-p-ihep51	20260626075851948000000	15	23,418,942,476,288	23,419,440,578,560	14,829,946,989,696	25,154,938,761,216	25,945,969,811,456	22,034,264,555,520	29,685,706,653,696	194,729,219	1,238,928,164	0	0
em-p-ihep51	20260626075901945000000	13	23,406,641,246,208	23,406,735,777,792	14,814,208,114,329	25,154,938,761,216	25,945,969,811,456	22,034,264,555,520	29,685,706,653,696	181,862,162	1,791,408,209	0	0
em-p-ihep51	20260626075911943000000	21	23,408,645,304,320	23,408,807,665,664	14,822,209,673,864	25,154,938,761,216	25,945,969,811,456	22,034,264,555,520	29,685,706,653,696	463,523,456	1,451,280,117	0	0
em-p-ihep51	20260626075922039000000	18	23,415,308,169,216	23,415,476,805,632	14,822,366,913,538	25,154,938,761,216	25,945,969,811,456	22,034,264,555,520	29,685,706,653,696	296,521,025	858,705,314	0	0
em-p-ihep51	20260626075932041000000	16	23,416,060,514,304	23,416,175,468,544	14,830,161,577,674	25,154,938,761,216	25,945,969,811,456	22,034,264,555,520	29,685,706,653,696	182,777,978	1,128,841,015	0	0
em-p-ihep51	20260626075942042000000	17	23,416,222,203,904	23,416,336,707,584	14,821,137,251,603	25,154,938,761,216	25,945,969,811,456	22,034,264,555,520	29,685,706,653,696	328,406,840	1,415,047,956	0	0
em-p-ihep51	20260626075952041000000	15	23,412,940,771,328	23,413,051,637,760	14,822,021,044,871	25,154,938,761,216	25,945,969,811,456	22,034,264,555,520	29,685,706,653,696	294,985,398	558,058,213	0	0
em-p-ihep51	20260626080002171000000	19	23,410,851,618,816	23,410,930,966,528	14,816,162,495,912	25,154,938,761,216	25,945,969,811,456	22,034,264,555,520	29,685,706,653,696	251,951,883	1,583,559,980	0	0
em-p-ihep51	20260626080012189000000	46	23,408,881,045,504	23,408,990,326,784	14,865,477,409,944	25,154,938,761,216	25,945,969,811,456	22,034,264,555,520	29,685,706,653,696	879,637,578	3,703,610,294	0	0
em-p-ihep51	20260626080022205000000	37	23,413,032,996,864	23,413,139,124,224	14,854,077,826,325	25,154,938,761,216	25,945,969,811,456	22,034,264,555,520	29,685,706,653,696	536,163,829	1,610,096,535	0	0
em-p-ihep51	20260626080032219000000	34	23,409,139,380,224	23,409,409,454,080	14,823,219,308,459	25,154,938,761,216	25,945,969,811,456	22,034,264,555,520	29,685,706,653,696	517,845,937	2,382,026,661	0	0
em-p-ihep51	20260626080042209000000	24	23,405,738,196,992	23,405,797,416,960	14,831,627,212,335	25,154,938,761,216	25,945,969,811,456	22,034,264,555,520	29,685,706,653,696	389,805,254	1,429,633,506	0	0
em-p-ihep51	20260626080052213000000	24	23,400,859,226,112	23,400,987,951,104	14,816,243,266,270	25,154,938,761,216	25,945,969,811,456	22,034,264,555,520	29,685,706,653,696	513,508,287	1,586,013,252	0	0
em-p-ihep51	20260626080102222000000	25	23,400,859,119,616	23,400,967,626,752	14,817,194,335,825	25,154,938,761,216	25,945,969,811,456	22,034,264,555,520	29,685,706,653,696	408,505,575	1,646,183,223	0	0
em-p-ihep51	20260626080112224000000	25	23,400,855,162,880	23,401,103,884,288	14,822,507,479,952	25,154,938,761,216	25,945,969,811,456	22,034,264,555,520	29,685,706,653,696	499,967,043	2,557,751,856	0	0
em-p-ihep51	20260626080122320000000	22	23,400,855,666,688	23,400,988,127,232	14,816,818,105,043	25,154,938,761,216	25,945,969,811,456	22,034,264,555,520	29,685,706,653,696	309,656,790	1,142,789,017	0	0
em-p-ihep51	20260626080132428000000	20	23,402,212,540,416	23,402,354,032,640	14,823,635,674,630	25,154,938,761,216	25,945,969,811,456	22,034,264,555,520	29,685,706,653,696	233,166,734	843,395,531	0	0
em-p-ihep51	20260626080142443000000	21	23,402,369,605,632	23,402,456,023,040	14,828,512,635,632	25,154,938,761,216	25,945,969,811,456	22,034,264,555,520	29,685,706,653,696	234,335,140	975,899,823	0	0
em-p-ihep51	20260626080152458000000	23	23,402,347,040,768	23,402,437,750,784	14,828,969,321,508	25,154,938,761,216	25,945,969,811,456	22,034,264,555,520	29,685,706,653,696	226,713,728	978,848,423	0	0
em-p-ihep51	20260626080202481000000	19	23,402,348,154,880	23,402,430,005,248	14,799,321,908,225	25,154,938,761,216	25,945,969,811,456	22,034,264,555,520	29,685,706,653,696	265,025,121	1,821,221,229	0	0
em-p-ihep51	20260626080212496000000	24	23,350,484,914,176	23,351,798,562,816	14,764,848,812,431	25,154,938,761,216	25,945,969,811,456	22,034,264,555,520	29,685,706,653,696	354,151,922	1,513,550,534	0	0
em-p-ihep51	20260626080222489000000	20	23,350,492,848,128	23,350,806,028,288	14,755,244,805,561	25,154,938,761,216	25,945,969,811,456	22,034,264,555,520	29,685,706,653,696	357,982,616	1,695,651,996	0	0
em-p-ihep51	20260626080232522000000	17	23,350,493,831,168	23,351,089,467,392	14,759,520,428,300	25,154,938,761,216	25,945,969,811,456	22,034,264,555,520	29,685,706,653,696	286,470,665	2,110,069,078	0	0
em-p-ihep51	20260626080242515000000	17	23,350,492,643,328	23,350,640,349,184	14,748,215,168,123	25,154,938,761,216	25,945,969,811,456	22,034,264,555,520	29,685,706,653,696	207,800,112	691,114,195	0	0
em-p-ihep51	20260626080252611000000	18	23,350,498,144,256	23,350,594,953,216	14,750,392,644,455	25,154,938,761,216	25,945,969,811,456	22,034,264,555,520	29,685,706,653,696	242,383,757	920,371,083	0	0
em-p-ihep51	20260626080302658000000	18	23,350,499,508,224	23,350,631,849,984	14,752,407,000,301	25,154,938,761,216	25,945,969,811,456	22,034,264,555,520	29,685,706,653,696	407,596,347	900,323,318	0	0
em-p-ihep51	20260626080312747000000	21	23,350,500,478,976	23,350,622,535,680	14,753,381,861,878	25,154,938,761,216	25,945,969,811,456	22,034,264,555,520	29,685,706,653,696	307,979,814	883,023,993	0	0
em-p-ihep51	20260626080322731000000	15	23,350,500,913,152	23,350,623,424,512	14,751,201,863,078	25,154,938,761,216	25,945,969,811,456	22,034,264,555,520	29,685,706,653,696	201,560,064	633,855,698	0	0
em-p-ihep51	20260626080332742000000	18	23,350,500,806,656	23,350,626,967,552	14,745,303,795,299	25,154,938,761,216	25,945,969,811,456	22,034,264,555,520	29,685,706,653,696	240,231,004	933,563,918	0	0
em-p-ihep51	20260626080342748000000	16	23,350,500,700,160	23,351,155,806,208	14,741,351,290,822	25,154,938,761,216	25,945,969,811,456	22,034,264,555,520	29,685,706,653,696	187,059,972	1,217,620,524	0	0
em-p-ihep51	20260626080352842000000	16	23,350,500,864,000	23,350,602,502,144	14,745,392,593,438	25,154,938,761,216	25,945,969,811,456	22,034,264,555,520	29,685,706,653,696	291,331,191	1,155,583,535	0	0
em-p-ihep51	20260626080402946000000	14	23,350,500,786,176	23,350,965,960,704	14,747,319,159,110	25,154,938,761,216	25,945,969,811,456	22,034,264,555,520	29,685,706,653,696	218,691,576	1,830,180,851	0	0
em-p-ihep51	20260626080412966000000	17	23,350,500,827,136	23,350,617,874,432	14,748,748,527,097	25,154,938,761,216	25,945,969,811,456	22,034,264,555,520	29,685,706,653,696	283,041,574	2,000,279,599	0	0
em-p-ihep51	20260626080423052000000	12	23,343,704,801,280	23,343,741,218,816	14,734,035,097,729	25,154,938,761,216	25,945,969,811,456	22,034,264,555,520	29,685,706,653,696	231,349,567	747,134,848	0	0
em-p-ihep51	20260626080433148000000	15	23,344,053,243,904	23,344,151,662,592	14,735,108,900,890	25,154,938,761,216	25,945,969,811,456	22,034,264,555,520	29,685,706,653,696	213,556,314	687,813,381	0	0
em-p-ihep51	20260626080443250000000	14	23,344,050,982,912	23,344,143,339,520	14,746,617,573,380	25,154,938,761,216	25,945,969,811,456	22,034,264,555,520	29,685,706,653,696	250,661,385	997,520,531	0	0
em-p-ihep51	20260626080453257000000	14	23,344,050,982,912	23,344,183,549,952	14,741,593,068,299	25,154,938,761,216	25,945,969,811,456	22,034,264,555,520	29,685,706,653,696	239,528,617	869,140,269	0	0
em-p-ihep51	20260626080503251000000	16	23,344,051,146,752	23,344,142,073,856	14,755,789,402,691	25,154,938,761,216	25,945,969,811,456	22,034,264,555,520	29,685,706,653,696	231,370,943	1,302,106,630	0	0
em-p-ihep51	20260626080513350000000	21	23,344,052,117,504	23,344,142,561,280	14,755,061,902,959	25,154,938,761,216	25,945,969,811,456	22,034,264,555,520	29,685,706,653,696	411,901,685	1,406,034,152	0	0
em-p-ihep51	20260626080523455000000	23	23,343,503,839,232	23,346,515,984,384	14,744,553,671,162	25,154,938,761,216	25,945,969,811,456	22,034,264,555,520	29,685,706,653,696	368,382,098	876,770,956	20,480	0
em-p-ihep51	20260626080533468000000	23	23,340,492,349,440	23,340,020,858,880	14,759,245,686,642	25,154,938,761,216	25,945,969,811,456	22,034,264,555,520	29,685,706,653,696	214,215,194	720,916,147	0	0
em-p-ihep51	20260626080543473000000	21	23,343,522,385,920	23,343,616,630,784	14,734,995,020,159	25,154,938,761,216	25,945,969,811,456	22,034,264,555,520	29,685,706,653,696	244,486,841	761,563,437	16,384	0
em-p-ihep51	20260626080553475000000	16	23,339,676,569,600	23,339,771,047,936	14,741,760,497,502	25,154,938,761,216	25,945,969,811,456	22,034,264,555,520	29,685,706,653,696	257,168,703	767,162,204	53,248	0
em-p-ihep51	20260626080603484000000	17	23,339,676,733,440	23,339,797,082,112	14,741,973,726,255	25,154,938,761,216	25,945,969,811,456	22,034,264,555,520	29,685,706,653,696	193,432,285	719,812,538	0	0
em-p-ihep51	20260626080613488000000	19	23,340,310,212,608	23,340,405,993,472	14,750,284,631,215	25,154,938,761,216	25,945,969,811,456	22,034,264,555,520	29,685,706,653,696	307,631,792	1,018,640,482	0	0
em-p-ihep51	20260626080623603000000	15	23,340,335,353,856	23,340,434,038,784	14,738,718,869,225	25,154,938,761,216	25,945,969,811,456	22,034,264,555,520	29,685,706,653,696	432,536,139	1,528,103,011	0	0
em-p-ihep51	20260626080633684000000	20	23,340,336,435,200	23,340,990,226,432	14,757,334,012,798	25,154,938,761,216	25,945,969,811,456	22,034,264,555,520	29,685,706,653,696	397,654,497	1,174,983,998	0	0
em-p-ihep51	20260626080643670000000	19	23,340,336,054,272	23,340,435,169,280	14,755,029,290,926	25,154,938,761,216	25,945,969,811,456	22,034,264,555,520	29,685,706,653,696	251,950,132	830,106,451	0	0
em-p-ihep51	20260626080653676000000	16	23,340,353,351,680	23,340,451,057,664	14,750,698,797,048	25,154,938,761,216	25,945,969,811,456	22,034,264,555,520	29,685,706,653,696	212,394,165	827,722,169	0	0
em-p-ihep51	20260626080703790000000	13	23,340,353,245,184	23,340,470,915,072	14,754,883,912,193	25,154,938,761,216	25,945,969,811,456	22,034,264,555,520	29,685,706,653,696	578,701,760	994,456,874	0	0
em-p-ihep51	20260626080713874000000	16	23,340,354,215,936	23,340,940,828,672	14,754,379,715,638	25,154,938,761,216	25,945,969,811,456	22,034,264,555,520	29,685,706,653,696	200,466,010	737,533,318	0	0
em-p-ihep51	20260626080723879000000	16	23,340,372,754,432	23,340,472,815,616	14,741,520,428,269	25,154,938,761,216	25,945,969,811,456	22,034,264,555,520	29,685,706,653,696	412,628,003	908,532,705	0	0
em-p-ihep51	20260626080733986000000	12	23,340,440,870,912	23,340,541,612,032	14,753,562,832,448	25,154,938,761,216	25,945,969,811,456	22,034,264,555,520	29,685,706,653,696	416,687,648	870,916,984	0	0
em-p-ihep51	20260626080743992000000	16	23,340,440,764,416	23,340,555,628,544	14,751,987,108,809	25,154,938,761,216	25,945,969,811,456	22,034,264,555,520	29,685,706,653,696	222,121,183	1,203,702,599	0	0
em-p-ihep51	20260626080754046000000	11	23,340,858,548,224	23,341,028,847,616	14,747,801,224,227	25,154,938,761,216	25,945,969,811,456	22,034,264,555,520	29,685,706,653,696	222,632,053	1,319,202,158	0	0
em-p-ihep51	20260626080804025000000	13	23,340,906,958,848	23,341,019,090,944	14,746,376,088,908	25,154,938,761,216	25,945,969,811,456	22,034,264,555,520	29,685,706,653,696	272,356,957	742,181,243	0	0
em-p-ihep51	20260626080814005000000	11	23,340,767,051,776	23,341,019,160,576	14,751,164,095,114	25,154,938,761,216	25,945,969,811,456	22,034,264,555,520	29,685,706,653,696	241,952,646	813,771,375	0	0
em-p-ihep51	20260626080824014000000	11	23,345,453,592,576	23,345,873,928,192	14,733,013,545,054	25,154,938,761,216	25,945,969,811,456	22,034,264,555,520	29,685,706,653,696	233,751,108	725,124,407	0	0
em-p-ihep51	20260626080834111000000	13	23,337,408,413,696	23,337,188,184,064	14,746,458,537,346	25,154,938,761,216	25,945,969,811,456	22,034,264,555,520	29,685,706,653,696	297,279,452	2,228,871,479	0	0
em-p-ihep51	20260626080844200000000	11	23,342,261,616,640	23,342,381,514,752	14,738,812,257,614	25,154,938,761,216	25,945,969,811,456	22,034,264,555,520	29,685,706,653,696	196,301,579	959,009,570	0	0
em-p-ihep51	20260626080854313000000	14	23,332,205,326,336	23,332,324,950,016	14,729,004,482,840	25,154,938,761,216	25,945,969,811,456	22,034,264,555,520	29,685,706,653,696	209,231,647	946,732,961	0	0
em-p-ihep51	20260626080904302000000	14	23,332,206,678,016	23,332,329,127,936	14,731,506,370,491	25,154,938,761,216	25,945,969,811,456	22,034,264,555,520	29,685,706,653,696	428,541,801	1,696,938,967	0	0
em-p-ihep51	20260626080914393000000	19	23,332,209,303,552	23,332,530,335,744	14,731,435,299,015	25,154,938,761,216	25,945,969,811,456	22,034,264,555,520	29,685,706,653,696	211,989,609	2,382,163,441	0	0
em-p-ihep51	20260626080924479000000	13	23,332,208,082,944	23,332,329,828,352	14,731,422,502,177	25,154,938,761,216	25,945,969,811,456	22,034,264,555,520	29,685,706,653,696	292,628,401	1,084,043,704	0	0
em-p-ihep51	20260626080934561000000	14	23,332,209,434,624	23,332,511,469,568	14,741,274,817,700	25,154,938,761,216	25,945,969,811,456	22,034,264,555,520	29,685,706,653,696	205,234,008	869,315,958	0	0
em-p-ihep51	20260626080944569000000	15	23,332,207,063,040	23,332,325,945,344	14,737,303,326,387	25,154,938,761,216	25,945,969,811,456	22,034,264,555,520	29,685,706,653,696	310,946,411	1,041,281,780	0	0
em-p-ihep51	20260626080954663000000	16	23,332,207,063,040	23,332,325,974,016	14,740,845,191,265	25,154,938,761,216	25,945,969,811,456	22,034,264,555,520	29,685,706,653,696	346,558,564	1,046,241,317	0	0
em-p-ihep51	20260626081004796000000	26	23,332,226,568,192	23,332,738,764,800	14,752,022,712,655	25,154,938,761,216	25,945,969,811,456	22,034,264,555,520	29,685,706,653,696	434,911,990	1,769,610,488	0	0
em-p-ihep51	20260626081014789000000	27	23,334,157,398,016	23,334,269,784,064	14,773,331,817,283	25,154,938,761,216	25,945,969,811,456	22,034,264,555,520	29,685,706,653,696	455,708,074	1,931,232,514	0	0
em-p-ihep51	20260626081024803000000	25	23,334,157,291,520	23,334,264,836,096	14,749,285,662,955	25,154,938,761,216	25,945,969,811,456	22,034,264,555,520	29,685,706,653,696	357,390,510	2,392,345,221	0	0
em-p-ihep51	20260626081034813000000	22	23,334,157,484,032	23,334,527,721,472	14,749,441,728,551	25,154,938,761,216	25,945,969,811,456	22,034,264,555,520	29,685,706,653,696	250,340,686	2,689,315,419	0	0
em-p-ihep51	20260626081044826000000	18	23,334,157,561,856	23,334,264,893,440	14,742,724,403,296	25,154,938,761,216	25,945,969,811,456	22,034,264,555,520	29,685,706,653,696	483,115,523	3,358,821,702	0	0
em-p-ihep51	20260626081054914000000	20	23,334,155,296,768	23,334,264,918,016	14,741,196,324,380	25,154,938,761,216	25,945,969,811,456	22,034,264,555,520	29,685,706,653,696	268,669,413	1,841,501,108	0	0
em-p-ihep51	20260626081105000000000	19	23,334,151,626,752	23,334,259,453,952	14,744,998,905,093	25,154,938,761,216	25,945,969,811,456	22,034,264,555,520	29,685,706,653,696	381,988,510	1,971,272,384	0	0
em-p-ihep51	20260626081115099000000	20	23,334,150,332,416	23,334,716,538,880	14,741,606,847,225	25,154,938,761,216	25,945,969,811,456	22,034,264,555,520	29,685,706,653,696	305,792,229	1,576,808,323	0	0
em-p-ihep51	20260626081125190000000	15	23,334,837,469,184	23,334,945,710,080	14,741,105,869,951	25,154,938,761,216	25,945,969,811,456	22,034,264,555,520	29,685,706,653,696	399,918,579	1,444,805,001	0	0
em-p-ihep51	20260626081135278000000	17	23,334,839,627,776	23,334,949,597,184	14,747,217,802,864	25,154,938,761,216	25,945,969,811,456	22,034,264,555,520	29,685,706,653,696	213,814,366	1,447,426,446	0	0
em-p-ihep51	20260626081145376000000	20	23,334,838,575,104	23,334,998,454,272	14,744,938,657,818	25,154,938,761,216	25,945,969,811,456	22,034,264,555,520	29,685,706,653,696	221,315,846	1,620,356,320	0	0
em-p-ihep51	20260626081155467000000	15	23,334,839,926,784	23,334,949,613,568	14,740,499,065,249	25,154,938,761,216	25,945,969,811,456	22,034,264,555,520	29,685,706,653,696	177,177,884	1,741,104,068	0	0
em-p-ihep51	20260626081205554000000	16	23,334,843,875,328	23,334,954,156,032	14,738,591,164,474	25,154,938,761,216	25,945,969,811,456	22,034,264,555,520	29,685,706,653,696	309,167,092	1,955,521,244	0	0
em-p-ihep51	20260626081215641000000	12	23,334,834,720,768	23,334,932,226,048	14,749,044,316,964	25,154,938,761,216	25,945,969,811,456	22,034,264,555,520	29,685,706,653,696	307,613,469	1,182,042,530	0	0
em-p-ihep51	20260626081225652000000	12	23,334,835,204,096	23,335,156,318,208	14,744,260,801,855	25,154,938,761,216	25,945,969,811,456	22,034,264,555,520	29,685,706,653,696	413,261,221	1,201,669,277	0	0
em-p-ihep51	20260626081235720000000	8	23,334,835,097,600	23,335,057,178,624	14,739,095,012,574	25,154,938,761,216	25,945,969,811,456	22,034,264,555,520	29,685,706,653,696	215,651,581	933,033,334	0	0
em-p-ihep51	20260626081245728000000	13	23,334,835,097,600	23,335,057,383,424	14,743,302,698,447	25,154,938,761,216	25,945,969,811,456	22,034,264,555,520	29,685,706,653,696	390,226,310	1,064,070,037	0	0
em-p-ihep51	20260626081255743000000	13	23,334,832,721,920	23,335,069,609,984	14,738,863,051,952	25,154,938,761,216	25,945,969,811,456	22,034,264,555,520	29,685,706,653,696	210,098,163	722,150,256	0	0
em-p-ihep51	20260626081305836000000	14	23,334,832,754,688	23,335,062,056,960	14,736,694,871,699	25,154,938,761,216	25,945,969,811,456	22,034,264,555,520	29,685,706,653,696	185,856,684	1,849,422,662	0	0
em-p-ihep51	20260626081315917000000	13	23,335,463,366,656	23,335,672,709,120	14,752,855,792,377	25,154,938,761,216	25,945,969,811,456	22,034,264,555,520	29,685,706,653,696	185,157,741	1,797,656,963	0	0
em-p-ihep51	20260626081326023000000	11	23,335,463,260,160	23,335,672,758,272	14,750,544,256,014	25,154,938,761,216	25,945,969,811,456	22,034,264,555,520	29,685,706,653,696	174,175,070	1,109,716,747	0	0
em-p-ihep51	20260626081336111000000	11	23,335,463,424,000	23,335,686,492,160	14,745,552,275,097	25,154,938,761,216	25,945,969,811,456	22,034,264,555,520	29,685,706,653,696	237,841,648	735,848,706	0	0
em-p-ihep51	20260626081346190000000	13	23,335,462,236,160	23,335,671,607,296	14,754,853,474,564	25,154,938,761,216	25,945,969,811,456	22,034,264,555,520	29,685,706,653,696	220,009,438	853,558,126	0	0
em-p-ihep51	20260626081356197000000	11	23,335,464,398,848	23,335,677,198,336	14,753,561,758,030	25,154,938,761,216	25,945,969,811,456	22,034,264,555,520	29,685,706,653,696	195,162,025	816,553,651	0	0
em-p-ihep51	20260626081406278000000	13	23,335,464,292,352	23,335,677,341,696	14,751,460,039,522	25,154,938,761,216	25,945,969,811,456	22,034,264,555,520	29,685,706,653,696	345,503,185	1,344,189,344	0	0
em-p-ihep51	20260626081416283000000	13	23,335,464,456,192	23,335,677,313,024	14,745,235,558,391	25,154,938,761,216	25,945,969,811,456	22,034,264,555,520	29,685,706,653,696	237,752,488	981,349,865	0	0
em-p-ihep51	20260626081426360000000	12	23,309,089,292,288	23,315,573,354,496	14,683,171,677,947	25,154,938,761,216	25,945,969,811,456	22,034,264,555,520	29,685,706,653,696	335,665,137	759,212,457	0	0
em-p-ihep51	20260626081436368000000	10	23,305,523,445,760	23,305,791,107,072	14,683,804,761,566	25,154,938,761,216	25,945,969,811,456	22,034,264,555,520	29,685,706,653,696	219,562,472	1,120,901,056	0	0
em-p-ihep51	20260626081446468000000	14	23,305,524,797,440	23,305,750,392,832	14,685,781,633,977	25,154,938,761,216	25,945,969,811,456	22,034,264,555,520	29,685,706,653,696	381,947,568	1,295,293,204	0	0
em-p-ihep51	20260626081456555000000	11	23,305,524,690,944	23,305,736,892,416	14,688,512,202,534	25,154,938,761,216	25,945,969,811,456	22,034,264,555,520	29,685,706,653,696	275,265,263	902,819,659	0	0
em-p-ihep51	20260626081506624000000	16	23,305,525,661,696	23,305,730,834,432	14,698,261,229,155	25,154,938,761,216	25,945,969,811,456	22,034,264,555,520	29,685,706,653,696	405,017,241	971,412,954	0	0
em-p-ihep51	20260626081516621000000	17	23,305,525,825,536	23,305,670,148,096	14,694,405,861,807	25,154,938,761,216	25,945,969,811,456	22,034,264,555,520	29,685,706,653,696	397,678,989	871,876,224	0	0
em-p-ihep51	20260626081526730000000	17	23,305,526,095,872	23,305,675,198,464	14,688,462,307,081	25,154,938,761,216	25,945,969,811,456	22,034,264,555,520	29,685,706,653,696	338,408,387	825,359,972	0	0
em-p-ihep51	20260626081536757000000	16	23,305,524,359,168	23,306,053,849,088	14,685,566,676,240	25,154,938,761,216	25,945,969,811,456	22,034,264,555,520	29,685,706,653,696	168,255,008	1,418,309,210	0	0
em-p-ihep51	20260626081546743000000	13	23,305,523,249,152	23,305,641,971,712	14,692,112,582,396	25,154,938,761,216	25,945,969,811,456	22,034,264,555,520	29,685,706,653,696	262,364,553	2,152,164,126	0	0
em-p-ihep51	20260626081556745000000	19	23,305,523,617,792	23,305,658,806,272	14,689,799,370,703	25,154,938,761,216	25,945,969,811,456	22,034,264,555,520	29,685,706,653,696	419,473,302	1,071,680,442	0	0
em-p-ihep51	20260626081606835000000	13	23,305,523,507,200	23,305,642,205,184	14,690,857,107,218	25,154,938,761,216	25,945,969,811,456	22,034,264,555,520	29,685,706,653,696	388,346,562	1,402,246,329	0	0
em-p-ihep51	20260626081616936000000	15	23,305,525,395,456	23,305,642,778,624	14,686,812,349,815	25,154,938,761,216	25,945,969,811,456	22,034,264,555,520	29,685,706,653,696	299,371,316	1,250,721,552	0	0
em-p-ihep51	20260626081627030000000	12	23,305,525,555,200	23,305,640,435,712	14,685,743,124,223	25,154,938,761,216	25,945,969,811,456	22,034,264,555,520	29,685,706,653,696	251,779,202	748,591,985	0	0
em-p-ihep51	20260626081637068000000	17	23,305,530,314,752	23,305,658,761,216	14,690,653,756,010	25,154,938,761,216	25,945,969,811,456	22,034,264,555,520	29,685,706,653,696	212,437,501	692,093,292	0	0
em-p-ihep51	20260626081647078000000	19	23,305,534,144,512	23,305,649,082,368	14,682,882,259,791	25,154,938,761,216	25,945,969,811,456	22,034,264,555,520	29,685,706,653,696	207,082,423	802,863,264	0	0
em-p-ihep51	20260626081657075000000	17	23,305,533,120,512	23,305,664,352,256	14,687,180,494,195	25,154,938,761,216	25,945,969,811,456	22,034,264,555,520	29,685,706,653,696	184,273,667	746,890,007	0	0
em-p-ihep51	20260626081707167000000	16	23,305,386,991,616	23,306,181,234,688	14,679,867,601,470	25,154,938,761,216	25,945,969,811,456	22,034,264,555,520	29,685,706,653,696	305,375,201	932,605,880	0	0
em-p-ihep51	20260626081717251000000	17	23,303,964,237,824	23,304,290,512,896	14,675,980,046,071	25,154,938,761,216	25,945,969,811,456	22,034,264,555,520	29,685,706,653,696	208,707,790	2,046,392,569	0	0
em-p-ihep51	20260626081727256000000	13	23,303,961,939,968	23,304,105,070,592	14,674,086,401,172	25,154,938,761,216	25,945,969,811,456	22,034,264,555,520	29,685,706,653,696	276,484,360	1,454,866,714	0	0
em-p-ihep51	20260626081737262000000	13	23,303,962,103,808	23,304,107,737,088	14,680,290,080,311	25,154,938,761,216	25,945,969,811,456	22,034,264,555,520	29,685,706,653,696	233,324,088	1,276,693,285	0	0
em-p-ihep51	20260626081747280000000	15	23,303,706,800,128	23,304,268,410,880	14,678,553,303,444	25,154,938,761,216	25,945,969,811,456	22,034,264,555,520	29,685,706,653,696	303,573,166	962,947,666	0	0
em-p-ihep51	20260626081757362000000	14	23,303,700,840,448	23,303,820,279,808	14,677,912,960,192	25,154,938,761,216	25,945,969,811,456	22,034,264,555,520	29,685,706,653,696	170,438,379	674,570,050	0	0
em-p-ihep51	20260626081807359000000	14	23,303,700,733,952	23,303,814,606,848	14,684,610,324,360	25,154,938,761,216	25,945,969,811,456	22,034,264,555,520	29,685,706,653,696	190,228,169	748,599,657	0	0
em-p-ihep51	20260626081817479000000	13	23,303,699,673,088	23,304,096,083,968	14,681,584,012,949	25,154,938,761,216	25,945,969,811,456	22,034,264,555,520	29,685,706,653,696	267,956,404	773,393,859	0	0
em-p-ihep51	20260626081827561000000	18	23,303,702,089,728	23,303,834,796,032	14,681,095,089,967	25,154,938,761,216	25,945,969,811,456	22,034,264,555,520	29,685,706,653,696	419,414,319	2,171,270,540	0	0
em-p-ihep51	20260626081837656000000	14	23,303,701,954,560	23,303,803,023,360	14,677,548,124,641	25,154,938,761,216	25,945,969,811,456	22,034,264,555,520	29,685,706,653,696	202,361,994	1,523,396,230	0	0
em-p-ihep51	20260626081847753000000	14	23,303,702,765,568	23,303,804,870,656	14,679,770,419,476	25,154,938,761,216	25,945,969,811,456	22,034,264,555,520	29,685,706,653,696	231,835,449	1,245,794,846	0	0
em-p-ihep51	20260626081857850000000	12	23,303,701,577,728	23,303,826,460,672	14,685,057,265,779	25,154,938,761,216	25,945,969,811,456	22,034,264,555,520	29,685,706,653,696	204,755,665	1,258,672,139	0	0
em-p-ihep51	20260626081907970000000	19	23,303,826,198,528	23,303,931,428,864	14,694,488,141,289	25,154,938,761,216	25,945,969,811,456	22,034,264,555,520	29,685,706,653,696	221,789,643	1,339,549,413	0	0
em-p-ihep51	20260626081918038000000	15	23,303,825,985,536	23,303,928,438,784	14,682,475,602,836	25,154,938,761,216	25,945,969,811,456	22,034,264,555,520	29,685,706,653,696	189,564,253	683,302,397	0	0
em-p-ihep51	20260626081928158000000	18	23,303,825,752,064	23,304,383,307,776	14,687,446,025,845	25,154,938,761,216	25,945,969,811,456	22,034,264,555,520	29,685,706,653,696	178,266,747	623,896,280	0	0
em-p-ihep51	20260626081938249000000	17	23,303,830,507,520	23,303,934,394,368	14,695,009,461,577	25,154,938,761,216	25,945,969,811,456	22,034,264,555,520	29,685,706,653,696	188,934,960	711,626,110	0	0
em-p-ihep51	20260626081948343000000	17	23,304,215,887,872	23,304,315,715,584	14,687,718,272,552	25,154,938,761,216	25,945,969,811,456	22,034,264,555,520	29,685,706,653,696	215,666,450	756,150,408	0	0
em-p-ihep51	20260626081958429000000	18	23,304,217,702,400	23,304,325,443,584	14,684,565,248,202	25,154,938,761,216	25,945,969,811,456	22,034,264,555,520	29,685,706,653,696	184,661,469	688,884,253	0	0
em-p-ihep51	20260626082008548000000	26	23,306,087,608,320	23,306,226,823,168	14,735,108,989,360	25,154,938,761,216	25,945,969,811,456	22,034,264,555,520	29,685,706,653,696	654,841,744	2,134,444,090	0	0
em-p-ihep51	20260626082018553000000	29	23,329,744,142,336	23,328,927,563,776	14,799,904,511,256	25,154,938,761,216	25,945,969,811,456	22,034,264,555,520	29,685,706,653,696	398,613,737	1,566,538,942	0	0
em-p-ihep51	20260626082028551000000	28	23,331,863,232,512	23,332,332,265,472	14,773,545,912,877	25,154,938,761,216	25,945,969,811,456	22,034,264,555,520	29,685,706,653,696	359,924,602	2,164,550,997	0	0
em-p-ihep51	20260626082038627000000	24	23,331,953,209,344	23,332,373,344,256	14,773,576,289,019	25,154,938,761,216	25,945,969,811,456	22,034,264,555,520	29,685,706,653,696	194,510,580	1,348,996,880	0	0
em-p-ihep51	20260626082048722000000	20	23,327,740,268,544	23,327,841,947,648	14,736,949,654,565	25,154,938,761,216	25,945,969,811,456	22,034,264,555,520	29,685,706,653,696	377,802,855	989,718,377	0	0
em-p-ihep51	20260626082058753000000	18	23,327,208,845,312	23,327,311,167,488	14,750,338,058,158	25,154,938,761,216	25,945,969,811,456	22,034,264,555,520	29,685,706,653,696	210,167,761	774,409,513	0	0
em-p-ihep51	20260626082108835000000	23	23,337,066,946,560	23,334,739,316,736	14,788,779,294,986	25,154,938,761,216	25,945,969,811,456	22,034,264,555,520	29,685,706,653,696	509,356,775	1,384,388,348	0	0
em-p-ihep51	20260626082118840000000	22	23,351,381,327,872	23,351,486,992,384	14,800,397,737,295	25,154,938,761,216	25,945,969,811,456	22,034,264,555,520	29,685,706,653,696	654,624,815	1,101,326,817	0	0
em-p-ihep51	20260626082128822000000	21	23,351,576,940,544	23,351,679,414,272	14,789,074,580,374	25,154,938,761,216	25,945,969,811,456	22,034,264,555,520	29,685,706,653,696	246,637,470	1,001,096,457	0	0
em-p-ihep51	20260626082138831000000	20	23,351,576,834,048	23,351,679,721,472	14,775,447,074,395	25,154,938,761,216	25,945,969,811,456	22,034,264,555,520	29,685,706,653,696	277,923,334	1,166,266,262	0	0
em-p-ihep51	20260626082148839000000	19	23,351,263,375,360	23,351,523,155,968	14,758,518,148,751	25,154,938,761,216	25,945,969,811,456	22,034,264,555,520	29,685,706,653,696	433,982,316	1,331,217,650	0	0
em-p-ihep51	20260626082158839000000	15	23,354,174,332,928	23,354,301,964,288	14,755,920,978,923	25,154,938,761,216	25,945,969,811,456	22,034,264,555,520	29,685,706,653,696	343,019,161	745,679,330	0	0
em-p-ihep51	20260626082208865000000	15	23,354,173,145,088	23,354,306,387,968	14,763,843,939,691	25,154,938,761,216	25,945,969,811,456	22,034,264,555,520	29,685,706,653,696	231,693,103	921,908,227	0	0
em-p-ihep51	20260626082218957000000	20	23,354,175,578,112	23,354,305,658,880	14,754,929,125,128	25,154,938,761,216	25,945,969,811,456	22,034,264,555,520	29,685,706,653,696	526,316,387	984,744,929	0	0
em-p-ihep51	20260626082229039000000	15	23,354,175,471,616	23,354,330,132,480	14,762,513,421,920	25,154,938,761,216	25,945,969,811,456	22,034,264,555,520	29,685,706,653,696	265,143,253	884,493,877	0	0
em-p-ihep51	20260626082239145000000	13	23,354,316,476,416	23,354,509,586,432	14,773,341,290,003	25,154,938,761,216	25,945,969,811,456	22,034,264,555,520	29,685,706,653,696	391,021,276	875,550,469	0	0
em-p-ihep51	20260626082249238000000	18	23,355,764,682,752	23,356,056,985,600	14,757,536,524,716	25,154,938,761,216	25,945,969,811,456	22,034,264,555,520	29,685,706,653,696	581,786,189	2,584,037,005	0	0
em-p-ihep51	20260626082259333000000	15	23,358,026,706,944	23,358,715,977,728	14,761,624,759,683	25,154,938,761,216	25,945,969,811,456	22,034,264,555,520	29,685,706,653,696	481,146,745	1,650,267,660	0	0
em-p-ihep51	20260626082309414000000	11	23,358,143,217,664	23,358,343,761,920	14,779,162,912,239	25,154,938,761,216	25,945,969,811,456	22,034,264,555,520	29,685,706,653,696	189,956,822	1,239,206,578	0	0
em-p-ihep51	20260626082319424000000	15	23,358,143,381,504	23,358,340,288,512	14,760,566,380,234	25,154,938,761,216	25,945,969,811,456	22,034,264,555,520	29,685,706,653,696	335,005,146	1,328,237,752	0	0
em-p-ihep51	20260626082329511000000	19	23,358,143,381,504	23,358,326,943,744	14,780,171,223,117	25,154,938,761,216	25,945,969,811,456	22,034,264,555,520	29,685,706,653,696	203,974,807	684,822,882	0	0
em-p-ihep51	20260626082339523000000	14	23,358,255,292,416	23,358,876,332,032	14,775,848,640,827	25,154,938,761,216	25,945,969,811,456	22,034,264,555,520	29,685,706,653,696	273,922,506	881,505,446	0	0
em-p-ihep51	20260626082349606000000	14	23,358,255,185,920	23,358,439,194,624	14,774,776,493,944	25,154,938,761,216	25,945,969,811,456	22,034,264,555,520	29,685,706,653,696	382,157,302	1,047,141,781	0	0
em-p-ihep51	20260626082359690000000	15	23,358,652,203,008	23,358,833,577,984	14,757,358,046,765	25,154,938,761,216	25,945,969,811,456	22,034,264,555,520	29,685,706,653,696	483,568,863	1,005,886,856	0	0
em-p-ihep51	20260626082409776000000	15	23,360,660,979,712	23,361,120,845,824	14,767,899,705,354	25,154,938,761,216	25,945,969,811,456	22,034,264,555,520	29,685,706,653,696	270,052,265	1,180,135,526	0	0
em-p-ihep51	20260626082419865000000	20	23,360,247,070,720	23,360,424,808,448	14,754,153,296,903	25,154,938,761,216	25,945,969,811,456	22,034,264,555,520	29,685,706,653,696	254,213,148	2,207,579,077	0	0
em-p-ihep51	20260626082429956000000	13	23,362,136,948,736	23,362,317,463,552	14,752,190,199,615	25,154,938,761,216	25,945,969,811,456	22,034,264,555,520	29,685,706,653,696	212,195,044	1,184,061,035	0	0
em-p-ihep51	20260626082440040000000	12	23,362,145,222,656	23,362,325,966,848	14,752,161,146,999	25,154,938,761,216	25,945,969,811,456	22,034,264,555,520	29,685,706,653,696	452,012,531	1,214,525,854	0	0
em-p-ihep51	20260626082450133000000	16	23,361,924,812,800	23,362,832,797,696	14,754,693,944,270	25,154,938,761,216	25,945,969,811,456	22,034,264,555,520	29,685,706,653,696	296,466,075	1,446,419,847	0	0
em-p-ihep51	20260626082500220000000	15	23,363,957,841,920	23,364,136,218,624	14,755,412,506,656	25,154,938,761,216	25,945,969,811,456	22,034,264,555,520	29,685,706,653,696	252,535,360	1,953,187,485	0	0
em-p-ihep51	20260626082510318000000	18	23,381,137,039,360	23,381,317,369,856	14,778,478,911,617	25,154,938,761,216	25,945,969,811,456	22,034,264,555,520	29,685,706,653,696	434,194,768	1,103,852,326	0	0
em-p-ihep51	20260626082520383000000	15	23,381,274,660,864	23,381,477,736,448	14,778,476,975,460	25,154,938,761,216	25,945,969,811,456	22,034,264,555,520	29,685,706,653,696	370,479,084	722,103,972	0	0
em-p-ihep51	20260626082530490000000	18	23,381,275,627,520	23,381,444,710,400	14,772,461,010,667	25,154,938,761,216	25,945,969,811,456	22,034,264,555,520	29,685,706,653,696	253,670,246	731,780,184	0	0
em-p-ihep51	20260626082540567000000	16	23,381,274,824,704	23,381,443,608,576	14,745,165,150,379	25,154,938,761,216	25,945,969,811,456	22,034,264,555,520	29,685,706,653,696	232,048,595	950,013,254	0	0
em-p-ihep51	20260626082550604000000	22	23,381,276,876,800	23,381,494,226,944	14,743,627,188,681	25,154,938,761,216	25,945,969,811,456	22,034,264,555,520	29,685,706,653,696	384,229,970	1,559,463,803	0	0
em-p-ihep51	20260626082600611000000	18	23,381,288,124,416	23,381,459,918,848	14,731,785,465,720	25,154,938,761,216	25,945,969,811,456	22,034,264,555,520	29,685,706,653,696	345,597,019	1,213,336,078	0	0
em-p-ihep51	20260626082610628000000	22	23,381,302,071,296	23,381,471,473,664	14,747,482,627,841	25,154,938,761,216	25,945,969,811,456	22,034,264,555,520	29,685,706,653,696	387,115,768	867,361,863	0	0
em-p-ihep51	20260626082620621000000	20	23,380,664,901,632	23,380,504,657,920	14,744,501,994,433	25,154,938,761,216	25,945,969,811,456	22,034,264,555,520	29,685,706,653,696	254,387,468	808,865,804	0	0
em-p-ihep51	20260626082630718000000	19	23,381,347,991,552	23,381,468,905,472	14,738,319,919,533	25,154,938,761,216	25,945,969,811,456	22,034,264,555,520	29,685,706,653,696	305,741,252	882,079,517	0	0
em-p-ihep51	20260626082640728000000	28	23,381,721,845,760	23,382,135,758,848	14,739,170,504,828	25,154,938,761,216	25,945,969,811,456	22,034,264,555,520	29,685,706,653,696	303,221,418	737,305,373	36,864	0
em-p-ihep51	20260626082650731000000	17	23,368,362,483,712	23,368,599,859,200	14,694,114,626,988	25,154,938,761,216	25,945,969,811,456	22,034,264,555,520	29,685,706,653,696	272,454,542	2,034,116,868	0	0
em-p-ihep51	20260626082700831000000	15	23,348,109,619,200	23,348,311,928,832	14,668,050,389,040	25,154,938,761,216	25,945,969,811,456	22,034,264,555,520	29,685,706,653,696	461,833,178	1,268,531,705	0	0
em-p-ihep51	20260626082710930000000	18	23,335,290,417,152	23,335,440,760,832	14,666,417,150,329	25,154,938,761,216	25,945,969,811,456	22,034,264,555,520	29,685,706,653,696	313,089,324	1,249,108,490	110,592	0
em-p-ihep51	20260626082721033000000	15	23,335,291,387,904	23,335,442,370,560	14,667,936,357,112	25,154,938,761,216	25,945,969,811,456	22,034,264,555,520	29,685,706,653,696	186,297,050	946,754,991	0	0
em-p-ihep51	20260626082731040000000	15	23,335,296,253,952	23,335,446,593,536	14,665,871,131,286	25,154,938,761,216	25,945,969,811,456	22,034,264,555,520	29,685,706,653,696	269,469,126	558,782,313	0	0
em-p-ihep51	20260626082741044000000	19	23,335,292,854,272	23,335,464,939,520	14,669,932,851,014	25,154,938,761,216	25,945,969,811,456	22,034,264,555,520	29,685,706,653,696	227,837,672	575,063,544	0	0
em-p-ihep51	20260626082751038000000	18	23,335,289,434,112	23,335,442,628,608	14,666,138,495,281	25,154,938,761,216	25,945,969,811,456	22,034,264,555,520	29,685,706,653,696	240,856,385	592,265,656	0	0
em-p-ihep51	20260626082801068000000	17	23,335,289,327,616	23,335,442,231,296	14,667,188,144,597	25,154,938,761,216	25,945,969,811,456	22,034,264,555,520	29,685,706,653,696	226,284,206	523,902,423	0	0
em-p-ihep51	20260626082811156000000	15	23,335,420,596,224	23,335,577,608,192	14,671,095,695,820	25,154,938,761,216	25,945,969,811,456	22,034,264,555,520	29,685,706,653,696	316,668,799	823,402,477	0	0
em-p-ihep51	20260626082821255000000	20	23,335,420,874,752	23,335,574,773,760	14,664,827,782,957	25,154,938,761,216	25,945,969,811,456	22,034,264,555,520	29,685,706,653,696	401,572,643	1,590,527,714	0	0
em-p-ihep51	20260626082831363000000	13	23,335,416,066,048	23,335,567,769,600	14,665,693,320,798	25,154,938,761,216	25,945,969,811,456	22,034,264,555,520	29,685,706,653,696	368,198,987	1,175,664,837	0	0
em-p-ihep51	20260626082841367000000	17	23,335,417,147,392	23,335,553,363,968	14,666,528,455,863	25,154,938,761,216	25,945,969,811,456	22,034,264,555,520	29,685,706,653,696	233,494,469	1,030,074,200	0	0
em-p-ihep51	20260626082851464000000	16	23,335,420,551,168	23,335,629,205,504	14,659,226,217,542	25,154,938,761,216	25,945,969,811,456	22,034,264,555,520	29,685,706,653,696	306,862,982	950,909,900	0	0
em-p-ihep51	20260626082901556000000	17	23,335,420,813,312	23,335,557,828,608	14,667,242,876,863	25,154,938,761,216	25,945,969,811,456	22,034,264,555,520	29,685,706,653,696	189,226,195	603,663,702	0	0
em-p-ihep51	20260626082911660000000	26	23,335,425,736,704	23,335,562,240,000	14,664,769,199,426	25,154,938,761,216	25,945,969,811,456	22,034,264,555,520	29,685,706,653,696	356,693,840	1,306,440,743	0	0
em-p-ihep51	20260626082921759000000	18	23,335,447,203,840	23,335,571,644,416	14,668,142,188,991	25,154,938,761,216	25,945,969,811,456	22,034,264,555,520	29,685,706,653,696	289,482,890	1,381,544,729	0	0
em-p-ihep51	20260626082931778000000	20	23,335,502,315,520	23,335,622,103,040	14,671,819,277,274	25,154,938,761,216	25,945,969,811,456	22,034,264,555,520	29,685,706,653,696	297,792,087	772,734,016	0	0
em-p-ihep51	20260626082941818000000	18	23,335,706,861,568	23,335,826,833,408	14,669,452,829,738	25,154,938,761,216	25,945,969,811,456	22,034,264,555,520	29,685,706,653,696	457,224,336	1,946,704,947	0	0
em-p-ihep51	20260626082951793000000	22	23,335,705,567,232	23,335,870,595,072	14,677,597,673,069	25,154,938,761,216	25,945,969,811,456	22,034,264,555,520	29,685,706,653,696	343,795,032	982,916,871	0	0
em-p-ihep51	20260626083001908000000	20	23,335,706,775,552	23,335,922,786,304	14,672,419,978,091	25,154,938,761,216	25,945,969,811,456	22,034,264,555,520	29,685,706,653,696	451,770,606	2,260,262,474	0	0
em-p-ihep51	20260626083011912000000	31	23,336,350,326,784	23,336,444,440,576	14,703,872,188,863	25,154,938,761,216	25,945,969,811,456	22,034,264,555,520	29,685,706,653,696	1,079,960,738	2,806,140,660	0	0
em-p-ihep51	20260626083021934000000	23	23,336,760,934,400	23,336,853,958,656	14,666,013,200,747	25,154,938,761,216	25,945,969,811,456	22,034,264,555,520	29,685,706,653,696	752,901,475	1,363,828,521	0	0
em-p-ihep51	20260626083032035000000	21	23,336,760,877,056	23,336,875,102,208	14,670,580,916,829	25,154,938,761,216	25,945,969,811,456	22,034,264,555,520	29,685,706,653,696	481,938,955	1,010,653,189	0	0
em-p-ihep51	20260626083042008000000	21	23,336,761,851,904	23,336,862,085,120	14,670,627,746,564	25,154,938,761,216	25,945,969,811,456	22,034,264,555,520	29,685,706,653,696	651,473,848	1,665,650,433	0	0
em-p-ihep51	20260626083052008000000	17	23,336,761,753,600	23,336,857,948,160	14,664,650,173,535	25,154,938,761,216	25,945,969,811,456	22,034,264,555,520	29,685,706,653,696	341,191,915	1,038,336,555	0	0
em-p-ihep51	20260626083102011000000	17	23,336,756,092,928	23,336,855,212,032	14,658,702,406,694	25,154,938,761,216	25,945,969,811,456	22,034,264,555,520	29,685,706,653,696	316,965,708	885,435,930	0	0
em-p-ihep51	20260626083112113000000	20	23,336,761,733,120	23,336,858,705,920	14,674,170,983,615	25,154,938,761,216	25,945,969,811,456	22,034,264,555,520	29,685,706,653,696	369,358,441	2,156,803,664	0	0
em-p-ihep51	20260626083122111000000	18	23,336,761,593,856	23,336,861,380,608	14,665,387,359,688	25,154,938,761,216	25,945,969,811,456	22,034,264,555,520	29,685,706,653,696	274,009,648	1,807,282,495	0	0
em-p-ihep51	20260626083132199000000	18	23,336,763,920,384	23,336,860,282,880	14,663,111,624,464	25,154,938,761,216	25,945,969,811,456	22,034,264,555,520	29,685,706,653,696	368,395,476	1,239,135,900	0	0
em-p-ihep51	20260626083142214000000	16	23,336,762,892,288	23,336,871,075,840	14,669,108,996,992	25,154,938,761,216	25,945,969,811,456	22,034,264,555,520	29,685,706,653,696	403,316,966	1,240,920,791	0	0
em-p-ihep51	20260626083152229000000	19	23,336,765,591,552	23,336,862,507,008	14,668,518,946,298	25,154,938,761,216	25,945,969,811,456	22,034,264,555,520	29,685,706,653,696	462,874,850	1,118,230,142	0	0
em-p-ihep51	20260626083202321000000	11	23,336,767,918,080	23,336,833,695,744	14,670,811,438,915	25,154,938,761,216	25,945,969,811,456	22,034,264,555,520	29,685,706,653,696	318,607,491	683,083,217	0	0
em-p-ihep51	20260626083212412000000	20	23,336,768,004,096	23,336,835,719,168	14,678,854,505,320	25,154,938,761,216	25,945,969,811,456	22,034,264,555,520	29,685,706,653,696	463,903,758	1,409,627,694	0	0
em-p-ihep51	20260626083222432000000	17	23,336,774,053,888	23,336,843,960,320	14,662,608,788,001	25,154,938,761,216	25,945,969,811,456	22,034,264,555,520	29,685,706,653,696	300,322,988	1,466,967,781	0	0
em-p-ihep51	20260626083232520000000	12	23,336,771,678,208	23,336,836,206,592	14,660,179,282,455	25,154,938,761,216	25,945,969,811,456	22,034,264,555,520	29,685,706,653,696	394,203,684	959,090,336	0	0
em-p-ihep51	20260626083242613000000	16	23,336,772,759,552	23,336,922,517,504	14,658,155,636,340	25,154,938,761,216	25,945,969,811,456	22,034,264,555,520	29,685,706,653,696	277,068,062	843,636,918	0	0
em-p-ihep51	20260626083252714000000	18	23,336,773,623,808	23,337,160,118,272	14,669,808,867,138	25,154,938,761,216	25,945,969,811,456	22,034,264,555,520	29,685,706,653,696	203,431,867	1,413,032,047	0	0
em-p-ihep51	20260626083302761000000	21	23,336,775,139,328	23,336,925,102,080	14,669,694,425,828	25,154,938,761,216	25,945,969,811,456	22,034,264,555,520	29,685,706,653,696	308,994,718	1,409,227,281	0	0
em-p-ihep51	20260626083312736000000	18	23,336,774,004,736	23,336,924,246,016	14,675,788,063,810	25,154,938,761,216	25,945,969,811,456	22,034,264,555,520	29,685,706,653,696	391,112,035	1,279,715,652	0	0
em-p-ihep51	20260626083322833000000	15	23,336,773,627,904	23,336,925,372,416	14,670,004,024,238	25,154,938,761,216	25,945,969,811,456	22,034,264,555,520	29,685,706,653,696	230,301,749	615,112,921	0	0
em-p-ihep51	20260626083332930000000	17	23,336,774,709,248	23,336,862,277,632	14,667,416,828,756	25,154,938,761,216	25,945,969,811,456	22,034,264,555,520	29,685,706,653,696	183,681,566	479,594,288	0	0
em-p-ihep51	20260626083342932000000	14	23,336,775,114,752	23,336,862,437,376	14,663,295,843,587	25,154,938,761,216	25,945,969,811,456	22,034,264,555,520	29,685,706,653,696	236,142,002	657,936,076	0	0
em-p-ihep51	20260626083352953000000	12	23,336,775,114,752	23,336,862,568,448	14,662,695,055,745	25,154,938,761,216	25,945,969,811,456	22,034,264,555,520	29,685,706,653,696	388,442,867	835,264,603	0	0
em-p-ihep51	20260626083402973000000	15	23,336,774,905,856	23,336,881,205,248	14,658,730,934,513	25,154,938,761,216	25,945,969,811,456	22,034,264,555,520	29,685,706,653,696	285,465,274	612,570,905	0	0
em-p-ihep51	20260626083413073000000	14	23,332,566,437,888	23,332,656,967,680	14,663,960,867,833	25,154,938,761,216	25,945,969,811,456	22,034,264,555,520	29,685,706,653,696	220,155,442	1,117,307,577	0	0
em-p-ihep51	20260626083423072000000	19	23,332,566,712,320	23,332,710,871,040	14,652,740,921,509	25,154,938,761,216	25,945,969,811,456	22,034,264,555,520	29,685,706,653,696	320,834,603	2,166,716,710	0	0
em-p-ihep51	20260626083433090000000	14	23,332,566,605,824	23,332,655,206,400	14,666,137,456,652	25,154,938,761,216	25,945,969,811,456	22,034,264,555,520	29,685,706,653,696	261,656,968	637,168,034	0	0
em-p-ihep51	20260626083443093000000	17	23,332,564,766,720	23,332,663,119,872	14,664,024,070,883	25,154,938,761,216	25,945,969,811,456	22,034,264,555,520	29,685,706,653,696	175,382,291	592,734,305	0	0
em-p-ihep51	20260626083453099000000	16	23,332,566,282,240	23,332,650,471,424	14,665,083,117,075	25,154,938,761,216	25,945,969,811,456	22,034,264,555,520	29,685,706,653,696	295,446,914	849,496,831	0	0
em-p-ihep51	20260626083503199000000	13	23,332,566,175,744	23,332,657,463,296	14,670,638,923,264	25,154,938,761,216	25,945,969,811,456	22,034,264,555,520	29,685,706,653,696	199,850,986	592,375,454	0	0
em-p-ihep51	20260626083513231000000	16	23,332,567,146,496	23,333,099,327,488	14,663,114,913,108	25,154,938,761,216	25,945,969,811,456	22,034,264,555,520	29,685,706,653,696	510,958,970	1,096,523,277	0	0
em-p-ihep51	20260626083523241000000	16	23,332,565,229,568	23,332,650,954,752	14,656,542,866,058	25,154,938,761,216	25,945,969,811,456	22,034,264,555,520	29,685,706,653,696	558,892,054	2,326,487,683	0	0
em-p-ihep51	20260626083533246000000	17	23,332,563,902,464	23,332,647,297,024	14,666,420,192,848	25,154,938,761,216	25,945,969,811,456	22,034,264,555,520	29,685,706,653,696	336,920,759	1,843,537,906	0	0
em-p-ihep51	20260626083543252000000	21	23,332,563,795,968	23,332,667,346,944	14,657,018,353,883	25,154,938,761,216	25,945,969,811,456	22,034,264,555,520	29,685,706,653,696	349,181,063	1,247,217,147	0	0
em-p-ihep51	20260626083553248000000	12	23,332,563,959,808	23,332,664,098,816	14,664,519,502,481	25,154,938,761,216	25,945,969,811,456	22,034,264,555,520	29,685,706,653,696	460,987,587	1,040,131,811	0	0
em-p-ihep51	20260626083603340000000	17	23,332,563,853,312	23,332,664,590,336	14,659,014,953,211	25,154,938,761,216	25,945,969,811,456	22,034,264,555,520	29,685,706,653,696	298,517,671	657,843,697	0	0
em-p-ihep51	20260626083613343000000	16	23,332,563,365,888	23,332,661,608,448	14,663,207,635,281	25,154,938,761,216	25,945,969,811,456	22,034,264,555,520	29,685,706,653,696	510,415,971	1,157,465,331	0	0
em-p-ihep51	20260626083623442000000	17	23,332,560,879,616	23,332,656,971,776	14,661,597,279,300	25,154,938,761,216	25,945,969,811,456	22,034,264,555,520	29,685,706,653,696	395,157,456	1,064,197,121	0	0
em-p-ihep51	20260626083633534000000	15	23,332,561,047,552	23,332,627,189,760	14,657,086,494,286	25,154,938,761,216	25,945,969,811,456	22,034,264,555,520	29,685,706,653,696	577,904,194	2,395,509,219	0	0
em-p-ihep51	20260626083643631000000	14	23,332,560,941,056	23,332,623,790,080	14,666,563,142,571	25,154,938,761,216	25,945,969,811,456	22,034,264,555,520	29,685,706,653,696	188,120,504	730,195,715	0	0
em-p-ihep51	20260626083653729000000	16	23,331,218,927,616	23,331,285,340,160	14,661,464,481,077	25,154,938,761,216	25,945,969,811,456	22,034,264,555,520	29,685,706,653,696	198,153,539	854,844,578	0	0
em-p-ihep51	20260626083703816000000	13	23,331,218,821,120	23,331,298,308,096	14,667,711,084,989	25,154,938,761,216	25,945,969,811,456	22,034,264,555,520	29,685,706,653,696	525,917,094	1,473,774,563	0	0
em-p-ihep51	20260626083713908000000	20	23,331,254,902,784	23,331,328,933,888	14,674,994,368,061	25,154,938,761,216	25,945,969,811,456	22,034,264,555,520	29,685,706,653,696	259,295,711	1,048,530,267	0	0
em-p-ihep51	20260626083724008000000	14	23,331,255,066,624	23,331,329,138,688	14,661,176,945,627	25,154,938,761,216	25,945,969,811,456	22,034,264,555,520	29,685,706,653,696	410,603,641	1,050,573,472	0	0
em-p-ihep51	20260626083734105000000	13	23,331,352,190,976	23,331,610,198,016	14,670,920,669,500	25,154,938,761,216	25,945,969,811,456	22,034,264,555,520	29,685,706,653,696	727,721,259	697,736,536	0	0
em-p-ihep51	20260626083744195000000	15	23,331,352,190,976	23,331,425,112,064	14,664,912,058,116	25,154,938,761,216	25,945,969,811,456	22,034,264,555,520	29,685,706,653,696	255,240,358	642,752,834	0	0
em-p-ihep51	20260626083754297000000	17	23,331,351,007,232	23,331,425,136,640	14,668,885,619,583	25,154,938,761,216	25,945,969,811,456	22,034,264,555,520	29,685,706,653,696	224,573,821	818,795,821	0	0
em-p-ihep51	20260626083804297000000	19	23,331,350,200,320	23,331,431,940,096	14,669,273,905,713	25,154,938,761,216	25,945,969,811,456	22,034,264,555,520	29,685,706,653,696	167,636,542	1,570,627,293	0	0
em-p-ihep51	20260626083814400000000	19	23,331,352,252,416	23,331,457,359,872	14,670,301,786,456	25,154,938,761,216	25,945,969,811,456	22,034,264,555,520	29,685,706,653,696	250,734,040	1,213,658,691	0	0
em-p-ihep51	20260626083824488000000	19	23,331,354,849,280	23,331,428,118,528	14,679,121,292,930	25,154,938,761,216	25,945,969,811,456	22,034,264,555,520	29,685,706,653,696	231,215,371	1,711,890,245	0	0
em-p-ihep51	20260626083834573000000	20	23,331,358,466,048	23,331,431,723,008	14,652,607,233,644	25,154,938,761,216	25,945,969,811,456	22,034,264,555,520	29,685,706,653,696	316,426,906	1,148,054,494	0	0
em-p-ihep51	20260626083844594000000	18	23,331,359,436,800	23,331,932,057,600	14,668,471,476,791	25,154,938,761,216	25,945,969,811,456	22,034,264,555,520	29,685,706,653,696	202,155,947	745,150,945	0	0
em-p-ihep51	20260626083854694000000	18	23,331,359,436,800	23,331,438,809,088	14,668,360,847,919	25,154,938,761,216	25,945,969,811,456	22,034,264,555,520	29,685,706,653,696	269,149,070	594,109,332	0	0
em-p-ihep51	20260626083904716000000	19	23,331,359,707,136	23,331,435,606,016	14,652,978,163,590	25,154,938,761,216	25,945,969,811,456	22,034,264,555,520	29,685,706,653,696	177,247,340	1,286,404,022	0	0
em-p-ihep51	20260626083914708000000	15	23,331,361,984,512	23,331,601,453,056	14,659,642,653,804	25,154,938,761,216	25,945,969,811,456	22,034,264,555,520	29,685,706,653,696	299,481,648	1,664,016,873	0	0
em-p-ihep51	20260626083924727000000	17	23,331,361,845,248	23,331,866,451,968	14,657,518,612,847	25,154,938,761,216	25,945,969,811,456	22,034,264,555,520	29,685,706,653,696	345,954,238	791,669,526	0	0
em-p-ihep51	20260626083934818000000	16	23,331,358,748,672	23,331,437,973,504	14,655,919,917,934	25,154,938,761,216	25,945,969,811,456	22,034,264,555,520	29,685,706,653,696	349,499,226	1,086,359,998	0	0
em-p-ihep51	20260626083944826000000	19	23,331,358,642,176	23,331,438,276,608	14,653,813,434,936	25,154,938,761,216	25,945,969,811,456	22,034,264,555,520	29,685,706,653,696	269,619,076	1,707,752,667	0	0
em-p-ihep51	20260626083954857000000	12	23,331,358,535,680	23,331,540,537,344	14,650,633,819,695	25,154,938,761,216	25,945,969,811,456	22,034,264,555,520	29,685,706,653,696	296,011,718	1,770,566,616	0	0
em-p-ihep51	20260626084004856000000	24	23,330,620,993,536	23,330,698,432,512	14,670,168,988,193	25,154,938,761,216	25,945,969,811,456	22,034,264,555,520	29,685,706,653,696	487,439,059	1,479,481,428	0	0
em-p-ihep51	20260626084014871000000	34	23,330,618,433,536	23,331,015,663,616	14,716,048,076,175	25,154,938,761,216	25,945,969,811,456	22,034,264,555,520	29,685,706,653,696	470,198,401	1,781,907,404	0	0
em-p-ihep51	20260626084024876000000	25	23,330,618,814,464	23,331,118,661,632	14,664,828,891,112	25,154,938,761,216	25,945,969,811,456	22,034,264,555,520	29,685,706,653,696	551,935,036	1,892,896,487	0	0
em-p-ihep51	20260626084034908000000	23	23,330,615,783,424	23,330,757,808,128	14,679,862,319,027	25,154,938,761,216	25,945,969,811,456	22,034,264,555,520	29,685,706,653,696	221,836,261	705,242,876	0	0
em-p-ihep51	20260626084044911000000	26	23,330,612,113,408	23,330,706,030,592	14,677,676,095,469	25,154,938,761,216	25,945,969,811,456	22,034,264,555,520	29,685,706,653,696	216,036,275	777,687,889	0	0
em-p-ihep51	20260626084054915000000	24	23,330,600,255,488	23,330,695,458,816	14,662,724,819,335	25,154,938,761,216	25,945,969,811,456	22,034,264,555,520	29,685,706,653,696	596,245,051	1,323,390,485	0	0
em-p-ihep51	20260626084104921000000	26	23,330,598,916,096	23,331,178,917,888	14,663,575,672,981	25,154,938,761,216	25,945,969,811,456	22,034,264,555,520	29,685,706,653,696	499,760,190	1,221,469,455	0	0
em-p-ihep51	20260626084114920000000	24	23,330,598,002,688	23,330,694,586,368	14,662,660,341,356	25,154,938,761,216	25,945,969,811,456	22,034,264,555,520	29,685,706,653,696	267,141,695	1,082,809,261	0	0
em-p-ihep51	20260626084124937000000	20	23,330,596,814,848	23,330,693,279,744	14,665,287,398,442	25,154,938,761,216	25,945,969,811,456	22,034,264,555,520	29,685,706,653,696	312,078,992	1,577,960,698	0	0
em-p-ihep51	20260626084134969000000	21	23,330,596,704,256	23,330,694,189,056	14,662,093,116,657	25,154,938,761,216	25,945,969,811,456	22,034,264,555,520	29,685,706,653,696	363,151,067	691,483,895	28,672	0
em-p-ihep51	20260626084144970000000	18	23,330,596,708,352	23,330,694,221,824	14,661,047,168,648	25,154,938,761,216	25,945,969,811,456	22,034,264,555,520	29,685,706,653,696	205,538,301	584,631,624	61,440	0
em-p-ihep51	20260626084154971000000	14	23,330,597,949,440	23,330,691,977,216	14,656,387,097,299	25,154,938,761,216	25,945,969,811,456	22,034,264,555,520	29,685,706,653,696	218,039,909	560,475,559	0	0
em-p-ihep51	20260626084204974000000	17	23,330,604,326,912	23,330,686,660,608	14,656,833,223,940	25,154,938,761,216	25,945,969,811,456	22,034,264,555,520	29,685,706,653,696	278,067,226	677,021,338	0	0
em-p-ihep51	20260626084214970000000	23	23,330,614,337,536	23,331,177,492,480	14,660,116,545,156	25,154,938,761,216	25,945,969,811,456	22,034,264,555,520	29,685,706,653,696	321,254,908	789,609,267	0	0
em-p-ihep51	20260626084225070000000	17	23,330,611,134,464	23,330,699,751,424	14,662,111,688,791	25,154,938,761,216	25,945,969,811,456	22,034,264,555,520	29,685,706,653,696	227,490,531	509,876,252	0	0
em-p-ihep51	20260626084235155000000	18	23,330,614,812,672	23,330,706,960,384	14,656,709,371,796	25,154,938,761,216	25,945,969,811,456	22,034,264,555,520	29,685,706,653,696	270,023,981	929,140,756	4,096	0
em-p-ihep51	20260626084245167000000	17	23,330,614,706,176	23,330,718,064,640	14,659,302,277,216	25,154,938,761,216	25,945,969,811,456	22,034,264,555,520	29,685,706,653,696	433,080,217	1,497,237,753	0	0
em-p-ihep51	20260626084255264000000	16	23,330,614,706,176	23,330,784,194,560	14,660,803,870,975	25,154,938,761,216	25,945,969,811,456	22,034,264,555,520	29,685,706,653,696	338,260,645	989,115,142	0	0
em-p-ihep51	20260626084305357000000	13	23,330,614,706,176	23,330,785,472,512	14,663,589,045,029	25,154,938,761,216	25,945,969,811,456	22,034,264,555,520	29,685,706,653,696	375,885,204	809,567,333	0	0
em-p-ihep51	20260626084315452000000	14	23,330,613,411,840	23,330,767,192,064	14,656,493,475,110	25,154,938,761,216	25,945,969,811,456	22,034,264,555,520	29,685,706,653,696	205,338,847	587,063,763	0	0
em-p-ihep51	20260626084325540000000	14	23,330,612,256,768	23,331,133,927,424	14,660,103,570,740	25,154,938,761,216	25,945,969,811,456	22,034,264,555,520	29,685,706,653,696	269,373,451	1,701,392,690	0	0
em-p-ihep51	20260626084335633000000	13	23,330,608,766,976	23,330,762,035,200	14,660,182,334,469	25,154,938,761,216	25,945,969,811,456	22,034,264,555,520	29,685,706,653,696	185,052,033	1,205,667,809	0	0
em-p-ihep51	20260626084345745000000	21	23,330,607,579,136	23,330,759,888,896	14,666,243,276,533	25,154,938,761,216	25,945,969,811,456	22,034,264,555,520	29,685,706,653,696	314,011,108	892,116,806	0	0
em-p-ihep51	20260626084355724000000	14	23,330,610,008,064	23,330,765,283,328	14,661,823,909,303	25,154,938,761,216	25,945,969,811,456	22,034,264,555,520	29,685,706,653,696	407,743,529	867,397,100	0	0
em-p-ihep51	20260626084405732000000	12	23,330,608,820,224	23,330,761,920,512	14,661,121,440,016	25,154,938,761,216	25,945,969,811,456	22,034,264,555,520	29,685,706,653,696	358,628,426	1,638,221,422	0	0
em-p-ihep51	20260626084415843000000	15	23,330,609,901,568	23,330,763,038,720	14,656,313,507,206	25,154,938,761,216	25,945,969,811,456	22,034,264,555,520	29,685,706,653,696	284,429,976	1,226,223,341	0	0
em-p-ihep51	20260626084425906000000	19	23,330,610,065,408	23,330,759,647,232	14,660,798,795,869	25,154,938,761,216	25,945,969,811,456	22,034,264,555,520	29,685,706,653,696	344,061,631	676,145,970	0	0
em-p-ihep51	20260626084435993000000	15	23,330,609,958,912	23,330,775,347,200	14,659,798,485,664	25,154,938,761,216	25,945,969,811,456	22,034,264,555,520	29,685,706,653,696	425,664,974	958,456,607	0	0
em-p-ihep51	20260626084446079000000	13	23,330,609,852,416	23,330,759,413,760	14,662,121,608,196	25,154,938,761,216	25,945,969,811,456	22,034,264,555,520	29,685,706,653,696	519,236,799	1,046,171,056	0	0
em-p-ihep51	20260626084456097000000	16	23,330,609,852,416	23,330,759,340,032	14,657,826,755,417	25,154,938,761,216	25,945,969,811,456	22,034,264,555,520	29,685,706,653,696	522,214,903	1,033,610,219	0	0
em-p-ihep51	20260626084506117000000	19	23,330,610,388,992	23,330,760,372,224	14,667,167,585,371	25,154,938,761,216	25,945,969,811,456	22,034,264,555,520	29,685,706,653,696	686,226,876	1,161,815,599	0	0
em-p-ihep51	20260626084516125000000	25	23,330,609,475,584	23,330,675,744,768	14,666,926,550,672	25,154,938,761,216	25,945,969,811,456	22,034,264,555,520	29,685,706,653,696	382,209,912	1,067,104,679	0	0
em-p-ihep51	20260626084526217000000	21	23,330,609,369,088	23,330,716,684,288	14,658,973,167,583	25,154,938,761,216	25,945,969,811,456	22,034,264,555,520	29,685,706,653,696	499,085,843	1,314,129,271	0	0
em-p-ihep51	20260626084536315000000	19	23,330,606,018,560	23,330,740,903,936	14,664,818,613,839	25,154,938,761,216	25,945,969,811,456	22,034,264,555,520	29,685,706,653,696	287,350,648	1,223,908,178	0	0
em-p-ihep51	20260626084546404000000	18	23,330,607,099,904	23,330,763,227,136	14,660,266,925,329	25,154,938,761,216	25,945,969,811,456	22,034,264,555,520	29,685,706,653,696	329,529,270	929,682,107	0	0
em-p-ihep51	20260626084556500000000	16	23,330,607,099,904	23,330,713,542,656	14,662,020,201,644	25,154,938,761,216	25,945,969,811,456	22,034,264,555,520	29,685,706,653,696	352,311,096	826,591,684	0	0
em-p-ihep51	20260626084606613000000	20	23,330,606,993,408	23,330,713,456,640	14,673,172,795,966	25,154,938,761,216	25,945,969,811,456	22,034,264,555,520	29,685,706,653,696	308,861,756	937,125,071	0	0
em-p-ihep51	20260626084616670000000	19	23,330,607,157,248	23,330,721,095,680	14,662,540,656,059	25,154,938,761,216	25,945,969,811,456	22,034,264,555,520	29,685,706,653,696	360,899,858	999,203,437	0	0
em-p-ihep51	20260626084626700000000	16	23,330,605,973,504	23,330,713,997,312	14,660,412,351,710	25,154,938,761,216	25,945,969,811,456	22,034,264,555,520	29,685,706,653,696	587,390,041	1,009,550,057	0	0
em-p-ihep51	20260626084636698000000	18	23,330,603,597,824	23,330,740,826,112	14,663,144,267,327	25,154,938,761,216	25,945,969,811,456	22,034,264,555,520	29,685,706,653,696	206,099,232	732,679,070	0	0
em-p-ihep51	20260626084646775000000	21	23,330,604,675,072	23,330,712,481,792	14,653,952,137,067	25,154,938,761,216	25,945,969,811,456	22,034,264,555,520	29,685,706,653,696	329,040,623	941,221,603	0	0
em-p-ihep51	20260626084656913000000	18	23,330,604,838,912	23,331,150,888,960	14,664,330,247,637	25,154,938,761,216	25,945,969,811,456	22,034,264,555,520	29,685,706,653,696	287,749,313	1,277,189,322	0	0
em-p-ihep51	20260626084706973000000	18	23,330,606,018,560	23,330,731,311,104	14,663,627,989,283	25,154,938,761,216	25,945,969,811,456	22,034,264,555,520	29,685,706,653,696	386,274,415	1,513,270,151	0	0
em-p-ihep51	20260626084716989000000	19	23,330,613,174,272	23,330,897,358,848	14,664,237,208,309	25,154,938,761,216	25,945,969,811,456	22,034,264,555,520	29,685,706,653,696	243,364,994	2,240,329,126	0	0
em-p-ihep51	20260626084727064000000	14	23,330,614,657,024	23,330,749,030,400	14,658,272,140,491	25,154,938,761,216	25,945,969,811,456	22,034,264,555,520	29,685,706,653,696	294,904,079	771,022,957	0	0
em-p-ihep51	20260626084737172000000	11	23,330,613,469,184	23,330,722,574,336	14,655,998,156,297	25,154,938,761,216	25,945,969,811,456	22,034,264,555,520	29,685,706,653,696	204,999,354	574,334,146	0	0
em-p-ihep51	20260626084747262000000	16	23,330,611,712,000	23,330,720,129,024	14,658,428,051,335	25,154,938,761,216	25,945,969,811,456	22,034,264,555,520	29,685,706,653,696	357,417,533	860,665,768	0	0
em-p-ihep51	20260626084757377000000	16	23,330,610,524,160	23,330,733,154,304	14,664,378,202,167	25,154,938,761,216	25,945,969,811,456	22,034,264,555,520	29,685,706,653,696	179,427,829	563,912,670	0	0
em-p-ihep51	20260626084807437000000	16	23,330,612,953,088	23,331,118,874,624	14,661,103,085,060	25,154,938,761,216	25,945,969,811,456	22,034,264,555,520	29,685,706,653,696	248,660,902	899,780,808	0	0
em-p-ihep51	20260626084817527000000	17	23,330,604,789,760	23,330,701,443,072	14,655,591,420,525	25,154,938,761,216	25,945,969,811,456	22,034,264,555,520	29,685,706,653,696	312,348,704	1,302,929,841	0	0
em-p-ihep51	20260626084827600000000	22	23,330,608,062,464	23,330,843,947,008	14,660,740,776,542	25,154,938,761,216	25,945,969,811,456	22,034,264,555,520	29,685,706,653,696	249,027,228	2,535,154,300	0	0
em-p-ihep51	20260626084837723000000	19	23,330,607,923,200	23,331,160,395,776	14,662,625,390,686	25,154,938,761,216	25,945,969,811,456	22,034,264,555,520	29,685,706,653,696	210,226,309	943,843,652	0	0
em-p-ihep51	20260626084847814000000	20	23,330,607,116,288	23,330,729,398,272	14,655,938,945,218	25,154,938,761,216	25,945,969,811,456	22,034,264,555,520	29,685,706,653,696	266,965,738	940,154,475	0	0
em-p-ihep51	20260626084857808000000	14	23,330,607,009,792	23,330,689,687,552	14,659,371,030,823	25,154,938,761,216	25,945,969,811,456	22,034,264,555,520	29,685,706,653,696	416,271,085	870,245,458	0	0
em-p-ihep51	20260626084907847000000	22	23,330,609,770,496	23,330,695,970,816	14,667,493,044,111	25,154,938,761,216	25,945,969,811,456	22,034,264,555,520	29,685,706,653,696	286,450,315	1,469,543,202	0	0
em-p-ihep51	20260626084917835000000	22	23,330,612,207,616	23,330,695,819,264	14,660,460,784,054	25,154,938,761,216	25,945,969,811,456	22,034,264,555,520	29,685,706,653,696	461,101,338	1,025,143,957	0	0
em-p-ihep51	20260626084927843000000	14	23,330,612,101,120	23,330,691,444,736	14,657,517,475,565	25,154,938,761,216	25,945,969,811,456	22,034,264,555,520	29,685,706,653,696	385,673,833	866,712,961	0	0
em-p-ihep51	20260626084937844000000	15	23,330,612,264,960	23,330,689,732,608	14,658,417,324,293	25,154,938,761,216	25,945,969,811,456	22,034,264,555,520	29,685,706,653,696	403,039,335	1,310,966,623	0	0
em-p-ihep51	20260626084947856000000	15	23,330,612,264,960	23,331,180,466,176	14,658,407,091,798	25,154,938,761,216	25,945,969,811,456	22,034,264,555,520	29,685,706,653,696	292,427,892	1,218,646,873	0	0
em-p-ihep51	20260626084957938000000	13	23,330,611,077,120	23,330,734,534,656	14,660,027,261,264	25,154,938,761,216	25,945,969,811,456	22,034,264,555,520	29,685,706,653,696	354,769,101	729,650,128	0	0
em-p-ihep51	20260626085007967000000	31	23,330,618,470,400	23,330,808,889,344	14,682,860,196,731	25,154,938,761,216	25,945,969,811,456	22,034,264,555,520	29,685,706,653,696	613,902,010	2,014,921,317	0	0
em-p-ihep51	20260626085018005000000	25	23,330,617,655,296	23,331,143,790,592	14,676,356,556,128	25,154,938,761,216	25,945,969,811,456	22,034,264,555,520	29,685,706,653,696	483,945,565	1,461,057,775	0	0
em-p-ihep51	20260626085028029000000	24	23,330,617,917,440	23,330,739,142,656	14,669,422,320,387	25,154,938,761,216	25,945,969,811,456	22,034,264,555,520	29,685,706,653,696	368,248,645	784,222,863	0	0
em-p-ihep51	20260626085037977000000	24	23,330,611,048,448	23,330,732,052,480	14,664,998,496,883	25,154,938,761,216	25,945,969,811,456	22,034,264,555,520	29,685,706,653,696	296,819,352	653,015,864	0	0
em-p-ihep51	20260626085048111000000	19	23,330,609,860,608	23,330,733,768,704	14,665,144,168,410	25,154,938,761,216	25,945,969,811,456	22,034,264,555,520	29,685,706,653,696	334,867,886	881,387,761	0	0
em-p-ihep51	20260626085058099000000	22	23,330,607,489,024	23,330,733,457,408	14,661,585,351,221	25,154,938,761,216	25,945,969,811,456	22,034,264,555,520	29,685,706,653,696	349,153,398	1,324,048,432	0	0
em-p-ihep51	20260626085108184000000	22	23,330,603,925,504	23,330,723,553,280	14,671,741,813,090	25,154,938,761,216	25,945,969,811,456	22,034,264,555,520	29,685,706,653,696	405,977,069	1,774,588,391	0	0
em-p-ihep51	20260626085118183000000	25	23,330,605,121,536	23,330,715,893,760	14,669,685,856,325	25,154,938,761,216	25,945,969,811,456	22,034,264,555,520	29,685,706,653,696	562,632,450	1,447,048,576	0	0
em-p-ihep51	20260626085128201000000	27	23,330,607,493,120	23,331,022,303,232	14,661,344,170,124	25,154,938,761,216	25,945,969,811,456	22,034,264,555,520	29,685,706,653,696	614,378,183	1,250,569,176	0	0
em-p-ihep51	20260626085138305000000	24	23,330,607,575,040	23,330,892,902,400	14,670,260,681,147	25,154,938,761,216	25,945,969,811,456	22,034,264,555,520	29,685,706,653,696	297,848,901	2,227,892,667	0	0
em-p-ihep51	20260626085148408000000	26	23,330,611,142,656	23,330,722,852,864	14,667,836,912,248	25,154,938,761,216	25,945,969,811,456	22,034,264,555,520	29,685,706,653,696	406,808,439	1,448,134,669	0	0
em-p-ihep51	20260626085158405000000	22	23,330,611,036,160	23,330,877,845,504	14,670,117,862,926	25,154,938,761,216	25,945,969,811,456	22,034,264,555,520	29,685,706,653,696	541,418,429	782,878,711	0	0
em-p-ihep51	20260626085208409000000	24	23,330,609,139,712	23,330,711,158,784	14,672,350,184,492	25,154,938,761,216	25,945,969,811,456	22,034,264,555,520	29,685,706,653,696	657,695,196	1,424,281,731	0	0
em-p-ihep51	20260626085218531000000	25	23,330,611,462,144	23,330,713,829,376	14,662,233,761,622	25,154,938,761,216	25,945,969,811,456	22,034,264,555,520	29,685,706,653,696	617,640,074	1,052,999,212	0	0
em-p-ihep51	20260626085228587000000	25	23,330,613,616,640	23,330,717,552,640	14,661,282,193,650	25,154,938,761,216	25,945,969,811,456	22,034,264,555,520	29,685,706,653,696	541,508,378	1,485,608,074	0	0
em-p-ihep51	20260626085238591000000	21	23,330,614,591,488	23,330,721,587,200	14,657,796,219,428	25,154,938,761,216	25,945,969,811,456	22,034,264,555,520	29,685,706,653,696	435,229,970	1,463,051,734	0	0
em-p-ihep51	20260626085248633000000	24	23,330,617,401,344	23,330,722,770,944	14,666,903,546,126	25,154,938,761,216	25,945,969,811,456	22,034,264,555,520	29,685,706,653,696	513,655,270	1,282,642,985	0	0
em-p-ihep51	20260626085258695000000	19	23,330,618,740,736	23,330,808,868,864	14,663,978,580,118	25,154,938,761,216	25,945,969,811,456	22,034,264,555,520	29,685,706,653,696	884,682,488	1,091,137,449	0	0
em-p-ihep51	20260626085308781000000	21	23,330,614,521,856	23,330,808,737,792	14,661,352,932,055	25,154,938,761,216	25,945,969,811,456	22,034,264,555,520	29,685,706,653,696	454,586,449	818,623,323	0	0
em-p-ihep51	20260626085318809000000	17	23,330,613,334,016	23,330,802,479,104	14,655,003,127,636	25,154,938,761,216	25,945,969,811,456	22,034,264,555,520	29,685,706,653,696	244,273,939	665,836,566	0	0
em-p-ihep51	20260626085328820000000	18	23,330,613,227,520	23,330,798,804,992	14,661,377,718,061	25,154,938,761,216	25,945,969,811,456	22,034,264,555,520	29,685,706,653,696	253,695,972	645,221,378	0	0
em-p-ihep51	20260626085338827000000	22	23,330,612,043,776	23,330,816,008,192	14,665,601,249,278	25,154,938,761,216	25,945,969,811,456	22,034,264,555,520	29,685,706,653,696	321,828,633	975,990,249	0	0
em-p-ihep51	20260626085348819000000	19	23,330,611,826,688	23,330,798,678,016	14,659,654,916,075	25,154,938,761,216	25,945,969,811,456	22,034,264,555,520	29,685,706,653,696	517,461,324	1,632,644,596	0	0
em-p-ihep51	20260626085358902000000	18	23,330,614,476,800	23,330,794,369,024	14,659,915,670,376	25,154,938,761,216	25,945,969,811,456	22,034,264,555,520	29,685,706,653,696	383,299,869	1,306,972,042	0	0
em-p-ihep51	20260626085408997000000	23	23,330,615,447,552	23,330,812,850,176	14,665,815,663,998	25,154,938,761,216	25,945,969,811,456	22,034,264,555,520	29,685,706,653,696	320,741,464	1,453,078,926	0	0
em-p-ihep51	20260626085419093000000	21	23,330,621,665,280	23,331,128,266,752	14,656,254,176,018	25,154,938,761,216	25,945,969,811,456	22,034,264,555,520	29,685,706,653,696	415,011,410	1,677,022,529	0	0
em-p-ihep51	20260626085429218000000	25	23,330,623,143,936	23,330,729,009,152	14,659,119,192,700	25,154,938,761,216	25,945,969,811,456	22,034,264,555,520	29,685,706,653,696	293,268,710	1,088,681,907	0	0
em-p-ihep51	20260626085439261000000	21	23,330,632,560,640	23,330,739,900,416	14,660,737,922,347	25,154,938,761,216	25,945,969,811,456	22,034,264,555,520	29,685,706,653,696	257,100,913	673,678,415	0	0
em-p-ihep51	20260626085449370000000	22	23,330,633,330,688	23,331,224,539,136	14,656,676,723,074	25,154,938,761,216	25,945,969,811,456	22,034,264,555,520	29,685,706,653,696	465,331,363	1,101,812,340	0	0
em-p-ihep51	20260626085459394000000	18	23,330,634,682,368	23,330,786,086,912	14,660,584,580,983	25,154,938,761,216	25,945,969,811,456	22,034,264,555,520	29,685,706,653,696	500,013,155	954,450,721	0	0
em-p-ihep51	20260626085509487000000	21	23,330,633,494,528	23,330,740,396,032	14,667,467,483,772	25,154,938,761,216	25,945,969,811,456	22,034,264,555,520	29,685,706,653,696	435,041,234	1,352,921,667	20,480	0
em-p-ihep51	20260626085519570000000	29	23,330,642,890,752	23,330,752,667,648	14,665,965,908,799	25,154,938,761,216	25,945,969,811,456	22,034,264,555,520	29,685,706,653,696	524,535,776	1,508,461,736	16,384	0
em-p-ihep51	20260626085529602000000	28	23,330,646,188,032	23,330,801,557,504	14,664,010,506,295	25,154,938,761,216	25,945,969,811,456	22,034,264,555,520	29,685,706,653,696	382,814,326	1,329,319,877	0	0
em-p-ihep51	20260626085539693000000	24	23,330,645,000,192	23,330,727,227,392	14,653,337,780,082	25,154,938,761,216	25,945,969,811,456	22,034,264,555,520	29,685,706,653,696	286,098,146	763,841,606	0	0
em-p-ihep51	20260626085549752000000	13	23,330,645,368,832	23,330,727,256,064	14,656,569,899,143	25,154,938,761,216	25,945,969,811,456	22,034,264,555,520	29,685,706,653,696	398,487,520	699,697,678	0	0
em-p-ihep51	20260626085559850000000	12	23,330,645,262,336	23,330,957,377,536	14,659,670,924,331	25,154,938,761,216	25,945,969,811,456	22,034,264,555,520	29,685,706,653,696	414,033,930	710,633,090	12,288	0
em-p-ihep51	20260626085609883000000	22	23,330,647,638,016	23,330,735,349,760	14,666,445,302,467	25,154,938,761,216	25,945,969,811,456	22,034,264,555,520	29,685,706,653,696	194,280,599	628,894,139	0	0
em-p-ihep51	20260626085619862000000	21	23,332,235,816,960	23,332,428,746,752	14,657,572,568,334	25,154,938,761,216	25,945,969,811,456	22,034,264,555,520	29,685,706,653,696	598,415,292	2,335,188,025	0	0
em-p-ihep51	20260626085629859000000	21	23,332,233,302,016	23,332,784,377,856	14,656,607,952,557	25,154,938,761,216	25,945,969,811,456	22,034,264,555,520	29,685,706,653,696	235,171,179	1,288,908,215	0	0
em-p-ihep51	20260626085639947000000	19	23,332,237,029,376	23,332,321,136,640	14,662,682,258,341	25,154,938,761,216	25,945,969,811,456	22,034,264,555,520	29,685,706,653,696	210,386,960	1,376,789,685	0	0
em-p-ihep51	20260626085650048000000	21	23,332,235,530,240	23,332,318,203,904	14,660,601,948,801	25,154,938,761,216	25,945,969,811,456	22,034,264,555,520	29,685,706,653,696	592,486,883	1,520,992,604	0	0
em-p-ihep51	20260626085700053000000	24	23,332,232,298,496	23,332,317,495,296	14,666,007,503,650	25,154,938,761,216	25,945,969,811,456	22,034,264,555,520	29,685,706,653,696	432,131,112	828,814,711	0	0
em-p-ihep51	20260626085710087000000	23	23,332,237,160,448	23,332,346,822,656	14,672,991,270,102	25,154,938,761,216	25,945,969,811,456	22,034,264,555,520	29,685,706,653,696	368,002,979	898,321,594	0	0
em-p-ihep51	20260626085720053000000	17	23,332,237,213,696	23,332,322,668,544	14,663,423,279,774	25,154,938,761,216	25,945,969,811,456	22,034,264,555,520	29,685,706,653,696	215,327,625	736,562,701	0	0
em-p-ihep51	20260626085730177000000	16	23,332,239,552,512	23,332,325,138,432	14,656,208,698,678	25,154,938,761,216	25,945,969,811,456	22,034,264,555,520	29,685,706,653,696	168,326,890	603,627,365	0	0
em-p-ihep51	20260626085740268000000	17	23,332,232,908,800	23,332,876,685,312	14,656,159,002,732	25,154,938,761,216	25,945,969,811,456	22,034,264,555,520	29,685,706,653,696	278,753,222	1,112,529,343	0	0
em-p-ihep51	20260626085750372000000	22	23,332,231,995,392	23,332,308,533,248	14,658,374,979,039	25,154,938,761,216	25,945,969,811,456	22,034,264,555,520	29,685,706,653,696	495,643,641	1,053,980,712	0	0
em-p-ihep51	20260626085800472000000	13	23,332,231,073,792	23,332,320,608,256	14,653,996,897,942	25,154,938,761,216	25,945,969,811,456	22,034,264,555,520	29,685,706,653,696	488,473,575	1,481,711,980	0	0
em-p-ihep51	20260626085810497000000	32	23,332,243,202,048	23,332,324,044,800	14,660,041,391,259	25,154,938,761,216	25,945,969,811,456	22,034,264,555,520	29,685,706,653,696	288,553,506	1,297,710,739	0	0
em-p-ihep51	20260626085820526000000	33	23,332,241,174,528	23,332,320,997,376	14,655,413,937,916	25,154,938,761,216	25,945,969,811,456	22,034,264,555,520	29,685,706,653,696	267,446,592	1,370,447,412	0	0
em-p-ihep51	20260626085830531000000	44	23,332,248,670,208	23,332,330,123,264	14,670,575,844,430	25,154,938,761,216	25,945,969,811,456	22,034,264,555,520	29,685,706,653,696	715,619,050	1,651,262,605	0	0
em-p-ihep51	20260626085840541000000	47	23,332,252,766,208	23,332,333,481,984	14,661,191,970,439	25,154,938,761,216	25,945,969,811,456	22,034,264,555,520	29,685,706,653,696	422,184,813	1,357,570,418	0	0
em-p-ihep51	20260626085850591000000	33	23,332,242,841,600	23,332,333,252,608	14,661,739,496,815	25,154,938,761,216	25,945,969,811,456	22,034,264,555,520	29,685,706,653,696	891,958,495	1,358,797,275	0	0
em-p-ihep51	20260626085900562000000	16	23,332,241,653,760	23,332,326,993,920	14,664,697,230,004	25,154,938,761,216	25,945,969,811,456	22,034,264,555,520	29,685,706,653,696	511,873,964	1,009,606,028	0	0
em-p-ihep51	20260626085910672000000	25	23,332,242,735,104	23,332,330,975,232	14,666,242,509,897	25,154,938,761,216	25,945,969,811,456	22,034,264,555,520	29,685,706,653,696	379,175,732	1,583,796,774	0	0
em-p-ihep51	20260626085920665000000	14	23,332,242,898,944	23,332,763,209,728	14,660,846,680,599	25,154,938,761,216	25,945,969,811,456	22,034,264,555,520	29,685,706,653,696	360,194,623	840,668,319	0	0
em-p-ihep51	20260626085930767000000	16	23,332,242,792,448	23,332,330,348,544	14,661,582,843,103	25,154,938,761,216	25,945,969,811,456	22,034,264,555,520	29,685,706,653,696	224,451,667	1,691,287,852	0	0
em-p-ihep51	20260626085940798000000	19	23,332,239,413,248	23,332,367,028,224	14,664,140,761,044	25,154,938,761,216	25,945,969,811,456	22,034,264,555,520	29,685,706,653,696	215,565,501	1,346,500,848	0	0
em-p-ihep51	20260626085950760000000	18	23,332,239,306,752	23,332,921,147,392	14,659,027,439,912	25,154,938,761,216	25,945,969,811,456	22,034,264,555,520	29,685,706,653,696	700,940,962	1,389,120,463	0	0
em-p-ihep51	20260626090000788000000	23	23,332,240,277,504	23,332,357,832,704	14,669,810,131,482	25,154,938,761,216	25,945,969,811,456	22,034,264,555,520	29,685,706,653,696	305,270,417	776,506,644	0	0
em-p-ihep51	20260626090010840000000	46	23,332,269,428,736	23,332,397,740,032	14,725,023,747,411	25,154,938,761,216	25,945,969,811,456	22,034,264,555,520	29,685,706,653,696	933,003,913	2,384,173,992	0	0
em-p-ihep51	20260626090020863000000	45	23,332,290,449,408	23,333,081,231,360	14,729,975,414,299	25,154,938,761,216	25,945,969,811,456	22,034,264,555,520	29,685,706,653,696	680,307,721	3,013,453,051	0	0
em-p-ihep51	20260626090030878000000	45	23,331,894,595,584	23,332,006,719,488	14,711,924,806,737	25,154,938,761,216	25,945,969,811,456	22,034,264,555,520	29,685,706,653,696	651,497,779	1,430,098,289	0	0
em-p-ihep51	20260626090040900000000	42	23,331,881,639,936	23,331,994,050,560	14,721,734,557,837	25,154,938,761,216	25,945,969,811,456	22,034,264,555,520	29,685,706,653,696	446,096,367	1,128,463,967	0	0
em-p-ihep51	20260626090050906000000	40	23,331,854,299,136	23,332,444,962,816	14,723,103,945,389	25,154,938,761,216	25,945,969,811,456	22,034,264,555,520	29,685,706,653,696	595,731,482	1,131,166,253	0	0
em-p-ihep51	20260626090100938000000	44	23,331,863,326,720	23,331,974,680,576	14,727,454,808,699	25,154,938,761,216	25,945,969,811,456	22,034,264,555,520	29,685,706,653,696	400,434,818	1,656,712,315	0	0
em-p-ihep51	20260626090110952000000	40	23,331,864,641,536	23,332,041,949,184	14,732,331,170,945	25,154,938,761,216	25,945,969,811,456	22,034,264,555,520	29,685,706,653,696	422,059,588	1,715,490,762	0	0
em-p-ihep51	20260626090120971000000	24	23,331,843,940,352	23,332,364,165,120	14,670,147,220,177	25,154,938,761,216	25,945,969,811,456	22,034,264,555,520	29,685,706,653,696	511,455,841	1,243,591,478	0	0
em-p-ihep51	20260626090130955000000	25	23,331,842,228,224	23,331,951,669,248	14,679,299,775,449	25,154,938,761,216	25,945,969,811,456	22,034,264,555,520	29,685,706,653,696	430,280,362	1,131,945,414	0	0
em-p-ihep51	20260626090140983000000	30	23,331,840,032,768	23,331,950,489,600	14,676,819,547,558	25,154,938,761,216	25,945,969,811,456	22,034,264,555,520	29,685,706,653,696	627,050,513	1,338,582,508	0	0
em-p-ihep51	20260626090151019000000	34	23,331,862,065,152	23,331,977,490,432	14,671,580,123,790	25,154,938,761,216	25,945,969,811,456	22,034,264,555,520	29,685,706,653,696	430,966,518	1,034,751,035	0	0
em-p-ihep51	20260626090201044000000	28	23,331,954,089,984	23,332,074,782,720	14,663,714,088,138	25,154,938,761,216	25,945,969,811,456	22,034,264,555,520	29,685,706,653,696	387,738,590	809,650,319	0	0
em-p-ihep51	20260626090211078000000	26	23,331,952,148,480	23,332,230,586,368	14,670,507,752,783	25,154,938,761,216	25,945,969,811,456	22,034,264,555,520	29,685,706,653,696	385,459,368	3,548,998,713	0	0
em-p-ihep51	20260626090221061000000	24	23,331,947,982,848	23,332,052,029,440	14,665,484,839,650	25,154,938,761,216	25,945,969,811,456	22,034,264,555,520	29,685,706,653,696	363,838,232	1,986,525,025	0	0
em-p-ihep51	20260626090231056000000	22	23,331,950,358,528	23,332,233,793,536	14,658,281,239,886	25,154,938,761,216	25,945,969,811,456	22,034,264,555,520	29,685,706,653,696	497,569,940	1,885,929,590	0	0
em-p-ihep51	20260626090241145000000	17	23,331,946,795,008	23,332,032,294,912	14,659,623,459,398	25,154,938,761,216	25,945,969,811,456	22,034,264,555,520	29,685,706,653,696	751,904,518	1,663,123,698	0	0
em-p-ihep51	20260626090251163000000	22	23,331,949,228,032	23,332,035,420,160	14,663,475,698,259	25,154,938,761,216	25,945,969,811,456	22,034,264,555,520	29,685,706,653,696	493,231,519	1,482,978,738	0	0
em-p-ihep51	20260626090301271000000	21	23,331,948,007,424	23,332,325,957,632	14,668,793,654,525	25,154,938,761,216	25,945,969,811,456	22,034,264,555,520	29,685,706,653,696	667,954,993	1,493,129,487	90,112	0
em-p-ihep51	20260626090311259000000	26	23,331,995,963,392	23,332,164,435,968	14,672,660,973,816	25,154,938,761,216	25,945,969,811,456	22,034,264,555,520	29,685,706,653,696	475,236,570	1,349,506,757	0	0
em-p-ihep51	20260626090321277000000	26	23,331,993,640,960	23,332,160,839,680	14,660,768,616,563	25,154,938,761,216	25,945,969,811,456	22,034,264,555,520	29,685,706,653,696	540,017,723	973,667,952	0	0
em-p-ihep51	20260626090331295000000	24	23,331,997,097,984	23,332,167,643,136	14,664,467,547,948	25,154,938,761,216	25,945,969,811,456	22,034,264,555,520	29,685,706,653,696	519,324,525	1,172,664,456	0	0
em-p-ihep51	20260626090341399000000	18	23,331,996,020,736	23,332,166,098,944	14,661,488,619,445	25,154,938,761,216	25,945,969,811,456	22,034,264,555,520	29,685,706,653,696	413,669,981	1,211,142,393	0	0
em-p-ihep51	20260626090351331000000	20	23,331,994,832,896	23,332,161,531,904	14,668,710,102,172	25,154,938,761,216	25,945,969,811,456	22,034,264,555,520	29,685,706,653,696	408,220,831	1,384,341,309	0	0
em-p-ihep51	20260626090401353000000	20	23,331,994,832,896	23,332,160,499,712	14,676,733,868,541	25,154,938,761,216	25,945,969,811,456	22,034,264,555,520	29,685,706,653,696	347,849,807	1,399,335,574	0	0
em-p-ihep51	20260626090411348000000	31	23,332,000,206,848	23,332,384,399,360	14,672,664,976,545	25,154,938,761,216	25,945,969,811,456	22,034,264,555,520	29,685,706,653,696	714,584,922	3,370,739,401	0	0
em-p-ihep51	20260626090421348000000	24	23,332,002,656,256	23,332,158,476,288	14,669,926,542,469	25,154,938,761,216	25,945,969,811,456	22,034,264,555,520	29,685,706,653,696	700,821,896	1,808,946,290	0	0
em-p-ihep51	20260626090431445000000	19	23,332,083,748,864	23,332,240,961,536	14,675,145,770,697	25,154,938,761,216	25,945,969,811,456	22,034,264,555,520	29,685,706,653,696	424,452,728	1,016,438,654	0	0
em-p-ihep51	20260626090441440000000	22	23,311,126,044,672	23,311,748,968,448	14,660,910,158,064	25,154,938,761,216	25,945,969,811,456	22,034,264,555,520	29,685,706,653,696	397,659,331	1,157,906,130	0	0
em-p-ihep51	20260626090451535000000	16	23,311,123,222,528	23,311,262,539,776	14,667,543,854,486	25,154,938,761,216	25,945,969,811,456	22,034,264,555,520	29,685,706,653,696	382,201,985	945,806,103	0	0
em-p-ihep51	20260626090501629000000	23	23,311,120,629,760	23,311,261,560,832	14,664,669,703,293	25,154,938,761,216	25,945,969,811,456	22,034,264,555,520	29,685,706,653,696	516,227,349	1,061,581,162	0	0
em-p-ihep51	20260626090511683000000	39	23,311,138,615,296	23,311,293,661,184	14,677,823,993,556	25,154,938,761,216	25,945,969,811,456	22,034,264,555,520	29,685,706,653,696	726,182,014	1,584,343,213	0	0
em-p-ihep51	20260626090521684000000	27	23,311,131,488,256	23,311,257,198,592	14,681,186,827,170	25,154,938,761,216	25,945,969,811,456	22,034,264,555,520	29,685,706,653,696	526,609,986	1,381,201,497	0	0
em-p-ihep51	20260626090531714000000	26	23,311,130,464,256	23,311,252,807,680	14,675,654,429,138	25,154,938,761,216	25,945,969,811,456	22,034,264,555,520	29,685,706,653,696	392,032,718	1,310,589,063	0	0
em-p-ihep51	20260626090541734000000	23	23,311,131,545,600	23,311,253,970,944	14,671,664,865,990	25,154,938,761,216	25,945,969,811,456	22,034,264,555,520	29,685,706,653,696	533,135,198	1,276,333,805	0	0
em-p-ihep51	20260626090551728000000	25	23,311,131,545,600	23,311,257,313,280	14,679,792,250,612	25,154,938,761,216	25,945,969,811,456	22,034,264,555,520	29,685,706,653,696	642,038,776	1,240,875,805	0	0
em-p-ihep51	20260626090601730000000	20	23,311,454,552,064	23,311,576,772,608	14,674,024,389,675	25,154,938,761,216	25,945,969,811,456	22,034,264,555,520	29,685,706,653,696	335,396,368	959,191,985	0	0
em-p-ihep51	20260626090611750000000	21	23,311,458,062,336	23,311,578,411,008	14,689,519,064,850	25,154,938,761,216	25,945,969,811,456	22,034,264,555,520	29,685,706,653,696	376,136,835	1,225,818,461	0	0
em-p-ihep51	20260626090621775000000	28	23,311,463,116,800	23,311,625,793,536	14,675,704,380,384	25,154,938,761,216	25,945,969,811,456	22,034,264,555,520	29,685,706,653,696	317,527,388	1,216,584,980	0	0
em-p-ihep51	20260626090631811000000	20	23,311,462,064,128	23,311,582,208,000	14,675,342,344,306	25,154,938,761,216	25,945,969,811,456	22,034,264,555,520	29,685,706,653,696	550,349,870	1,353,636,610	0	0
em-p-ihep51	20260626090641799000000	24	23,311,461,040,128	23,311,581,839,360	14,682,221,447,596	25,154,938,761,216	25,945,969,811,456	22,034,264,555,520	29,685,706,653,696	288,870,627	710,601,620	0	0
em-p-ihep51	20260626090651816000000	24	23,311,463,092,224	23,311,592,824,832	14,680,284,450,401	25,154,938,761,216	25,945,969,811,456	22,034,264,555,520	29,685,706,653,696	284,337,141	1,388,343,990	0	0
em-p-ihep51	20260626090701910000000	26	23,311,463,100,416	23,311,580,516,352	14,684,537,745,533	25,154,938,761,216	25,945,969,811,456	22,034,264,555,520	29,685,706,653,696	712,764,572	1,840,775,034	0	0
em-p-ihep51	20260626090711936000000	32	23,311,475,101,696	23,311,911,243,776	14,697,194,367,525	25,154,938,761,216	25,945,969,811,456	22,034,264,555,520	29,685,706,653,696	862,767,086	1,741,862,533	0	0
em-p-ihep51	20260626090721950000000	21	23,311,476,469,760	23,312,072,179,712	14,667,905,436,112	25,154,938,761,216	25,945,969,811,456	22,034,264,555,520	29,685,706,653,696	432,767,378	2,507,997,794	0	0
em-p-ihep51	20260626090732008000000	24	23,311,479,087,104	23,311,616,614,400	14,681,527,195,459	25,154,938,761,216	25,945,969,811,456	22,034,264,555,520	29,685,706,653,696	917,520,980	1,724,727,978	0	0
em-p-ihep51	20260626090742004000000	27	23,311,478,005,760	23,311,595,597,824	14,680,398,069,612	25,154,938,761,216	25,945,969,811,456	22,034,264,555,520	29,685,706,653,696	291,658,684	883,110,121	0	0
em-p-ihep51	20260626090751991000000	24	23,311,476,715,520	23,311,594,467,328	14,669,197,523,430	25,154,938,761,216	25,945,969,811,456	22,034,264,555,520	29,685,706,653,696	605,056,551	1,500,922,768	0	0
em-p-ihep51	20260626090802116000000	24	23,311,477,686,272	23,311,632,158,720	14,677,341,842,464	25,154,938,761,216	25,945,969,811,456	22,034,264,555,520	29,685,706,653,696	544,184,506	1,206,118,847	0	0
em-p-ihep51	20260626090812215000000	27	23,311,477,579,776	23,311,602,233,344	14,679,746,490,529	25,154,938,761,216	25,945,969,811,456	22,034,264,555,520	29,685,706,653,696	295,153,734	1,065,896,064	0	0
em-p-ihep51	20260626090822290000000	22	23,311,481,364,480	23,311,606,095,872	14,683,080,184,566	25,154,938,761,216	25,945,969,811,456	22,034,264,555,520	29,685,706,653,696	244,824,493	1,187,404,891	0	0
em-p-ihep51	20260626090832283000000	22	23,311,476,899,840	23,312,064,512,000	14,683,669,765,718	25,154,938,761,216	25,945,969,811,456	22,034,264,555,520	29,685,706,653,696	334,425,615	860,389,159	0	0
em-p-ihep51	20260626090842298000000	21	23,311,480,356,864	23,311,606,194,176	14,682,705,890,969	25,154,938,761,216	25,945,969,811,456	22,034,264,555,520	29,685,706,653,696	201,035,803	677,833,208	0	0
em-p-ihep51	20260626090852307000000	22	23,311,472,046,080	23,311,621,267,456	14,680,037,744,770	25,154,938,761,216	25,945,969,811,456	22,034,264,555,520	29,685,706,653,696	301,630,991	888,053,747	0	0
em-p-ihep51	20260626090902325000000	21	23,311,796,682,752	23,311,945,031,680	14,683,415,950,559	25,154,938,761,216	25,945,969,811,456	22,034,264,555,520	29,685,706,653,696	189,759,517	731,564,807	0	0
em-p-ihep51	20260626090912367000000	29	23,311,846,207,488	23,312,062,402,560	14,675,597,842,951	25,154,938,761,216	25,945,969,811,456	22,034,264,555,520	29,685,706,653,696	279,644,722	1,493,069,972	0	0
em-p-ihep51	20260626090922348000000	22	23,311,838,265,344	23,311,974,203,392	14,666,678,620,987	25,154,938,761,216	25,945,969,811,456	22,034,264,555,520	29,685,706,653,696	359,400,999	1,316,986,446	0	0
em-p-ihep51	20260626090932344000000	21	23,311,833,808,896	23,311,983,849,472	14,669,866,032,330	25,154,938,761,216	25,945,969,811,456	22,034,264,555,520	29,685,706,653,696	280,050,068	926,882,965	0	0
em-p-ihep51	20260626090942375000000	23	23,311,833,698,304	23,311,985,467,392	14,677,381,329,432	25,154,938,761,216	25,945,969,811,456	22,034,264,555,520	29,685,706,653,696	237,917,827	1,175,425,987	0	0
em-p-ihep51	20260626090952482000000	22	23,311,831,322,624	23,311,967,473,664	14,674,202,852,910	25,154,938,761,216	25,945,969,811,456	22,034,264,555,520	29,685,706,653,696	442,057,715	1,313,689,601	0	0
em-p-ihep51	20260626091002497000000	32	23,311,846,912,000	23,311,982,268,416	14,688,190,707,613	25,154,938,761,216	25,945,969,811,456	22,034,264,555,520	29,685,706,653,696	676,761,952	1,633,220,616	0	0
em-p-ihep51	20260626091012578000000	56	23,311,880,695,808	23,312,794,484,736	14,722,912,017,403	25,154,938,761,216	25,945,969,811,456	22,034,264,555,520	29,685,706,653,696	648,682,002	2,635,419,666	0	0
em-p-ihep51	20260626091022546000000	38	23,311,871,483,904	23,312,004,050,944	14,706,326,647,363	25,154,938,761,216	25,945,969,811,456	22,034,264,555,520	29,685,706,653,696	594,138,324	2,589,250,293	0	0
em-p-ihep51	20260626091032552000000	27	23,312,826,548,224	23,312,960,630,784	14,679,505,729,878	25,154,938,761,216	25,945,969,811,456	22,034,264,555,520	29,685,706,653,696	369,966,825	1,331,658,360	0	0
em-p-ihep51	20260626091042550000000	22	23,312,825,327,616	23,313,189,711,872	14,681,381,774,949	25,154,938,761,216	25,945,969,811,456	22,034,264,555,520	29,685,706,653,696	241,219,676	1,367,586,648	0	0
em-p-ihep51	20260626091052568000000	24	23,312,829,165,568	23,312,960,454,656	14,674,758,398,876	25,154,938,761,216	25,945,969,811,456	22,034,264,555,520	29,685,706,653,696	445,053,856	1,581,387,173	0	0
em-p-ihep51	20260626091102571000000	26	23,312,826,822,656	23,312,958,443,520	14,677,167,183,279	25,154,938,761,216	25,945,969,811,456	22,034,264,555,520	29,685,706,653,696	539,206,291	2,146,738,303	0	0
em-p-ihep51	20260626091112673000000	21	23,312,827,904,000	23,312,961,867,776	14,678,811,210,455	25,154,938,761,216	25,945,969,811,456	22,034,264,555,520	29,685,706,653,696	341,238,045	1,782,605,969	0	0
em-p-ihep51	20260626091122715000000	26	23,312,830,173,184	23,312,968,290,304	14,670,456,454,314	25,154,938,761,216	25,945,969,811,456	22,034,264,555,520	29,685,706,653,696	360,905,962	1,547,782,317	0	0
em-p-ihep51	20260626091132680000000	21	23,312,836,116,480	23,312,970,825,728	14,680,362,457,130	25,154,938,761,216	25,945,969,811,456	22,034,264,555,520	29,685,706,653,696	461,627,825	1,434,355,045	0	0
em-p-ihep51	20260626091142711000000	25	23,312,836,227,072	23,313,019,056,128	14,678,853,979,844	25,154,938,761,216	25,945,969,811,456	22,034,264,555,520	29,685,706,653,696	538,590,204	1,463,912,559	0	0
em-p-ihep51	20260626091152716000000	27	23,312,838,553,600	23,313,063,116,800	14,671,579,906,173	25,154,938,761,216	25,945,969,811,456	22,034,264,555,520	29,685,706,653,696	230,476,530	1,368,546,803	0	0
em-p-ihep51	20260626091202715000000	26	23,312,822,743,040	23,312,952,233,984	14,678,512,258,239	25,154,938,761,216	25,945,969,811,456	22,034,264,555,520	29,685,706,653,696	621,416,252	1,639,440,945	69,632	0
em-p-ihep51	20260626091212833000000	26	23,312,820,023,296	23,312,947,560,448	14,689,378,569,097	25,154,938,761,216	25,945,969,811,456	22,034,264,555,520	29,685,706,653,696	502,836,990	1,591,019,647	0	0
em-p-ihep51	20260626091222929000000	30	23,312,821,059,584	23,312,964,739,072	14,692,296,023,685	25,154,938,761,216	25,945,969,811,456	22,034,264,555,520	29,685,706,653,696	455,914,977	1,676,671,588	0	0
em-p-ihep51	20260626091232920000000	22	23,312,821,059,584	23,312,919,965,696	14,679,308,837,587	25,154,938,761,216	25,945,969,811,456	22,034,264,555,520	29,685,706,653,696	277,672,160	1,972,168,050	0	0
em-p-ihep51	20260626091243021000000	17	23,312,821,059,584	23,312,937,959,424	14,681,860,028,564	25,154,938,761,216	25,945,969,811,456	22,034,264,555,520	29,685,706,653,696	256,321,334	1,633,685,902	0	0
em-p-ihep51	20260626091253015000000	17	23,312,820,178,944	23,313,120,358,400	14,666,894,684,108	25,154,938,761,216	25,945,969,811,456	22,034,264,555,520	29,685,706,653,696	392,774,603	3,007,196,801	0	0
em-p-ihep51	20260626091303113000000	15	23,312,823,443,456	23,312,886,009,856	14,668,928,594,377	25,154,938,761,216	25,945,969,811,456	22,034,264,555,520	29,685,706,653,696	276,588,183	713,666,745	0	0
em-p-ihep51	20260626091313119000000	23	23,312,822,468,608	23,312,947,462,144	14,681,192,476,919	25,154,938,761,216	25,945,969,811,456	22,034,264,555,520	29,685,706,653,696	190,216,337	704,655,555	0	0
em-p-ihep51	20260626091323224000000	20	23,312,820,105,216	23,312,953,438,208	14,672,449,694,519	25,154,938,761,216	25,945,969,811,456	22,034,264,555,520	29,685,706,653,696	500,174,502	1,113,963,867	0	0
em-p-ihep51	20260626091333224000000	16	23,312,817,405,952	23,313,492,434,944	14,672,270,555,831	25,154,938,761,216	25,945,969,811,456	22,034,264,555,520	29,685,706,653,696	263,409,235	800,103,668	0	0
em-p-ihep51	20260626091343319000000	14	23,312,816,218,112	23,312,985,473,024	14,669,189,645,568	25,154,938,761,216	25,945,969,811,456	22,034,264,555,520	29,685,706,653,696	348,508,798	791,606,414	0	0
em-p-ihep51	20260626091353321000000	21	23,312,816,275,456	23,312,990,277,632	14,678,124,208,549	25,154,938,761,216	25,945,969,811,456	22,034,264,555,520	29,685,706,653,696	647,875,402	1,410,306,081	0	0
em-p-ihep51	20260626091403410000000	12	23,312,816,168,960	23,312,978,554,880	14,673,547,399,141	25,154,938,761,216	25,945,969,811,456	22,034,264,555,520	29,685,706,653,696	356,700,833	1,378,611,812	0	0
em-p-ihep51	20260626091413503000000	16	23,312,814,981,120	23,312,983,085,056	14,672,080,849,080	25,154,938,761,216	25,945,969,811,456	22,034,264,555,520	29,685,706,653,696	328,002,478	1,426,314,711	0	0
em-p-ihep51	20260626091423606000000	12	23,312,815,525,888	23,312,972,038,144	14,678,518,639,814	25,154,938,761,216	25,945,969,811,456	22,034,264,555,520	29,685,706,653,696	235,214,060	739,230,370	0	0
em-p-ihep51	20260626091433607000000	17	23,312,815,644,672	23,312,970,522,624	14,684,612,452,441	25,154,938,761,216	25,945,969,811,456	22,034,264,555,520	29,685,706,653,696	248,792,715	670,373,097	0	0
em-p-ihep51	20260626091443619000000	19	23,312,814,391,296	23,312,988,516,352	14,681,220,949,674	25,154,938,761,216	25,945,969,811,456	22,034,264,555,520	29,685,706,653,696	442,592,816	1,153,434,748	0	0
em-p-ihep51	20260626091453638000000	16	23,312,813,367,296	23,312,973,516,800	14,682,937,823,970	25,154,938,761,216	25,945,969,811,456	22,034,264,555,520	29,685,706,653,696	398,472,391	691,621,460	0	0
em-p-ihep51	20260626091503747000000	18	23,312,810,983,424	23,312,968,192,000	14,681,581,254,622	25,154,938,761,216	25,945,969,811,456	22,034,264,555,520	29,685,706,653,696	473,242,184	997,449,211	0	0
em-p-ihep51	20260626091513747000000	36	23,312,805,486,592	23,313,009,393,664	14,690,730,780,331	25,154,938,761,216	25,945,969,811,456	22,034,264,555,520	29,685,706,653,696	771,406,240	1,579,442,011	0	0
em-p-ihep51	20260626091523758000000	21	23,312,804,192,256	23,312,961,671,168	14,675,223,260,318	25,154,938,761,216	25,945,969,811,456	22,034,264,555,520	29,685,706,653,696	541,106,956	1,543,283,884	0	0
em-p-ihep51	20260626091533762000000	18	23,312,805,433,344	23,312,964,087,808	14,670,907,399,599	25,154,938,761,216	25,945,969,811,456	22,034,264,555,520	29,685,706,653,696	350,031,197	1,222,536,743	0	0
em-p-ihep51	20260626091543862000000	19	23,312,806,682,624	23,312,966,553,600	14,684,995,678,979	25,154,938,761,216	25,945,969,811,456	22,034,264,555,520	29,685,706,653,696	238,195,519	696,298,006	0	0
em-p-ihep51	20260626091553898000000	25	23,312,808,194,048	23,313,316,442,112	14,686,869,779,457	25,154,938,761,216	25,945,969,811,456	22,034,264,555,520	29,685,706,653,696	572,456,504	1,060,249,986	0	0
em-p-ihep51	20260626091603871000000	23	23,312,805,711,872	23,312,962,080,768	14,681,020,495,432	25,154,938,761,216	25,945,969,811,456	22,034,264,555,520	29,685,706,653,696	342,864,502	865,428,808	0	0
em-p-ihep51	20260626091613868000000	21	23,312,800,002,048	23,313,119,887,360	14,693,328,713,621	25,154,938,761,216	25,945,969,811,456	22,034,264,555,520	29,685,706,653,696	385,325,982	1,228,951,101	0	0
em-p-ihep51	20260626091623951000000	26	23,312,797,560,832	23,312,938,246,144	14,693,313,671,364	25,154,938,761,216	25,945,969,811,456	22,034,264,555,520	29,685,706,653,696	247,275,008	1,772,885,443	0	0
em-p-ihep51	20260626091633963000000	21	23,312,807,538,688	23,313,108,975,616	14,680,222,216,314	25,154,938,761,216	25,945,969,811,456	22,034,264,555,520	29,685,706,653,696	373,289,066	2,285,572,081	0	0
em-p-ihep51	20260626091643988000000	17	23,317,939,609,600	23,317,544,316,928	14,698,977,158,216	25,154,938,761,216	25,945,969,811,456	22,034,264,555,520	29,685,706,653,696	456,073,831	1,519,796,303	0	0
em-p-ihep51	20260626091654029000000	31	23,306,300,006,400	23,308,997,668,864	14,679,940,694,449	25,154,938,761,216	25,945,969,811,456	22,034,264,555,520	29,685,706,653,696	545,246,277	1,558,114,021	0	0
em-p-ihep51	20260626091704041000000	28	23,303,169,388,544	23,303,750,848,512	14,679,915,872,755	25,154,938,761,216	25,945,969,811,456	22,034,264,555,520	29,685,706,653,696	442,497,131	1,131,928,054	0	0
em-p-ihep51	20260626091714127000000	25	23,303,171,444,736	23,303,309,393,920	14,677,639,904,463	25,154,938,761,216	25,945,969,811,456	22,034,264,555,520	29,685,706,653,696	484,263,345	923,294,761	0	0
em-p-ihep51	20260626091724133000000	20	23,303,172,526,080	23,303,310,589,952	14,677,917,499,810	25,154,938,761,216	25,945,969,811,456	22,034,264,555,520	29,685,706,653,696	479,743,451	1,048,169,711	0	0
em-p-ihep51	20260626091734109000000	19	23,303,171,448,832	23,303,316,492,288	14,682,664,703,774	25,154,938,761,216	25,945,969,811,456	22,034,264,555,520	29,685,706,653,696	226,758,418	638,123,796	0	0
em-p-ihep51	20260626091744122000000	15	23,301,967,302,656	23,302,105,427,968	14,671,845,549,122	25,154,938,761,216	25,945,969,811,456	22,034,264,555,520	29,685,706,653,696	403,291,901	929,321,411	0	0
em-p-ihep51	20260626091754125000000	19	23,301,967,138,816	23,302,104,907,776	14,678,267,413,686	25,154,938,761,216	25,945,969,811,456	22,034,264,555,520	29,685,706,653,696	600,301,166	1,260,713,071	0	0
em-p-ihep51	20260626091804219000000	13	23,301,967,302,656	23,302,520,602,624	14,677,004,877,762	25,154,938,761,216	25,945,969,811,456	22,034,264,555,520	29,685,706,653,696	203,663,800	818,588,335	0	0
em-p-ihep51	20260626091814323000000	15	23,301,965,144,064	23,302,116,581,376	14,669,516,683,129	25,154,938,761,216	25,945,969,811,456	22,034,264,555,520	29,685,706,653,696	284,463,845	1,326,127,271	0	0
em-p-ihep51	20260626091824334000000	13	23,301,962,768,384	23,302,075,973,632	14,670,701,069,898	25,154,938,761,216	25,945,969,811,456	22,034,264,555,520	29,685,706,653,696	349,292,774	1,171,223,387	0	0
em-p-ihep51	20260626091834411000000	18	23,301,960,294,400	23,302,073,671,680	14,680,830,565,026	25,154,938,761,216	25,945,969,811,456	22,034,264,555,520	29,685,706,653,696	385,926,520	838,519,736	98,304	0
em-p-ihep51	20260626091844427000000	22	23,301,961,265,152	23,302,086,201,344	14,673,602,713,218	25,154,938,761,216	25,945,969,811,456	22,034,264,555,520	29,685,706,653,696	360,325,873	979,787,787	0	0
em-p-ihep51	20260626091854443000000	19	23,301,961,322,496	23,302,079,991,808	14,680,460,671,170	25,154,938,761,216	25,945,969,811,456	22,034,264,555,520	29,685,706,653,696	243,820,976	814,718,168	0	0
em-p-ihep51	20260626091904467000000	14	23,301,961,216,000	23,302,074,052,608	14,678,429,380,470	25,154,938,761,216	25,945,969,811,456	22,034,264,555,520	29,685,706,653,696	187,930,286	739,231,527	0	0
em-p-ihep51	20260626091914483000000	21	23,301,966,295,040	23,302,128,697,344	14,682,523,430,843	25,154,938,761,216	25,945,969,811,456	22,034,264,555,520	29,685,706,653,696	501,227,462	1,630,601,709	0	0
em-p-ihep51	20260626091924479000000	16	23,301,961,760,768	23,302,057,791,488	14,686,275,785,153	25,154,938,761,216	25,945,969,811,456	22,034,264,555,520	29,685,706,653,696	252,401,275	592,581,251	0	0
em-p-ihep51	20260626091934488000000	16	23,301,960,736,768	23,302,059,372,544	14,689,601,167,783	25,154,938,761,216	25,945,969,811,456	22,034,264,555,520	29,685,706,653,696	197,908,945	1,165,328,688	0	0
em-p-ihep51	20260626091944529000000	17	23,301,958,332,416	23,302,108,442,624	14,683,160,405,885	25,154,938,761,216	25,945,969,811,456	22,034,264,555,520	29,685,706,653,696	270,735,655	1,332,644,362	0	0
em-p-ihep51	20260626091954534000000	14	23,301,961,846,784	23,302,060,601,344	14,671,026,814,282	25,154,938,761,216	25,945,969,811,456	22,034,264,555,520	29,685,706,653,696	248,493,051	642,041,952	0	0
em-p-ihep51	20260626092004553000000	28	23,302,092,177,408	23,302,187,331,584	14,684,664,440,655	25,154,938,761,216	25,945,969,811,456	22,034,264,555,520	29,685,706,653,696	357,343,003	1,465,621,885	0	0
em-p-ihep51	20260626092014583000000	35	23,302,151,544,832	23,302,437,150,720	14,716,559,198,842	25,154,938,761,216	25,945,969,811,456	22,034,264,555,520	29,685,706,653,696	467,578,121	3,438,727,789	0	0
em-p-ihep51	20260626092024659000000	25	23,302,151,327,744	23,302,537,867,264	14,673,189,560,993	25,154,938,761,216	25,945,969,811,456	22,034,264,555,520	29,685,706,653,696	451,357,651	1,204,060,247	0	0
em-p-ihep51	20260626092034763000000	23	23,302,153,363,456	23,302,254,006,272	14,689,223,722,232	25,154,938,761,216	25,945,969,811,456	22,034,264,555,520	29,685,706,653,696	366,132,780	792,730,831	0	0
em-p-ihep51	20260626092044740000000	17	23,302,323,761,152	23,302,429,892,608	14,673,132,228,389	25,154,938,761,216	25,945,969,811,456	22,034,264,555,520	29,685,706,653,696	386,582,776	1,008,239,784	0	0
em-p-ihep51	20260626092054775000000	17	23,302,446,383,104	23,302,965,780,480	14,671,420,707,755	25,154,938,761,216	25,945,969,811,456	22,034,264,555,520	29,685,706,653,696	281,694,242	1,307,381,980	0	0
em-p-ihep51	20260626092104782000000	18	23,302,445,195,264	23,302,540,591,104	14,671,408,319,949	25,154,938,761,216	25,945,969,811,456	22,034,264,555,520	29,685,706,653,696	274,660,556	1,274,044,122	0	0
em-p-ihep51	20260626092114772000000	23	23,302,466,326,528	23,302,550,585,344	14,678,009,355,743	25,154,938,761,216	25,945,969,811,456	22,034,264,555,520	29,685,706,653,696	401,671,988	897,918,849	0	0
em-p-ihep51	20260626092124793000000	18	23,302,465,302,528	23,302,570,639,360	14,677,770,587,367	25,154,938,761,216	25,945,969,811,456	22,034,264,555,520	29,685,706,653,696	395,488,141	859,011,743	0	0
em-p-ihep51	20260626092134789000000	20	23,302,465,196,032	23,302,546,898,944	14,681,676,555,935	25,154,938,761,216	25,945,969,811,456	22,034,264,555,520	29,685,706,653,696	544,036,640	1,123,215,850	0	0
em-p-ihep51	20260626092144908000000	24	23,303,085,506,560	23,303,154,839,552	14,686,550,545,124	25,154,938,761,216	25,945,969,811,456	22,034,264,555,520	29,685,706,653,696	657,268,869	1,205,008,012	0	0
em-p-ihep51	20260626092154909000000	24	23,303,075,348,480	23,303,147,929,600	14,670,810,651,773	25,154,938,761,216	25,945,969,811,456	22,034,264,555,520	29,685,706,653,696	453,546,562	922,627,942	0	0
em-p-ihep51	20260626092204999000000	25	23,303,082,639,360	23,303,162,081,280	14,685,610,853,221	25,154,938,761,216	25,945,969,811,456	22,034,264,555,520	29,685,706,653,696	386,570,329	928,707,329	0	0
em-p-ihep51	20260626092215106000000	30	23,303,087,181,824	23,303,154,130,944	14,670,110,848,714	25,154,938,761,216	25,945,969,811,456	22,034,264,555,520	29,685,706,653,696	590,719,217	1,348,562,241	49,152	0
em-p-ihep51	20260626092225098000000	25	23,303,511,769,088	23,303,578,345,472	14,682,483,382,930	25,154,938,761,216	25,945,969,811,456	22,034,264,555,520	29,685,706,653,696	441,557,074	1,409,393,303	0	0
em-p-ihep51	20260626092235206000000	23	23,303,504,891,904	23,303,938,101,248	14,672,198,949,712	25,154,938,761,216	25,945,969,811,456	22,034,264,555,520	29,685,706,653,696	371,996,900	2,289,098,966	0	0
em-p-ihep51	20260626092245198000000	21	23,303,508,905,984	23,303,579,054,080	14,678,487,348,904	25,154,938,761,216	25,945,969,811,456	22,034,264,555,520	29,685,706,653,696	582,864,839	1,644,073,492	0	0
em-p-ihep51	20260626092255282000000	17	23,303,507,718,144	23,303,578,107,904	14,671,234,179,708	25,154,938,761,216	25,945,969,811,456	22,034,264,555,520	29,685,706,653,696	494,057,744	855,764,885	0	0
em-p-ihep51	20260626092305391000000	16	23,303,508,799,488	23,303,573,733,376	14,670,326,573,458	25,154,938,761,216	25,945,969,811,456	22,034,264,555,520	29,685,706,653,696	509,654,608	937,908,288	0	0
em-p-ihep51	20260626092315396000000	19	23,303,507,722,240	23,303,615,938,560	14,671,427,639,061	25,154,938,761,216	25,945,969,811,456	22,034,264,555,520	29,685,706,653,696	386,461,037	889,204,792	0	0
em-p-ihep51	20260626092325382000000	14	23,303,506,534,400	23,303,693,680,640	14,669,541,046,185	25,154,938,761,216	25,945,969,811,456	22,034,264,555,520	29,685,706,653,696	317,815,945	702,661,951	0	0
em-p-ihep51	20260626092335478000000	18	23,303,509,000,192	23,303,695,646,720	14,669,139,872,656	25,154,938,761,216	25,945,969,811,456	22,034,264,555,520	29,685,706,653,696	372,015,766	1,020,589,150	0	0
em-p-ihep51	20260626092345577000000	16	23,303,508,893,696	23,303,707,152,384	14,669,789,497,484	25,154,938,761,216	25,945,969,811,456	22,034,264,555,520	29,685,706,653,696	358,569,842	1,594,161,490	0	0
em-p-ihep51	20260626092355568000000	17	23,303,505,440,768	23,303,679,209,472	14,670,192,640,166	25,154,938,761,216	25,945,969,811,456	22,034,264,555,520	29,685,706,653,696	482,887,226	1,335,027,100	0	0
em-p-ihep51	20260626092405652000000	14	23,303,506,792,448	23,303,682,736,128	14,671,938,209,159	25,154,938,761,216	25,945,969,811,456	22,034,264,555,520	29,685,706,653,696	346,952,137	1,159,832,546	0	0
em-p-ihep51	20260626092415745000000	20	23,303,506,796,544	23,303,737,196,544	14,674,088,290,199	25,154,938,761,216	25,945,969,811,456	22,034,264,555,520	29,685,706,653,696	230,131,646	1,337,384,060	0	0
em-p-ihep51	20260626092425849000000	18	23,303,505,608,704	23,303,681,601,536	14,678,491,076,857	25,154,938,761,216	25,945,969,811,456	22,034,264,555,520	29,685,706,653,696	244,769,856	606,049,378	0	0
em-p-ihep51	20260626092435824000000	15	23,303,506,579,456	23,303,703,592,960	14,667,115,204,911	25,154,938,761,216	25,945,969,811,456	22,034,264,555,520	29,685,706,653,696	232,479,142	590,028,282	0	0
em-p-ihep51	20260626092445940000000	18	23,303,506,743,296	23,303,683,923,968	14,676,945,481,592	25,154,938,761,216	25,945,969,811,456	22,034,264,555,520	29,685,706,653,696	488,580,808	1,244,108,921	0	0
em-p-ihep51	20260626092455939000000	13	23,303,506,636,800	23,303,680,937,984	14,679,561,865,514	25,154,938,761,216	25,945,969,811,456	22,034,264,555,520	29,685,706,653,696	702,508,695	1,317,896,671	0	0
em-p-ihep51	20260626092506078000000	20	23,303,511,367,680	23,303,685,136,384	14,672,985,719,237	25,154,938,761,216	25,945,969,811,456	22,034,264,555,520	29,685,706,653,696	585,682,248	1,796,369,924	0	0
em-p-ihep51	20260626092516125000000	24	23,303,520,923,648	23,303,693,086,720	14,679,894,772,060	25,154,938,761,216	25,945,969,811,456	22,034,264,555,520	29,685,706,653,696	425,788,160	2,033,206,697	0	0
em-p-ihep51	20260626092526229000000	19	23,303,519,768,576	23,303,933,845,504	14,672,350,901,222	25,154,938,761,216	25,945,969,811,456	22,034,264,555,520	29,685,706,653,696	712,108,363	1,003,787,256	0	0
em-p-ihep51	20260626092536318000000	18	23,303,567,507,456	23,303,740,727,296	14,677,637,624,769	25,154,938,761,216	25,945,969,811,456	22,034,264,555,520	29,685,706,653,696	277,723,587	603,211,055	0	0
em-p-ihep51	20260626092546402000000	15	23,303,568,588,800	23,303,680,258,048	14,664,725,609,248	25,154,938,761,216	25,945,969,811,456	22,034,264,555,520	29,685,706,653,696	727,949,867	1,345,763,075	0	0
em-p-ihep51	20260626092556508000000	16	23,303,568,809,984	23,304,188,403,712	14,670,707,425,761	25,154,938,761,216	25,945,969,811,456	22,034,264,555,520	29,685,706,653,696	321,491,358	692,222,286	0	0
em-p-ihep51	20260626092606527000000	21	23,303,570,862,080	23,303,668,002,816	14,675,338,284,236	25,154,938,761,216	25,945,969,811,456	22,034,264,555,520	29,685,706,653,696	534,296,049	1,162,064,213	0	0
em-p-ihep51	20260626092616597000000	18	23,303,571,025,920	23,303,667,290,112	14,673,265,588,490	25,154,938,761,216	25,945,969,811,456	22,034,264,555,520	29,685,706,653,696	573,693,038	1,138,386,672	0	0
em-p-ihep51	20260626092626692000000	13	23,303,570,128,896	23,303,688,028,160	14,670,151,780,447	25,154,938,761,216	25,945,969,811,456	22,034,264,555,520	29,685,706,653,696	391,385,929	2,530,858,431	4,096	0
em-p-ihep51	20260626092636794000000	21	23,303,571,451,904	23,303,682,617,344	14,676,119,575,095	25,154,938,761,216	25,945,969,811,456	22,034,264,555,520	29,685,706,653,696	441,048,492	1,805,966,158	0	0
em-p-ihep51	20260626092646808000000	21	23,303,566,647,296	23,304,115,998,720	14,671,591,186,515	25,154,938,761,216	25,945,969,811,456	22,034,264,555,520	29,685,706,653,696	424,666,992	800,156,380	0	0
em-p-ihep51	20260626092656812000000	19	23,303,565,623,296	23,303,658,041,344	14,672,848,333,595	25,154,938,761,216	25,945,969,811,456	22,034,264,555,520	29,685,706,653,696	329,964,274	928,910,739	0	0
em-p-ihep51	20260626092706920000000	22	23,303,566,934,016	23,303,673,597,952	14,671,927,806,586	25,154,938,761,216	25,945,969,811,456	22,034,264,555,520	29,685,706,653,696	573,347,491	1,144,470,469	0	0
em-p-ihep51	20260626092717031000000	15	23,303,567,904,768	23,303,655,411,712	14,670,883,185,416	25,154,938,761,216	25,945,969,811,456	22,034,264,555,520	29,685,706,653,696	423,003,358	880,500,518	0	0
em-p-ihep51	20260626092727088000000	18	23,303,568,068,608	23,303,654,412,288	14,670,991,200,693	25,154,938,761,216	25,945,969,811,456	22,034,264,555,520	29,685,706,653,696	388,484,884	836,016,184	0	0
em-p-ihep51	20260626092737205000000	15	23,303,568,068,608	23,303,677,890,560	14,673,857,407,889	25,154,938,761,216	25,945,969,811,456	22,034,264,555,520	29,685,706,653,696	386,511,547	921,033,627	0	0
em-p-ihep51	20260626092747251000000	19	23,303,569,584,128	23,303,655,944,192	14,667,488,231,519	25,154,938,761,216	25,945,969,811,456	22,034,264,555,520	29,685,706,653,696	520,697,532	1,640,329,054	0	0
em-p-ihep51	20260626092757347000000	16	23,303,569,588,224	23,303,695,835,136	14,671,940,748,342	25,154,938,761,216	25,945,969,811,456	22,034,264,555,520	29,685,706,653,696	412,402,811	1,295,378,351	53,248	0
em-p-ihep51	20260626092807465000000	21	23,303,572,111,360	23,303,671,836,672	14,679,297,730,178	25,154,938,761,216	25,945,969,811,456	22,034,264,555,520	29,685,706,653,696	454,881,959	1,010,895,471	0	0
em-p-ihep51	20260626092817540000000	18	23,303,573,188,608	23,303,668,031,488	14,663,595,781,172	25,154,938,761,216	25,945,969,811,456	22,034,264,555,520	29,685,706,653,696	285,309,952	800,301,278	0	0
em-p-ihep51	20260626092827671000000	11	23,303,574,704,128	23,303,672,795,136	14,665,513,067,728	25,154,938,761,216	25,945,969,811,456	22,034,264,555,520	29,685,706,653,696	224,594,542	646,953,470	0	0
em-p-ihep51	20260626092837668000000	20	23,303,570,063,360	23,303,671,013,376	14,669,903,549,356	25,154,938,761,216	25,945,969,811,456	22,034,264,555,520	29,685,706,653,696	467,193,205	952,055,099	0	0
em-p-ihep51	20260626092847786000000	19	23,303,574,654,976	23,303,691,849,728	14,670,405,541,828	25,154,938,761,216	25,945,969,811,456	22,034,264,555,520	29,685,706,653,696	287,419,940	1,042,768,291	0	0
em-p-ihep51	20260626092857858000000	16	23,303,574,818,816	23,303,695,994,880	14,676,702,859,685	25,154,938,761,216	25,945,969,811,456	22,034,264,555,520	29,685,706,653,696	321,033,770	912,890,353	0	0
em-p-ihep51	20260626092907845000000	23	23,303,571,202,048	23,303,679,774,720	14,683,850,559,557	25,154,938,761,216	25,945,969,811,456	22,034,264,555,520	29,685,706,653,696	441,684,064	1,987,012,083	0	0
em-p-ihep51	20260626092917857000000	20	23,306,189,029,376	23,306,301,394,944	14,685,037,167,929	25,154,938,761,216	25,945,969,811,456	22,034,264,555,520	29,685,706,653,696	564,935,333	1,983,903,171	0	0
em-p-ihep51	20260626092927860000000	14	23,306,193,133,568	23,306,299,961,344	14,676,632,393,806	25,154,938,761,216	25,945,969,811,456	22,034,264,555,520	29,685,706,653,696	347,605,879	911,849,593	0	0
em-p-ihep51	20260626092937868000000	14	23,306,193,219,584	23,306,653,822,976	14,671,558,169,535	25,154,938,761,216	25,945,969,811,456	22,034,264,555,520	29,685,706,653,696	229,346,583	2,188,958,966	0	0
em-p-ihep51	20260626092947915000000	20	23,306,193,190,912	23,306,304,520,192	14,676,462,793,786	25,154,938,761,216	25,945,969,811,456	22,034,264,555,520	29,685,706,653,696	819,659,709	2,236,119,311	0	0
em-p-ihep51	20260626092957903000000	25	23,306,191,048,704	23,306,841,649,152	14,687,727,906,670	25,154,938,761,216	25,945,969,811,456	22,034,264,555,520	29,685,706,653,696	597,294,686	1,267,260,791	0	0
em-p-ihep51	20260626093007942000000	32	23,306,197,147,648	23,306,307,014,656	14,701,256,798,000	25,154,938,761,216	25,945,969,811,456	22,034,264,555,520	29,685,706,653,696	955,717,062	2,995,283,203	0	0
em-p-ihep51	20260626093017908000000	36	23,306,193,854,464	23,306,300,678,144	14,713,404,801,815	25,154,938,761,216	25,945,969,811,456	22,034,264,555,520	29,685,706,653,696	1,121,015,111	3,008,174,824	0	0
em-p-ihep51	20260626093027911000000	28	23,306,196,017,152	23,306,798,182,400	14,687,063,066,067	25,154,938,761,216	25,945,969,811,456	22,034,264,555,520	29,685,706,653,696	1,113,652,069	2,201,225,713	0	0
em-p-ihep51	20260626093037945000000	25	23,306,199,851,008	23,306,309,021,696	14,683,791,072,279	25,154,938,761,216	25,945,969,811,456	22,034,264,555,520	29,685,706,653,696	528,608,233	2,089,007,343	0	0
em-p-ihep51	20260626093047943000000	23	23,306,200,932,352	23,306,312,974,336	14,691,074,386,711	25,154,938,761,216	25,945,969,811,456	22,034,264,555,520	29,685,706,653,696	616,581,770	2,005,803,959	0	0
em-p-ihep51	20260626093057940000000	26	23,306,190,348,288	23,306,576,302,080	14,684,770,659,379	25,154,938,761,216	25,945,969,811,456	22,034,264,555,520	29,685,706,653,696	792,763,220	1,584,506,218	0	0
em-p-ihep51	20260626093108037000000	20	23,306,191,429,632	23,306,294,464,512	14,691,209,854,828	25,154,938,761,216	25,945,969,811,456	22,034,264,555,520	29,685,706,653,696	456,232,393	1,281,045,876	0	0
em-p-ihep51	20260626093118147000000	22	23,306,193,788,928	23,306,314,919,936	14,699,599,806,842	25,154,938,761,216	25,945,969,811,456	22,034,264,555,520	29,685,706,653,696	259,422,930	2,023,935,116	0	0
em-p-ihep51	20260626093128142000000	27	23,306,230,140,928	23,306,313,535,488	14,690,895,321,837	25,154,938,761,216	25,945,969,811,456	22,034,264,555,520	29,685,706,653,696	186,033,603	1,533,472,097	0	0
em-p-ihep51	20260626093138231000000	20	23,306,228,953,088	23,306,330,734,592	14,686,154,952,613	25,154,938,761,216	25,945,969,811,456	22,034,264,555,520	29,685,706,653,696	524,277,711	1,132,276,343	0	0
em-p-ihep51	20260626093148327000000	23	23,306,232,467,456	23,306,320,388,096	14,686,309,547,566	25,154,938,761,216	25,945,969,811,456	22,034,264,555,520	29,685,706,653,696	446,781,818	1,442,733,054	0	0
em-p-ihep51	20260626093158425000000	20	23,306,235,109,376	23,306,322,817,024	14,684,201,323,605	25,154,938,761,216	25,945,969,811,456	22,034,264,555,520	29,685,706,653,696	603,245,371	1,574,200,146	0	0
em-p-ihep51	20260626093208432000000	22	23,306,236,440,576	23,306,426,384,384	14,684,018,386,791	25,154,938,761,216	25,945,969,811,456	22,034,264,555,520	29,685,706,653,696	451,138,979	2,924,895,588	0	0
em-p-ihep51	20260626093218517000000	17	23,306,227,986,432	23,306,313,650,176	14,679,641,567,097	25,154,938,761,216	25,945,969,811,456	22,034,264,555,520	29,685,706,653,696	423,524,183	2,323,572,230	0	0
em-p-ihep51	20260626093228524000000	16	23,306,228,957,184	23,306,313,474,048	14,682,956,276,787	25,154,938,761,216	25,945,969,811,456	22,034,264,555,520	29,685,706,653,696	294,545,510	1,197,779,052	0	0
em-p-ihep51	20260626093238539000000	17	23,306,229,231,616	23,306,351,104,000	14,669,863,248,409	25,154,938,761,216	25,945,969,811,456	22,034,264,555,520	29,685,706,653,696	392,718,785	1,210,792,539	0	0
em-p-ihep51	20260626093248626000000	17	23,306,228,043,776	23,306,302,787,584	14,690,133,328,177	25,154,938,761,216	25,945,969,811,456	22,034,264,555,520	29,685,706,653,696	365,136,628	1,366,114,620	0	0
em-p-ihep51	20260626093258723000000	19	23,306,232,365,056	23,306,304,974,848	14,682,864,207,863	25,154,938,761,216	25,945,969,811,456	22,034,264,555,520	29,685,706,653,696	548,486,005	1,530,984,723	0	0
em-p-ihep51	20260626093308811000000	16	23,306,232,528,896	23,306,307,313,664	14,674,786,726,154	25,154,938,761,216	25,945,969,811,456	22,034,264,555,520	29,685,706,653,696	737,154,798	1,647,624,513	0	0
em-p-ihep51	20260626093318825000000	15	23,306,233,880,576	23,306,808,647,680	14,678,217,484,504	25,154,938,761,216	25,945,969,811,456	22,034,264,555,520	29,685,706,653,696	636,899,497	1,557,777,296	0	0
em-p-ihep51	20260626093328933000000	19	23,306,235,125,760	23,306,378,100,736	14,686,649,410,390	25,154,938,761,216	25,945,969,811,456	22,034,264,555,520	29,685,706,653,696	430,946,460	1,806,208,220	0	0
em-p-ihep51	20260626093338931000000	21	23,306,235,289,600	23,306,377,732,096	14,677,923,172,111	25,154,938,761,216	25,945,969,811,456	22,034,264,555,520	29,685,706,653,696	404,783,931	1,769,316,860	0	0
em-p-ihep51	20260626093349008000000	16	23,306,234,265,600	23,306,882,191,360	14,678,547,846,337	25,154,938,761,216	25,945,969,811,456	22,034,264,555,520	29,685,706,653,696	572,957,797	1,463,645,400	0	0
em-p-ihep51	20260626093359112000000	12	23,306,235,346,944	23,306,376,269,824	14,679,130,406,878	25,154,938,761,216	25,945,969,811,456	22,034,264,555,520	29,685,706,653,696	436,627,112	1,209,092,268	0	0
em-p-ihep51	20260626093409113000000	15	23,306,235,510,784	23,306,376,282,112	14,686,776,170,060	25,154,938,761,216	25,945,969,811,456	22,034,264,555,520	29,685,706,653,696	422,449,130	1,606,013,943	0	0
em-p-ihep51	20260626093419131000000	16	23,306,229,571,584	23,306,350,477,312	14,680,073,496,440	25,154,938,761,216	25,945,969,811,456	22,034,264,555,520	29,685,706,653,696	669,197,629	1,515,142,889	0	0
em-p-ihep51	20260626093429209000000	12	23,306,229,571,584	23,306,355,679,232	14,678,824,807,597	25,154,938,761,216	25,945,969,811,456	22,034,264,555,520	29,685,706,653,696	630,111,640	1,303,856,404	0	0
em-p-ihep51	20260626093439308000000	12	23,306,231,734,272	23,306,348,859,392	14,680,904,423,448	25,154,938,761,216	25,945,969,811,456	22,034,264,555,520	29,685,706,653,696	364,359,511	1,238,768,832	0	0
em-p-ihep51	20260626093449323000000	13	23,306,231,627,776	23,306,346,205,184	14,678,860,660,701	25,154,938,761,216	25,945,969,811,456	22,034,264,555,520	29,685,706,653,696	268,821,577	1,502,834,504	0	0
em-p-ihep51	20260626093459404000000	16	23,306,231,627,776	23,306,782,867,456	14,682,132,111,149	25,154,938,761,216	25,945,969,811,456	22,034,264,555,520	29,685,706,653,696	334,128,260	1,742,955,671	24,576	0
em-p-ihep51	20260626093509515000000	20	23,306,223,656,960	23,306,339,471,360	14,690,827,720,805	25,154,938,761,216	25,945,969,811,456	22,034,264,555,520	29,685,706,653,696	738,034,780	2,029,899,382	106,496	0
em-p-ihep51	20260626093519578000000	25	23,306,223,656,960	23,306,338,914,304	14,677,924,365,990	25,154,938,761,216	25,945,969,811,456	22,034,264,555,520	29,685,706,653,696	912,520,594	2,292,769,985	0	0
em-p-ihep51	20260626093529585000000	23	23,306,225,008,640	23,306,794,196,992	14,688,065,285,146	25,154,938,761,216	25,945,969,811,456	22,034,264,555,520	29,685,706,653,696	636,904,993	1,388,973,822	0	0
em-p-ihep51	20260626093539611000000	21	23,306,225,979,392	23,306,343,092,224	14,681,206,684,712	25,154,938,761,216	25,945,969,811,456	22,034,264,555,520	29,685,706,653,696	306,857,900	1,138,128,750	0	0
em-p-ihep51	20260626093549713000000	21	23,306,224,930,816	23,306,724,270,080	14,683,099,315,552	25,154,938,761,216	25,945,969,811,456	22,034,264,555,520	29,685,706,653,696	663,894,719	2,697,854,243	0	0
em-p-ihep51	20260626093559687000000	18	23,306,225,008,640	23,306,342,539,264	14,685,799,522,145	25,154,938,761,216	25,945,969,811,456	22,034,264,555,520	29,685,706,653,696	457,234,673	1,771,881,093	0	0
em-p-ihep51	20260626093609702000000	23	23,306,227,167,232	23,306,338,664,448	14,685,518,328,970	25,154,938,761,216	25,945,969,811,456	22,034,264,555,520	29,685,706,653,696	795,676,705	2,259,025,940	0	0
em-p-ihep51	20260626093619711000000	26	23,306,254,360,576	23,306,369,597,440	14,690,644,711,158	25,154,938,761,216	25,945,969,811,456	22,034,264,555,520	29,685,706,653,696	517,835,901	2,028,587,097	0	0
em-p-ihep51	20260626093629710000000	17	23,306,255,450,112	23,306,419,515,392	14,693,613,322,010	25,154,938,761,216	25,945,969,811,456	22,034,264,555,520	29,685,706,653,696	516,992,578	1,624,459,006	0	0
em-p-ihep51	20260626093639734000000	23	23,306,254,372,864	23,306,680,672,256	14,686,669,199,527	25,154,938,761,216	25,945,969,811,456	22,034,264,555,520	29,685,706,653,696	777,641,397	1,164,491,590	0	0
em-p-ihep51	20260626093649825000000	24	23,306,255,347,712	23,306,373,435,392	14,688,921,537,524	25,154,938,761,216	25,945,969,811,456	22,034,264,555,520	29,685,706,653,696	324,586,919	1,092,829,100	0	0
em-p-ihep51	20260626093659934000000	24	23,306,283,728,896	23,306,402,013,184	14,682,844,315,938	25,154,938,761,216	25,945,969,811,456	22,034,264,555,520	29,685,706,653,696	458,197,499	1,157,218,200	0	0
em-p-ihep51	20260626093710041000000	16	23,306,286,325,760	23,306,844,639,232	14,687,141,427,880	25,154,938,761,216	25,945,969,811,456	22,034,264,555,520	29,685,706,653,696	475,627,585	1,262,405,323	0	0
em-p-ihep51	20260626093720043000000	15	23,306,281,775,104	23,306,343,538,688	14,694,386,262,409	25,154,938,761,216	25,945,969,811,456	22,034,264,555,520	29,685,706,653,696	325,057,067	807,502,738	0	0
em-p-ihep51	20260626093730142000000	19	23,306,284,314,624	23,306,339,037,184	14,677,859,327,133	25,154,938,761,216	25,945,969,811,456	22,034,264,555,520	29,685,706,653,696	256,650,373	1,473,777,797	0	0
em-p-ihep51	20260626093740235000000	18	23,306,286,477,312	23,306,341,826,560	14,686,039,863,567	25,154,938,761,216	25,945,969,811,456	22,034,264,555,520	29,685,706,653,696	843,220,831	1,793,541,213	0	0
em-p-ihep51	20260626093750229000000	23	23,306,284,101,632	23,306,363,805,696	14,685,699,174,062	25,154,938,761,216	25,945,969,811,456	22,034,264,555,520	29,685,706,653,696	491,498,461	1,722,443,308	0	0
em-p-ihep51	20260626093800226000000	23	23,306,290,204,672	23,306,346,651,648	14,684,942,224,934	25,154,938,761,216	25,945,969,811,456	22,034,264,555,520	29,685,706,653,696	479,439,136	1,619,640,518	0	0
em-p-ihep51	20260626093810319000000	17	23,306,288,803,840	23,306,342,408,192	14,686,574,719,801	25,154,938,761,216	25,945,969,811,456	22,034,264,555,520	29,685,706,653,696	547,335,814	1,188,880,192	0	0
em-p-ihep51	20260626093820321000000	18	23,306,302,132,224	23,306,878,570,496	14,677,753,327,547	25,154,938,761,216	25,945,969,811,456	22,034,264,555,520	29,685,706,653,696	282,752,826	843,809,395	0	0
em-p-ihep51	20260626093830346000000	17	23,306,295,169,024	23,306,336,874,496	14,674,729,047,082	25,154,938,761,216	25,945,969,811,456	22,034,264,555,520	29,685,706,653,696	686,802,916	1,234,654,544	0	0
em-p-ihep51	20260626093840326000000	18	23,306,295,689,216	23,306,383,220,736	14,664,444,907,919	25,154,938,761,216	25,945,969,811,456	22,034,264,555,520	29,685,706,653,696	503,432,001	1,052,307,801	0	0
em-p-ihep51	20260626093850446000000	14	23,306,295,840,768	23,306,341,265,408	14,674,697,292,466	25,154,938,761,216	25,945,969,811,456	22,034,264,555,520	29,685,706,653,696	379,682,313	1,029,099,199	0	0
em-p-ihep51	20260626093900559000000	15	23,306,295,734,272	23,306,347,339,776	14,674,428,155,736	25,154,938,761,216	25,945,969,811,456	22,034,264,555,520	29,685,706,653,696	311,424,118	1,247,473,213	0	0
em-p-ihep51	20260626093910582000000	23	23,306,297,008,128	23,306,353,786,880	14,677,793,596,551	25,154,938,761,216	25,945,969,811,456	22,034,264,555,520	29,685,706,653,696	349,462,000	2,002,172,657	0	0
em-p-ihep51	20260626093920585000000	18	23,306,296,438,784	23,306,355,130,368	14,673,421,635,610	25,154,938,761,216	25,945,969,811,456	22,034,264,555,520	29,685,706,653,696	393,927,283	1,586,711,263	0	0
em-p-ihep51	20260626093930688000000	13	23,306,297,520,128	23,306,792,669,184	14,672,624,335,565	25,154,938,761,216	25,945,969,811,456	22,034,264,555,520	29,685,706,653,696	434,484,416	839,263,873	0	0
em-p-ihep51	20260626093940704000000	22	23,306,294,960,128	23,306,463,055,872	14,667,831,201,175	25,154,938,761,216	25,945,969,811,456	22,034,264,555,520	29,685,706,653,696	488,224,173	2,332,509,145	0	0
em-p-ihep51	20260626093950708000000	19	23,306,298,744,832	23,306,356,609,024	14,680,892,246,452	25,154,938,761,216	25,945,969,811,456	22,034,264,555,520	29,685,706,653,696	362,476,281	1,495,376,535	0	0
em-p-ihep51	20260626094000709000000	19	23,306,298,744,832	23,306,590,064,640	14,675,567,033,468	25,154,938,761,216	25,945,969,811,456	22,034,264,555,520	29,685,706,653,696	313,609,942	859,699,479	0	0
em-p-ihep51	20260626094010739000000	28	23,306,319,347,712	23,306,377,478,144	14,703,682,395,356	25,154,938,761,216	25,945,969,811,456	22,034,264,555,520	29,685,706,653,696	1,057,112,338	2,370,132,240	0	0
em-p-ihep51	20260626094020764000000	28	23,306,321,842,176	23,306,393,931,776	14,710,278,868,919	25,154,938,761,216	25,945,969,811,456	22,034,264,555,520	29,685,706,653,696	925,106,465	2,030,861,030	0	0
em-p-ihep51	20260626094030854000000	26	23,306,467,385,344	23,306,525,683,712	14,683,412,053,405	25,154,938,761,216	25,945,969,811,456	22,034,264,555,520	29,685,706,653,696	472,545,046	1,390,039,874	0	0
em-p-ihep51	20260626094040862000000	26	23,306,533,842,944	23,306,595,921,920	14,696,928,241,048	25,154,938,761,216	25,945,969,811,456	22,034,264,555,520	29,685,706,653,696	366,334,166	972,859,308	0	0
em-p-ihep51	20260626094050861000000	16	23,306,714,640,384	23,306,775,019,520	14,681,381,714,119	25,154,938,761,216	25,945,969,811,456	22,034,264,555,520	29,685,706,653,696	402,170,538	1,032,458,531	0	0
em-p-ihep51	20260626094100963000000	20	23,306,715,881,472	23,306,766,540,800	14,679,611,739,378	25,154,938,761,216	25,945,969,811,456	22,034,264,555,520	29,685,706,653,696	280,309,519	989,537,719	0	0
em-p-ihep51	20260626094110950000000	27	23,306,699,255,808	23,307,168,681,984	14,690,927,511,090	25,154,938,761,216	25,945,969,811,456	22,034,264,555,520	29,685,706,653,696	524,398,141	1,067,812,312	0	0
em-p-ihep51	20260626094120988000000	24	23,306,688,462,848	23,306,744,463,360	14,677,630,767,427	25,154,938,761,216	25,945,969,811,456	22,034,264,555,520	29,685,706,653,696	325,453,230	718,648,568	0	0
em-p-ihep51	20260626094130985000000	21	23,306,688,626,688	23,306,740,248,576	14,681,609,967,952	25,154,938,761,216	25,945,969,811,456	22,034,264,555,520	29,685,706,653,696	404,182,772	788,454,627	0	0
em-p-ihep51	20260626094141016000000	20	23,306,692,030,464	23,306,807,697,408	14,690,858,568,497	25,154,938,761,216	25,945,969,811,456	22,034,264,555,520	29,685,706,653,696	379,126,112	1,113,959,945	0	0
em-p-ihep51	20260626094151020000000	22	23,306,691,166,208	23,306,769,891,328	14,673,667,138,635	25,154,938,761,216	25,945,969,811,456	22,034,264,555,520	29,685,706,653,696	457,301,726	1,422,735,016	45,056	0
em-p-ihep51	20260626094201157000000	17	23,306,707,181,568	23,306,838,851,584	14,680,860,873,355	25,154,938,761,216	25,945,969,811,456	22,034,264,555,520	29,685,706,653,696	227,720,189	1,061,891,254	0	0
em-p-ihep51	20260626094211115000000	23	23,306,710,011,904	23,307,001,249,792	14,677,722,843,725	25,154,938,761,216	25,945,969,811,456	22,034,264,555,520	29,685,706,653,696	434,157,706	2,668,312,736	0	0
em-p-ihep51	20260626094221131000000	16	23,306,707,603,456	23,306,805,555,200	14,666,269,293,171	25,154,938,761,216	25,945,969,811,456	22,034,264,555,520	29,685,706,653,696	289,340,093	888,903,405	0	0
em-p-ihep51	20260626094231153000000	17	23,306,705,227,776	23,306,799,362,048	14,684,704,933,591	25,154,938,761,216	25,945,969,811,456	22,034,264,555,520	29,685,706,653,696	270,338,819	691,208,027	0	0
em-p-ihep51	20260626094241248000000	17	23,306,706,571,264	23,306,800,791,552	14,674,485,667,370	25,154,938,761,216	25,945,969,811,456	22,034,264,555,520	29,685,706,653,696	240,793,243	744,268,097	0	0
em-p-ihep51	20260626094251273000000	16	23,306,706,735,104	23,306,838,065,152	14,672,902,716,737	25,154,938,761,216	25,945,969,811,456	22,034,264,555,520	29,685,706,653,696	383,043,616	878,273,635	0	0
em-p-ihep51	20260626094301271000000	18	23,306,705,440,768	23,306,788,872,192	14,677,749,546,591	25,154,938,761,216	25,945,969,811,456	22,034,264,555,520	29,685,706,653,696	194,897,014	690,630,919	0	0
em-p-ihep51	20260626094311367000000	18	23,306,704,416,768	23,306,787,704,832	14,687,876,147,690	25,154,938,761,216	25,945,969,811,456	22,034,264,555,520	29,685,706,653,696	402,055,637	1,527,828,552	0	0
em-p-ihep51	20260626094321488000000	16	23,306,704,310,272	23,306,781,532,160	14,676,382,166,662	25,154,938,761,216	25,945,969,811,456	22,034,264,555,520	29,685,706,653,696	383,993,118	1,338,822,743	0	0
em-p-ihep51	20260626094331510000000	16	23,306,700,529,664	23,306,780,905,472	14,693,142,513,816	25,154,938,761,216	25,945,969,811,456	22,034,264,555,520	29,685,706,653,696	323,741,608	919,309,960	0	0
em-p-ihep51	20260626094341584000000	19	23,306,702,852,096	23,306,870,280,192	14,683,449,709,827	25,154,938,761,216	25,945,969,811,456	22,034,264,555,520	29,685,706,653,696	612,210,565	1,223,772,785	0	0
em-p-ihep51	20260626094351669000000	16	23,306,701,885,440	23,306,859,704,320	14,678,795,697,759	25,154,938,761,216	25,945,969,811,456	22,034,264,555,520	29,685,706,653,696	490,471,561	1,013,719,631	0	0
em-p-ihep51	20260626094401691000000	18	23,306,701,778,944	23,307,148,406,784	14,676,204,032,404	25,154,938,761,216	25,945,969,811,456	22,034,264,555,520	29,685,706,653,696	481,524,864	1,400,589,666	0	0
em-p-ihep51	20260626094411779000000	15	23,306,701,942,784	23,306,859,606,016	14,680,934,087,063	25,154,938,761,216	25,945,969,811,456	22,034,264,555,520	29,685,706,653,696	268,661,125	771,654,314	0	0
em-p-ihep51	20260626094421788000000	13	23,306,701,836,288	23,306,858,352,640	14,674,824,387,518	25,154,938,761,216	25,945,969,811,456	22,034,264,555,520	29,685,706,653,696	238,619,377	945,825,683	0	0
em-p-ihep51	20260626094431880000000	14	23,306,701,729,792	23,306,868,203,520	14,672,357,193,576	25,154,938,761,216	25,945,969,811,456	22,034,264,555,520	29,685,706,653,696	496,545,185	1,233,283,755	0	0
em-p-ihep51	20260626094441898000000	15	23,306,700,595,200	23,306,851,917,824	14,676,231,511,434	25,154,938,761,216	25,945,969,811,456	22,034,264,555,520	29,685,706,653,696	356,040,260	1,496,830,376	0	0
em-p-ihep51	20260626094451984000000	22	23,306,701,844,480	23,306,853,068,800	14,685,469,747,077	25,154,938,761,216	25,945,969,811,456	22,034,264,555,520	29,685,706,653,696	857,223,258	1,521,011,300	0	0
em-p-ihep51	20260626094501996000000	22	23,306,702,979,072	23,306,852,122,624	14,682,369,804,382	25,154,938,761,216	25,945,969,811,456	22,034,264,555,520	29,685,706,653,696	735,173,275	1,414,490,824	0	0
em-p-ihep51	20260626094512066000000	32	23,306,700,713,984	23,307,200,749,568	14,695,597,146,704	25,154,938,761,216	25,945,969,811,456	22,034,264,555,520	29,685,706,653,696	828,359,507	1,823,625,614	0	0
em-p-ihep51	20260626094522052000000	27	23,306,695,958,528	23,306,843,471,872	14,683,049,171,838	25,154,938,761,216	25,945,969,811,456	22,034,264,555,520	29,685,706,653,696	632,521,400	1,327,142,818	0	0
em-p-ihep51	20260626094532072000000	21	23,306,697,256,960	23,306,843,676,672	14,680,858,316,300	25,154,938,761,216	25,945,969,811,456	22,034,264,555,520	29,685,706,653,696	280,277,121	814,271,261	0	0
em-p-ihep51	20260626094542170000000	20	23,306,695,962,624	23,307,266,777,088	14,676,970,038,192	25,154,938,761,216	25,945,969,811,456	22,034,264,555,520	29,685,706,653,696	351,018,945	852,296,348	0	0
em-p-ihep51	20260626094552274000000	21	23,306,694,717,440	23,306,826,952,704	14,669,938,927,507	25,154,938,761,216	25,945,969,811,456	22,034,264,555,520	29,685,706,653,696	516,603,945	1,508,602,994	0	0
em-p-ihep51	20260626094602279000000	20	23,306,694,754,304	23,307,037,839,360	14,677,472,557,226	25,154,938,761,216	25,945,969,811,456	22,034,264,555,520	29,685,706,653,696	274,558,201	2,946,969,443	0	0
em-p-ihep51	20260626094612379000000	18	23,306,698,571,776	23,306,967,265,280	14,679,073,887,654	25,154,938,761,216	25,945,969,811,456	22,034,264,555,520	29,685,706,653,696	310,813,691	1,287,476,966	0	0
em-p-ihep51	20260626094622383000000	20	23,306,704,347,136	23,306,835,009,536	14,668,745,476,636	25,154,938,761,216	25,945,969,811,456	22,034,264,555,520	29,685,706,653,696	433,566,515	2,084,090,509	0	0
em-p-ihep51	20260626094632387000000	19	23,306,703,159,296	23,306,932,195,328	14,678,553,887,640	25,154,938,761,216	25,945,969,811,456	22,034,264,555,520	29,685,706,653,696	530,207,838	1,042,283,066	0	0
em-p-ihep51	20260626094642391000000	24	23,306,699,640,832	23,306,866,417,664	14,678,537,575,300	25,154,938,761,216	25,945,969,811,456	22,034,264,555,520	29,685,706,653,696	434,798,041	1,028,626,612	0	0
em-p-ihep51	20260626094652529000000	22	23,306,708,819,968	23,307,326,291,968	14,674,733,048,289	25,154,938,761,216	25,945,969,811,456	22,034,264,555,520	29,685,706,653,696	365,650,391	987,518,994	0	0
em-p-ihep51	20260626094702509000000	27	23,306,717,949,952	23,306,884,026,368	14,686,724,261,390	25,154,938,761,216	25,945,969,811,456	22,034,264,555,520	29,685,706,653,696	234,623,769	941,303,510	0	0
em-p-ihep51	20260626094712514000000	21	23,306,716,872,704	23,306,883,526,656	14,670,939,566,594	25,154,938,761,216	25,945,969,811,456	22,034,264,555,520	29,685,706,653,696	731,027,990	1,763,307,126	0	0
em-p-ihep51	20260626094722514000000	20	23,306,718,248,960	23,307,287,957,504	14,675,892,070,941	25,154,938,761,216	25,945,969,811,456	22,034,264,555,520	29,685,706,653,696	668,489,152	1,765,079,368	0	0
em-p-ihep51	20260626094732521000000	21	23,306,722,942,976	23,306,890,051,584	14,680,058,863,603	25,154,938,761,216	25,945,969,811,456	22,034,264,555,520	29,685,706,653,696	723,453,892	1,834,160,899	0	0
em-p-ihep51	20260626094742614000000	21	23,306,723,971,072	23,306,891,567,104	14,677,811,000,984	25,154,938,761,216	25,945,969,811,456	22,034,264,555,520	29,685,706,653,696	472,592,586	1,057,802,106	0	0
em-p-ihep51	20260626094752625000000	17	23,306,724,085,760	23,306,891,587,584	14,677,567,037,230	25,154,938,761,216	25,945,969,811,456	22,034,264,555,520	29,685,706,653,696	807,972,181	1,410,813,035	0	0
em-p-ihep51	20260626094802649000000	21	23,306,723,061,760	23,306,888,839,168	14,682,487,941,228	25,154,938,761,216	25,945,969,811,456	22,034,264,555,520	29,685,706,653,696	587,475,395	1,316,779,359	0	0
em-p-ihep51	20260626094812689000000	28	23,306,729,979,904	23,306,898,493,440	14,692,291,088,003	25,154,938,761,216	25,945,969,811,456	22,034,264,555,520	29,685,706,653,696	580,001,848	1,260,337,974	0	0
em-p-ihep51	20260626094822717000000	21	23,306,731,323,392	23,306,897,559,552	14,689,952,449,086	25,154,938,761,216	25,945,969,811,456	22,034,264,555,520	29,685,706,653,696	258,376,607	978,116,841	0	0
em-p-ihep51	20260626094832702000000	24	23,306,730,512,384	23,307,308,019,712	14,675,692,875,854	25,154,938,761,216	25,945,969,811,456	22,034,264,555,520	29,685,706,653,696	462,974,602	1,151,242,452	0	0
em-p-ihep51	20260626094842708000000	22	23,306,733,330,432	23,306,900,484,096	14,678,154,607,334	25,154,938,761,216	25,945,969,811,456	22,034,264,555,520	29,685,706,653,696	603,822,119	1,462,725,991	0	0
em-p-ihep51	20260626094852762000000	18	23,306,730,848,256	23,306,918,207,488	14,676,652,617,999	25,154,938,761,216	25,945,969,811,456	22,034,264,555,520	29,685,706,653,696	330,963,405	1,353,660,915	0	0
em-p-ihep51	20260626094902834000000	20	23,306,727,448,576	23,307,455,614,976	14,668,543,549,744	25,154,938,761,216	25,945,969,811,456	22,034,264,555,520	29,685,706,653,696	497,710,017	1,219,820,696	0	0
em-p-ihep51	20260626094912922000000	22	23,306,732,093,440	23,306,915,868,672	14,678,515,972,438	25,154,938,761,216	25,945,969,811,456	22,034,264,555,520	29,685,706,653,696	381,213,913	1,915,867,191	0	0
em-p-ihep51	20260626094922924000000	25	23,306,731,876,352	23,306,902,421,504	14,684,600,627,999	25,154,938,761,216	25,945,969,811,456	22,034,264,555,520	29,685,706,653,696	257,937,084	1,052,542,338	0	0
em-p-ihep51	20260626094932922000000	19	23,306,733,445,120	23,306,940,809,216	14,670,512,918,598	25,154,938,761,216	25,945,969,811,456	22,034,264,555,520	29,685,706,653,696	574,313,571	1,491,799,150	0	0
em-p-ihep51	20260626094943026000000	17	23,306,729,668,608	23,306,896,371,712	14,679,510,822,285	25,154,938,761,216	25,945,969,811,456	22,034,264,555,520	29,685,706,653,696	446,332,779	889,725,928	0	0
em-p-ihep51	20260626094953028000000	24	23,306,728,644,608	23,306,892,992,512	14,673,850,838,166	25,154,938,761,216	25,945,969,811,456	22,034,264,555,520	29,685,706,653,696	418,793,320	997,513,268	0	0
em-p-ihep51	20260626095003036000000	24	23,306,742,902,784	23,306,904,203,264	14,677,265,682,600	25,154,938,761,216	25,945,969,811,456	22,034,264,555,520	29,685,706,653,696	519,862,964	1,626,621,076	0	0
em-p-ihep51	20260626095013052000000	32	23,306,732,371,968	23,307,058,659,328	14,706,385,586,786	25,154,938,761,216	25,945,969,811,456	22,034,264,555,520	29,685,706,653,696	831,355,448	3,759,208,806	0	0
em-p-ihep51	20260626095023070000000	27	23,306,733,420,544	23,306,894,553,088	14,676,752,719,067	25,154,938,761,216	25,945,969,811,456	22,034,264,555,520	29,685,706,653,696	612,673,261	1,970,839,343	0	0
em-p-ihep51	20260626095033080000000	24	23,306,722,627,584	23,306,885,292,032	14,684,120,094,958	25,154,938,761,216	25,945,969,811,456	22,034,264,555,520	29,685,706,653,696	564,915,206	1,100,937,339	0	0
em-p-ihep51	20260626095043085000000	19	23,306,722,680,832	23,307,083,718,656	14,680,436,516,455	25,154,938,761,216	25,945,969,811,456	22,034,264,555,520	29,685,706,653,696	408,818,950	874,467,798	0	0
em-p-ihep51	20260626095053093000000	20	23,306,720,092,160	23,306,883,190,784	14,675,005,368,209	25,154,938,761,216	25,945,969,811,456	22,034,264,555,520	29,685,706,653,696	548,368,985	1,045,442,643	0	0
em-p-ihep51	20260626095103104000000	16	23,306,718,904,320	23,306,872,758,272	14,678,926,368,858	25,154,938,761,216	25,945,969,811,456	22,034,264,555,520	29,685,706,653,696	226,750,289	1,732,338,860	0	0
em-p-ihep51	20260626095113105000000	23	23,306,720,473,088	23,306,876,112,896	14,681,162,504,173	25,154,938,761,216	25,945,969,811,456	22,034,264,555,520	29,685,706,653,696	622,166,794	1,465,932,934	0	0
em-p-ihep51	20260626095123208000000	16	23,306,720,399,360	23,306,898,591,744	14,671,520,473,294	25,154,938,761,216	25,945,969,811,456	22,034,264,555,520	29,685,706,653,696	521,568,021	1,063,011,146	0	0
em-p-ihep51	20260626095133306000000	17	23,306,718,101,504	23,306,909,351,936	14,677,554,883,888	25,154,938,761,216	25,945,969,811,456	22,034,264,555,520	29,685,706,653,696	222,338,710	1,011,626,572	0	0
em-p-ihep51	20260626095143345000000	19	23,306,715,783,168	23,306,888,949,760	14,685,296,570,727	25,154,938,761,216	25,945,969,811,456	22,034,264,555,520	29,685,706,653,696	554,626,087	1,605,193,755	0	0
em-p-ihep51	20260626095153335000000	26	23,306,719,350,784	23,307,014,823,936	14,676,599,606,866	25,154,938,761,216	25,945,969,811,456	22,034,264,555,520	29,685,706,653,696	525,921,501	1,266,614,437	139,264	0
em-p-ihep51	20260626095203341000000	19	23,306,719,928,320	23,306,893,721,600	14,667,352,238,835	25,154,938,761,216	25,945,969,811,456	22,034,264,555,520	29,685,706,653,696	771,162,059	1,299,400,817	0	0
em-p-ihep51	20260626095213338000000	24	23,306,721,173,504	23,306,894,880,768	14,671,874,579,700	25,154,938,761,216	25,945,969,811,456	22,034,264,555,520	29,685,706,653,696	623,812,424	1,315,994,920	0	0
em-p-ihep51	20260626095223357000000	23	23,306,724,687,872	23,306,920,570,880	14,680,889,379,620	25,154,938,761,216	25,945,969,811,456	22,034,264,555,520	29,685,706,653,696	588,000,025	927,852,691	0	0
em-p-ihep51	20260626095233350000000	15	23,306,722,578,432	23,306,893,205,504	14,671,455,602,779	25,154,938,761,216	25,945,969,811,456	22,034,264,555,520	29,685,706,653,696	249,654,447	741,333,375	0	0
em-p-ihep51	20260626095243363000000	19	23,306,721,554,432	23,306,959,032,320	14,671,342,674,439	25,154,938,761,216	25,945,969,811,456	22,034,264,555,520	29,685,706,653,696	640,230,556	1,101,141,610	0	0
em-p-ihep51	20260626095253365000000	21	23,306,715,430,912	23,306,890,690,560	14,667,870,154,238	25,154,938,761,216	25,945,969,811,456	22,034,264,555,520	29,685,706,653,696	775,999,277	1,282,643,973	0	0
em-p-ihep51	20260626095303464000000	21	23,306,719,703,040	23,306,905,587,712	14,664,931,896,352	25,154,938,761,216	25,945,969,811,456	22,034,264,555,520	29,685,706,653,696	847,972,491	3,209,818,213	0	0
em-p-ihep51	20260626095313559000000	19	23,306,719,563,776	23,306,892,275,712	14,678,784,618,657	25,154,938,761,216	25,945,969,811,456	22,034,264,555,520	29,685,706,653,696	491,643,510	2,704,060,003	0	0
em-p-ihep51	20260626095323655000000	16	23,307,202,166,784	23,307,346,591,744	14,681,059,814,919	25,154,938,761,216	25,945,969,811,456	22,034,264,555,520	29,685,706,653,696	479,532,941	1,264,396,837	0	0
em-p-ihep51	20260626095333751000000	14	23,307,202,060,288	23,307,861,188,608	14,667,056,582,982	25,154,938,761,216	25,945,969,811,456	22,034,264,555,520	29,685,706,653,696	341,147,342	1,099,139,794	0	0
em-p-ihep51	20260626095343842000000	15	23,307,201,949,696	23,307,414,560,768	14,673,165,640,803	25,154,938,761,216	25,945,969,811,456	22,034,264,555,520	29,685,706,653,696	490,436,619	1,457,820,417	0	0
em-p-ihep51	20260626095353937000000	20	23,307,204,382,720	23,307,422,298,112	14,674,214,831,163	25,154,938,761,216	25,945,969,811,456	22,034,264,555,520	29,685,706,653,696	204,075,299	1,619,970,219	0	0
em-p-ihep51	20260626095403940000000	25	23,307,327,545,344	23,307,554,426,880	14,665,623,903,673	25,154,938,761,216	25,945,969,811,456	22,034,264,555,520	29,685,706,653,696	408,804,161	1,487,115,178	0	0
em-p-ihep51	20260626095414044000000	21	23,307,329,007,616	23,307,701,530,624	14,673,870,335,621	25,154,938,761,216	25,945,969,811,456	22,034,264,555,520	29,685,706,653,696	608,218,471	2,115,166,134	0	0
em-p-ihep51	20260626095424050000000	25	23,307,331,514,368	23,307,484,852,224	14,676,394,468,336	25,154,938,761,216	25,945,969,811,456	22,034,264,555,520	29,685,706,653,696	295,528,838	1,547,866,203	0	0
em-p-ihep51	20260626095434066000000	27	23,307,330,220,032	23,307,483,648,000	14,672,599,079,848	25,154,938,761,216	25,945,969,811,456	22,034,264,555,520	29,685,706,653,696	599,416,509	1,600,274,704	0	0
em-p-ihep51	20260626095444067000000	23	23,307,332,272,128	23,307,484,983,296	14,667,344,774,678	25,154,938,761,216	25,945,969,811,456	22,034,264,555,520	29,685,706,653,696	430,396,950	1,135,988,855	0	0
em-p-ihep51	20260626095454073000000	24	23,307,332,165,632	23,307,483,279,360	14,679,942,851,214	25,154,938,761,216	25,945,969,811,456	22,034,264,555,520	29,685,706,653,696	208,212,291	911,870,833	0	0
em-p-ihep51	20260626095504067000000	26	23,307,347,300,352	23,307,502,796,800	14,674,526,187,416	25,154,938,761,216	25,945,969,811,456	22,034,264,555,520	29,685,706,653,696	598,567,720	1,174,273,499	0	0
em-p-ihep51	20260626095514090000000	20	23,307,347,308,544	23,307,583,434,752	14,678,264,510,350	25,154,938,761,216	25,945,969,811,456	22,034,264,555,520	29,685,706,653,696	246,101,314	1,047,937,961	0	0
em-p-ihep51	20260626095524200000000	20	23,307,379,740,672	23,307,434,344,448	14,673,710,114,725	25,154,938,761,216	25,945,969,811,456	22,034,264,555,520	29,685,706,653,696	382,515,214	1,482,285,792	0	0
em-p-ihep51	20260626095534195000000	24	23,307,379,634,176	23,307,458,781,184	14,673,815,895,334	25,154,938,761,216	25,945,969,811,456	22,034,264,555,520	29,685,706,653,696	544,251,922	1,103,063,968	0	0
em-p-ihep51	20260626095544307000000	19	23,307,376,181,248	23,307,533,484,032	14,668,809,587,767	25,154,938,761,216	25,945,969,811,456	22,034,264,555,520	29,685,706,653,696	236,077,504	1,152,303,610	0	0
em-p-ihep51	20260626095554308000000	18	23,307,375,157,248	23,307,504,783,360	14,674,424,216,612	25,154,938,761,216	25,945,969,811,456	22,034,264,555,520	29,685,706,653,696	320,616,779	1,330,907,355	0	0
em-p-ihep51	20260626095604376000000	22	23,307,376,128,000	23,307,463,819,264	14,669,777,675,641	25,154,938,761,216	25,945,969,811,456	22,034,264,555,520	29,685,706,653,696	559,756,584	1,342,039,499	0	0
em-p-ihep51	20260626095614358000000	24	23,307,378,454,528	23,307,512,217,600	14,676,960,948,417	25,154,938,761,216	25,945,969,811,456	22,034,264,555,520	29,685,706,653,696	598,752,648	1,822,689,287	0	0
em-p-ihep51	20260626095624369000000	33	23,307,377,483,776	23,307,465,146,368	14,674,147,384,579	25,154,938,761,216	25,945,969,811,456	22,034,264,555,520	29,685,706,653,696	514,068,671	1,199,795,500	0	0
em-p-ihep51	20260626095634477000000	26	23,307,375,001,600	23,307,465,441,280	14,667,073,971,982	25,154,938,761,216	25,945,969,811,456	22,034,264,555,520	29,685,706,653,696	380,371,463	1,022,982,220	0	0
em-p-ihep51	20260626095644489000000	30	23,307,373,596,672	23,307,445,739,520	14,683,577,623,222	25,154,938,761,216	25,945,969,811,456	22,034,264,555,520	29,685,706,653,696	502,518,753	1,212,472,426	0	0
em-p-ihep51	20260626095654480000000	32	23,307,404,931,072	23,307,504,828,416	14,687,321,474,603	25,154,938,761,216	25,945,969,811,456	22,034,264,555,520	29,685,706,653,696	439,850,079	945,465,375	0	0
em-p-ihep51	20260626095704488000000	27	23,307,408,412,672	23,307,475,763,200	14,668,408,136,759	25,154,938,761,216	25,945,969,811,456	22,034,264,555,520	29,685,706,653,696	313,298,330	2,092,166,716	0	0
em-p-ihep51	20260626095714491000000	18	23,307,393,413,120	23,307,458,670,592	14,677,678,506,591	25,154,938,761,216	25,945,969,811,456	22,034,264,555,520	29,685,706,653,696	405,022,404	1,994,424,189	0	0
em-p-ihep51	20260626095724522000000	23	23,307,390,930,944	23,307,861,549,056	14,678,914,923,819	25,154,938,761,216	25,945,969,811,456	22,034,264,555,520	29,685,706,653,696	416,973,713	1,605,453,045	0	0
em-p-ihep51	20260626095734526000000	33	23,307,394,383,872	23,307,462,680,576	14,676,319,129,326	25,154,938,761,216	25,945,969,811,456	22,034,264,555,520	29,685,706,653,696	769,779,984	1,864,645,151	0	0
em-p-ihep51	20260626095744532000000	22	23,307,397,033,984	23,307,462,053,888	14,672,479,240,522	25,154,938,761,216	25,945,969,811,456	22,034,264,555,520	29,685,706,653,696	800,236,096	1,190,000,046	0	0
em-p-ihep51	20260626095754540000000	19	23,307,394,551,808	23,307,769,663,488	14,669,452,239,353	25,154,938,761,216	25,945,969,811,456	22,034,264,555,520	29,685,706,653,696	487,327,508	1,115,934,591	0	0
em-p-ihep51	20260626095804541000000	20	23,307,401,814,016	23,307,468,128,256	14,669,006,849,148	25,154,938,761,216	25,945,969,811,456	22,034,264,555,520	29,685,706,653,696	505,946,959	1,095,600,227	0	0
em-p-ihep51	20260626095814540000000	18	23,307,400,441,856	23,307,467,268,096	14,675,468,420,487	25,154,938,761,216	25,945,969,811,456	22,034,264,555,520	29,685,706,653,696	312,594,633	874,484,115	0	0
em-p-ihep51	20260626095824552000000	20	23,307,398,094,848	23,307,464,331,264	14,669,442,482,053	25,154,938,761,216	25,945,969,811,456	22,034,264,555,520	29,685,706,653,696	818,101,645	1,614,329,748	81,920	0
em-p-ihep51	20260626095834546000000	22	23,307,392,122,880	23,307,457,523,712	14,673,063,637,040	25,154,938,761,216	25,945,969,811,456	22,034,264,555,520	29,685,706,653,696	630,069,053	1,219,640,975	0	0
em-p-ihep51	20260626095844660000000	23	23,307,389,640,704	23,307,432,529,920	14,671,563,923,353	25,154,938,761,216	25,945,969,811,456	22,034,264,555,520	29,685,706,653,696	861,363,033	1,784,911,030	0	0
em-p-ihep51	20260626095854731000000	19	23,307,390,611,456	23,307,499,757,568	14,667,758,260,268	25,154,938,761,216	25,945,969,811,456	22,034,264,555,520	29,685,706,653,696	309,649,268	1,356,693,056	0	0
em-p-ihep51	20260626095904831000000	20	23,307,389,423,616	23,307,852,222,464	14,673,808,693,708	25,154,938,761,216	25,945,969,811,456	22,034,264,555,520	29,685,706,653,696	645,562,754	1,314,506,551	0	0
em-p-ihep51	20260626095914836000000	22	23,307,391,856,640	23,307,439,263,744	14,681,809,507,100	25,154,938,761,216	25,945,969,811,456	22,034,264,555,520	29,685,706,653,696	338,044,625	1,608,656,081	0	0
em-p-ihep51	20260626095924849000000	21	23,307,397,697,536	23,307,448,471,552	14,687,790,224,259	25,154,938,761,216	25,945,969,811,456	22,034,264,555,520	29,685,706,653,696	283,935,745	945,409,266	0	0
em-p-ihep51	20260626095934843000000	19	23,307,393,536,000	23,307,468,075,008	14,683,430,894,545	25,154,938,761,216	25,945,969,811,456	22,034,264,555,520	29,685,706,653,696	721,303,674	1,640,323,973	0	0
em-p-ihep51	20260626095944944000000	19	23,307,391,160,320	23,307,443,724,288	14,675,657,482,847	25,154,938,761,216	25,945,969,811,456	22,034,264,555,520	29,685,706,653,696	465,429,236	1,211,322,747	0	0
em-p-ihep51	20260626095955036000000	15	23,307,391,053,824	23,307,444,137,984	14,683,166,823,855	25,154,938,761,216	25,945,969,811,456	22,034,264,555,520	29,685,706,653,696	335,517,696	622,398,382	0	0
em-p-ihep51	20260626100005075000000	31	23,307,424,534,528	23,307,571,240,960	14,701,287,512,769	25,154,938,761,216	25,945,969,811,456	22,034,264,555,520	29,685,706,653,696	581,909,104	2,496,325,235	0	0
em-p-ihep51	20260626100015086000000	42	23,307,619,524,608	23,307,833,036,800	14,748,631,058,061	25,154,938,761,216	25,945,969,811,456	22,034,264,555,520	29,685,706,653,696	946,176,905	3,849,676,971	0	0
em-p-ihep51	20260626100025113000000	36	23,307,677,073,408	23,307,729,276,928	14,699,953,395,446	25,154,938,761,216	25,945,969,811,456	22,034,264,555,520	29,685,706,653,696	683,961,360	2,358,355,426	0	0
em-p-ihep51	20260626100035136000000	28	23,307,663,712,256	23,307,718,397,952	14,718,093,007,833	25,154,938,761,216	25,945,969,811,456	22,034,264,555,520	29,685,706,653,696	496,524,267	873,492,411	0	0
em-p-ihep51	20260626100045149000000	27	23,307,664,093,184	23,307,751,374,848	14,696,517,861,853	25,154,938,761,216	25,945,969,811,456	22,034,264,555,520	29,685,706,653,696	352,374,347	1,454,603,136	0	0
em-p-ihep51	20260626100055246000000	20	23,307,659,341,824	23,307,750,965,248	14,688,620,295,675	25,154,938,761,216	25,945,969,811,456	22,034,264,555,520	29,685,706,653,696	657,287,332	1,553,209,754	0	0
em-p-ihep51	20260626100105252000000	26	23,307,651,059,712	23,307,717,918,720	14,694,535,509,348	25,154,938,761,216	25,945,969,811,456	22,034,264,555,520	29,685,706,653,696	971,121,449	2,656,867,392	0	0
em-p-ihep51	20260626100115264000000	28	23,307,646,853,120	23,308,073,254,912	14,675,535,175,064	25,154,938,761,216	25,945,969,811,456	22,034,264,555,520	29,685,706,653,696	686,868,304	2,133,371,029	0	0
em-p-ihep51	20260626100125307000000	19	23,307,644,841,984	23,307,711,143,936	14,689,907,667,142	25,154,938,761,216	25,945,969,811,456	22,034,264,555,520	29,685,706,653,696	453,547,707	1,663,292,212	0	0
em-p-ihep51	20260626100135274000000	19	23,307,644,735,488	23,307,709,693,952	14,687,813,608,947	25,154,938,761,216	25,945,969,811,456	22,034,264,555,520	29,685,706,653,696	592,000,981	1,681,804,341	0	0
em-p-ihep51	20260626100145380000000	21	23,307,641,171,968	23,307,708,485,632	14,684,893,429,823	25,154,938,761,216	25,945,969,811,456	22,034,264,555,520	29,685,706,653,696	734,112,754	1,925,180,887	0	0
em-p-ihep51	20260626100155384000000	19	23,307,649,277,952	23,307,697,926,144	14,695,662,922,229	25,154,938,761,216	25,945,969,811,456	22,034,264,555,520	29,685,706,653,696	438,236,021	1,363,748,534	0	0
em-p-ihep51	20260626100205395000000	23	23,307,656,941,568	23,307,726,712,832	14,678,904,984,898	25,154,938,761,216	25,945,969,811,456	22,034,264,555,520	29,685,706,653,696	758,657,772	1,339,782,899	0	0
em-p-ihep51	20260626100215407000000	19	23,307,653,578,752	23,307,884,322,816	14,673,757,887,543	25,154,938,761,216	25,945,969,811,456	22,034,264,555,520	29,685,706,653,696	542,133,600	3,056,329,285	0	0
em-p-ihep51	20260626100225410000000	19	23,307,647,643,648	23,307,700,297,728	14,673,607,387,013	25,154,938,761,216	25,945,969,811,456	22,034,264,555,520	29,685,706,653,696	414,122,240	1,037,503,869	20,480	0
em-p-ihep51	20260626100235410000000	22	23,307,645,800,448	23,307,698,692,096	14,677,169,505,389	25,154,938,761,216	25,945,969,811,456	22,034,264,555,520	29,685,706,653,696	534,125,882	1,321,897,797	0	0
em-p-ihep51	20260626100245429000000	23	23,307,649,257,472	23,307,702,251,520	14,679,123,586,528	25,154,938,761,216	25,945,969,811,456	22,034,264,555,520	29,685,706,653,696	806,468,301	1,576,955,221	0	0
em-p-ihep51	20260626100255439000000	21	23,307,647,041,536	23,307,723,341,824	14,675,485,725,634	25,154,938,761,216	25,945,969,811,456	22,034,264,555,520	29,685,706,653,696	500,934,842	1,307,774,344	0	0
em-p-ihep51	20260626100305453000000	24	23,307,650,498,560	23,307,691,864,064	14,674,446,660,969	25,154,938,761,216	25,945,969,811,456	22,034,264,555,520	29,685,706,653,696	502,381,609	1,813,455,127	0	0
em-p-ihep51	20260626100315460000000	25	23,307,655,090,176	23,307,697,225,728	14,672,677,680,535	25,154,938,761,216	25,945,969,811,456	22,034,264,555,520	29,685,706,653,696	575,858,662	1,630,522,785	0	0
em-p-ihep51	20260626100325479000000	23	23,307,928,645,632	23,308,225,212,416	14,673,895,168,284	25,154,938,761,216	25,945,969,811,456	22,034,264,555,520	29,685,706,653,696	883,966,222	1,645,998,433	0	0
em-p-ihep51	20260626100335564000000	23	23,307,930,157,056	23,307,971,698,688	14,673,314,070,275	25,154,938,761,216	25,945,969,811,456	22,034,264,555,520	29,685,706,653,696	483,573,839	1,149,740,921	0	0
em-p-ihep51	20260626100345564000000	18	23,307,931,131,904	23,307,973,300,224	14,672,137,609,508	25,154,938,761,216	25,945,969,811,456	22,034,264,555,520	29,685,706,653,696	615,899,636	1,294,501,750	0	0
em-p-ihep51	20260626100355564000000	22	23,307,927,457,792	23,308,468,654,080	14,662,945,939,592	25,154,938,761,216	25,945,969,811,456	22,034,264,555,520	29,685,706,653,696	556,687,022	1,094,989,213	0	0
em-p-ihep51	20260626100405665000000	21	23,307,933,671,424	23,308,053,204,992	14,675,943,480,088	25,154,938,761,216	25,945,969,811,456	22,034,264,555,520	29,685,706,653,696	358,380,061	1,255,531,685	0	0
em-p-ihep51	20260626100415777000000	17	23,307,933,564,928	23,308,051,927,040	14,673,288,445,362	25,154,938,761,216	25,945,969,811,456	22,034,264,555,520	29,685,706,653,696	568,943,785	1,102,681,194	0	0
em-p-ihep51	20260626100425777000000	20	23,307,933,564,928	23,308,008,247,296	14,672,273,004,118	25,154,938,761,216	25,945,969,811,456	22,034,264,555,520	29,685,706,653,696	283,249,599	1,121,993,091	0	0
em-p-ihep51	20260626100435773000000	21	23,307,933,458,432	23,308,013,318,144	14,673,777,191,980	25,154,938,761,216	25,945,969,811,456	22,034,264,555,520	29,685,706,653,696	283,507,417	1,249,162,844	0	0
em-p-ihep51	20260626100445865000000	21	23,307,922,878,464	23,307,993,554,944	14,671,311,168,253	25,154,938,761,216	25,945,969,811,456	22,034,264,555,520	29,685,706,653,696	612,324,971	1,649,892,313	0	0
em-p-ihep51	20260626100455973000000	21	23,307,921,690,624	23,307,993,759,744	14,673,423,599,912	25,154,938,761,216	25,945,969,811,456	22,034,264,555,520	29,685,706,653,696	676,568,901	1,894,974,998	0	0
em-p-ihep51	20260626100505984000000	27	23,307,666,038,784	23,307,774,029,824	14,680,611,412,912	25,154,938,761,216	25,945,969,811,456	22,034,264,555,520	29,685,706,653,696	568,017,689	1,235,530,270	0	0
em-p-ihep51	20260626100515996000000	29	23,307,662,438,400	23,307,731,226,624	14,677,644,789,639	25,154,938,761,216	25,945,969,811,456	22,034,264,555,520	29,685,706,653,696	635,644,951	1,187,305,642	0	0
em-p-ihep51	20260626100525996000000	26	23,307,660,980,224	23,307,730,694,144	14,678,357,092,560	25,154,938,761,216	25,945,969,811,456	22,034,264,555,520	29,685,706,653,696	614,716,576	1,004,872,670	0	0
em-p-ihep51	20260626100536011000000	24	23,307,660,652,544	23,307,735,617,536	14,674,336,692,093	25,154,938,761,216	25,945,969,811,456	22,034,264,555,520	29,685,706,653,696	304,711,478	660,865,622	0	0
em-p-ihep51	20260626100546025000000	23	23,307,660,484,608	23,308,087,017,472	14,666,958,119,360	25,154,938,761,216	25,945,969,811,456	22,034,264,555,520	29,685,706,653,696	623,196,358	2,194,616,949	0	0
em-p-ihep51	20260626100556041000000	21	23,307,664,125,952	23,307,728,494,592	14,675,996,625,440	25,154,938,761,216	25,945,969,811,456	22,034,264,555,520	29,685,706,653,696	573,591,199	2,208,689,458	0	0
em-p-ihep51	20260626100606051000000	25	23,307,664,449,536	23,307,729,920,000	14,686,081,029,323	25,154,938,761,216	25,945,969,811,456	22,034,264,555,520	29,685,706,653,696	361,224,057	1,288,870,498	0	0
em-p-ihep51	20260626100616079000000	37	23,307,672,825,856	23,307,710,742,528	14,681,894,216,757	25,154,938,761,216	25,945,969,811,456	22,034,264,555,520	29,685,706,653,696	616,992,063	1,148,691,853	0	0
em-p-ihep51	20260626100626086000000	25	23,307,671,592,960	23,307,716,591,616	14,675,598,400,774	25,154,938,761,216	25,945,969,811,456	22,034,264,555,520	29,685,706,653,696	563,131,928	1,080,471,096	0	0
em-p-ihep51	20260626100636100000000	28	23,307,676,508,160	23,307,732,082,688	14,678,585,904,873	25,154,938,761,216	25,945,969,811,456	22,034,264,555,520	29,685,706,653,696	576,643,678	847,425,433	0	0
em-p-ihep51	20260626100646117000000	28	23,307,672,137,728	23,308,129,865,728	14,668,523,926,441	25,154,938,761,216	25,945,969,811,456	22,034,264,555,520	29,685,706,653,696	343,859,249	1,002,789,708	0	0
em-p-ihep51	20260626100656176000000	23	23,307,669,008,384	23,307,714,977,792	14,676,402,582,997	25,154,938,761,216	25,945,969,811,456	22,034,264,555,520	29,685,706,653,696	227,176,253	1,044,301,312	0	0
em-p-ihep51	20260626100706172000000	27	23,307,665,334,272	23,307,712,864,256	14,676,333,476,496	25,154,938,761,216	25,945,969,811,456	22,034,264,555,520	29,685,706,653,696	927,710,461	1,494,231,711	0	0
em-p-ihep51	20260626100716183000000	21	23,307,669,508,096	23,308,117,176,320	14,675,257,393,855	25,154,938,761,216	25,945,969,811,456	22,034,264,555,520	29,685,706,653,696	650,419,512	1,780,331,674	0	0
em-p-ihep51	20260626100726186000000	18	23,307,662,274,560	23,307,705,548,800	14,667,153,223,284	25,154,938,761,216	25,945,969,811,456	22,034,264,555,520	29,685,706,653,696	733,651,306	2,098,982,373	0	0
em-p-ihep51	20260626100736189000000	21	23,309,832,437,760	23,309,728,849,920	14,687,133,745,934	25,154,938,761,216	25,945,969,811,456	22,034,264,555,520	29,685,706,653,696	850,990,493	1,401,734,339	0	0
em-p-ihep51	20260626100746205000000	21	23,316,580,773,888	23,316,471,451,648	14,672,297,005,185	25,154,938,761,216	25,945,969,811,456	22,034,264,555,520	29,685,706,653,696	464,246,132	1,170,715,964	0	0
em-p-ihep51	20260626100756205000000	16	23,308,359,753,728	23,308,403,474,432	14,665,387,340,606	25,154,938,761,216	25,945,969,811,456	22,034,264,555,520	29,685,706,653,696	510,874,497	1,364,165,357	0	0
em-p-ihep51	20260626100806308000000	20	23,308,349,251,584	23,308,392,779,776	14,663,186,333,808	25,154,938,761,216	25,945,969,811,456	22,034,264,555,520	29,685,706,653,696	666,340,819	1,245,765,413	0	0
em-p-ihep51	20260626100816416000000	20	23,306,703,179,776	23,306,745,737,216	14,680,324,293,285	25,154,938,761,216	25,945,969,811,456	22,034,264,555,520	29,685,706,653,696	538,083,942	1,224,189,147	0	0
em-p-ihep51	20260626100826419000000	20	23,306,704,474,112	23,306,879,623,168	14,673,848,215,067	25,154,938,761,216	25,945,969,811,456	22,034,264,555,520	29,685,706,653,696	586,200,989	1,280,576,435	0	0
em-p-ihep51	20260626100836437000000	17	23,306,702,098,432	23,306,747,355,136	14,667,954,081,219	25,154,938,761,216	25,945,969,811,456	22,034,264,555,520	29,685,706,653,696	381,656,047	1,043,141,598	0	0
em-p-ihep51	20260626100846436000000	17	23,306,703,179,776	23,306,747,330,560	14,670,010,120,624	25,154,938,761,216	25,945,969,811,456	22,034,264,555,520	29,685,706,653,696	501,625,580	1,743,686,831	0	0
em-p-ihep51	20260626100856459000000	18	23,306,704,424,960	23,306,957,750,272	14,664,752,772,405	25,154,938,761,216	25,945,969,811,456	22,034,264,555,520	29,685,706,653,696	505,748,667	1,292,018,033	0	0
em-p-ihep51	20260626100906467000000	25	23,306,704,457,728	23,306,766,352,384	14,685,003,921,222	25,154,938,761,216	25,945,969,811,456	22,034,264,555,520	29,685,706,653,696	328,224,237	1,751,845,748	0	0
em-p-ihep51	20260626100916486000000	26	23,306,706,173,952	23,306,943,512,576	14,677,100,213,568	25,154,938,761,216	25,945,969,811,456	22,034,264,555,520	29,685,706,653,696	388,002,019	1,845,701,730	0	0
em-p-ihep51	20260626100926495000000	23	23,306,707,382,272	23,306,781,253,632	14,669,600,107,596	25,154,938,761,216	25,945,969,811,456	22,034,264,555,520	29,685,706,653,696	413,776,254	951,790,304	0	0
em-p-ihep51	20260626100936516000000	24	23,306,701,586,432	23,306,783,752,192	14,681,413,353,395	25,154,938,761,216	25,945,969,811,456	22,034,264,555,520	29,685,706,653,696	631,534,159	2,625,865,536	0	0
em-p-ihep51	20260626100946547000000	26	23,306,707,120,128	23,306,755,301,376	14,674,444,775,491	25,154,938,761,216	25,945,969,811,456	22,034,264,555,520	29,685,706,653,696	661,654,533	2,006,018,318	0	0
em-p-ihep51	20260626100956592000000	29	23,306,706,038,784	23,306,753,515,520	14,673,896,673,869	25,154,938,761,216	25,945,969,811,456	22,034,264,555,520	29,685,706,653,696	330,248,873	1,247,424,395	0	0
em-p-ihep51	20260626101006617000000	36	23,306,788,118,528	23,306,838,757,376	14,695,672,974,248	25,154,938,761,216	25,945,969,811,456	22,034,264,555,520	29,685,706,653,696	942,930,953	2,869,830,495	0	0
em-p-ihep51	20260626101016611000000	35	23,306,797,461,504	23,306,842,558,464	14,684,723,090,050	25,154,938,761,216	25,945,969,811,456	22,034,264,555,520	29,685,706,653,696	784,387,384	2,830,766,674	0	0
em-p-ihep51	20260626101026638000000	27	23,306,788,040,704	23,306,867,191,808	14,678,789,666,935	25,154,938,761,216	25,945,969,811,456	22,034,264,555,520	29,685,706,653,696	726,238,484	2,176,637,908	0	0
em-p-ihep51	20260626101036672000000	28	23,306,789,122,048	23,306,896,535,552	14,689,337,188,708	25,154,938,761,216	25,945,969,811,456	22,034,264,555,520	29,685,706,653,696	421,409,111	1,509,122,779	0	0
em-p-ihep51	20260626101046669000000	33	23,306,794,958,848	23,306,881,212,416	14,683,690,542,380	25,154,938,761,216	25,945,969,811,456	22,034,264,555,520	29,685,706,653,696	254,115,427	1,544,956,900	0	0
em-p-ihep51	20260626101056673000000	24	23,306,793,877,504	23,306,883,735,552	14,676,473,972,269	25,154,938,761,216	25,945,969,811,456	22,034,264,555,520	29,685,706,653,696	476,524,061	1,745,113,260	0	0
em-p-ihep51	20260626101106707000000	26	23,306,784,972,800	23,307,333,599,232	14,677,235,345,640	25,154,938,761,216	25,945,969,811,456	22,034,264,555,520	29,685,706,653,696	491,600,329	1,972,222,415	0	0
em-p-ihep51	20260626101116693000000	27	23,306,784,972,800	23,306,889,830,400	14,681,337,903,952	25,154,938,761,216	25,945,969,811,456	22,034,264,555,520	29,685,706,653,696	660,854,549	1,856,020,638	0	0
em-p-ihep51	20260626101126699000000	29	23,306,788,376,576	23,306,878,574,592	14,683,465,036,969	25,154,938,761,216	25,945,969,811,456	22,034,264,555,520	29,685,706,653,696	467,294,350	1,628,213,420	0	0
em-p-ihep51	20260626101136718000000	26	23,306,787,401,728	23,307,164,729,344	14,678,471,717,244	25,154,938,761,216	25,945,969,811,456	22,034,264,555,520	29,685,706,653,696	178,910,668	1,746,781,818	0	0
em-p-ihep51	20260626101146732000000	32	23,308,889,530,368	23,308,982,312,960	14,685,463,216,880	25,154,938,761,216	25,945,969,811,456	22,034,264,555,520	29,685,706,653,696	305,019,838	1,802,655,241	0	0
em-p-ihep51	20260626101156755000000	26	23,308,890,804,224	23,309,325,053,952	14,697,563,463,381	25,154,938,761,216	25,945,969,811,456	22,034,264,555,520	29,685,706,653,696	221,920,818	2,517,967,189	0	0
em-p-ihep51	20260626101206780000000	32	23,308,870,987,776	23,309,385,629,696	14,682,514,904,098	25,154,938,761,216	25,945,969,811,456	22,034,264,555,520	29,685,706,653,696	757,664,105	3,030,878,258	139,264	0
em-p-ihep51	20260626101216797000000	29	23,308,863,864,832	23,308,954,796,032	14,678,583,898,387	25,154,938,761,216	25,945,969,811,456	22,034,264,555,520	29,685,706,653,696	570,561,974	1,548,381,932	0	0
em-p-ihep51	20260626101226824000000	22	23,308,480,872,448	23,308,571,484,160	14,679,499,706,824	25,154,938,761,216	25,945,969,811,456	22,034,264,555,520	29,685,706,653,696	519,414,687	1,387,662,932	0	0
em-p-ihep51	20260626101236807000000	23	23,308,484,386,816	23,308,652,240,896	14,677,075,071,473	25,154,938,761,216	25,945,969,811,456	22,034,264,555,520	29,685,706,653,696	934,168,745	2,017,399,243	0	0
em-p-ihep51	20260626101246804000000	21	23,308,483,411,968	23,308,570,148,864	14,675,366,796,808	25,154,938,761,216	25,945,969,811,456	22,034,264,555,520	29,685,706,653,696	633,685,790	1,983,804,360	0	0
em-p-ihep51	20260626101256917000000	23	23,308,549,251,072	23,308,641,927,168	14,693,148,204,771	25,154,938,761,216	25,945,969,811,456	22,034,264,555,520	29,685,706,653,696	343,547,711	1,701,955,133	0	0
em-p-ihep51	20260626101306954000000	32	23,318,554,181,632	23,318,317,207,552	14,718,844,317,655	25,154,938,761,216	25,945,969,811,456	22,034,264,555,520	29,685,706,653,696	297,408,806	1,621,768,577	0	0
em-p-ihep51	20260626101316948000000	25	23,342,073,180,160	23,341,929,172,992	14,756,499,389,995	25,154,938,761,216	25,945,969,811,456	22,034,264,555,520	29,685,706,653,696	494,415,267	1,151,205,475	0	0
em-p-ihep51	20260626101326949000000	25	23,365,581,680,640	23,365,426,130,944	14,736,723,855,111	25,154,938,761,216	25,945,969,811,456	22,034,264,555,520	29,685,706,653,696	490,531,855	967,359,579	0	0
em-p-ihep51	20260626101336963000000	25	23,395,891,195,904	23,396,103,909,376	14,764,695,555,353	25,154,938,761,216	25,945,969,811,456	22,034,264,555,520	29,685,706,653,696	671,846,465	1,471,300,375	0	0
em-p-ihep51	20260626101346971000000	27	23,420,553,166,848	23,420,657,520,640	14,779,037,618,948	25,154,938,761,216	25,945,969,811,456	22,034,264,555,520	29,685,706,653,696	419,728,991	1,121,105,446	0	0
em-p-ihep51	20260626101356984000000	20	23,393,721,073,664	23,399,578,652,672	14,672,251,265,865	25,154,938,761,216	25,945,969,811,456	22,034,264,555,520	29,685,706,653,696	605,820,111	1,315,163,281	0	0
em-p-ihep51	20260626101406999000000	20	23,312,660,410,368	23,314,518,880,256	14,675,822,171,561	25,154,938,761,216	25,945,969,811,456	22,034,264,555,520	29,685,706,653,696	804,135,052	1,847,135,994	0	0
em-p-ihep51	20260626101417009000000	27	23,312,663,818,240	23,312,887,054,336	14,672,534,202,996	25,154,938,761,216	25,945,969,811,456	22,034,264,555,520	29,685,706,653,696	475,973,176	1,417,559,917	0	0
em-p-ihep51	20260626101427001000000	22	23,312,784,220,160	23,312,901,455,872	14,665,787,471,929	25,154,938,761,216	25,945,969,811,456	22,034,264,555,520	29,685,706,653,696	469,663,824	1,498,868,850	0	0
em-p-ihep51	20260626101437037000000	15	23,312,783,196,160	23,312,929,882,112	14,669,854,972,533	25,154,938,761,216	25,945,969,811,456	22,034,264,555,520	29,685,706,653,696	254,528,038	1,162,214,372	0	0
em-p-ihep51	20260626101447043000000	21	23,312,785,522,688	23,312,903,860,224	14,674,171,192,871	25,154,938,761,216	25,945,969,811,456	22,034,264,555,520	29,685,706,653,696	890,955,866	1,604,644,500	0	0
em-p-ihep51	20260626101457141000000	20	23,312,784,281,600	23,312,924,721,152	14,668,031,470,221	25,154,938,761,216	25,945,969,811,456	22,034,264,555,520	29,685,706,653,696	375,304,298	793,310,790	0	0
em-p-ihep51	20260626101507147000000	25	23,312,785,559,552	23,312,870,854,656	14,680,169,796,154	25,154,938,761,216	25,945,969,811,456	22,034,264,555,520	29,685,706,653,696	507,403,686	1,296,662,592	0	0
em-p-ihep51	20260626101517247000000	18	23,312,789,987,328	23,312,850,149,376	14,682,095,061,883	25,154,938,761,216	25,945,969,811,456	22,034,264,555,520	29,685,706,653,696	874,710,388	1,266,189,544	0	0
em-p-ihep51	20260626101527270000000	27	23,312,813,211,648	23,312,928,083,968	14,686,136,040,903	25,154,938,761,216	25,945,969,811,456	22,034,264,555,520	29,685,706,653,696	548,379,872	1,205,242,584	0	0
em-p-ihep51	20260626101537275000000	24	23,312,811,077,632	23,313,092,001,792	14,674,010,569,704	25,154,938,761,216	25,945,969,811,456	22,034,264,555,520	29,685,706,653,696	714,218,300	2,800,477,345	0	0
em-p-ihep51	20260626101547260000000	25	23,312,812,396,544	23,312,904,052,736	14,675,529,056,325	25,154,938,761,216	25,945,969,811,456	22,034,264,555,520	29,685,706,653,696	593,177,301	1,452,792,768	0	0
em-p-ihep51	20260626101557266000000	27	23,312,814,723,072	23,312,982,495,232	14,673,630,655,891	25,154,938,761,216	25,945,969,811,456	22,034,264,555,520	29,685,706,653,696	591,628,170	1,361,519,075	0	0
em-p-ihep51	20260626101607258000000	21	23,312,811,212,800	23,312,900,079,616	14,686,170,403,855	25,154,938,761,216	25,945,969,811,456	22,034,264,555,520	29,685,706,653,696	714,484,955	1,388,519,815	0	0
em-p-ihep51	20260626101617299000000	24	23,312,880,115,712	23,312,975,757,312	14,672,458,196,822	25,154,938,761,216	25,945,969,811,456	22,034,264,555,520	29,685,706,653,696	994,810,185	1,572,651,346	0	0
em-p-ihep51	20260626101627317000000	27	23,312,875,560,960	23,312,984,113,152	14,673,210,819,685	25,154,938,761,216	25,945,969,811,456	22,034,264,555,520	29,685,706,653,696	475,405,095	1,744,950,827	0	0
em-p-ihep51	20260626101637342000000	25	23,312,876,912,640	23,313,006,559,232	14,670,962,397,124	25,154,938,761,216	25,945,969,811,456	22,034,264,555,520	29,685,706,653,696	317,005,004	792,091,440	0	0
em-p-ihep51	20260626101647371000000	27	23,312,876,810,240	23,312,971,280,384	14,677,825,247,199	25,154,938,761,216	25,945,969,811,456	22,034,264,555,520	29,685,706,653,696	510,535,249	1,157,435,556	0	0
em-p-ihep51	20260626101657446000000	23	23,312,877,424,640	23,312,971,689,984	14,671,057,909,185	25,154,938,761,216	25,945,969,811,456	22,034,264,555,520	29,685,706,653,696	579,945,398	1,579,316,585	0	0
em-p-ihep51	20260626101707552000000	20	23,312,879,902,720	23,313,236,537,344	14,678,176,606,220	25,154,938,761,216	25,945,969,811,456	22,034,264,555,520	29,685,706,653,696	413,194,211	1,452,788,344	0	0
em-p-ihep51	20260626101717549000000	21	23,312,880,136,192	23,312,970,018,816	14,669,266,980,677	25,154,938,761,216	25,945,969,811,456	22,034,264,555,520	29,685,706,653,696	401,506,446	1,561,619,562	0	0
em-p-ihep51	20260626101727622000000	20	23,312,877,871,104	23,312,974,225,408	14,666,853,364,441	25,154,938,761,216	25,945,969,811,456	22,034,264,555,520	29,685,706,653,696	349,954,897	1,560,054,081	0	0
em-p-ihep51	20260626101737713000000	18	23,312,880,316,416	23,313,456,242,688	14,661,944,559,790	25,154,938,761,216	25,945,969,811,456	22,034,264,555,520	29,685,706,653,696	269,889,869	1,196,326,734	0	0
em-p-ihep51	20260626101747813000000	16	23,312,884,154,368	23,312,977,350,656	14,662,667,536,344	25,154,938,761,216	25,945,969,811,456	22,034,264,555,520	29,685,706,653,696	248,183,205	984,002,193	0	0
em-p-ihep51	20260626101757825000000	22	23,312,886,312,960	23,312,979,845,120	14,674,447,813,124	25,154,938,761,216	25,945,969,811,456	22,034,264,555,520	29,685,706,653,696	476,616,936	987,649,022	0	0
em-p-ihep51	20260626101807871000000	19	23,312,885,125,120	23,312,978,673,664	14,668,827,019,546	25,154,938,761,216	25,945,969,811,456	22,034,264,555,520	29,685,706,653,696	310,556,122	1,281,926,730	0	0
em-p-ihep51	20260626101817921000000	19	23,312,882,860,032	23,313,001,308,160	14,663,214,117,035	25,154,938,761,216	25,945,969,811,456	22,034,264,555,520	29,685,706,653,696	435,869,025	1,438,368,435	0	0
em-p-ihep51	20260626101827959000000	17	23,313,300,750,336	23,313,394,257,920	14,671,217,299,006	25,154,938,761,216	25,945,969,811,456	22,034,264,555,520	29,685,706,653,696	294,071,816	728,772,818	0	0
em-p-ihep51	20260626101837958000000	21	23,313,302,802,432	23,313,396,719,616	14,669,736,644,964	25,154,938,761,216	25,945,969,811,456	22,034,264,555,520	29,685,706,653,696	344,274,649	1,637,759,571	0	0
em-p-ihep51	20260626101848077000000	19	23,313,293,950,976	23,313,888,509,952	14,666,115,217,960	25,154,938,761,216	25,945,969,811,456	22,034,264,555,520	29,685,706,653,696	385,518,622	1,527,496,948	0	0
em-p-ihep51	20260626101858091000000	20	23,313,297,190,912	23,313,377,820,672	14,669,938,754,641	25,154,938,761,216	25,945,969,811,456	22,034,264,555,520	29,685,706,653,696	391,447,071	1,505,975,960	0	0
em-p-ihep51	20260626101908163000000	24	23,313,304,113,152	23,313,383,628,800	14,677,153,715,056	25,154,938,761,216	25,945,969,811,456	22,034,264,555,520	29,685,706,653,696	225,330,684	1,480,953,814	0	0
em-p-ihep51	20260626101918198000000	26	23,313,309,147,136	23,313,399,619,584	14,663,987,206,306	25,154,938,761,216	25,945,969,811,456	22,034,264,555,520	29,685,706,653,696	358,882,904	1,509,652,675	0	0
em-p-ihep51	20260626101928273000000	19	23,313,306,664,960	23,313,387,524,096	14,671,959,338,438	25,154,938,761,216	25,945,969,811,456	22,034,264,555,520	29,685,706,653,696	362,931,769	1,399,231,123	0	0
em-p-ihep51	20260626101938272000000	26	23,313,308,229,632	23,313,538,383,872	14,665,200,757,839	25,154,938,761,216	25,945,969,811,456	22,034,264,555,520	29,685,706,653,696	495,481,069	1,262,043,098	0	0
em-p-ihep51	20260626101948355000000	19	23,313,305,870,336	23,313,379,966,976	14,671,260,613,259	25,154,938,761,216	25,945,969,811,456	22,034,264,555,520	29,685,706,653,696	577,011,649	1,205,350,464	0	0
em-p-ihep51	20260626101958375000000	19	23,313,298,894,848	23,313,412,988,928	14,660,639,819,444	25,154,938,761,216	25,945,969,811,456	22,034,264,555,520	29,685,706,653,696	305,400,512	1,116,842,481	0	0
em-p-ihep51	20260626102008386000000	27	23,313,307,299,840	23,313,555,304,448	14,692,112,628,362	25,154,938,761,216	25,945,969,811,456	22,034,264,555,520	29,685,706,653,696	798,391,882	4,472,163,807	0	0
em-p-ihep51	20260626102018403000000	29	23,313,317,900,288	23,313,439,313,920	14,696,920,693,145	25,154,938,761,216	25,945,969,811,456	22,034,264,555,520	29,685,706,653,696	608,363,030	2,013,838,769	0	0
em-p-ihep51	20260626102028406000000	26	23,313,312,071,680	23,313,439,776,768	14,676,138,588,536	25,154,938,761,216	25,945,969,811,456	22,034,264,555,520	29,685,706,653,696	379,398,253	757,474,425	12,288	0
em-p-ihep51	20260626102038430000000	23	23,313,313,480,704	23,313,436,835,840	14,698,869,259,209	25,154,938,761,216	25,945,969,811,456	22,034,264,555,520	29,685,706,653,696	238,216,441	664,110,256	20,480	0
em-p-ihep51	20260626102048442000000	29	23,313,299,722,240	23,313,428,369,408	14,679,604,021,600	25,154,938,761,216	25,945,969,811,456	22,034,264,555,520	29,685,706,653,696	424,767,174	893,032,007	57,344	0
em-p-ihep51	20260626102058457000000	32	23,313,346,596,864	23,313,939,234,816	14,679,122,525,251	25,154,938,761,216	25,945,969,811,456	22,034,264,555,520	29,685,706,653,696	378,025,604	939,959,486	0	0
em-p-ihep51	20260626102108490000000	34	23,313,337,729,024	23,313,467,117,568	14,677,764,041,237	25,154,938,761,216	25,945,969,811,456	22,034,264,555,520	29,685,706,653,696	642,840,331	1,418,309,556	0	0
em-p-ihep51	20260626102118501000000	26	23,313,336,541,184	23,313,463,889,920	14,670,681,966,355	25,154,938,761,216	25,945,969,811,456	22,034,264,555,520	29,685,706,653,696	428,767,630	762,464,265	0	0
em-p-ihep51	20260626102128472000000	26	23,313,337,548,800	23,313,898,024,960	14,679,323,001,919	25,154,938,761,216	25,945,969,811,456	22,034,264,555,520	29,685,706,653,696	448,849,835	1,614,688,392	0	0
em-p-ihep51	20260626102138568000000	24	23,313,348,403,200	23,313,483,354,112	14,668,780,667,958	25,154,938,761,216	25,945,969,811,456	22,034,264,555,520	29,685,706,653,696	577,780,722	1,696,485,893	0	0
em-p-ihep51	20260626102148689000000	23	23,313,345,114,112	23,313,915,428,864	14,678,805,135,618	25,154,938,761,216	25,945,969,811,456	22,034,264,555,520	29,685,706,653,696	530,073,962	1,226,213,630	0	0
em-p-ihep51	20260626102158747000000	19	23,313,356,083,200	23,313,485,238,272	14,667,528,749,357	25,154,938,761,216	25,945,969,811,456	22,034,264,555,520	29,685,706,653,696	864,644,381	1,265,827,966	0	0
em-p-ihep51	20260626102208862000000	21	23,313,347,821,568	23,313,467,838,464	14,677,840,291,227	25,154,938,761,216	25,945,969,811,456	22,034,264,555,520	29,685,706,653,696	650,091,524	1,455,374,109	0	0
em-p-ihep51	20260626102218942000000	18	23,313,356,201,984	23,313,468,219,392	14,671,392,005,792	25,154,938,761,216	25,945,969,811,456	22,034,264,555,520	29,685,706,653,696	837,458,185	1,168,698,950	0	0
em-p-ihep51	20260626102228960000000	23	23,313,357,713,408	23,313,471,008,768	14,673,912,870,215	25,154,938,761,216	25,945,969,811,456	22,034,264,555,520	29,685,706,653,696	676,748,879	1,015,335,141	0	0
em-p-ihep51	20260626102239050000000	17	23,313,351,811,072	23,313,832,960,000	14,663,638,088,821	25,154,938,761,216	25,945,969,811,456	22,034,264,555,520	29,685,706,653,696	709,792,353	2,480,958,430	0	0
em-p-ihep51	20260626102249168000000	20	23,313,352,753,152	23,313,464,369,152	14,677,932,846,198	25,154,938,761,216	25,945,969,811,456	22,034,264,555,520	29,685,706,653,696	608,864,696	1,949,120,857	0	0
em-p-ihep51	20260626102259240000000	18	23,313,356,263,424	23,313,462,996,992	14,665,404,875,433	25,154,938,761,216	25,945,969,811,456	22,034,264,555,520	29,685,706,653,696	605,567,457	1,729,710,469	0	0
em-p-ihep51	20260626102309255000000	20	23,313,356,156,928	23,313,455,656,960	14,672,267,328,903	25,154,938,761,216	25,945,969,811,456	22,034,264,555,520	29,685,706,653,696	566,244,673	1,415,117,141	0	0
em-p-ihep51	20260626102319251000000	18	23,313,358,589,952	23,313,454,747,648	14,665,458,659,796	25,154,938,761,216	25,945,969,811,456	22,034,264,555,520	29,685,706,653,696	336,646,971	910,992,180	0	0
em-p-ihep51	20260626102329354000000	17	23,313,360,105,472	23,313,455,521,792	14,660,238,655,609	25,154,938,761,216	25,945,969,811,456	22,034,264,555,520	29,685,706,653,696	435,501,137	844,389,426	0	0
em-p-ihep51	20260626102339330000000	15	23,313,360,269,312	23,313,494,302,720	14,664,370,093,885	25,154,938,761,216	25,945,969,811,456	22,034,264,555,520	29,685,706,653,696	691,063,923	1,498,116,620	0	0
em-p-ihep51	20260626102349344000000	17	23,313,349,738,496	23,313,623,601,152	14,674,406,748,729	25,154,938,761,216	25,945,969,811,456	22,034,264,555,520	29,685,706,653,696	413,341,281	957,394,777	0	0
em-p-ihep51	20260626102359367000000	18	23,313,349,902,336	23,313,492,058,112	14,664,820,041,552	25,154,938,761,216	25,945,969,811,456	22,034,264,555,520	29,685,706,653,696	502,917,960	913,156,907	0	0
em-p-ihep51	20260626102409473000000	14	23,313,350,246,400	23,313,548,873,728	14,673,297,114,844	25,154,938,761,216	25,945,969,811,456	22,034,264,555,520	29,685,706,653,696	264,382,779	1,468,808,618	0	0
em-p-ihep51	20260626102419471000000	21	23,313,349,025,792	23,314,039,447,552	14,667,970,682,701	25,154,938,761,216	25,945,969,811,456	22,034,264,555,520	29,685,706,653,696	343,703,057	1,958,147,623	0	0
em-p-ihep51	20260626102429492000000	22	23,313,352,265,728	23,313,529,819,136	14,662,556,097,747	25,154,938,761,216	25,945,969,811,456	22,034,264,555,520	29,685,706,653,696	355,997,531	1,561,953,366	0	0
em-p-ihep51	20260626102439496000000	18	23,313,345,519,616	23,313,518,931,968	14,670,337,668,477	25,154,938,761,216	25,945,969,811,456	22,034,264,555,520	29,685,706,653,696	459,113,502	777,795,004	0	0
em-p-ihep51	20260626102449523000000	25	23,313,474,822,144	23,313,666,220,032	14,665,994,864,890	25,154,938,761,216	25,945,969,811,456	22,034,264,555,520	29,685,706,653,696	346,148,125	971,297,259	0	0
em-p-ihep51	20260626102459516000000	21	23,313,477,517,312	23,313,651,064,832	14,662,512,373,644	25,154,938,761,216	25,945,969,811,456	22,034,264,555,520	29,685,706,653,696	480,826,484	1,049,687,644	0	0
em-p-ihep51	20260626102509539000000	17	23,313,476,333,568	23,313,615,364,096	14,676,483,096,184	25,154,938,761,216	25,945,969,811,456	22,034,264,555,520	29,685,706,653,696	372,644,539	1,059,174,160	0	0
em-p-ihep51	20260626102519628000000	19	23,313,482,772,480	23,313,620,279,296	14,675,622,821,466	25,154,938,761,216	25,945,969,811,456	22,034,264,555,520	29,685,706,653,696	459,937,992	607,177,133	0	0
em-p-ihep51	20260626102529644000000	16	23,313,483,853,824	23,313,634,516,992	14,666,520,784,438	25,154,938,761,216	25,945,969,811,456	22,034,264,555,520	29,685,706,653,696	720,812,157	1,264,542,773	0	0
em-p-ihep51	20260626102539664000000	21	23,313,486,176,256	23,313,623,859,200	14,672,647,512,478	25,154,938,761,216	25,945,969,811,456	22,034,264,555,520	29,685,706,653,696	302,647,903	1,056,748,773	0	0
em-p-ihep51	20260626102549697000000	21	23,313,485,099,008	23,313,621,434,368	14,680,536,037,879	25,154,938,761,216	25,945,969,811,456	22,034,264,555,520	29,685,706,653,696	246,693,144	1,303,588,823	0	0
em-p-ihep51	20260626102559689000000	21	23,313,486,340,096	23,313,670,955,008	14,669,995,128,115	25,154,938,761,216	25,945,969,811,456	22,034,264,555,520	29,685,706,653,696	746,521,044	1,120,323,804	0	0
em-p-ihep51	20260626102609715000000	23	23,313,488,502,784	23,313,621,970,944	14,680,692,383,135	25,154,938,761,216	25,945,969,811,456	22,034,264,555,520	29,685,706,653,696	636,537,030	1,078,260,473	0	0
em-p-ihep51	20260626102619830000000	21	23,313,488,396,288	23,313,621,950,464	14,676,177,736,418	25,154,938,761,216	25,945,969,811,456	22,034,264,555,520	29,685,706,653,696	387,488,871	953,481,523	0	0
em-p-ihep51	20260626102629851000000	24	23,313,488,560,128	23,313,619,521,536	14,674,763,012,621	25,154,938,761,216	25,945,969,811,456	22,034,264,555,520	29,685,706,653,696	350,536,664	1,068,479,670	0	0
em-p-ihep51	20260626102639869000000	20	23,313,487,589,376	23,313,618,419,712	14,678,636,157,647	25,154,938,761,216	25,945,969,811,456	22,034,264,555,520	29,685,706,653,696	280,701,959	851,186,443	0	0
em-p-ihep51	20260626102649901000000	27	23,313,489,641,472	23,313,623,347,200	14,673,395,589,744	25,154,938,761,216	25,945,969,811,456	22,034,264,555,520	29,685,706,653,696	354,044,769	995,470,147	0	0
em-p-ihep51	20260626102659911000000	20	23,313,493,614,592	23,313,627,299,840	14,665,051,174,510	25,154,938,761,216	25,945,969,811,456	22,034,264,555,520	29,685,706,653,696	328,061,787	1,135,836,680	0	0
em-p-ihep51	20260626102710021000000	17	23,313,493,729,280	23,313,644,912,640	14,673,123,454,485	25,154,938,761,216	25,945,969,811,456	22,034,264,555,520	29,685,706,653,696	358,021,880	1,576,017,853	0	0
em-p-ihep51	20260626102720014000000	19	23,313,496,268,800	23,313,631,072,256	14,668,188,931,101	25,154,938,761,216	25,945,969,811,456	22,034,264,555,520	29,685,706,653,696	268,026,395	1,360,381,399	0	0
em-p-ihep51	20260626102730111000000	23	23,313,497,509,888	23,313,631,506,432	14,673,423,605,894	25,154,938,761,216	25,945,969,811,456	22,034,264,555,520	29,685,706,653,696	170,044,459	769,890,035	0	0
em-p-ihep51	20260626102740212000000	22	23,313,517,387,776	23,314,022,850,560	14,680,811,668,269	25,154,938,761,216	25,945,969,811,456	22,034,264,555,520	29,685,706,653,696	341,492,580	1,068,155,620	0	0
em-p-ihep51	20260626102750306000000	20	23,313,521,004,544	23,313,624,276,992	14,672,385,768,384	25,154,938,761,216	25,945,969,811,456	22,034,264,555,520	29,685,706,653,696	546,821,962	1,208,597,077	0	0
em-p-ihep51	20260626102800423000000	18	23,313,519,742,976	23,313,785,868,288	14,662,461,843,593	25,154,938,761,216	25,945,969,811,456	22,034,264,555,520	29,685,706,653,696	260,098,675	2,459,741,983	0	0
em-p-ihep51	20260626102810435000000	15	23,313,519,603,712	23,313,612,427,264	14,668,228,904,408	25,154,938,761,216	25,945,969,811,456	22,034,264,555,520	29,685,706,653,696	723,543,095	2,285,653,737	0	0
em-p-ihep51	20260626102820435000000	20	23,313,519,767,552	23,313,619,124,224	14,659,595,073,369	25,154,938,761,216	25,945,969,811,456	22,034,264,555,520	29,685,706,653,696	418,672,092	1,405,297,683	0	0
em-p-ihep51	20260626102830538000000	16	23,313,519,661,056	23,313,614,856,192	14,669,367,251,557	25,154,938,761,216	25,945,969,811,456	22,034,264,555,520	29,685,706,653,696	599,780,190	1,850,513,328	0	0
em-p-ihep51	20260626102840536000000	18	23,313,519,661,056	23,313,611,407,360	14,676,425,545,233	25,154,938,761,216	25,945,969,811,456	22,034,264,555,520	29,685,706,653,696	392,258,361	1,747,096,579	0	0
em-p-ihep51	20260626102850534000000	21	23,313,519,796,224	23,313,620,512,768	14,677,037,916,886	25,154,938,761,216	25,945,969,811,456	22,034,264,555,520	29,685,706,653,696	564,476,836	1,887,097,423	0	0
em-p-ihep51	20260626102900637000000	15	23,313,519,796,224	23,313,618,006,016	14,677,619,492,115	25,154,938,761,216	25,945,969,811,456	22,034,264,555,520	29,685,706,653,696	389,422,712	1,238,425,766	0	0
em-p-ihep51	20260626102910641000000	23	23,313,521,958,912	23,313,619,283,968	14,680,182,990,137	25,154,938,761,216	25,945,969,811,456	22,034,264,555,520	29,685,706,653,696	243,476,762	1,836,024,889	0	0
em-p-ihep51	20260626102920756000000	18	23,313,520,340,992	23,314,015,166,464	14,667,931,683,591	25,154,938,761,216	25,945,969,811,456	22,034,264,555,520	29,685,706,653,696	231,352,331	1,057,661,827	53,248	0
em-p-ihep51	20260626102930750000000	17	23,313,513,500,672	23,313,630,969,856	14,665,350,030,656	25,154,938,761,216	25,945,969,811,456	22,034,264,555,520	29,685,706,653,696	329,069,535	972,011,136	36,864	0
em-p-ihep51	20260626102940846000000	18	23,313,512,312,832	23,313,627,664,384	14,664,222,350,140	25,154,938,761,216	25,945,969,811,456	22,034,264,555,520	29,685,706,653,696	376,931,683	1,097,785,499	0	0
em-p-ihep51	20260626102950924000000	18	23,313,513,394,176	23,313,633,734,656	14,670,648,561,457	25,154,938,761,216	25,945,969,811,456	22,034,264,555,520	29,685,706,653,696	624,347,453	1,534,273,953	0	0
em-p-ihep51	20260626103000934000000	17	23,313,513,558,016	23,313,659,338,752	14,671,522,930,020	25,154,938,761,216	25,945,969,811,456	22,034,264,555,520	29,685,706,653,696	409,299,202	1,331,542,952	0	0
em-p-ihep51	20260626103010965000000	34	23,313,532,608,512	23,313,647,075,328	14,702,087,810,944	25,154,938,761,216	25,945,969,811,456	22,034,264,555,520	29,685,706,653,696	1,009,150,555	2,906,216,398	0	0
em-p-ihep51	20260626103021011000000	29	23,313,526,779,904	23,313,641,332,736	14,695,765,458,043	25,154,938,761,216	25,945,969,811,456	22,034,264,555,520	29,685,706,653,696	620,181,524	1,547,659,810	0	0
em-p-ihep51	20260626103031070000000	29	23,313,532,461,056	23,313,817,944,064	14,688,012,313,824	25,154,938,761,216	25,945,969,811,456	22,034,264,555,520	29,685,706,653,696	695,134,780	2,453,388,885	0	0
em-p-ihep51	20260626103041024000000	25	23,313,532,751,872	23,313,650,356,224	14,673,100,626,546	25,154,938,761,216	25,945,969,811,456	22,034,264,555,520	29,685,706,653,696	397,705,964	1,484,928,471	0	0
em-p-ihep51	20260626103051029000000	28	23,313,776,123,904	23,313,895,698,432	14,681,278,365,905	25,154,938,761,216	25,945,969,811,456	22,034,264,555,520	29,685,706,653,696	598,428,916	1,308,288,237	0	0
em-p-ihep51	20260626103101123000000	21	23,313,774,936,064	23,313,918,242,816	14,673,327,099,097	25,154,938,761,216	25,945,969,811,456	22,034,264,555,520	29,685,706,653,696	233,479,282	923,804,368	0	0
em-p-ihep51	20260626103111136000000	24	23,313,773,993,984	23,313,872,478,208	14,677,717,985,404	25,154,938,761,216	25,945,969,811,456	22,034,264,555,520	29,685,706,653,696	657,042,798	1,463,804,334	0	0
em-p-ihep51	20260626103121140000000	22	23,313,780,117,504	23,314,074,718,208	14,675,621,776,183	25,154,938,761,216	25,945,969,811,456	22,034,264,555,520	29,685,706,653,696	689,700,187	3,199,006,649	0	0
em-p-ihep51	20260626103131142000000	18	23,313,780,125,696	23,313,889,878,016	14,675,327,176,480	25,154,938,761,216	25,945,969,811,456	22,034,264,555,520	29,685,706,653,696	601,721,161	1,507,598,501	0	0
em-p-ihep51	20260626103141173000000	24	23,313,777,750,016	23,313,877,368,832	14,674,214,680,143	25,154,938,761,216	25,945,969,811,456	22,034,264,555,520	29,685,706,653,696	317,495,156	817,697,279	0	0
em-p-ihep51	20260626103151260000000	23	23,313,783,590,912	23,313,883,353,088	14,679,470,961,422	25,154,938,761,216	25,945,969,811,456	22,034,264,555,520	29,685,706,653,696	307,577,102	968,905,701	0	0
em-p-ihep51	20260626103201260000000	19	23,313,784,725,504	23,313,885,364,224	14,667,610,813,802	25,154,938,761,216	25,945,969,811,456	22,034,264,555,520	29,685,706,653,696	416,108,327	976,743,716	0	0
em-p-ihep51	20260626103211270000000	17	23,313,783,537,664	23,313,912,549,376	14,686,795,278,834	25,154,938,761,216	25,945,969,811,456	22,034,264,555,520	29,685,706,653,696	377,277,235	1,162,805,922	0	0
em-p-ihep51	20260626103221269000000	17	23,313,776,685,056	23,313,881,477,120	14,682,243,376,136	25,154,938,761,216	25,945,969,811,456	22,034,264,555,520	29,685,706,653,696	260,375,246	1,058,617,454	0	0
em-p-ihep51	20260626103231284000000	17	23,313,776,672,768	23,313,878,949,888	14,683,309,315,487	25,154,938,761,216	25,945,969,811,456	22,034,264,555,520	29,685,706,653,696	186,634,882	671,222,419	0	0
em-p-ihep51	20260626103241282000000	16	23,313,779,208,192	23,314,418,683,904	14,674,805,618,887	25,154,938,761,216	25,945,969,811,456	22,034,264,555,520	29,685,706,653,696	216,740,755	1,363,834,422	0	0
em-p-ihep51	20260626103251285000000	18	23,313,776,889,856	23,313,882,435,584	14,673,500,418,001	25,154,938,761,216	25,945,969,811,456	22,034,264,555,520	29,685,706,653,696	611,369,710	1,752,146,076	0	0
em-p-ihep51	20260626103301307000000	18	23,313,783,910,400	23,313,882,558,464	14,672,902,891,113	25,154,938,761,216	25,945,969,811,456	22,034,264,555,520	29,685,706,653,696	695,894,420	1,482,436,640	0	0
em-p-ihep51	20260626103311308000000	22	23,313,788,395,520	23,313,891,586,048	14,684,157,691,202	25,154,938,761,216	25,945,969,811,456	22,034,264,555,520	29,685,706,653,696	492,075,253	1,310,042,609	0	0
em-p-ihep51	20260626103321402000000	18	23,313,832,067,072	23,313,930,178,560	14,674,925,536,340	25,154,938,761,216	25,945,969,811,456	22,034,264,555,520	29,685,706,653,696	339,490,472	959,475,636	0	0
em-p-ihep51	20260626103331500000000	21	23,313,827,131,392	23,314,253,819,904	14,673,349,073,188	25,154,938,761,216	25,945,969,811,456	22,034,264,555,520	29,685,706,653,696	425,579,688	2,447,742,405	0	0
em-p-ihep51	20260626103341504000000	22	23,315,101,929,472	23,315,205,242,880	14,681,918,800,463	25,154,938,761,216	25,945,969,811,456	22,034,264,555,520	29,685,706,653,696	394,504,052	2,423,320,417	0	0
em-p-ihep51	20260626103351502000000	22	23,315,107,602,432	23,315,459,579,904	14,686,087,593,544	25,154,938,761,216	25,945,969,811,456	22,034,264,555,520	29,685,706,653,696	356,460,140	1,154,756,617	0	0
em-p-ihep51	20260626103401591000000	22	23,315,107,545,088	23,315,217,326,080	14,681,900,354,234	25,154,938,761,216	25,945,969,811,456	22,034,264,555,520	29,685,706,653,696	643,777,562	2,394,507,433	0	0
em-p-ihep51	20260626103411676000000	22	23,315,106,570,240	23,315,226,046,464	14,675,117,745,590	25,154,938,761,216	25,945,969,811,456	22,034,264,555,520	29,685,706,653,696	739,410,024	2,392,072,779	0	0
em-p-ihep51	20260626103421713000000	18	23,315,401,121,792	23,315,850,235,904	14,675,725,628,234	25,154,938,761,216	25,945,969,811,456	22,034,264,555,520	29,685,706,653,696	369,915,982	1,945,244,260	12,288	0
em-p-ihep51	20260626103431700000000	20	23,315,674,148,864	23,315,864,223,744	14,666,482,804,707	25,154,938,761,216	25,945,969,811,456	22,034,264,555,520	29,685,706,653,696	397,146,020	919,018,782	20,480	0
em-p-ihep51	20260626103441721000000	19	23,313,389,088,768	23,313,519,996,928	14,689,756,393,469	25,154,938,761,216	25,945,969,811,456	22,034,264,555,520	29,685,706,653,696	293,772,402	820,554,016	20,480	0
em-p-ihep51	20260626103451813000000	17	23,302,721,974,272	23,302,883,442,688	14,671,569,980,812	25,154,938,761,216	25,945,969,811,456	22,034,264,555,520	29,685,706,653,696	168,494,157	1,113,731,454	0	0
em-p-ihep51	20260626103501921000000	21	23,301,469,597,696	23,301,623,779,328	14,671,943,960,574	25,154,938,761,216	25,945,969,811,456	22,034,264,555,520	29,685,706,653,696	175,090,689	628,582,336	12,288	0
em-p-ihep51	20260626103511943000000	31	23,301,474,758,656	23,301,632,135,168	14,682,798,339,492	25,154,938,761,216	25,945,969,811,456	22,034,264,555,520	29,685,706,653,696	402,203,719	1,202,733,308	0	0
em-p-ihep51	20260626103521948000000	21	23,301,475,287,040	23,301,572,624,384	14,675,932,612,270	25,154,938,761,216	25,945,969,811,456	22,034,264,555,520	29,685,706,653,696	339,957,697	791,185,039	0	0
em-p-ihep51	20260626103531953000000	22	23,301,472,694,272	23,301,796,483,072	14,674,231,194,144	25,154,938,761,216	25,945,969,811,456	22,034,264,555,520	29,685,706,653,696	398,782,915	1,295,297,866	0	0
em-p-ihep51	20260626103542054000000	21	23,302,361,075,712	23,302,459,314,176	14,680,974,465,500	25,154,938,761,216	25,945,969,811,456	22,034,264,555,520	29,685,706,653,696	607,163,219	1,531,161,732	0	0
em-p-ihep51	20260626103552056000000	25	23,302,360,514,560	23,302,465,028,096	14,680,272,070,758	25,154,938,761,216	25,945,969,811,456	22,034,264,555,520	29,685,706,653,696	543,639,529	1,335,145,005	0	0
em-p-ihep51	20260626103602070000000	28	23,302,364,119,040	23,302,928,654,336	14,674,977,228,731	25,154,938,761,216	25,945,969,811,456	22,034,264,555,520	29,685,706,653,696	230,189,612	752,322,894	0	0
em-p-ihep51	20260626103612088000000	36	23,302,367,600,640	23,302,464,954,368	14,694,153,858,591	25,154,938,761,216	25,945,969,811,456	22,034,264,555,520	29,685,706,653,696	556,847,103	1,421,345,858	0	0
em-p-ihep51	20260626103622105000000	33	23,302,349,422,592	23,302,465,486,848	14,687,570,445,978	25,154,938,761,216	25,945,969,811,456	22,034,264,555,520	29,685,706,653,696	823,993,856	1,952,471,768	0	0
em-p-ihep51	20260626103632134000000	38	23,302,337,851,392	23,302,446,624,768	14,679,249,607,253	25,154,938,761,216	25,945,969,811,456	22,034,264,555,520	29,685,706,653,696	484,980,940	1,036,405,167	0	0
em-p-ihep51	20260626103642195000000	30	23,302,338,015,232	23,302,436,519,936	14,675,584,324,039	25,154,938,761,216	25,945,969,811,456	22,034,264,555,520	29,685,706,653,696	640,448,419	829,164,763	0	0
em-p-ihep51	20260626103652222000000	25	23,302,335,598,592	23,302,432,681,984	14,672,350,360,997	25,154,938,761,216	25,945,969,811,456	22,034,264,555,520	29,685,706,653,696	295,143,349	842,418,615	0	0
em-p-ihep51	20260626103702259000000	22	23,302,334,443,520	23,303,210,967,040	14,675,283,344,256	25,154,938,761,216	25,945,969,811,456	22,034,264,555,520	29,685,706,653,696	396,510,514	2,393,514,270	0	0
em-p-ihep51	20260626103712326000000	19	23,302,338,031,616	23,302,433,755,136	14,679,672,779,557	25,154,938,761,216	25,945,969,811,456	22,034,264,555,520	29,685,706,653,696	753,004,167	2,428,902,953	0	0
em-p-ihep51	20260626103722439000000	19	23,302,337,925,120	23,302,434,816,000	14,673,095,313,792	25,154,938,761,216	25,945,969,811,456	22,034,264,555,520	29,685,706,653,696	529,105,210	1,103,113,200	0	0
em-p-ihep51	20260626103732451000000	20	23,302,339,006,464	23,302,442,430,464	14,680,605,383,465	25,154,938,761,216	25,945,969,811,456	22,034,264,555,520	29,685,706,653,696	667,509,777	1,182,810,811	0	0
em-p-ihep51	20260626103742526000000	22	23,302,339,170,304	23,302,441,160,704	14,682,841,909,142	25,154,938,761,216	25,945,969,811,456	22,034,264,555,520	29,685,706,653,696	520,007,608	715,529,114	0	0
em-p-ihep51	20260626103752520000000	21	23,302,340,247,552	23,302,443,646,976	14,671,570,818,330	25,154,938,761,216	25,945,969,811,456	22,034,264,555,520	29,685,706,653,696	248,078,865	682,500,740	0	0
em-p-ihep51	20260626103802531000000	14	23,302,341,222,400	23,302,446,329,856	14,663,547,266,313	25,154,938,761,216	25,945,969,811,456	22,034,264,555,520	29,685,706,653,696	736,789,983	1,289,461,990	0	0
em-p-ihep51	20260626103812646000000	20	23,302,343,004,160	23,302,925,529,088	14,675,907,049,033	25,154,938,761,216	25,945,969,811,456	22,034,264,555,520	29,685,706,653,696	829,537,063	1,422,827,549	98,304	0
em-p-ihep51	20260626103822666000000	31	23,302,341,971,968	23,302,426,841,088	14,673,105,375,916	25,154,938,761,216	25,945,969,811,456	22,034,264,555,520	29,685,706,653,696	878,955,588	2,296,889,305	0	0
em-p-ihep51	20260626103832671000000	29	23,302,338,506,752	23,302,423,359,488	14,682,219,640,583	25,154,938,761,216	25,945,969,811,456	22,034,264,555,520	29,685,706,653,696	453,735,996	1,409,668,106	0	0
em-p-ihep51	20260626103842756000000	19	23,302,338,506,752	23,302,996,545,536	14,674,364,569,172	25,154,938,761,216	25,945,969,811,456	22,034,264,555,520	29,685,706,653,696	240,457,399	972,132,634	0	0
em-p-ihep51	20260626103852838000000	16	23,302,344,617,984	23,302,460,166,144	14,670,025,064,586	25,154,938,761,216	25,945,969,811,456	22,034,264,555,520	29,685,706,653,696	209,657,054	778,428,964	0	0
em-p-ihep51	20260626103902860000000	19	23,303,486,427,136	23,302,463,614,976	14,681,704,997,503	25,154,938,761,216	25,945,969,811,456	22,034,264,555,520	29,685,706,653,696	233,700,378	910,276,470	0	0
em-p-ihep51	20260626103912845000000	27	23,275,183,996,928	23,274,152,300,544	14,742,927,077,944	25,154,938,761,216	25,945,969,811,456	22,034,264,555,520	29,685,706,653,696	361,912,223	2,399,764,302	0	0
em-p-ihep51	20260626103922878000000	25	23,302,973,075,456	23,299,868,700,672	14,725,376,078,048	25,154,938,761,216	25,945,969,811,456	22,034,264,555,520	29,685,706,653,696	504,375,433	1,333,803,067	0	0
em-p-ihep51	20260626103932876000000	20	23,327,538,970,624	23,324,476,235,776	14,741,902,989,142	25,154,938,761,216	25,945,969,811,456	22,034,264,555,520	29,685,706,653,696	282,931,524	1,076,519,938	0	0
em-p-ihep51	20260626103942888000000	21	23,365,729,247,232	23,364,494,106,624	14,779,178,162,248	25,154,938,761,216	25,945,969,811,456	22,034,264,555,520	29,685,706,653,696	718,898,183	1,539,526,932	0	0
em-p-ihep51	20260626103952898000000	20	23,352,774,651,904	23,352,923,070,464	14,760,016,980,667	25,154,938,761,216	25,945,969,811,456	22,034,264,555,520	29,685,706,653,696	416,918,715	1,416,733,823	0	0
em-p-ihep51	20260626104002917000000	26	23,334,003,863,552	23,333,931,909,120	14,727,850,300,544	25,154,938,761,216	25,945,969,811,456	22,034,264,555,520	29,685,706,653,696	556,514,195	1,859,372,352	0	0
em-p-ihep51	20260626104012946000000	45	23,320,335,142,912	23,320,535,343,104	14,748,326,825,269	25,154,938,761,216	25,945,969,811,456	22,034,264,555,520	29,685,706,653,696	853,072,802	3,359,744,005	0	0
em-p-ihep51	20260626104022937000000	31	23,288,175,452,160	23,288,325,701,632	14,706,731,463,914	25,154,938,761,216	25,945,969,811,456	22,034,264,555,520	29,685,706,653,696	419,319,151	1,621,185,376	0	0
em-p-ihep51	20260626104032933000000	23	23,266,719,907,840	23,266,830,323,712	14,697,335,597,844	25,154,938,761,216	25,945,969,811,456	22,034,264,555,520	29,685,706,653,696	216,414,646	587,570,622	0	0
em-p-ihep51	20260626104042965000000	22	23,259,013,541,888	23,259,324,755,968	14,692,384,625,604	25,154,938,761,216	25,945,969,811,456	22,034,264,555,520	29,685,706,653,696	505,751,709	1,438,669,543	0	0
em-p-ihep51	20260626104052964000000	20	23,250,953,682,944	23,251,278,254,080	14,679,363,785,032	25,154,938,761,216	25,945,969,811,456	22,034,264,555,520	29,685,706,653,696	596,404,586	1,169,314,869	0	0
em-p-ihep51	20260626104103061000000	21	23,250,949,083,136	23,251,060,391,936	14,681,492,465,779	25,154,938,761,216	25,945,969,811,456	22,034,264,555,520	29,685,706,653,696	218,931,093	827,061,091	0	0
em-p-ihep51	20260626104113129000000	27	23,250,952,695,808	23,251,293,696,000	14,682,616,631,357	25,154,938,761,216	25,945,969,811,456	22,034,264,555,520	29,685,706,653,696	486,886,875	1,533,422,040	61,440	0
em-p-ihep51	20260626104123151000000	29	23,250,951,929,856	23,251,610,935,296	14,670,559,632,588	25,154,938,761,216	25,945,969,811,456	22,034,264,555,520	29,685,706,653,696	315,862,121	1,402,965,404	0	0
em-p-ihep51	20260626104133144000000	24	23,250,947,309,568	23,251,055,960,064	14,676,428,997,424	25,154,938,761,216	25,945,969,811,456	22,034,264,555,520	29,685,706,653,696	293,791,803	1,091,289,951	0	0
em-p-ihep51	20260626104143193000000	26	23,250,955,788,288	23,251,056,463,872	14,681,271,039,646	25,154,938,761,216	25,945,969,811,456	22,034,264,555,520	29,685,706,653,696	235,665,948	905,875,393	0	0
em-p-ihep51	20260626104153219000000	29	23,231,875,813,376	23,230,363,320,320	14,738,573,380,034	25,154,938,761,216	25,945,969,811,456	22,034,264,555,520	29,685,706,653,696	340,969,746	1,008,554,515	0	0
em-p-ihep51	20260626104203214000000	23	23,252,188,934,144	23,251,575,218,176	14,729,591,304,539	25,154,938,761,216	25,945,969,811,456	22,034,264,555,520	29,685,706,653,696	426,584,929	949,371,150	0	0
em-p-ihep51	20260626104213224000000	25	23,266,771,390,464	23,266,727,501,824	14,737,470,688,548	25,154,938,761,216	25,945,969,811,456	22,034,264,555,520	29,685,706,653,696	388,042,768	893,239,796	0	0
em-p-ihep51	20260626104223230000000	25	23,267,386,458,112	23,267,489,468,416	14,738,167,605,708	25,154,938,761,216	25,945,969,811,456	22,034,264,555,520	29,685,706,653,696	320,558,254	1,012,527,190	0	0
em-p-ihep51	20260626104233233000000	25	23,268,950,204,416	23,269,295,210,496	14,737,016,873,416	25,154,938,761,216	25,945,969,811,456	22,034,264,555,520	29,685,706,653,696	841,123,314	1,327,720,320	0	0
em-p-ihep51	20260626104243244000000	27	23,289,583,792,128	23,289,682,907,136	14,734,150,081,969	25,154,938,761,216	25,945,969,811,456	22,034,264,555,520	29,685,706,653,696	532,049,465	1,681,427,914	0	0
em-p-ihep51	20260626104253249000000	22	23,279,510,867,968	23,279,609,839,616	14,713,895,658,953	25,154,938,761,216	25,945,969,811,456	22,034,264,555,520	29,685,706,653,696	303,972,931	1,438,153,712	0	0
em-p-ihep51	20260626104303351000000	21	23,224,314,863,616	23,224,436,756,480	14,668,994,457,152	25,154,938,761,216	25,945,969,811,456	22,034,264,555,520	29,685,706,653,696	690,939,296	2,227,343,643	0	0
em-p-ihep51	20260626104313401000000	22	23,221,361,270,784	23,221,449,920,512	14,670,834,314,831	25,154,938,761,216	25,945,969,811,456	22,034,264,555,520	29,685,706,653,696	630,495,114	1,945,530,671	0	0
em-p-ihep51	20260626104323373000000	19	23,221,361,303,552	23,221,473,484,800	14,671,090,193,797	25,154,938,761,216	25,945,969,811,456	22,034,264,555,520	29,685,706,653,696	289,414,784	1,150,753,792	0	0
em-p-ihep51	20260626104333391000000	24	23,221,365,489,664	23,221,471,420,416	14,677,689,568,395	25,154,938,761,216	25,945,969,811,456	22,034,264,555,520	29,685,706,653,696	361,770,594	1,090,855,724	0	0
em-p-ihep51	20260626104343365000000	15	23,222,045,540,352	23,222,182,699,008	14,677,633,675,377	25,154,938,761,216	25,945,969,811,456	22,034,264,555,520	29,685,706,653,696	801,005,748	942,560,959	0	0
em-p-ihep51	20260626104353368000000	21	23,222,040,793,088	23,222,179,282,944	14,673,594,660,219	25,154,938,761,216	25,945,969,811,456	22,034,264,555,520	29,685,706,653,696	198,637,162	791,615,212	0	0
em-p-ihep51	20260626104403382000000	21	23,222,037,385,216	23,222,171,222,016	14,672,343,795,206	25,154,938,761,216	25,945,969,811,456	22,034,264,555,520	29,685,706,653,696	385,974,659	1,302,188,429	0	0
em-p-ihep51	20260626104413412000000	27	23,222,031,335,424	23,222,517,293,056	14,685,386,550,273	25,154,938,761,216	25,945,969,811,456	22,034,264,555,520	29,685,706,653,696	299,069,823	2,070,570,742	0	0
em-p-ihep51	20260626104423429000000	26	23,222,037,549,056	23,222,168,899,584	14,676,816,271,085	25,154,938,761,216	25,945,969,811,456	22,034,264,555,520	29,685,706,653,696	330,247,924	1,441,654,419	0	0
em-p-ihep51	20260626104433432000000	25	23,222,037,331,968	23,222,235,283,456	14,678,047,387,423	25,154,938,761,216	25,945,969,811,456	22,034,264,555,520	29,685,706,653,696	300,691,681	757,688,586	0	0
em-p-ihep51	20260626104443504000000	22	23,222,028,619,776	23,222,228,590,592	14,673,831,775,826	25,154,938,761,216	25,945,969,811,456	22,034,264,555,520	29,685,706,653,696	278,587,322	1,044,163,463	0	0
em-p-ihep51	20260626104453654000000	22	23,222,029,701,120	23,222,211,534,848	14,679,616,527,287	25,154,938,761,216	25,945,969,811,456	22,034,264,555,520	29,685,706,653,696	919,390,045	1,274,516,452	0	0
em-p-ihep51	20260626104503638000000	25	23,222,254,342,144	23,222,434,312,192	14,690,291,918,039	25,154,938,761,216	25,945,969,811,456	22,034,264,555,520	29,685,706,653,696	238,762,785	743,845,024	0	0
em-p-ihep51	20260626104513762000000	31	23,222,260,453,376	23,222,437,089,280	14,705,297,489,744	25,154,938,761,216	25,945,969,811,456	22,034,264,555,520	29,685,706,653,696	628,211,353	1,415,742,844	0	0
em-p-ihep51	20260626104523730000000	28	23,222,255,034,368	23,222,428,622,848	14,698,049,763,650	25,154,938,761,216	25,945,969,811,456	22,034,264,555,520	29,685,706,653,696	768,065,320	1,235,597,151	0	0
em-p-ihep51	20260626104533803000000	26	23,223,020,511,232	23,223,237,042,176	14,696,210,922,278	25,154,938,761,216	25,945,969,811,456	22,034,264,555,520	29,685,706,653,696	629,925,418	1,452,559,574	0	0
em-p-ihep51	20260626104543859000000	26	23,223,016,042,496	23,223,214,784,512	14,675,681,194,699	25,154,938,761,216	25,945,969,811,456	22,034,264,555,520	29,685,706,653,696	316,479,088	1,331,508,152	0	0
em-p-ihep51	20260626104553850000000	33	23,223,003,574,272	23,223,177,707,520	14,682,968,191,789	25,154,938,761,216	25,945,969,811,456	22,034,264,555,520	29,685,706,653,696	728,420,793	1,681,556,760	0	0
em-p-ihep51	20260626104603898000000	37	23,223,011,209,216	23,223,183,699,968	14,677,114,276,410	25,154,938,761,216	25,945,969,811,456	22,034,264,555,520	29,685,706,653,696	401,656,982	1,012,915,356	24,576	0
em-p-ihep51	20260626104613872000000	33	23,223,007,182,848	23,223,353,483,264	14,682,941,799,248	25,154,938,761,216	25,945,969,811,456	22,034,264,555,520	29,685,706,653,696	628,193,618	1,633,694,181	0	0
em-p-ihep51	20260626104623914000000	23	23,223,007,391,744	23,223,196,499,968	14,678,917,472,670	25,154,938,761,216	25,945,969,811,456	22,034,264,555,520	29,685,706,653,696	631,846,482	1,917,408,093	0	0
em-p-ihep51	20260626104633937000000	26	23,223,010,942,976	23,223,179,112,448	14,676,381,247,322	25,154,938,761,216	25,945,969,811,456	22,034,264,555,520	29,685,706,653,696	191,612,724	783,604,691	0	0
em-p-ihep51	20260626104643967000000	29	23,223,064,084,480	23,223,179,534,336	14,680,125,847,469	25,154,938,761,216	25,945,969,811,456	22,034,264,555,520	29,685,706,653,696	545,943,532	1,319,763,187	0	0
em-p-ihep51	20260626104654044000000	24	23,223,096,610,816	23,223,798,345,728	14,678,110,088,729	25,154,938,761,216	25,945,969,811,456	22,034,264,555,520	29,685,706,653,696	589,937,417	2,205,553,163	0	0
em-p-ihep51	20260626104704084000000	24	23,223,098,736,640	23,223,263,006,720	14,682,329,964,372	25,154,938,761,216	25,945,969,811,456	22,034,264,555,520	29,685,706,653,696	288,871,837	2,009,759,487	0	0
em-p-ihep51	20260626104714061000000	21	23,223,093,309,440	23,223,259,553,792	14,671,715,710,154	25,154,938,761,216	25,945,969,811,456	22,034,264,555,520	29,685,706,653,696	414,932,919	1,743,968,106	0	0
em-p-ihep51	20260626104724077000000	24	23,223,082,508,288	23,223,777,030,144	14,670,936,254,054	25,154,938,761,216	25,945,969,811,456	22,034,264,555,520	29,685,706,653,696	496,121,872	1,185,857,144	0	0
em-p-ihep51	20260626104734104000000	30	23,223,086,641,152	23,223,253,377,024	14,669,669,713,116	25,154,938,761,216	25,945,969,811,456	22,034,264,555,520	29,685,706,653,696	450,194,909	1,028,118,425	0	0
em-p-ihep51	20260626104744101000000	22	23,223,090,049,024	23,223,257,710,592	14,671,851,881,717	25,154,938,761,216	25,945,969,811,456	22,034,264,555,520	29,685,706,653,696	385,893,234	1,034,656,453	0	0
em-p-ihep51	20260626104754111000000	23	23,223,092,473,856	23,223,262,650,368	14,685,556,336,601	25,154,938,761,216	25,945,969,811,456	22,034,264,555,520	29,685,706,653,696	461,241,331	1,083,540,185	0	0
em-p-ihep51	20260626104804104000000	21	23,223,093,825,536	23,223,260,860,416	14,680,923,286,530	25,154,938,761,216	25,945,969,811,456	22,034,264,555,520	29,685,706,653,696	335,297,303	993,057,135	0	0
em-p-ihep51	20260626104814195000000	23	23,223,093,878,784	23,223,198,617,600	14,683,260,746,866	25,154,938,761,216	25,945,969,811,456	22,034,264,555,520	29,685,706,653,696	579,650,087	1,610,978,089	0	0
em-p-ihep51	20260626104824221000000	24	23,223,095,013,376	23,223,197,261,824	14,676,344,982,095	25,154,938,761,216	25,945,969,811,456	22,034,264,555,520	29,685,706,653,696	213,629,206	1,488,777,225	0	0
em-p-ihep51	20260626104834324000000	19	23,223,094,153,216	23,223,188,705,280	14,675,851,547,503	25,154,938,761,216	25,945,969,811,456	22,034,264,555,520	29,685,706,653,696	394,156,911	1,570,958,445	0	0
em-p-ihep51	20260626104844333000000	22	23,223,096,422,400	23,223,179,911,168	14,673,089,756,200	25,154,938,761,216	25,945,969,811,456	22,034,264,555,520	29,685,706,653,696	445,084,378	1,580,708,929	0	0
em-p-ihep51	20260626104854356000000	18	23,223,097,286,656	23,223,182,761,984	14,676,861,028,772	25,154,938,761,216	25,945,969,811,456	22,034,264,555,520	29,685,706,653,696	495,319,837	1,134,781,623	0	0
em-p-ihep51	20260626104904343000000	28	23,223,104,790,528	23,223,211,077,632	14,681,137,185,084	25,154,938,761,216	25,945,969,811,456	22,034,264,555,520	29,685,706,653,696	557,087,034	1,769,689,841	0	0
em-p-ihep51	20260626104914377000000	29	23,223,107,235,840	23,223,194,763,264	14,681,073,098,496	25,154,938,761,216	25,945,969,811,456	22,034,264,555,520	29,685,706,653,696	661,856,899	2,213,029,467	0	0
em-p-ihep51	20260626104924402000000	28	23,223,318,761,472	23,223,407,480,832	14,681,773,970,566	25,154,938,761,216	25,945,969,811,456	22,034,264,555,520	29,685,706,653,696	363,752,955	1,189,467,510	0	0
em-p-ihep51	20260626104934420000000	27	23,223,727,480,832	23,223,818,289,152	14,671,866,963,035	25,154,938,761,216	25,945,969,811,456	22,034,264,555,520	29,685,706,653,696	664,296,403	1,585,092,760	0	0
em-p-ihep51	20260626104944444000000	23	23,223,727,616,000	23,223,816,200,192	14,673,232,000,105	25,154,938,761,216	25,945,969,811,456	22,034,264,555,520	29,685,706,653,696	382,266,536	1,247,201,301	0	0
em-p-ihep51	20260626104954445000000	24	23,223,729,942,528	23,223,819,268,096	14,680,887,783,972	25,154,938,761,216	25,945,969,811,456	22,034,264,555,520	29,685,706,653,696	388,706,075	1,425,482,471	0	0
em-p-ihep51	20260626105004504000000	30	23,223,745,708,032	23,223,847,026,688	14,679,594,244,937	25,154,938,761,216	25,945,969,811,456	22,034,264,555,520	29,685,706,653,696	549,191,844	2,330,098,731	0	0
em-p-ihep51	20260626105014531000000	45	23,224,008,069,120	23,224,109,297,664	14,700,497,486,939	25,154,938,761,216	25,945,969,811,456	22,034,264,555,520	29,685,706,653,696	822,905,552	3,580,139,156	0	0
em-p-ihep51	20260626105024599000000	30	23,223,990,599,680	23,224,089,333,760	14,686,812,581,044	25,154,938,761,216	25,945,969,811,456	22,034,264,555,520	29,685,706,653,696	682,036,794	1,993,421,240	0	0
em-p-ihep51	20260626105034627000000	31	23,223,982,264,320	23,224,079,659,008	14,683,363,838,658	25,154,938,761,216	25,945,969,811,456	22,034,264,555,520	29,685,706,653,696	253,771,096	1,058,444,012	0	0
em-p-ihep51	20260626105044637000000	30	23,223,986,577,408	23,224,085,454,848	14,686,805,313,874	25,154,938,761,216	25,945,969,811,456	22,034,264,555,520	29,685,706,653,696	374,501,817	1,285,308,537	0	0
em-p-ihep51	20260626105054661000000	32	23,223,975,477,248	23,224,075,190,272	14,685,283,218,796	25,154,938,761,216	25,945,969,811,456	22,034,264,555,520	29,685,706,653,696	818,943,345	1,574,235,425	0	0
em-p-ihep51	20260626105104695000000	32	23,223,987,273,728	23,224,077,553,664	14,680,931,385,182	25,154,938,761,216	25,945,969,811,456	22,034,264,555,520	29,685,706,653,696	636,895,329	1,816,140,392	0	0
em-p-ihep51	20260626105114721000000	34	23,223,981,809,664	23,224,509,652,992	14,690,954,593,580	25,154,938,761,216	25,945,969,811,456	22,034,264,555,520	29,685,706,653,696	630,806,523	1,359,984,211	0	0
em-p-ihep51	20260626105124747000000	32	23,223,979,819,008	23,224,058,470,400	14,690,703,407,896	25,154,938,761,216	25,945,969,811,456	22,034,264,555,520	29,685,706,653,696	332,693,996	1,070,988,851	12,288	0
em-p-ihep51	20260626105134832000000	28	23,224,414,679,040	23,224,493,826,048	14,680,360,173,611	25,154,938,761,216	25,945,969,811,456	22,034,264,555,520	29,685,706,653,696	351,984,047	1,518,211,821	0	0
em-p-ihep51	20260626105144845000000	27	23,224,417,001,472	23,224,943,755,264	14,685,937,922,549	25,154,938,761,216	25,945,969,811,456	22,034,264,555,520	29,685,706,653,696	809,511,302	1,652,168,965	40,960	0
em-p-ihep51	20260626105154856000000	26	23,224,419,438,592	23,224,508,538,880	14,674,784,991,741	25,154,938,761,216	25,945,969,811,456	22,034,264,555,520	29,685,706,653,696	345,525,696	1,035,540,012	0	0
em-p-ihep51	20260626105204868000000	25	23,224,409,407,488	23,224,498,577,408	14,682,865,547,862	25,154,938,761,216	25,945,969,811,456	22,034,264,555,520	29,685,706,653,696	452,019,269	984,997,189	8,192	0
em-p-ihep51	20260626105214895000000	25	23,224,407,031,808	23,224,508,981,248	14,678,064,014,526	25,154,938,761,216	25,945,969,811,456	22,034,264,555,520	29,685,706,653,696	623,083,610	1,375,281,537	0	0
em-p-ihep51	20260626105224903000000	32	23,224,078,172,160	23,224,152,674,304	14,683,202,945,856	25,154,938,761,216	25,945,969,811,456	22,034,264,555,520	29,685,706,653,696	992,241,125	1,518,562,342	0	0
em-p-ihep51	20260626105234874000000	24	23,224,084,160,512	23,224,224,395,264	14,678,532,446,135	25,154,938,761,216	25,945,969,811,456	22,034,264,555,520	29,685,706,653,696	674,514,488	1,207,708,584	1,826,816	0
em-p-ihep51	20260626105244903000000	25	23,224,084,791,296	23,224,280,698,880	14,687,856,378,025	25,154,938,761,216	25,945,969,811,456	22,034,264,555,520	29,685,706,653,696	990,119,274	2,880,216,711	344,064	0
em-p-ihep51	20260626105254927000000	32	23,224,082,341,888	23,224,179,404,800	14,680,915,458,456	25,154,938,761,216	25,945,969,811,456	22,034,264,555,520	29,685,706,653,696	659,875,506	2,100,068,129	0	0
em-p-ihep51	20260626105304937000000	24	23,224,083,734,528	23,224,161,300,480	14,679,028,891,652	25,154,938,761,216	25,945,969,811,456	22,034,264,555,520	29,685,706,653,696	602,182,033	1,571,763,310	0	0
em-p-ihep51	20260626105314943000000	22	23,224,084,008,960	23,224,211,202,048	14,673,727,820,417	25,154,938,761,216	25,945,969,811,456	22,034,264,555,520	29,685,706,653,696	326,123,609	1,075,678,638	0	0
em-p-ihep51	20260626105324957000000	31	23,224,092,483,584	23,224,235,270,144	14,672,958,346,076	25,154,938,761,216	25,945,969,811,456	22,034,264,555,520	29,685,706,653,696	856,025,728	1,621,765,305	0	0
em-p-ihep51	20260626105334971000000	28	23,224,087,805,952	23,224,212,402,176	14,693,757,086,729	25,154,938,761,216	25,945,969,811,456	22,034,264,555,520	29,685,706,653,696	518,130,069	951,733,028	0	0
em-p-ihep51	20260626105344985000000	27	23,224,087,752,704	23,224,207,208,448	14,671,685,484,398	25,154,938,761,216	25,945,969,811,456	22,034,264,555,520	29,685,706,653,696	174,377,201	852,560,751	0	0
em-p-ihep51	20260626105355032000000	28	23,224,085,618,688	23,224,704,872,448	14,671,617,782,654	25,154,938,761,216	25,945,969,811,456	22,034,264,555,520	29,685,706,653,696	381,714,667	1,101,356,504	0	0
em-p-ihep51	20260626105405106000000	18	23,224,088,752,128	23,224,228,462,592	14,666,984,680,388	25,154,938,761,216	25,945,969,811,456	22,034,264,555,520	29,685,706,653,696	546,435,727	1,363,795,770	0	0
em-p-ihep51	20260626105415121000000	26	23,224,086,978,560	23,224,207,892,480	14,670,180,431,731	25,154,938,761,216	25,945,969,811,456	22,034,264,555,520	29,685,706,653,696	340,973,632	1,839,650,229	0	0
em-p-ihep51	20260626105425116000000	25	23,224,092,864,512	23,224,252,071,936	14,666,377,155,313	25,154,938,761,216	25,945,969,811,456	22,034,264,555,520	29,685,706,653,696	222,504,249	1,294,759,759	0	0
em-p-ihep51	20260626105435150000000	22	23,224,093,835,264	23,224,273,985,536	14,666,915,480,551	25,154,938,761,216	25,945,969,811,456	22,034,264,555,520	29,685,706,653,696	327,067,279	1,370,949,621	0	0
em-p-ihep51	20260626105445141000000	22	23,224,095,264,768	23,224,292,438,016	14,665,720,634,669	25,154,938,761,216	25,945,969,811,456	22,034,264,555,520	29,685,706,653,696	728,645,793	1,569,943,855	0	0
em-p-ihep51	20260626105455161000000	19	23,224,092,901,376	23,224,286,781,440	14,671,994,965,924	25,154,938,761,216	25,945,969,811,456	22,034,264,555,520	29,685,706,653,696	174,143,938	608,492,022	0	0
em-p-ihep51	20260626105505187000000	24	23,224,095,223,808	23,224,657,035,264	14,671,384,048,870	25,154,938,761,216	25,945,969,811,456	22,034,264,555,520	29,685,706,653,696	214,753,123	925,401,446	0	0
em-p-ihep51	20260626105515192000000	20	23,224,089,784,320	23,224,276,373,504	14,676,607,464,807	25,154,938,761,216	25,945,969,811,456	22,034,264,555,520	29,685,706,653,696	237,520,641	1,364,860,885	0	0
em-p-ihep51	20260626105525233000000	24	23,224,092,942,336	23,224,276,643,840	14,676,958,654,594	25,154,938,761,216	25,945,969,811,456	22,034,264,555,520	29,685,706,653,696	264,522,066	908,678,587	0	0
em-p-ihep51	20260626105535226000000	26	23,224,093,913,088	23,224,470,462,464	14,675,134,575,225	25,154,938,761,216	25,945,969,811,456	22,034,264,555,520	29,685,706,653,696	169,095,900	707,964,030	0	0
em-p-ihep51	20260626105545264000000	24	23,224,090,513,408	23,224,273,723,392	14,680,475,946,860	25,154,938,761,216	25,945,969,811,456	22,034,264,555,520	29,685,706,653,696	211,316,418	1,016,450,893	0	0
em-p-ihep51	20260626105555284000000	25	23,224,095,268,864	23,224,278,478,848	14,685,250,104,085	25,154,938,761,216	25,945,969,811,456	22,034,264,555,520	29,685,706,653,696	291,141,873	1,601,417,067	0	0
em-p-ihep51	20260626105605301000000	28	23,224,092,786,688	23,224,270,594,048	14,671,182,353,091	25,154,938,761,216	25,945,969,811,456	22,034,264,555,520	29,685,706,653,696	559,971,769	1,792,952,409	0	0
em-p-ihep51	20260626105615331000000	35	23,224,093,478,912	23,224,254,181,376	14,682,040,370,181	25,154,938,761,216	25,945,969,811,456	22,034,264,555,520	29,685,706,653,696	403,483,418	1,550,370,883	0	0
em-p-ihep51	20260626105625339000000	28	23,224,105,320,448	23,224,265,986,048	14,682,016,708,207	25,154,938,761,216	25,945,969,811,456	22,034,264,555,520	29,685,706,653,696	618,163,618	1,273,520,411	0	0
em-p-ihep51	20260626105635353000000	28	23,224,147,976,192	23,224,360,308,736	14,677,242,427,061	25,154,938,761,216	25,945,969,811,456	22,034,264,555,520	29,685,706,653,696	393,957,433	929,042,831	0	0
em-p-ihep51	20260626105645390000000	32	23,224,579,043,328	23,224,723,202,048	14,685,264,234,334	25,154,938,761,216	25,945,969,811,456	22,034,264,555,520	29,685,706,653,696	404,921,883	963,848,590	0	0
em-p-ihep51	20260626105655475000000	27	23,224,573,919,232	23,224,725,774,336	14,676,451,370,372	25,154,938,761,216	25,945,969,811,456	22,034,264,555,520	29,685,706,653,696	270,284,039	738,252,226	0	0
em-p-ihep51	20260626105705493000000	27	23,224,574,869,504	23,224,976,646,144	14,671,385,504,554	25,154,938,761,216	25,945,969,811,456	22,034,264,555,520	29,685,706,653,696	251,611,470	1,730,384,893	0	0
em-p-ihep51	20260626105715563000000	24	23,224,571,531,264	23,224,705,802,240	14,671,388,925,439	25,154,938,761,216	25,945,969,811,456	22,034,264,555,520	29,685,706,653,696	478,522,757	2,449,667,786	0	0
em-p-ihep51	20260626105725596000000	26	23,224,578,531,328	23,224,674,553,856	14,672,849,826,524	25,154,938,761,216	25,945,969,811,456	22,034,264,555,520	29,685,706,653,696	411,354,388	1,489,672,311	0	0
em-p-ihep51	20260626105735661000000	19	23,224,572,866,560	23,224,646,713,344	14,675,670,404,218	25,154,938,761,216	25,945,969,811,456	22,034,264,555,520	29,685,706,653,696	265,138,042	1,069,418,014	0	0
em-p-ihep51	20260626105745769000000	25	23,224,570,273,792	23,224,730,279,936	14,668,230,756,831	25,154,938,761,216	25,945,969,811,456	22,034,264,555,520	29,685,706,653,696	222,793,032	914,955,245	0	0
em-p-ihep51	20260626105755767000000	22	23,224,570,167,296	23,224,690,425,856	14,669,091,887,179	25,154,938,761,216	25,945,969,811,456	22,034,264,555,520	29,685,706,653,696	396,415,079	878,968,490	0	0
em-p-ihep51	20260626105805764000000	22	23,224,569,298,944	23,224,679,690,240	14,665,691,473,364	25,154,938,761,216	25,945,969,811,456	22,034,264,555,520	29,685,706,653,696	571,878,971	967,094,656	0	0
em-p-ihep51	20260626105815855000000	24	23,224,568,721,408	23,224,692,477,952	14,667,873,760,189	25,154,938,761,216	25,945,969,811,456	22,034,264,555,520	29,685,706,653,696	676,236,155	1,581,650,927	0	0
em-p-ihep51	20260626105825939000000	23	23,224,567,644,160	23,224,679,378,944	14,672,111,869,068	25,154,938,761,216	25,945,969,811,456	22,034,264,555,520	29,685,706,653,696	255,337,172	955,038,695	0	0
em-p-ihep51	20260626105835966000000	22	23,224,573,435,904	23,224,694,210,560	14,675,667,712,812	25,154,938,761,216	25,945,969,811,456	22,034,264,555,520	29,685,706,653,696	197,058,121	1,340,381,481	0	0
em-p-ihep51	20260626105845982000000	30	23,224,578,334,720	23,224,693,063,680	14,675,386,873,005	25,154,938,761,216	25,945,969,811,456	22,034,264,555,520	29,685,706,653,696	528,382,155	1,776,718,560	0	0
em-p-ihep51	20260626105855983000000	21	23,224,573,689,856	23,224,709,787,648	14,674,183,761,543	25,154,938,761,216	25,945,969,811,456	22,034,264,555,520	29,685,706,653,696	456,996,427	1,299,519,694	0	0
em-p-ihep51	20260626105906083000000	21	23,224,572,395,520	23,224,684,044,288	14,670,729,757,879	25,154,938,761,216	25,945,969,811,456	22,034,264,555,520	29,685,706,653,696	253,047,376	1,122,807,647	0	0
em-p-ihep51	20260626105916185000000	25	23,224,571,912,192	23,224,679,514,112	14,669,793,741,553	25,154,938,761,216	25,945,969,811,456	22,034,264,555,520	29,685,706,653,696	293,588,794	1,506,871,775	0	0
em-p-ihep51	20260626105926189000000	26	23,224,564,166,656	23,224,900,726,784	14,679,270,697,107	25,154,938,761,216	25,945,969,811,456	22,034,264,555,520	29,685,706,653,696	657,929,565	1,381,556,367	0	0
em-p-ihep51	20260626105936192000000	26	23,224,568,881,152	23,225,182,097,408	14,687,599,221,348	25,154,938,761,216	25,945,969,811,456	22,034,264,555,520	29,685,706,653,696	651,387,056	1,107,806,791	0	0
em-p-ihep51	20260626105946203000000	32	23,224,570,306,560	23,224,671,973,376	14,685,835,057,901	25,154,938,761,216	25,945,969,811,456	22,034,264,555,520	29,685,706,653,696	418,566,386	1,476,463,597	0	0
em-p-ihep51	20260626105956209000000	26	23,224,576,249,856	23,224,691,187,712	14,694,816,245,255	25,154,938,761,216	25,945,969,811,456	22,034,264,555,520	29,685,706,653,696	665,694,921	1,254,845,940	0	0
em-p-ihep51	20260626110006260000000	29	23,224,581,226,496	23,224,688,447,488	14,698,216,183,015	25,154,938,761,216	25,945,969,811,456	22,034,264,555,520	29,685,706,653,696	279,037,265	1,849,434,741	0	0
em-p-ihep51	20260626110016271000000	44	23,228,248,543,232	23,228,334,702,592	14,737,512,147,259	25,154,938,761,216	25,945,969,811,456	22,034,264,555,520	29,685,706,653,696	973,827,699	2,843,933,149	0	0
em-p-ihep51	20260626110026331000000	39	23,228,275,417,088	23,228,415,631,360	14,696,136,704,452	25,154,938,761,216	25,945,969,811,456	22,034,264,555,520	29,685,706,653,696	1,155,175,333	3,348,091,841	0	0
em-p-ihep51	20260626110036292000000	31	23,228,266,098,688	23,228,388,016,128	14,685,385,114,763	25,154,938,761,216	25,945,969,811,456	22,034,264,555,520	29,685,706,653,696	518,542,678	1,763,456,103	0	0
em-p-ihep51	20260626110046305000000	31	23,228,260,925,440	23,228,357,685,248	14,695,872,687,155	25,154,938,761,216	25,945,969,811,456	22,034,264,555,520	29,685,706,653,696	323,862,169	1,230,465,070	0	0
em-p-ihep51	20260626110056325000000	27	23,228,311,961,600	23,228,806,045,696	14,687,642,486,244	25,154,938,761,216	25,945,969,811,456	22,034,264,555,520	29,685,706,653,696	319,866,003	897,234,252	0	0
em-p-ihep51	20260626110106341000000	29	23,225,130,717,184	23,225,282,146,304	14,684,589,802,074	25,154,938,761,216	25,945,969,811,456	22,034,264,555,520	29,685,706,653,696	397,720,989	1,561,746,287	0	0
em-p-ihep51	20260626110116362000000	29	23,227,350,646,784	23,229,986,336,768	14,671,613,680,529	25,154,938,761,216	25,945,969,811,456	22,034,264,555,520	29,685,706,653,696	441,992,887	1,832,682,573	0	0
em-p-ihep51	20260626110126379000000	25	23,224,869,748,736	23,225,402,494,976	14,682,590,801,068	25,154,938,761,216	25,945,969,811,456	22,034,264,555,520	29,685,706,653,696	217,931,097	2,483,250,343	0	0
em-p-ihep51	20260626110136389000000	29	23,224,871,206,912	23,224,988,127,232	14,684,908,273,068	25,154,938,761,216	25,945,969,811,456	22,034,264,555,520	29,685,706,653,696	370,085,831	1,754,226,837	0	0
em-p-ihep51	20260626110146418000000	33	23,225,010,397,184	23,225,443,069,952	14,674,113,130,165	25,154,938,761,216	25,945,969,811,456	22,034,264,555,520	29,685,706,653,696	481,507,675	1,736,413,381	0	0
em-p-ihep51	20260626110156389000000	28	23,225,089,445,888	23,225,181,908,992	14,675,517,634,987	25,154,938,761,216	25,945,969,811,456	22,034,264,555,520	29,685,706,653,696	433,445,155	1,070,690,532	0	0
em-p-ihep51	20260626110206407000000	25	23,215,178,797,056	23,215,270,227,968	14,665,882,142,344	25,154,938,761,216	25,945,969,811,456	22,034,264,555,520	29,685,706,653,696	403,266,122	1,264,110,460	0	0
em-p-ihep51	20260626110216416000000	24	23,215,175,413,760	23,215,269,847,040	14,655,224,488,000	25,154,938,761,216	25,945,969,811,456	22,034,264,555,520	29,685,706,653,696	438,213,698	1,257,297,840	0	0
em-p-ihep51	20260626110226427000000	22	23,215,173,931,008	23,215,270,498,304	14,673,835,235,392	25,154,938,761,216	25,945,969,811,456	22,034,264,555,520	29,685,706,653,696	394,088,185	1,257,170,169	0	0
em-p-ihep51	20260626110236455000000	29	23,215,165,296,640	23,215,295,336,448	14,668,445,703,125	25,154,938,761,216	25,945,969,811,456	22,034,264,555,520	29,685,706,653,696	315,493,676	1,103,899,277	0	0
em-p-ihep51	20260626110246483000000	27	23,215,166,377,984	23,215,261,822,976	14,660,289,233,942	25,154,938,761,216	25,945,969,811,456	22,034,264,555,520	29,685,706,653,696	744,205,207	2,063,827,271	0	0
em-p-ihep51	20260626110256496000000	28	23,215,171,022,848	23,215,265,214,464	14,665,771,609,091	25,154,938,761,216	25,945,969,811,456	22,034,264,555,520	29,685,706,653,696	329,545,212	1,428,766,369	0	0
em-p-ihep51	20260626110306509000000	29	23,215,171,186,688	23,215,283,568,640	14,671,803,605,059	25,154,938,761,216	25,945,969,811,456	22,034,264,555,520	29,685,706,653,696	431,442,989	1,806,635,284	0	0
em-p-ihep51	20260626110316527000000	34	23,217,606,336,512	23,217,700,847,616	14,662,827,700,503	25,154,938,761,216	25,945,969,811,456	22,034,264,555,520	29,685,706,653,696	684,322,329	1,942,119,669	0	0
em-p-ihep51	20260626110326532000000	22	23,217,600,397,312	23,217,689,513,984	14,660,819,452,890	25,154,938,761,216	25,945,969,811,456	22,034,264,555,520	29,685,706,653,696	492,427,991	1,404,768,490	0	0
em-p-ihep51	20260626110336553000000	28	23,217,603,653,632	23,217,870,745,600	14,664,371,924,742	25,154,938,761,216	25,945,969,811,456	22,034,264,555,520	29,685,706,653,696	544,681,479	2,968,319,986	4,096	0
em-p-ihep51	20260626110346539000000	30	23,217,606,262,784	23,217,695,371,264	14,664,959,275,115	25,154,938,761,216	25,945,969,811,456	22,034,264,555,520	29,685,706,653,696	818,885,304	1,572,102,729	0	0
em-p-ihep51	20260626110356567000000	25	23,217,602,826,240	23,217,693,487,104	14,665,282,799,787	25,154,938,761,216	25,945,969,811,456	22,034,264,555,520	29,685,706,653,696	859,666,923	1,374,673,635	0	0
em-p-ihep51	20260626110406589000000	28	23,217,606,389,760	23,217,693,024,256	14,667,605,313,441	25,154,938,761,216	25,945,969,811,456	22,034,264,555,520	29,685,706,653,696	342,190,835	1,700,903,032	0	0
em-p-ihep51	20260626110416591000000	24	23,217,599,152,128	23,217,669,873,664	14,656,069,958,325	25,154,938,761,216	25,945,969,811,456	22,034,264,555,520	29,685,706,653,696	524,806,071	1,328,217,993	0	0
em-p-ihep51	20260626110426590000000	25	23,217,598,238,720	23,217,671,077,888	14,664,190,222,358	25,154,938,761,216	25,945,969,811,456	22,034,264,555,520	29,685,706,653,696	457,548,947	1,882,022,547	0	0
em-p-ihep51	20260626110436695000000	25	23,217,596,956,672	23,217,700,216,832	14,666,507,959,493	25,154,938,761,216	25,945,969,811,456	22,034,264,555,520	29,685,706,653,696	378,775,516	1,976,992,522	0	0
em-p-ihep51	20260626110446698000000	24	23,217,598,308,352	23,218,038,075,392	14,662,085,197,995	25,154,938,761,216	25,945,969,811,456	22,034,264,555,520	29,685,706,653,696	413,886,029	1,184,958,632	0	0
em-p-ihep51	20260626110456788000000	25	23,217,597,120,512	23,217,806,839,808	14,661,034,756,914	25,154,938,761,216	25,945,969,811,456	22,034,264,555,520	29,685,706,653,696	350,855,988	1,096,342,768	0	0
em-p-ihep51	20260626110506821000000	30	23,217,604,247,552	23,217,748,295,680	14,680,176,916,528	25,154,938,761,216	25,945,969,811,456	22,034,264,555,520	29,685,706,653,696	611,610,265	1,474,420,982	0	0
em-p-ihep51	20260626110516853000000	35	23,217,610,305,536	23,218,238,345,216	14,684,532,360,312	25,154,938,761,216	25,945,969,811,456	22,034,264,555,520	29,685,706,653,696	361,257,093	1,129,454,632	0	0
em-p-ihep51	20260626110526860000000	34	23,217,621,553,152	23,217,764,708,352	14,672,449,824,540	25,154,938,761,216	25,945,969,811,456	22,034,264,555,520	29,685,706,653,696	606,067,206	1,486,200,741	110,592	0
em-p-ihep51	20260626110536846000000	33	23,217,763,975,168	23,217,898,774,528	14,677,416,620,587	25,154,938,761,216	25,945,969,811,456	22,034,264,555,520	29,685,706,653,696	723,195,247	1,258,615,340	0	0
em-p-ihep51	20260626110546963000000	25	23,217,765,490,688	23,217,884,069,888	14,669,972,387,895	25,154,938,761,216	25,945,969,811,456	22,034,264,555,520	29,685,706,653,696	411,596,230	1,270,348,064	0	0
em-p-ihep51	20260626110556981000000	30	23,217,773,699,072	23,217,866,928,128	14,669,847,515,980	25,154,938,761,216	25,945,969,811,456	22,034,264,555,520	29,685,706,653,696	429,379,745	1,367,995,149	0	0
em-p-ihep51	20260626110606967000000	36	23,217,776,128,000	23,217,920,360,448	14,674,997,595,373	25,154,938,761,216	25,945,969,811,456	22,034,264,555,520	29,685,706,653,696	478,609,576	1,352,492,613	0	0
em-p-ihep51	20260626110616956000000	39	23,217,784,336,384	23,218,362,236,928	14,676,462,397,540	25,154,938,761,216	25,945,969,811,456	22,034,264,555,520	29,685,706,653,696	380,210,699	1,118,257,329	0	0
em-p-ihep51	20260626110627008000000	42	23,217,786,793,984	23,217,882,689,536	14,671,770,516,709	25,154,938,761,216	25,945,969,811,456	22,034,264,555,520	29,685,706,653,696	347,447,256	1,661,920,095	0	0
em-p-ihep51	20260626110637027000000	32	23,217,782,128,640	23,218,188,963,840	14,673,413,576,115	25,154,938,761,216	25,945,969,811,456	22,034,264,555,520	29,685,706,653,696	685,800,427	1,803,239,715	0	0
em-p-ihep51	20260626110647050000000	41	23,217,766,305,792	23,217,865,981,952	14,686,870,935,197	25,154,938,761,216	25,945,969,811,456	22,034,264,555,520	29,685,706,653,696	594,577,484	2,104,750,661	0	0
em-p-ihep51	20260626110657045000000	37	23,217,772,994,560	23,217,868,865,536	14,674,507,145,170	25,154,938,761,216	25,945,969,811,456	22,034,264,555,520	29,685,706,653,696	550,487,246	1,126,560,377	0	0
em-p-ihep51	20260626110707075000000	30	23,217,765,761,024	23,217,860,296,704	14,681,718,634,300	25,154,938,761,216	25,945,969,811,456	22,034,264,555,520	29,685,706,653,696	541,070,132	1,384,172,125	0	0
em-p-ihep51	20260626110717069000000	30	23,217,767,124,992	23,217,905,917,952	14,675,994,510,382	25,154,938,761,216	25,945,969,811,456	22,034,264,555,520	29,685,706,653,696	681,513,859	1,491,022,764	0	0
em-p-ihep51	20260626110727069000000	28	23,217,779,044,352	23,217,906,876,416	14,663,613,205,437	25,154,938,761,216	25,945,969,811,456	22,034,264,555,520	29,685,706,653,696	255,131,579	1,343,365,432	0	0
em-p-ihep51	20260626110737078000000	20	23,217,772,081,152	23,217,939,955,712	14,662,701,917,935	25,154,938,761,216	25,945,969,811,456	22,034,264,555,520	29,685,706,653,696	817,745,637	1,383,590,171	0	0
em-p-ihep51	20260626110747098000000	20	23,217,769,598,976	23,217,898,258,432	14,660,604,476,126	25,154,938,761,216	25,945,969,811,456	22,034,264,555,520	29,685,706,653,696	610,398,523	1,160,109,382	0	0
em-p-ihep51	20260626110757198000000	21	23,222,170,193,920	23,221,975,998,464	14,668,830,716,101	25,154,938,761,216	25,945,969,811,456	22,034,264,555,520	29,685,706,653,696	467,299,211	1,038,530,629	0	0
em-p-ihep51	20260626110807196000000	22	23,217,545,437,184	23,217,674,145,792	14,666,105,217,915	25,154,938,761,216	25,945,969,811,456	22,034,264,555,520	29,685,706,653,696	458,001,892	934,282,623	0	0
em-p-ihep51	20260626110817206000000	21	23,217,546,625,024	23,217,681,559,552	14,662,097,351,296	25,154,938,761,216	25,945,969,811,456	22,034,264,555,520	29,685,706,653,696	508,241,732	1,799,931,265	0	0
em-p-ihep51	20260626110827227000000	22	23,217,546,625,024	23,217,678,917,632	14,662,507,776,523	25,154,938,761,216	25,945,969,811,456	22,034,264,555,520	29,685,706,653,696	391,448,236	842,185,609	0	0
em-p-ihep51	20260626110837316000000	19	23,217,544,253,440	23,217,673,535,488	14,667,599,189,651	25,154,938,761,216	25,945,969,811,456	22,034,264,555,520	29,685,706,653,696	691,705,118	1,519,688,909	0	0
em-p-ihep51	20260626110847366000000	24	23,217,547,960,320	23,217,691,181,056	14,669,262,392,640	25,154,938,761,216	25,945,969,811,456	22,034,264,555,520	29,685,706,653,696	920,190,443	3,062,436,602	0	0
em-p-ihep51	20260626110857397000000	27	23,217,552,687,104	23,217,670,299,648	14,668,252,143,954	25,154,938,761,216	25,945,969,811,456	22,034,264,555,520	29,685,706,653,696	502,701,504	2,212,036,648	0	0
em-p-ihep51	20260626110907387000000	31	23,217,537,626,112	23,217,645,768,704	14,679,533,869,405	25,154,938,761,216	25,945,969,811,456	22,034,264,555,520	29,685,706,653,696	560,769,653	1,953,847,427	0	0
em-p-ihep51	20260626110917415000000	26	23,218,866,204,672	23,218,979,258,368	14,667,115,089,575	25,154,938,761,216	25,945,969,811,456	22,034,264,555,520	29,685,706,653,696	410,148,545	1,164,233,661	0	0
em-p-ihep51	20260626110927409000000	32	23,218,971,090,944	23,219,081,474,048	14,675,483,910,168	25,154,938,761,216	25,945,969,811,456	22,034,264,555,520	29,685,706,653,696	669,373,572	1,131,396,185	0	0
em-p-ihep51	20260626110937432000000	27	23,218,961,596,416	23,219,071,889,408	14,684,956,825,477	25,154,938,761,216	25,945,969,811,456	22,034,264,555,520	29,685,706,653,696	767,606,912	1,386,221,390	0	0
em-p-ihep51	20260626110947443000000	25	23,218,960,388,096	23,219,179,171,840	14,681,852,866,526	25,154,938,761,216	25,945,969,811,456	22,034,264,555,520	29,685,706,653,696	799,917,049	2,811,316,978	0	0
em-p-ihep51	20260626110957438000000	27	23,218,959,278,080	23,219,071,959,040	14,681,545,278,254	25,154,938,761,216	25,945,969,811,456	22,034,264,555,520	29,685,706,653,696	355,094,973	1,492,279,139	0	0
em-p-ihep51	20260626111007478000000	34	23,218,974,453,760	23,219,626,704,896	14,690,165,041,770	25,154,938,761,216	25,945,969,811,456	22,034,264,555,520	29,685,706,653,696	522,510,081	1,637,076,009	0	0
em-p-ihep51	20260626111017524000000	39	23,219,100,315,648	23,219,209,027,584	14,692,867,998,725	25,154,938,761,216	25,945,969,811,456	22,034,264,555,520	29,685,706,653,696	863,823,801	3,127,175,174	135,168	0
em-p-ihep51	20260626111027522000000	34	23,219,083,685,888	23,219,195,588,608	14,682,663,959,084	25,154,938,761,216	25,945,969,811,456	22,034,264,555,520	29,685,706,653,696	582,362,668	1,983,608,785	0	0
em-p-ihep51	20260626111037550000000	35	23,219,077,771,264	23,219,618,889,728	14,670,489,169,400	25,154,938,761,216	25,945,969,811,456	22,034,264,555,520	29,685,706,653,696	762,024,436	1,770,726,083	0	0
em-p-ihep51	20260626111047570000000	31	23,219,072,512,000	23,219,171,151,872	14,676,096,019,566	25,154,938,761,216	25,945,969,811,456	22,034,264,555,520	29,685,706,653,696	742,109,229	2,109,812,319	0	0
em-p-ihep51	20260626111057605000000	32	23,219,067,621,376	23,219,167,580,160	14,677,093,227,759	25,154,938,761,216	25,945,969,811,456	22,034,264,555,520	29,685,706,653,696	708,255,111	1,803,101,202	0	0
em-p-ihep51	20260626111107652000000	41	23,219,077,074,944	23,219,243,495,424	14,672,941,009,797	25,154,938,761,216	25,945,969,811,456	22,034,264,555,520	29,685,706,653,696	557,500,506	2,344,704,872	0	0
em-p-ihep51	20260626111117709000000	42	23,219,237,953,536	23,219,347,230,720	14,676,024,427,700	25,154,938,761,216	25,945,969,811,456	22,034,264,555,520	29,685,706,653,696	442,820,133	1,632,740,398	0	0
em-p-ihep51	20260626111127710000000	36	23,219,229,728,768	23,219,332,923,392	14,671,365,186,414	25,154,938,761,216	25,945,969,811,456	22,034,264,555,520	29,685,706,653,696	542,420,212	1,975,276,012	0	0
em-p-ihep51	20260626111137731000000	32	23,219,233,439,744	23,219,358,371,840	14,670,676,474,198	25,154,938,761,216	25,945,969,811,456	22,034,264,555,520	29,685,706,653,696	392,114,313	1,881,128,658	0	0
em-p-ihep51	20260626111147739000000	34	23,219,235,045,376	23,219,356,590,080	14,675,215,501,912	25,154,938,761,216	25,945,969,811,456	22,034,264,555,520	29,685,706,653,696	291,014,080	2,911,477,321	0	0
em-p-ihep51	20260626111157747000000	37	23,219,243,659,264	23,219,348,471,808	14,672,327,209,224	25,154,938,761,216	25,945,969,811,456	22,034,264,555,520	29,685,706,653,696	360,723,163	2,465,357,305	0	0
em-p-ihep51	20260626111207756000000	36	23,219,942,170,624	23,220,080,766,976	14,671,828,322,255	25,154,938,761,216	25,945,969,811,456	22,034,264,555,520	29,685,706,653,696	380,875,564	1,745,669,866	0	0
em-p-ihep51	20260626111217778000000	29	23,219,937,464,320	23,220,077,002,752	14,666,222,134,621	25,154,938,761,216	25,945,969,811,456	22,034,264,555,520	29,685,706,653,696	372,603,543	1,806,515,628	0	0
em-p-ihep51	20260626111227792000000	27	23,219,939,897,344	23,220,074,835,968	14,672,564,879,281	25,154,938,761,216	25,945,969,811,456	22,034,264,555,520	29,685,706,653,696	255,046,673	1,207,264,840	0	0
em-p-ihep51	20260626111237797000000	30	23,219,940,159,488	23,220,076,101,632	14,665,972,597,516	25,154,938,761,216	25,945,969,811,456	22,034,264,555,520	29,685,706,653,696	324,048,365	1,566,684,185	0	0
em-p-ihep51	20260626111247802000000	29	23,219,936,432,128	23,220,082,438,144	14,674,362,073,573	25,154,938,761,216	25,945,969,811,456	22,034,264,555,520	29,685,706,653,696	683,319,362	1,354,647,433	0	0
em-p-ihep51	20260626111257813000000	31	23,219,939,024,896	23,220,075,429,888	14,672,274,398,525	25,154,938,761,216	25,945,969,811,456	22,034,264,555,520	29,685,706,653,696	588,052,421	1,306,755,644	0	0
em-p-ihep51	20260626111307829000000	41	23,219,948,875,776	23,220,074,369,024	14,669,136,869,341	25,154,938,761,216	25,945,969,811,456	22,034,264,555,520	29,685,706,653,696	716,023,171	1,943,803,320	73,728	0
em-p-ihep51	20260626111317853000000	28	23,219,951,579,136	23,220,386,398,208	14,666,165,303,350	25,154,938,761,216	25,945,969,811,456	22,034,264,555,520	29,685,706,653,696	651,499,939	1,592,346,624	0	0
em-p-ihep51	20260626111327870000000	23	23,219,943,157,760	23,220,059,299,840	14,666,166,797,204	25,154,938,761,216	25,945,969,811,456	22,034,264,555,520	29,685,706,653,696	614,808,737	1,218,755,928	0	0
em-p-ihep51	20260626111337892000000	29	23,219,954,057,216	23,220,068,077,568	14,676,495,359,372	25,154,938,761,216	25,945,969,811,456	22,034,264,555,520	29,685,706,653,696	213,540,610	847,645,185	0	0
em-p-ihep51	20260626111347938000000	28	23,219,961,294,848	23,220,085,387,264	14,662,991,686,623	25,154,938,761,216	25,945,969,811,456	22,034,264,555,520	29,685,706,653,696	200,872,329	862,133,554	0	0
em-p-ihep51	20260626111357905000000	24	23,219,962,531,840	23,220,077,039,616	14,667,185,747,133	25,154,938,761,216	25,945,969,811,456	22,034,264,555,520	29,685,706,653,696	491,800,543	1,311,207,276	0	0
em-p-ihep51	20260626111407945000000	35	23,219,963,240,448	23,220,074,594,304	14,686,690,316,990	25,154,938,761,216	25,945,969,811,456	22,034,264,555,520	29,685,706,653,696	514,874,796	1,742,099,631	0	0
em-p-ihep51	20260626111417935000000	29	23,219,956,006,912	23,220,086,116,352	14,664,565,339,995	25,154,938,761,216	25,945,969,811,456	22,034,264,555,520	29,685,706,653,696	596,175,247	1,760,373,752	0	0
em-p-ihep51	20260626111427964000000	28	23,219,956,977,664	23,220,070,658,048	14,666,683,018,497	25,154,938,761,216	25,945,969,811,456	22,034,264,555,520	29,685,706,653,696	455,930,653	1,231,165,530	0	0
em-p-ihep51	20260626111438034000000	33	23,219,955,847,168	23,220,069,765,120	14,667,078,895,683	25,154,938,761,216	25,945,969,811,456	22,034,264,555,520	29,685,706,653,696	357,902,248	1,430,654,637	0	0
em-p-ihep51	20260626111448046000000	33	23,219,955,040,256	23,220,067,422,208	14,666,951,964,130	25,154,938,761,216	25,945,969,811,456	22,034,264,555,520	29,685,706,653,696	424,363,748	1,576,607,516	0	0
em-p-ihep51	20260626111458058000000	33	23,219,957,424,128	23,220,154,400,768	14,665,952,369,735	25,154,938,761,216	25,945,969,811,456	22,034,264,555,520	29,685,706,653,696	514,539,578	1,059,136,686	0	0
em-p-ihep51	20260626111508062000000	31	23,219,968,352,256	23,220,146,479,104	14,674,534,655,225	25,154,938,761,216	25,945,969,811,456	22,034,264,555,520	29,685,706,653,696	499,299,523	1,430,739,744	0	0
em-p-ihep51	20260626111518098000000	30	23,219,963,600,896	23,220,145,926,144	14,693,224,479,495	25,154,938,761,216	25,945,969,811,456	22,034,264,555,520	29,685,706,653,696	549,530,068	919,890,244	0	0
em-p-ihep51	20260626111528129000000	44	23,219,974,848,512	23,220,172,222,464	14,680,332,552,103	25,154,938,761,216	25,945,969,811,456	22,034,264,555,520	29,685,706,653,696	986,646,016	1,574,416,229	0	0
em-p-ihep51	20260626111538130000000	33	23,219,965,317,120	23,220,158,251,008	14,675,308,305,093	25,154,938,761,216	25,945,969,811,456	22,034,264,555,520	29,685,706,653,696	766,865,816	1,249,474,184	0	0
em-p-ihep51	20260626111548162000000	36	23,219,963,244,544	23,220,337,623,040	14,678,632,198,775	25,154,938,761,216	25,945,969,811,456	22,034,264,555,520	29,685,706,653,696	280,046,931	2,765,525,306	0	0
em-p-ihep51	20260626111558228000000	36	23,219,961,946,112	23,220,150,464,512	14,667,853,906,687	25,154,938,761,216	25,945,969,811,456	22,034,264,555,520	29,685,706,653,696	598,081,452	1,604,836,622	0	0
em-p-ihep51	20260626111608224000000	41	23,220,034,867,200	23,220,213,088,256	14,677,128,012,805	25,154,938,761,216	25,945,969,811,456	22,034,264,555,520	29,685,706,653,696	929,086,370	1,811,579,496	0	0
em-p-ihep51	20260626111618240000000	36	23,220,043,325,440	23,220,252,397,568	14,671,861,511,762	25,154,938,761,216	25,945,969,811,456	22,034,264,555,520	29,685,706,653,696	736,773,695	2,243,446,251	0	0
em-p-ihep51	20260626111628253000000	32	23,220,038,582,272	23,220,351,025,152	14,665,328,858,562	25,154,938,761,216	25,945,969,811,456	22,034,264,555,520	29,685,706,653,696	229,661,994	1,358,035,595	0	0
em-p-ihep51	20260626111638254000000	27	23,220,042,092,544	23,220,143,136,768	14,667,107,916,136	25,154,938,761,216	25,945,969,811,456	22,034,264,555,520	29,685,706,653,696	366,557,218	967,828,171	0	0
em-p-ihep51	20260626111648389000000	30	23,220,041,015,296	23,220,133,257,216	14,668,838,659,213	25,154,938,761,216	25,945,969,811,456	22,034,264,555,520	29,685,706,653,696	370,187,648	1,070,652,792	0	0
em-p-ihep51	20260626111658401000000	30	23,220,052,930,560	23,220,242,558,976	14,669,518,755,893	25,154,938,761,216	25,945,969,811,456	22,034,264,555,520	29,685,706,653,696	597,870,188	1,078,597,019	0	0
em-p-ihep51	20260626111708389000000	30	23,220,155,850,752	23,220,231,659,520	14,668,870,837,280	25,154,938,761,216	25,945,969,811,456	22,034,264,555,520	29,685,706,653,696	398,142,323	1,248,027,175	0	0
em-p-ihep51	20260626111718485000000	27	23,220,208,373,760	23,220,346,130,432	14,664,008,168,031	25,154,938,761,216	25,945,969,811,456	22,034,264,555,520	29,685,706,653,696	587,917,841	1,055,930,639	0	0
em-p-ihep51	20260626111728651000000	32	23,220,211,671,040	23,220,293,582,848	14,662,604,639,561	25,154,938,761,216	25,945,969,811,456	22,034,264,555,520	29,685,706,653,696	337,010,295	1,248,855,800	0	0
em-p-ihep51	20260626111738508000000	29	23,220,214,194,176	23,220,292,018,176	14,667,307,643,150	25,154,938,761,216	25,945,969,811,456	22,034,264,555,520	29,685,706,653,696	329,199,570	1,177,155,587	0	0
em-p-ihep51	20260626111748617000000	35	23,220,214,738,944	23,220,289,597,440	14,666,247,076,498	25,154,938,761,216	25,945,969,811,456	22,034,264,555,520	29,685,706,653,696	355,356,542	1,269,579,115	0	0
em-p-ihep51	20260626111758493000000	35	23,220,204,228,608	23,220,308,692,992	14,664,268,640,197	25,154,938,761,216	25,945,969,811,456	22,034,264,555,520	29,685,706,653,696	484,564,306	1,208,924,912	0	0
em-p-ihep51	20260626111808569000000	35	23,220,206,120,960	23,220,284,194,816	14,663,480,697,108	25,154,938,761,216	25,945,969,811,456	22,034,264,555,520	29,685,706,653,696	562,926,264	1,145,705,794	0	0
em-p-ihep51	20260626111818569000000	30	23,220,204,933,120	23,220,284,706,816	14,672,107,842,233	25,154,938,761,216	25,945,969,811,456	22,034,264,555,520	29,685,706,653,696	253,322,566	979,441,280	0	0
em-p-ihep51	20260626111828602000000	29	23,220,207,255,552	23,220,286,111,744	14,666,285,865,104	25,154,938,761,216	25,945,969,811,456	22,034,264,555,520	29,685,706,653,696	271,107,248	785,479,680	0	0
em-p-ihep51	20260626111838633000000	28	23,220,206,178,304	23,220,353,708,032	14,667,310,155,740	25,154,938,761,216	25,945,969,811,456	22,034,264,555,520	29,685,706,653,696	206,045,155	759,609,819	0	0
em-p-ihep51	20260626111848631000000	29	23,219,916,382,208	23,219,996,246,016	14,666,779,192,754	25,154,938,761,216	25,945,969,811,456	22,034,264,555,520	29,685,706,653,696	210,204,522	750,985,027	0	0
em-p-ihep51	20260626111858611000000	33	23,219,920,052,224	23,220,000,862,208	14,672,643,511,841	25,154,938,761,216	25,945,969,811,456	22,034,264,555,520	29,685,706,653,696	293,506,883	1,378,407,507	0	0
em-p-ihep51	20260626111908743000000	32	23,219,931,840,512	23,220,021,522,432	14,677,899,443,980	25,154,938,761,216	25,945,969,811,456	22,034,264,555,520	29,685,706,653,696	406,456,655	2,430,059,452	0	0
em-p-ihep51	20260626111918659000000	29	23,219,929,452,544	23,220,010,954,752	14,663,189,100,854	25,154,938,761,216	25,945,969,811,456	22,034,264,555,520	29,685,706,653,696	329,152,922	1,441,989,291	0	0
em-p-ihep51	20260626111928636000000	26	23,219,924,811,776	23,220,004,896,768	14,664,837,502,354	25,154,938,761,216	25,945,969,811,456	22,034,264,555,520	29,685,706,653,696	295,830,675	959,129,436	0	0
em-p-ihep51	20260626111938718000000	28	23,219,927,298,048	23,220,037,033,984	14,660,217,411,304	25,154,938,761,216	25,945,969,811,456	22,034,264,555,520	29,685,706,653,696	428,014,257	1,252,243,872	0	0
em-p-ihep51	20260626111948852000000	28	23,219,494,498,304	23,219,584,946,176	14,662,730,788,490	25,154,938,761,216	25,945,969,811,456	22,034,264,555,520	29,685,706,653,696	1,039,442,117	1,537,522,267	0	0
em-p-ihep51	20260626111958739000000	40	23,219,488,849,920	23,219,589,992,448	14,668,694,739,602	25,154,938,761,216	25,945,969,811,456	22,034,264,555,520	29,685,706,653,696	519,073,609	2,760,692,459	0	0
em-p-ihep51	20260626112008838000000	40	23,219,491,274,752	23,219,617,394,688	14,680,439,964,861	25,154,938,761,216	25,945,969,811,456	22,034,264,555,520	29,685,706,653,696	830,970,907	3,433,794,888	0	0
em-p-ihep51	20260626112018836000000	48	23,219,221,655,552	23,219,270,086,656	14,724,466,331,590	25,154,938,761,216	25,945,969,811,456	22,034,264,555,520	29,685,706,653,696	979,721,805	2,622,626,148	0	0
em-p-ihep51	20260626112028970000000	48	23,219,213,459,456	23,219,266,387,968	14,689,381,030,037	25,154,938,761,216	25,945,969,811,456	22,034,264,555,520	29,685,706,653,696	671,491,042	2,553,957,229	0	0
em-p-ihep51	20260626112038998000000	46	23,219,216,723,968	23,219,278,331,904	14,682,718,253,808	25,154,938,761,216	25,945,969,811,456	22,034,264,555,520	29,685,706,653,696	364,575,108	2,034,319,763	0	0
em-p-ihep51	20260626112048994000000	48	23,219,193,167,872	23,219,246,276,608	14,697,096,488,105	25,154,938,761,216	25,945,969,811,456	22,034,264,555,520	29,685,706,653,696	479,324,825	2,025,959,079	114,688	0
em-p-ihep51	20260626112059106000000	38	23,219,188,736,000	23,219,243,966,464	14,673,972,699,698	25,154,938,761,216	25,945,969,811,456	22,034,264,555,520	29,685,706,653,696	392,682,220	1,780,194,183	0	0
em-p-ihep51	20260626112108998000000	42	23,219,812,700,160	23,219,880,775,680	14,674,719,948,562	25,154,938,761,216	25,945,969,811,456	22,034,264,555,520	29,685,706,653,696	566,660,394	2,193,878,445	0	0
em-p-ihep51	20260626112119053000000	38	23,219,816,312,832	23,219,875,201,024	14,667,817,138,868	25,154,938,761,216	25,945,969,811,456	22,034,264,555,520	29,685,706,653,696	784,973,999	1,805,473,615	0	0
em-p-ihep51	20260626112129054000000	39	23,219,804,123,136	23,220,101,967,872	14,665,880,204,197	25,154,938,761,216	25,945,969,811,456	22,034,264,555,520	29,685,706,653,696	458,960,291	1,772,673,217	0	0
em-p-ihep51	20260626112139033000000	34	23,219,807,612,928	23,220,487,184,384	14,666,735,954,101	25,154,938,761,216	25,945,969,811,456	22,034,264,555,520	29,685,706,653,696	344,172,821	2,280,713,171	0	0
em-p-ihep51	20260626112149098000000	33	23,219,825,487,872	23,220,068,737,024	14,671,798,902,461	25,154,938,761,216	25,945,969,811,456	22,034,264,555,520	29,685,706,653,696	429,326,010	3,519,507,030	0	0
em-p-ihep51	20260626112159094000000	33	23,219,909,177,344	23,220,024,401,920	14,662,919,374,552	25,154,938,761,216	25,945,969,811,456	22,034,264,555,520	29,685,706,653,696	483,045,289	2,332,735,115	0	0
em-p-ihep51	20260626112209144000000	25	23,219,921,469,440	23,220,216,991,744	14,672,901,777,065	25,154,938,761,216	25,945,969,811,456	22,034,264,555,520	29,685,706,653,696	803,725,416	3,001,776,151	0	0
em-p-ihep51	20260626112219096000000	32	23,219,980,607,488	23,220,076,470,272	14,679,233,528,129	25,154,938,761,216	25,945,969,811,456	22,034,264,555,520	29,685,706,653,696	489,809,882	1,876,022,239	0	0
em-p-ihep51	20260626112229205000000	27	23,219,983,097,856	23,220,072,407,040	14,679,942,455,440	25,154,938,761,216	25,945,969,811,456	22,034,264,555,520	29,685,706,653,696	837,183,430	1,442,069,772	368,640	0
em-p-ihep51	20260626112239232000000	33	23,219,993,034,752	23,220,544,139,264	14,673,071,356,545	25,154,938,761,216	25,945,969,811,456	22,034,264,555,520	29,685,706,653,696	819,376,496	1,704,687,615	413,696	0
em-p-ihep51	20260626112249201000000	34	23,219,993,198,592	23,220,085,432,320	14,671,646,083,291	25,154,938,761,216	25,945,969,811,456	22,034,264,555,520	29,685,706,653,696	511,854,199	1,707,487,587	0	0
em-p-ihep51	20260626112259204000000	28	23,219,984,666,624	23,220,077,133,824	14,686,123,958,078	25,154,938,761,216	25,945,969,811,456	22,034,264,555,520	29,685,706,653,696	607,913,003	1,405,901,040	0	0
em-p-ihep51	20260626112309205000000	36	23,219,992,981,504	23,220,134,649,856	14,679,903,300,835	25,154,938,761,216	25,945,969,811,456	22,034,264,555,520	29,685,706,653,696	587,188,260	1,555,755,967	0	0
em-p-ihep51	20260626112319260000000	30	23,220,131,332,096	23,220,212,604,928	14,672,233,366,278	25,154,938,761,216	25,945,969,811,456	22,034,264,555,520	29,685,706,653,696	540,232,211	3,300,593,780	0	0
em-p-ihep51	20260626112329323000000	29	23,220,129,026,048	23,220,213,223,424	14,671,318,855,025	25,154,938,761,216	25,945,969,811,456	22,034,264,555,520	29,685,706,653,696	295,980,537	1,772,941,639	0	0
em-p-ihep51	20260626112339359000000	28	23,220,132,483,072	23,220,220,018,688	14,666,431,622,884	25,154,938,761,216	25,945,969,811,456	22,034,264,555,520	29,685,706,653,696	322,290,229	1,110,364,041	0	0
em-p-ihep51	20260626112349332000000	29	23,220,128,919,552	23,220,212,719,616	14,662,646,160,390	25,154,938,761,216	25,945,969,811,456	22,034,264,555,520	29,685,706,653,696	580,189,211	1,603,574,897	0	0
em-p-ihep51	20260626112359319000000	26	23,220,122,873,856	23,220,204,589,056	14,658,000,692,334	25,154,938,761,216	25,945,969,811,456	22,034,264,555,520	29,685,706,653,696	663,904,012	1,378,411,449	0	0
em-p-ihep51	20260626112409344000000	22	23,220,126,601,216	23,220,207,521,792	14,675,643,109,680	25,154,938,761,216	25,945,969,811,456	22,034,264,555,520	29,685,706,653,696	581,884,891	1,528,578,137	0	0
em-p-ihep51	20260626112419335000000	28	23,220,124,286,976	23,220,603,854,848	14,661,599,626,427	25,154,938,761,216	25,945,969,811,456	22,034,264,555,520	29,685,706,653,696	525,051,859	1,170,468,601	0	0
em-p-ihep51	20260626112429393000000	29	23,220,123,529,216	23,220,211,707,904	14,655,626,529,637	25,154,938,761,216	25,945,969,811,456	22,034,264,555,520	29,685,706,653,696	601,480,602	1,193,990,995	0	0
em-p-ihep51	20260626112439415000000	29	23,220,131,737,600	23,220,198,748,160	14,668,546,829,594	25,154,938,761,216	25,945,969,811,456	22,034,264,555,520	29,685,706,653,696	555,694,614	1,360,995,567	0	0
em-p-ihep51	20260626112449435000000	27	23,220,124,160,000	23,220,516,057,088	14,665,659,548,311	25,154,938,761,216	25,945,969,811,456	22,034,264,555,520	29,685,706,653,696	681,694,070	1,867,911,771	0	0
em-p-ihep51	20260626112459449000000	21	23,220,124,667,904	23,220,261,539,840	14,655,428,188,340	25,154,938,761,216	25,945,969,811,456	22,034,264,555,520	29,685,706,653,696	407,240,588	2,866,743,216	0	0
em-p-ihep51	20260626112509459000000	27	23,220,127,043,584	23,220,250,959,872	14,674,478,358,540	25,154,938,761,216	25,945,969,811,456	22,034,264,555,520	29,685,706,653,696	403,524,603	1,234,420,155	0	0
em-p-ihep51	20260626112519468000000	33	23,220,142,268,416	23,220,273,381,376	14,665,020,366,827	25,154,938,761,216	25,945,969,811,456	22,034,264,555,520	29,685,706,653,696	214,803,444	850,615,455	0	0
em-p-ihep51	20260626112529474000000	30	23,220,137,791,488	23,220,283,150,336	14,668,908,722,957	25,154,938,761,216	25,945,969,811,456	22,034,264,555,520	29,685,706,653,696	492,470,806	975,774,683	0	0
em-p-ihep51	20260626112539590000000	23	23,220,132,933,632	23,220,264,366,080	14,663,443,273,685	25,154,938,761,216	25,945,969,811,456	22,034,264,555,520	29,685,706,653,696	402,232,092	1,505,050,403	0	0
em-p-ihep51	20260626112549609000000	32	23,220,134,985,728	23,220,310,126,592	14,671,330,321,945	25,154,938,761,216	25,945,969,811,456	22,034,264,555,520	29,685,706,653,696	754,379,962	1,909,880,710	0	0
em-p-ihep51	20260626112559615000000	30	23,220,243,062,784	23,220,372,045,824	14,670,303,724,256	25,154,938,761,216	25,945,969,811,456	22,034,264,555,520	29,685,706,653,696	817,189,606	1,703,541,839	0	0
em-p-ihep51	20260626112609612000000	28	23,220,239,392,768	23,220,369,604,608	14,672,770,043,328	25,154,938,761,216	25,945,969,811,456	22,034,264,555,520	29,685,706,653,696	522,285,373	1,570,061,119	0	0
em-p-ihep51	20260626112619716000000	28	23,220,908,249,088	23,220,983,279,616	14,670,226,663,183	25,154,938,761,216	25,945,969,811,456	22,034,264,555,520	29,685,706,653,696	666,402,072	1,707,973,235	0	0
em-p-ihep51	20260626112629733000000	29	23,220,885,352,448	23,221,011,365,888	14,669,836,984,986	25,154,938,761,216	25,945,969,811,456	22,034,264,555,520	29,685,706,653,696	661,367,039	1,391,248,734	0	0
em-p-ihep51	20260626112639746000000	28	23,220,880,769,024	23,221,240,172,544	14,669,972,079,680	25,154,938,761,216	25,945,969,811,456	22,034,264,555,520	29,685,706,653,696	411,745,348	922,535,632	167,936	0
em-p-ihep51	20260626112649756000000	30	23,220,889,083,904	23,221,002,461,184	14,678,104,653,843	25,154,938,761,216	25,945,969,811,456	22,034,264,555,520	29,685,706,653,696	221,486,604	775,998,211	0	0
em-p-ihep51	20260626112659759000000	26	23,220,888,866,816	23,221,019,926,528	14,661,213,519,918	25,154,938,761,216	25,945,969,811,456	22,034,264,555,520	29,685,706,653,696	344,245,183	820,424,647	0	0
em-p-ihep51	20260626112709761000000	23	23,220,889,088,000	23,221,002,153,984	14,668,099,982,073	25,154,938,761,216	25,945,969,811,456	22,034,264,555,520	29,685,706,653,696	194,914,878	1,243,732,189	0	0
em-p-ihep51	20260626112719804000000	24	23,220,878,499,840	23,220,984,377,344	14,670,376,338,795	25,154,938,761,216	25,945,969,811,456	22,034,264,555,520	29,685,706,653,696	461,345,511	1,373,154,890	0	0
em-p-ihep51	20260626112729806000000	31	23,220,894,162,944	23,221,551,153,152	14,667,405,960,934	25,154,938,761,216	25,945,969,811,456	22,034,264,555,520	29,685,706,653,696	479,940,856	1,375,686,109	0	0
em-p-ihep51	20260626112739810000000	38	23,220,899,123,200	23,221,064,257,536	14,663,224,281,619	25,154,938,761,216	25,945,969,811,456	22,034,264,555,520	29,685,706,653,696	562,101,257	1,628,656,766	0	0
em-p-ihep51	20260626112749803000000	32	23,220,886,110,208	23,220,984,426,496	14,665,784,466,267	25,154,938,761,216	25,945,969,811,456	22,034,264,555,520	29,685,706,653,696	464,942,410	1,271,452,366	0	0
em-p-ihep51	20260626112759819000000	33	23,220,893,450,240	23,221,404,438,528	14,665,372,211,185	25,154,938,761,216	25,945,969,811,456	22,034,264,555,520	29,685,706,653,696	447,833,402	1,729,254,893	0	0
em-p-ihep51	20260626112809831000000	30	23,220,888,645,632	23,220,990,070,784	14,671,898,341,622	25,154,938,761,216	25,945,969,811,456	22,034,264,555,520	29,685,706,653,696	398,477,601	1,066,488,776	0	0
em-p-ihep51	20260626112819848000000	28	23,216,664,367,104	23,219,206,823,936	14,661,896,959,714	25,154,938,761,216	25,945,969,811,456	22,034,264,555,520	29,685,706,653,696	534,906,069	1,081,246,577	0	0
em-p-ihep51	20260626112829850000000	26	23,216,633,081,856	23,216,716,214,272	14,664,753,788,953	25,154,938,761,216	25,945,969,811,456	22,034,264,555,520	29,685,706,653,696	290,708,148	983,310,084	0	0
em-p-ihep51	20260626112839865000000	35	23,216,637,054,976	23,216,733,839,360	14,667,548,271,149	25,154,938,761,216	25,945,969,811,456	22,034,264,555,520	29,685,706,653,696	493,268,407	1,088,507,688	0	0
em-p-ihep51	20260626112849863000000	24	23,216,632,389,632	23,216,980,774,912	14,666,120,167,612	25,154,938,761,216	25,945,969,811,456	22,034,264,555,520	29,685,706,653,696	447,022,319	2,709,980,870	0	0
em-p-ihep51	20260626112859964000000	24	23,216,634,953,728	23,216,714,199,040	14,665,581,322,110	25,154,938,761,216	25,945,969,811,456	22,034,264,555,520	29,685,706,653,696	307,864,964	1,274,480,800	0	0
em-p-ihep51	20260626112910003000000	24	23,216,638,464,000	23,216,743,526,400	14,687,499,117,584	25,154,938,761,216	25,945,969,811,456	22,034,264,555,520	29,685,706,653,696	311,695,333	2,084,954,973	0	0
em-p-ihep51	20260626112919985000000	33	23,218,973,261,824	23,219,054,505,984	14,671,859,714,802	25,154,938,761,216	25,945,969,811,456	22,034,264,555,520	29,685,706,653,696	438,095,452	1,210,447,811	0	0
em-p-ihep51	20260626112929990000000	29	23,218,966,298,624	23,219,050,520,576	14,671,700,217,903	25,154,938,761,216	25,945,969,811,456	22,034,264,555,520	29,685,706,653,696	304,910,787	780,971,255	0	0
em-p-ihep51	20260626112940006000000	27	23,218,967,384,064	23,219,076,112,384	14,671,231,116,265	25,154,938,761,216	25,945,969,811,456	22,034,264,555,520	29,685,706,653,696	294,248,336	1,370,206,536	0	0
em-p-ihep51	20260626112950017000000	26	23,218,962,116,608	23,219,043,106,816	14,674,607,036,986	25,154,938,761,216	25,945,969,811,456	22,034,264,555,520	29,685,706,653,696	447,173,808	1,176,206,632	57,344	0
em-p-ihep51	20260626113000039000000	30	23,218,962,116,608	23,219,046,621,184	14,659,954,550,553	25,154,938,761,216	25,945,969,811,456	22,034,264,555,520	29,685,706,653,696	446,292,413	893,306,175	0	0
em-p-ihep51	20260626113010113000000	41	23,219,036,274,688	23,219,532,070,912	14,690,862,865,566	25,154,938,761,216	25,945,969,811,456	22,034,264,555,520	29,685,706,653,696	967,934,605	2,927,389,890	0	0
em-p-ihep51	20260626113020080000000	35	23,219,035,348,992	23,219,116,785,664	14,682,949,997,659	25,154,938,761,216	25,945,969,811,456	22,034,264,555,520	29,685,706,653,696	895,467,739	1,983,362,752	0	0
em-p-ihep51	20260626113030108000000	33	23,219,063,037,952	23,219,145,793,536	14,678,987,416,407	25,154,938,761,216	25,945,969,811,456	22,034,264,555,520	29,685,706,653,696	511,140,317	1,782,826,360	0	0
em-p-ihep51	20260626113040127000000	31	23,219,057,692,672	23,219,606,495,232	14,677,209,197,738	25,154,938,761,216	25,945,969,811,456	22,034,264,555,520	29,685,706,653,696	1,129,581,790	2,007,742,282	0	0
em-p-ihep51	20260626113050123000000	22	23,219,057,369,088	23,219,140,034,560	14,665,826,624,191	25,154,938,761,216	25,945,969,811,456	22,034,264,555,520	29,685,706,653,696	460,958,451	1,042,668,143	0	0
em-p-ihep51	20260626113100142000000	26	23,218,524,381,184	23,219,116,605,440	14,670,327,717,758	25,154,938,761,216	25,945,969,811,456	22,034,264,555,520	29,685,706,653,696	346,113,745	839,612,808	0	0
em-p-ihep51	20260626113110188000000	33	23,218,759,974,912	23,219,301,040,128	14,673,357,925,115	25,154,938,761,216	25,945,969,811,456	22,034,264,555,520	29,685,706,653,696	453,845,269	1,340,553,914	0	0
em-p-ihep51	20260626113120176000000	31	23,218,778,136,576	23,218,858,098,688	14,678,332,591,877	25,154,938,761,216	25,945,969,811,456	22,034,264,555,520	29,685,706,653,696	538,876,589	2,242,697,268	0	0
em-p-ihep51	20260626113130229000000	30	23,218,780,696,576	23,218,856,505,344	14,675,021,531,768	25,154,938,761,216	25,945,969,811,456	22,034,264,555,520	29,685,706,653,696	570,932,270	1,778,623,084	0	0
em-p-ihep51	20260626113140228000000	24	23,218,782,461,952	23,219,034,341,376	14,665,198,624,184	25,154,938,761,216	25,945,969,811,456	22,034,264,555,520	29,685,706,653,696	387,569,034	1,031,269,147	0	0
em-p-ihep51	20260626113150261000000	27	23,218,794,835,968	23,218,874,580,992	14,667,563,952,993	25,154,938,761,216	25,945,969,811,456	22,034,264,555,520	29,685,706,653,696	339,402,160	1,396,448,912	0	0
em-p-ihep51	20260626113200241000000	27	23,218,793,537,536	23,218,872,336,384	14,672,867,254,074	25,154,938,761,216	25,945,969,811,456	22,034,264,555,520	29,685,706,653,696	540,878,582	2,057,970,519	0	0
em-p-ihep51	20260626113210265000000	28	23,218,792,828,928	23,218,869,821,440	14,676,756,113,256	25,154,938,761,216	25,945,969,811,456	22,034,264,555,520	29,685,706,653,696	668,259,151	1,476,730,590	0	0
em-p-ihep51	20260626113220290000000	25	23,218,806,833,152	23,218,902,712,320	14,668,846,991,703	25,154,938,761,216	25,945,969,811,456	22,034,264,555,520	29,685,706,653,696	441,387,029	1,458,316,494	0	0
em-p-ihep51	20260626113230316000000	24	23,218,808,074,240	23,218,889,498,624	14,671,963,093,118	25,154,938,761,216	25,945,969,811,456	22,034,264,555,520	29,685,706,653,696	281,008,465	755,969,732	0	0
em-p-ihep51	20260626113240325000000	23	23,218,808,336,384	23,218,880,684,032	14,674,601,768,813	25,154,938,761,216	25,945,969,811,456	22,034,264,555,520	29,685,706,653,696	207,040,025	893,363,138	0	0
em-p-ihep51	20260626113250319000000	29	23,218,811,953,152	23,218,905,628,672	14,679,590,021,968	25,154,938,761,216	25,945,969,811,456	22,034,264,555,520	29,685,706,653,696	477,014,868	958,738,819	0	0
em-p-ihep51	20260626113300331000000	18	23,218,808,393,728	23,218,881,204,224	14,668,876,280,854	25,154,938,761,216	25,945,969,811,456	22,034,264,555,520	29,685,706,653,696	186,644,971	720,277,615	0	0
em-p-ihep51	20260626113310362000000	23	23,218,808,287,232	23,218,884,681,728	14,675,988,481,672	25,154,938,761,216	25,945,969,811,456	22,034,264,555,520	29,685,706,653,696	376,042,995	1,400,379,892	0	0
em-p-ihep51	20260626113320383000000	27	23,218,819,907,584	23,219,341,746,176	14,674,851,085,752	25,154,938,761,216	25,945,969,811,456	22,034,264,555,520	29,685,706,653,696	305,470,685	1,337,944,473	0	0
em-p-ihep51	20260626113330389000000	27	23,218,814,156,800	23,218,879,373,312	14,682,347,536,171	25,154,938,761,216	25,945,969,811,456	22,034,264,555,520	29,685,706,653,696	243,111,639	1,246,928,875	0	0
em-p-ihep51	20260626113340405000000	29	23,218,810,826,752	23,218,867,474,432	14,676,768,896,005	25,154,938,761,216	25,945,969,811,456	22,034,264,555,520	29,685,706,653,696	465,377,444	940,697,783	0	0
em-p-ihep51	20260626113350421000000	30	23,218,811,039,744	23,218,904,219,648	14,678,417,752,016	25,154,938,761,216	25,945,969,811,456	22,034,264,555,520	29,685,706,653,696	311,974,734	978,503,867	0	0
em-p-ihep51	20260626113400479000000	35	23,218,812,862,464	23,218,872,467,456	14,677,130,946,101	25,154,938,761,216	25,945,969,811,456	22,034,264,555,520	29,685,706,653,696	696,655,676	1,457,094,769	0	0
em-p-ihep51	20260626113410448000000	31	23,218,812,051,456	23,218,870,845,440	14,691,696,618,306	25,154,938,761,216	25,945,969,811,456	22,034,264,555,520	29,685,706,653,696	407,417,176	1,282,064,152	0	0
em-p-ihep51	20260626113420468000000	25	23,218,807,517,184	23,218,863,751,168	14,672,060,300,304	25,154,938,761,216	25,945,969,811,456	22,034,264,555,520	29,685,706,653,696	372,542,418	1,091,957,752	0	0
em-p-ihep51	20260626113430480000000	19	23,218,809,999,360	23,219,108,728,832	14,673,895,997,754	25,154,938,761,216	25,945,969,811,456	22,034,264,555,520	29,685,706,653,696	458,951,670	972,075,187	0	0
em-p-ihep51	20260626113440522000000	22	23,218,808,705,024	23,218,863,992,832	14,674,998,581,591	25,154,938,761,216	25,945,969,811,456	22,034,264,555,520	29,685,706,653,696	332,959,700	1,515,268,352	0	0
em-p-ihep51	20260626113450510000000	22	23,218,805,141,504	23,218,863,284,224	14,674,128,285,898	25,154,938,761,216	25,945,969,811,456	22,034,264,555,520	29,685,706,653,696	538,550,970	1,618,949,828	0	0
em-p-ihep51	20260626113500506000000	21	23,218,803,154,944	23,219,263,856,640	14,677,051,254,122	25,154,938,761,216	25,945,969,811,456	22,034,264,555,520	29,685,706,653,696	240,905,281	756,969,391	0	0
em-p-ihep51	20260626113510536000000	29	23,218,814,873,600	23,218,955,649,024	14,692,158,208,524	25,154,938,761,216	25,945,969,811,456	22,034,264,555,520	29,685,706,653,696	336,648,418	1,306,398,891	0	0
em-p-ihep51	20260626113520527000000	27	23,218,810,228,736	23,218,951,467,008	14,681,540,028,445	25,154,938,761,216	25,945,969,811,456	22,034,264,555,520	29,685,706,653,696	496,232,707	998,020,313	0	0
em-p-ihep51	20260626113530590000000	29	23,218,805,481,472	23,219,488,952,320	14,688,817,484,367	25,154,938,761,216	25,945,969,811,456	22,034,264,555,520	29,685,706,653,696	182,464,032	650,267,723	0	0
em-p-ihep51	20260626113540610000000	36	23,218,812,502,016	23,218,916,192,256	14,676,277,355,542	25,154,938,761,216	25,945,969,811,456	22,034,264,555,520	29,685,706,653,696	295,753,974	830,966,289	0	0
em-p-ihep51	20260626113550584000000	26	23,218,808,938,496	23,218,912,251,904	14,676,900,489,926	25,154,938,761,216	25,945,969,811,456	22,034,264,555,520	29,685,706,653,696	326,007,166	975,539,956	0	0
em-p-ihep51	20260626113600600000000	31	23,218,811,572,224	23,218,918,866,944	14,682,672,942,074	25,154,938,761,216	25,945,969,811,456	22,034,264,555,520	29,685,706,653,696	333,131,515	1,087,285,520	0	0
em-p-ihep51	20260626113610635000000	28	23,218,801,172,480	23,218,905,169,920	14,652,144,013,936	25,154,938,761,216	25,945,969,811,456	22,034,264,555,520	29,685,706,653,696	463,073,080	1,790,834,994	0	0
em-p-ihep51	20260626113620615000000	35	23,221,830,438,912	23,221,943,025,664	14,654,643,856,387	25,154,938,761,216	25,945,969,811,456	22,034,264,555,520	29,685,706,653,696	517,682,483	1,714,632,994	0	0
em-p-ihep51	20260626113630715000000	24	23,221,832,835,072	23,221,946,920,960	14,650,025,821,505	25,154,938,761,216	25,945,969,811,456	22,034,264,555,520	29,685,706,653,696	561,269,327	1,201,370,332	0	0
em-p-ihep51	20260626113640807000000	25	23,221,835,378,688	23,222,206,832,640	14,649,855,390,716	25,154,938,761,216	25,945,969,811,456	22,034,264,555,520	29,685,706,653,696	977,630,756	1,326,430,641	0	0
em-p-ihep51	20260626113650835000000	36	23,221,851,897,856	23,221,964,353,536	14,655,841,987,763	25,154,938,761,216	25,945,969,811,456	22,034,264,555,520	29,685,706,653,696	598,860,318	1,185,500,691	0	0
em-p-ihep51	20260626113700894000000	40	23,221,854,650,368	23,222,121,287,680	14,652,562,823,870	25,154,938,761,216	25,945,969,811,456	22,034,264,555,520	29,685,706,653,696	385,784,850	1,734,710,090	0	0
em-p-ihep51	20260626113710943000000	29	23,221,849,886,720	23,221,970,518,016	14,651,537,762,045	25,154,938,761,216	25,945,969,811,456	22,034,264,555,520	29,685,706,653,696	462,711,277	2,844,857,800	0	0
em-p-ihep51	20260626113720907000000	29	23,221,846,732,800	23,222,281,269,248	14,655,003,204,289	25,154,938,761,216	25,945,969,811,456	22,034,264,555,520	29,685,706,653,696	853,606,859	2,898,064,126	0	0
em-p-ihep51	20260626113730920000000	27	23,221,845,295,104	23,221,948,710,912	14,646,836,751,612	25,154,938,761,216	25,945,969,811,456	22,034,264,555,520	29,685,706,653,696	587,471,862	2,255,310,170	0	0
em-p-ihep51	20260626113740902000000	20	23,221,845,889,024	23,222,376,128,512	14,654,187,038,643	25,154,938,761,216	25,945,969,811,456	22,034,264,555,520	29,685,706,653,696	487,953,572	1,562,631,024	0	0
em-p-ihep51	20260626113750966000000	24	23,221,844,869,120	23,221,941,968,896	14,658,693,748,176	25,154,938,761,216	25,945,969,811,456	22,034,264,555,520	29,685,706,653,696	613,266,232	972,138,369	0	0
em-p-ihep51	20260626113800965000000	25	23,221,857,685,504	23,221,949,366,272	14,647,000,171,945	25,154,938,761,216	25,945,969,811,456	22,034,264,555,520	29,685,706,653,696	547,285,685	1,059,702,220	61,440	0
em-p-ihep51	20260626113810958000000	35	23,221,857,136,640	23,221,967,093,760	14,649,861,709,230	25,154,938,761,216	25,945,969,811,456	22,034,264,555,520	29,685,706,653,696	541,596,694	1,137,678,315	0	0
em-p-ihep51	20260626113820963000000	21	23,221,857,378,304	23,221,951,934,464	14,647,664,950,383	25,154,938,761,216	25,945,969,811,456	22,034,264,555,520	29,685,706,653,696	380,326,302	1,715,283,250	0	0
em-p-ihep51	20260626113830958000000	19	23,221,853,921,280	23,221,950,496,768	14,650,089,162,904	25,154,938,761,216	25,945,969,811,456	22,034,264,555,520	29,685,706,653,696	298,203,828	772,797,601	0	0
em-p-ihep51	20260626113841062000000	24	23,221,857,378,304	23,221,951,078,400	14,651,486,920,437	25,154,938,761,216	25,945,969,811,456	22,034,264,555,520	29,685,706,653,696	544,556,444	1,168,642,137	0	0
em-p-ihep51	20260626113851175000000	26	23,221,861,052,416	23,221,984,022,528	14,653,383,206,197	25,154,938,761,216	25,945,969,811,456	22,034,264,555,520	29,685,706,653,696	522,422,918	1,515,227,567	0	0
em-p-ihep51	20260626113901189000000	32	23,221,865,799,680	23,221,962,027,008	14,651,712,580,318	25,154,938,761,216	25,945,969,811,456	22,034,264,555,520	29,685,706,653,696	474,785,414	1,567,820,708	0	0
em-p-ihep51	20260626113911186000000	36	23,221,875,650,560	23,221,970,857,984	14,673,614,150,539	25,154,938,761,216	25,945,969,811,456	22,034,264,555,520	29,685,706,653,696	628,002,839	2,458,902,599	0	0
em-p-ihep51	20260626113921230000000	27	23,221,865,549,824	23,222,330,232,832	14,661,764,378,570	25,154,938,761,216	25,945,969,811,456	22,034,264,555,520	29,685,706,653,696	320,921,926	1,055,140,643	0	0
em-p-ihep51	20260626113931241000000	23	23,221,861,879,808	23,221,927,710,720	14,649,966,431,219	25,154,938,761,216	25,945,969,811,456	22,034,264,555,520	29,685,706,653,696	404,888,998	1,052,074,303	0	0
em-p-ihep51	20260626113941236000000	22	23,221,865,070,592	23,221,930,909,696	14,652,379,264,726	25,154,938,761,216	25,945,969,811,456	22,034,264,555,520	29,685,706,653,696	274,965,041	1,070,907,650	0	0
em-p-ihep51	20260626113951271000000	24	23,221,866,422,272	23,221,934,493,696	14,649,412,004,902	25,154,938,761,216	25,945,969,811,456	22,034,264,555,520	29,685,706,653,696	460,936,995	1,299,003,815	0	0
em-p-ihep51	20260626114001270000000	20	23,221,864,206,336	23,221,997,838,336	14,648,748,729,322	25,154,938,761,216	25,945,969,811,456	22,034,264,555,520	29,685,706,653,696	239,566,098	700,353,958	0	0
em-p-ihep51	20260626114011304000000	34	23,221,880,942,592	23,221,942,415,360	14,705,571,650,573	25,154,938,761,216	25,945,969,811,456	22,034,264,555,520	29,685,706,653,696	750,170,484	2,142,035,434	0	0
em-p-ihep51	20260626114021329000000	40	23,222,385,364,992	23,222,912,352,256	14,672,220,858,534	25,154,938,761,216	25,945,969,811,456	22,034,264,555,520	29,685,706,653,696	850,121,278	1,812,264,556	0	0
em-p-ihep51	20260626114031342000000	29	23,220,918,349,824	23,220,997,943,296	14,655,628,277,998	25,154,938,761,216	25,945,969,811,456	22,034,264,555,520	29,685,706,653,696	320,306,928	1,248,237,480	0	0
em-p-ihep51	20260626114041382000000	34	23,220,918,550,528	23,220,981,604,352	14,667,952,339,869	25,154,938,761,216	25,945,969,811,456	22,034,264,555,520	29,685,706,653,696	505,127,782	2,803,853,562	0	0
em-p-ihep51	20260626114051378000000	33	23,221,340,991,488	23,221,453,053,952	14,654,261,435,799	25,154,938,761,216	25,945,969,811,456	22,034,264,555,520	29,685,706,653,696	280,650,017	862,374,163	0	0
em-p-ihep51	20260626114101392000000	38	23,230,881,435,648	23,230,954,975,232	14,677,336,391,609	25,154,938,761,216	25,945,969,811,456	22,034,264,555,520	29,685,706,653,696	246,120,197	694,911,510	0	0
em-p-ihep51	20260626114111424000000	41	23,234,361,356,288	23,234,484,232,192	14,699,948,655,969	25,154,938,761,216	25,945,969,811,456	22,034,264,555,520	29,685,706,653,696	541,207,528	1,564,295,211	0	0
em-p-ihep51	20260626114121469000000	32	23,239,898,304,512	23,239,967,789,056	14,682,389,095,295	25,154,938,761,216	25,945,969,811,456	22,034,264,555,520	29,685,706,653,696	410,469,902	853,656,601	0	0
em-p-ihep51	20260626114131442000000	28	23,240,044,007,424	23,240,116,523,008	14,686,915,882,084	25,154,938,761,216	25,945,969,811,456	22,034,264,555,520	29,685,706,653,696	231,475,485	658,506,881	0	0
em-p-ihep51	20260626114141538000000	28	23,231,410,302,976	23,236,784,050,176	14,667,650,363,821	25,154,938,761,216	25,945,969,811,456	22,034,264,555,520	29,685,706,653,696	291,039,856	1,085,539,058	0	0
em-p-ihep51	20260626114151542000000	36	23,228,407,271,424	23,228,484,526,080	14,655,344,012,672	25,154,938,761,216	25,945,969,811,456	22,034,264,555,520	29,685,706,653,696	345,893,659	1,749,027,680	53,248	0
em-p-ihep51	20260626114201557000000	37	23,225,457,831,936	23,225,857,724,416	14,650,817,827,350	25,154,938,761,216	25,945,969,811,456	22,034,264,555,520	29,685,706,653,696	427,193,057	1,021,113,454	8,192	0
em-p-ihep51	20260626114211576000000	32	23,225,459,408,896	23,225,522,122,752	14,653,744,268,785	25,154,938,761,216	25,945,969,811,456	22,034,264,555,520	29,685,706,653,696	501,835,563	1,388,056,189	0	0
em-p-ihep51	20260626114221566000000	25	23,225,458,593,792	23,225,525,747,712	14,646,843,116,266	25,154,938,761,216	25,945,969,811,456	22,034,264,555,520	29,685,706,653,696	642,988,482	1,305,301,906	0	0
em-p-ihep51	20260626114231590000000	19	23,225,456,488,448	23,225,548,681,216	14,645,611,549,957	25,154,938,761,216	25,945,969,811,456	22,034,264,555,520	29,685,706,653,696	510,488,796	1,043,552,310	0	0
em-p-ihep51	20260626114241707000000	21	23,225,456,271,360	23,225,522,020,352	14,642,361,183,389	25,154,938,761,216	25,945,969,811,456	22,034,264,555,520	29,685,706,653,696	263,563,615	632,418,065	0	0
em-p-ihep51	20260626114251708000000	27	23,225,455,140,864	23,225,525,137,408	14,647,755,743,154	25,154,938,761,216	25,945,969,811,456	22,034,264,555,520	29,685,706,653,696	178,716,414	795,928,468	0	0
em-p-ihep51	20260626114301712000000	23	23,225,460,981,760	23,225,574,752,256	14,642,746,368,385	25,154,938,761,216	25,945,969,811,456	22,034,264,555,520	29,685,706,653,696	153,374,893	665,611,124	0	0
em-p-ihep51	20260626114311719000000	23	23,225,457,790,976	23,225,525,252,096	14,648,535,697,186	25,154,938,761,216	25,945,969,811,456	22,034,264,555,520	29,685,706,653,696	451,681,882	1,737,246,706	0	0
em-p-ihep51	20260626114321727000000	26	23,225,461,030,912	23,225,526,611,968	14,645,078,820,245	25,154,938,761,216	25,945,969,811,456	22,034,264,555,520	29,685,706,653,696	224,902,933	1,045,682,788	0	0
em-p-ihep51	20260626114331726000000	22	23,225,463,300,096	23,225,529,266,176	14,641,801,160,187	25,154,938,761,216	25,945,969,811,456	22,034,264,555,520	29,685,706,653,696	214,651,706	882,949,973	0	0
em-p-ihep51	20260626114341725000000	22	23,225,464,651,776	23,225,532,923,904	14,641,066,932,681	25,154,938,761,216	25,945,969,811,456	22,034,264,555,520	29,685,706,653,696	371,851,515	865,325,604	0	0
em-p-ihep51	20260626114351737000000	23	23,225,004,150,784	23,225,060,020,224	14,646,443,374,109	25,154,938,761,216	25,945,969,811,456	22,034,264,555,520	29,685,706,653,696	186,565,478	694,337,683	0	0
em-p-ihep51	20260626114401781000000	27	23,225,007,935,488	23,225,062,043,648	14,650,034,094,736	25,154,938,761,216	25,945,969,811,456	22,034,264,555,520	29,685,706,653,696	291,188,044	837,335,906	0	0
em-p-ihep51	20260626114411776000000	24	23,225,009,176,576	23,225,533,837,312	14,655,863,391,745	25,154,938,761,216	25,945,969,811,456	22,034,264,555,520	29,685,706,653,696	511,256,353	1,513,339,716	0	0
em-p-ihep51	20260626114421787000000	26	23,226,105,655,296	23,226,160,963,584	14,647,572,307,983	25,154,938,761,216	25,945,969,811,456	22,034,264,555,520	29,685,706,653,696	261,245,098	914,749,571	0	0
em-p-ihep51	20260626114431783000000	25	23,224,578,834,432	23,224,634,707,968	14,647,227,880,889	25,154,938,761,216	25,945,969,811,456	22,034,264,555,520	29,685,706,653,696	672,190,448	1,357,386,509	0	0
em-p-ihep51	20260626114441785000000	19	23,224,579,969,024	23,225,121,046,528	14,643,542,784,786	25,154,938,761,216	25,945,969,811,456	22,034,264,555,520	29,685,706,653,696	389,514,366	1,219,679,892	0	0
em-p-ihep51	20260626114451892000000	19	23,224,578,887,680	23,224,635,736,064	14,651,243,516,181	25,154,938,761,216	25,945,969,811,456	22,034,264,555,520	29,685,706,653,696	324,064,356	1,072,115,391	0	0
em-p-ihep51	20260626114501918000000	22	23,224,576,622,592	23,224,743,665,664	14,643,716,366,034	25,154,938,761,216	25,945,969,811,456	22,034,264,555,520	29,685,706,653,696	631,787,682	1,172,729,971	0	0
em-p-ihep51	20260626114511937000000	33	23,224,587,046,912	23,224,701,390,848	14,658,330,943,747	25,154,938,761,216	25,945,969,811,456	22,034,264,555,520	29,685,706,653,696	584,879,951	1,285,718,628	0	0
em-p-ihep51	20260626114521989000000	31	23,224,588,210,176	23,224,740,810,752	14,651,699,300,270	25,154,938,761,216	25,945,969,811,456	22,034,264,555,520	29,685,706,653,696	904,138,075	2,553,895,819	0	0
em-p-ihep51	20260626114531974000000	27	23,224,590,716,928	23,224,716,201,984	14,653,794,798,798	25,154,938,761,216	25,945,969,811,456	22,034,264,555,520	29,685,706,653,696	368,902,900	1,567,181,229	0	0
em-p-ihep51	20260626114541947000000	25	23,224,586,571,776	23,224,755,392,512	14,646,280,061,026	25,154,938,761,216	25,945,969,811,456	22,034,264,555,520	29,685,706,653,696	362,432,091	1,329,507,637	0	0
em-p-ihep51	20260626114551951000000	22	23,224,580,812,800	23,224,704,835,584	14,650,162,367,748	25,154,938,761,216	25,945,969,811,456	22,034,264,555,520	29,685,706,653,696	804,093,007	1,367,717,761	0	0
em-p-ihep51	20260626114601972000000	25	23,224,800,718,848	23,224,923,897,856	14,650,145,429,717	25,154,938,761,216	25,945,969,811,456	22,034,264,555,520	29,685,706,653,696	257,149,742	1,132,248,729	0	0
em-p-ihep51	20260626114612028000000	33	23,224,872,361,984	23,225,017,192,448	14,652,983,115,398	25,154,938,761,216	25,945,969,811,456	22,034,264,555,520	29,685,706,653,696	787,190,228	1,691,697,418	0	0
em-p-ihep51	20260626114622097000000	24	23,224,869,986,304	23,224,997,441,536	14,651,648,782,057	25,154,938,761,216	25,945,969,811,456	22,034,264,555,520	29,685,706,653,696	264,089,228	1,212,027,688	0	0
em-p-ihep51	20260626114632180000000	21	23,224,871,120,896	23,224,992,751,616	14,650,101,220,566	25,154,938,761,216	25,945,969,811,456	22,034,264,555,520	29,685,706,653,696	562,153,606	1,139,973,131	0	0
em-p-ihep51	20260626114642223000000	24	23,224,879,636,480	23,224,927,670,272	14,650,033,995,487	25,154,938,761,216	25,945,969,811,456	22,034,264,555,520	29,685,706,653,696	1,089,509,154	1,664,672,571	0	0
em-p-ihep51	20260626114652304000000	25	23,224,882,282,496	23,225,376,108,544	14,647,875,973,139	25,154,938,761,216	25,945,969,811,456	22,034,264,555,520	29,685,706,653,696	303,782,227	1,065,082,717	0	0
em-p-ihep51	20260626114702302000000	24	23,224,880,988,160	23,224,928,964,608	14,648,361,472,999	25,154,938,761,216	25,945,969,811,456	22,034,264,555,520	29,685,706,653,696	289,269,474	882,306,727	0	0
em-p-ihep51	20260626114712423000000	23	23,224,882,233,344	23,225,144,209,408	14,653,360,542,687	25,154,938,761,216	25,945,969,811,456	22,034,264,555,520	29,685,706,653,696	672,283,456	1,382,078,762	0	0
em-p-ihep51	20260626114722496000000	24	23,224,880,238,592	23,225,468,104,704	14,642,634,030,680	25,154,938,761,216	25,945,969,811,456	22,034,264,555,520	29,685,706,653,696	162,552,516	565,067,681	0	0
em-p-ihep51	20260626114732523000000	25	23,225,734,811,648	23,225,779,675,136	14,648,513,458,382	25,154,938,761,216	25,945,969,811,456	22,034,264,555,520	29,685,706,653,696	379,892,169	1,223,275,050	0	0
em-p-ihep51	20260626114742562000000	30	23,225,733,890,048	23,225,783,160,832	14,652,106,990,544	25,154,938,761,216	25,945,969,811,456	22,034,264,555,520	29,685,706,653,696	377,954,364	1,492,273,909	0	0
em-p-ihep51	20260626114752555000000	29	23,225,739,669,504	23,225,836,572,672	14,646,556,083,671	25,154,938,761,216	25,945,969,811,456	22,034,264,555,520	29,685,706,653,696	558,919,824	1,347,135,620	0	0
em-p-ihep51	20260626114802564000000	22	23,225,735,024,640	23,225,784,483,840	14,645,848,114,194	25,154,938,761,216	25,945,969,811,456	22,034,264,555,520	29,685,706,653,696	195,073,442	899,948,085	0	0
em-p-ihep51	20260626114812590000000	24	23,225,733,840,896	23,225,780,895,744	14,649,138,036,212	25,154,938,761,216	25,945,969,811,456	22,034,264,555,520	29,685,706,653,696	166,956,829	824,279,045	0	0
em-p-ihep51	20260626114822566000000	25	23,225,737,187,328	23,225,786,470,400	14,649,458,374,298	25,154,938,761,216	25,945,969,811,456	22,034,264,555,520	29,685,706,653,696	242,227,217	928,779,388	0	0
em-p-ihep51	20260626114832609000000	30	23,225,744,777,216	23,225,793,212,416	14,649,575,844,570	25,154,938,761,216	25,945,969,811,456	22,034,264,555,520	29,685,706,653,696	177,174,860	805,314,248	0	0
em-p-ihep51	20260626114842589000000	22	23,225,742,290,944	23,225,788,194,816	14,648,504,005,210	25,154,938,761,216	25,945,969,811,456	22,034,264,555,520	29,685,706,653,696	542,485,861	1,018,200,702	0	0
em-p-ihep51	20260626114852583000000	23	23,225,742,295,040	23,225,792,561,152	14,648,530,149,097	25,154,938,761,216	25,945,969,811,456	22,034,264,555,520	29,685,706,653,696	303,970,723	889,803,830	0	0
em-p-ihep51	20260626114902677000000	19	23,225,745,969,152	23,225,798,688,768	14,647,722,611,598	25,154,938,761,216	25,945,969,811,456	22,034,264,555,520	29,685,706,653,696	298,015,505	1,011,150,785	0	0
em-p-ihep51	20260626114912777000000	27	23,225,747,484,672	23,225,798,848,512	14,661,346,738,936	25,154,938,761,216	25,945,969,811,456	22,034,264,555,520	29,685,706,653,696	337,196,312	1,923,466,896	0	0
em-p-ihep51	20260626114922781000000	25	23,225,745,092,608	23,225,797,734,400	14,644,436,269,942	25,154,938,761,216	25,945,969,811,456	22,034,264,555,520	29,685,706,653,696	677,904,419	2,003,978,985	0	0
em-p-ihep51	20260626114932781000000	22	23,225,743,798,272	23,225,792,991,232	14,648,277,914,348	25,154,938,761,216	25,945,969,811,456	22,034,264,555,520	29,685,706,653,696	417,823,169	1,369,089,385	0	0
em-p-ihep51	20260626114942845000000	28	23,225,745,543,168	23,225,811,660,800	14,650,278,934,957	25,154,938,761,216	25,945,969,811,456	22,034,264,555,520	29,685,706,653,696	688,917,143	1,631,136,786	0	0
em-p-ihep51	20260626114952823000000	29	23,225,744,465,920	23,225,824,067,584	14,646,885,121,170	25,154,938,761,216	25,945,969,811,456	22,034,264,555,520	29,685,706,653,696	288,479,932	1,253,328,657	0	0
em-p-ihep51	20260626115002944000000	29	23,225,753,804,800	23,225,821,962,240	14,646,428,670,048	25,154,938,761,216	25,945,969,811,456	22,034,264,555,520	29,685,706,653,696	203,432,076	1,228,961,437	0	0
em-p-ihep51	20260626115012978000000	42	23,222,736,666,624	23,223,062,249,472	14,671,114,443,118	25,154,938,761,216	25,945,969,811,456	22,034,264,555,520	29,685,706,653,696	645,753,184	2,129,086,719	0	0
em-p-ihep51	20260626115023017000000	35	23,222,724,251,648	23,222,795,542,528	14,665,999,140,031	25,154,938,761,216	25,945,969,811,456	22,034,264,555,520	29,685,706,653,696	445,422,881	3,074,887,734	0	0
em-p-ihep51	20260626115033037000000	40	23,222,720,565,248	23,222,789,419,008	14,654,650,564,961	25,154,938,761,216	25,945,969,811,456	22,034,264,555,520	29,685,706,653,696	399,659,185	1,959,918,402	0	0
em-p-ihep51	20260626115043075000000	34	23,222,736,494,592	23,222,779,293,696	14,650,922,983,230	25,154,938,761,216	25,945,969,811,456	22,034,264,555,520	29,685,706,653,696	365,259,262	1,268,203,464	0	0
em-p-ihep51	20260626115053025000000	25	23,222,737,629,184	23,222,783,385,600	14,662,115,100,966	25,154,938,761,216	25,945,969,811,456	22,034,264,555,520	29,685,706,653,696	501,630,318	1,176,792,379	0	0
em-p-ihep51	20260626115103069000000	33	23,222,746,513,408	23,222,791,499,776	14,654,130,168,239	25,154,938,761,216	25,945,969,811,456	22,034,264,555,520	29,685,706,653,696	308,815,257	1,099,387,409	0	0
em-p-ihep51	20260626115113087000000	30	23,222,758,727,680	23,222,827,261,952	14,651,890,958,731	25,154,938,761,216	25,945,969,811,456	22,034,264,555,520	29,685,706,653,696	384,815,716	1,272,259,224	0	0
em-p-ihep51	20260626115123101000000	25	23,222,760,525,824	23,222,836,629,504	14,654,318,400,644	25,154,938,761,216	25,945,969,811,456	22,034,264,555,520	29,685,706,653,696	448,453,260	755,187,161	0	0
em-p-ihep51	20260626115133115000000	26	23,222,761,684,992	23,222,817,386,496	14,651,121,152,435	25,154,938,761,216	25,945,969,811,456	22,034,264,555,520	29,685,706,653,696	296,834,319	972,884,918	0	0
em-p-ihep51	20260626115143131000000	26	23,222,765,191,168	23,222,837,112,832	14,652,010,256,844	25,154,938,761,216	25,945,969,811,456	22,034,264,555,520	29,685,706,653,696	425,553,202	1,006,058,840	0	0
em-p-ihep51	20260626115153137000000	31	23,222,767,599,616	23,222,818,279,424	14,651,869,741,920	25,154,938,761,216	25,945,969,811,456	22,034,264,555,520	29,685,706,653,696	314,665,788	1,446,266,458	0	0
em-p-ihep51	20260626115203146000000	34	23,222,776,283,136	23,222,840,586,240	14,647,690,384,534	25,154,938,761,216	25,945,969,811,456	22,034,264,555,520	29,685,706,653,696	655,417,912	2,440,800,521	0	0
em-p-ihep51	20260626115213205000000	35	23,222,774,054,912	23,222,936,895,488	14,650,985,285,996	25,154,938,761,216	25,945,969,811,456	22,034,264,555,520	29,685,706,653,696	353,349,672	2,055,649,010	0	0
em-p-ihep51	20260626115223171000000	27	23,222,772,871,168	23,222,830,665,728	14,648,639,832,148	25,154,938,761,216	25,945,969,811,456	22,034,264,555,520	29,685,706,653,696	479,076,319	1,255,761,213	0	0
em-p-ihep51	20260626115233199000000	22	23,222,769,119,232	23,222,827,520,000	14,649,257,390,580	25,154,938,761,216	25,945,969,811,456	22,034,264,555,520	29,685,706,653,696	446,550,340	895,312,772	0	0
em-p-ihep51	20260626115243208000000	24	23,222,767,226,880	23,223,611,555,840	14,644,614,522,014	25,154,938,761,216	25,945,969,811,456	22,034,264,555,520	29,685,706,653,696	574,917,806	2,206,641,700	0	0
em-p-ihep51	20260626115253219000000	24	23,222,767,558,656	23,222,828,609,536	14,655,285,009,288	25,154,938,761,216	25,945,969,811,456	22,034,264,555,520	29,685,706,653,696	440,744,764	1,631,677,351	0	0
em-p-ihep51	20260626115303252000000	27	23,222,771,396,608	23,222,833,319,936	14,647,872,967,754	25,154,938,761,216	25,945,969,811,456	22,034,264,555,520	29,685,706,653,696	957,082,142	1,483,202,893	0	0
em-p-ihep51	20260626115313257000000	28	23,222,766,571,520	23,223,036,211,200	14,643,189,316,237	25,154,938,761,216	25,945,969,811,456	22,034,264,555,520	29,685,706,653,696	503,862,530	1,619,156,769	0	0
em-p-ihep51	20260626115323271000000	18	23,222,765,133,824	23,222,825,455,616	14,641,407,386,491	25,154,938,761,216	25,945,969,811,456	22,034,264,555,520	29,685,706,653,696	200,530,389	1,116,863,667	0	0
em-p-ihep51	20260626115333274000000	22	23,222,764,220,416	23,222,824,624,128	14,645,127,992,259	25,154,938,761,216	25,945,969,811,456	22,034,264,555,520	29,685,706,653,696	462,220,765	1,426,951,709	0	0
em-p-ihep51	20260626115343269000000	26	23,222,765,191,168	23,222,830,256,128	14,646,066,595,499	25,154,938,761,216	25,945,969,811,456	22,034,264,555,520	29,685,706,653,696	244,510,446	1,201,624,166	0	0
em-p-ihep51	20260626115353284000000	29	23,222,760,009,728	23,223,303,233,536	14,647,833,043,894	25,154,938,761,216	25,945,969,811,456	22,034,264,555,520	29,685,706,653,696	379,620,934	834,018,292	65,536	0
em-p-ihep51	20260626115403317000000	33	23,222,776,590,336	23,222,831,710,208	14,650,594,722,257	25,154,938,761,216	25,945,969,811,456	22,034,264,555,520	29,685,706,653,696	191,751,129	716,926,480	0	0
em-p-ihep51	20260626115413299000000	34	23,222,770,380,800	23,222,826,127,360	14,658,159,139,089	25,154,938,761,216	25,945,969,811,456	22,034,264,555,520	29,685,706,653,696	507,068,419	1,447,792,045	0	0
em-p-ihep51	20260626115423316000000	27	23,223,120,883,712	23,223,755,464,704	14,647,002,435,797	25,154,938,761,216	25,945,969,811,456	22,034,264,555,520	29,685,706,653,696	359,142,626	814,539,233	0	0
em-p-ihep51	20260626115433347000000	30	23,223,128,117,248	23,223,229,935,616	14,646,558,975,490	25,154,938,761,216	25,945,969,811,456	22,034,264,555,520	29,685,706,653,696	324,421,044	809,967,897	0	0
em-p-ihep51	20260626115443386000000	26	23,223,120,076,800	23,223,225,348,096	14,641,009,545,729	25,154,938,761,216	25,945,969,811,456	22,034,264,555,520	29,685,706,653,696	339,421,452	847,425,310	0	0
em-p-ihep51	20260626115453438000000	27	23,223,288,545,280	23,223,932,817,408	14,646,648,377,497	25,154,938,761,216	25,945,969,811,456	22,034,264,555,520	29,685,706,653,696	331,586,860	1,322,081,366	0	0
em-p-ihep51	20260626115503447000000	34	23,223,306,526,720	23,223,394,004,992	14,660,216,919,067	25,154,938,761,216	25,945,969,811,456	22,034,264,555,520	29,685,706,653,696	425,964,076	1,389,206,676	0	0
em-p-ihep51	20260626115513448000000	39	23,223,306,420,224	23,223,395,663,872	14,658,846,330,200	25,154,938,761,216	25,945,969,811,456	22,034,264,555,520	29,685,706,653,696	481,647,838	1,906,609,274	0	0
em-p-ihep51	20260626115523468000000	35	23,223,303,933,952	23,223,394,156,544	14,656,411,961,975	25,154,938,761,216	25,945,969,811,456	22,034,264,555,520	29,685,706,653,696	1,004,077,687	1,405,734,856	0	0
em-p-ihep51	20260626115533478000000	36	23,223,292,162,048	23,223,448,625,152	14,659,005,473,855	25,154,938,761,216	25,945,969,811,456	22,034,264,555,520	29,685,706,653,696	205,087,585	866,656,635	0	0
em-p-ihep51	20260626115543514000000	32	23,223,293,644,800	23,223,450,107,904	14,646,313,810,130	25,154,938,761,216	25,945,969,811,456	22,034,264,555,520	29,685,706,653,696	497,602,009	1,290,119,084	0	0
em-p-ihep51	20260626115553529000000	30	23,223,289,970,688	23,223,500,156,928	14,644,969,951,445	25,154,938,761,216	25,945,969,811,456	22,034,264,555,520	29,685,706,653,696	374,657,455	1,157,247,500	0	0
em-p-ihep51	20260626115603564000000	35	23,223,296,184,320	23,223,459,221,504	14,652,644,799,988	25,154,938,761,216	25,945,969,811,456	22,034,264,555,520	29,685,706,653,696	201,378,119	799,687,899	0	0
em-p-ihep51	20260626115613577000000	34	23,223,332,302,848	23,223,483,068,416	14,654,076,094,173	25,154,938,761,216	25,945,969,811,456	22,034,264,555,520	29,685,706,653,696	622,843,635	1,384,576,081	0	0
em-p-ihep51	20260626115623567000000	34	23,223,326,732,288	23,223,476,760,576	14,651,537,010,987	25,154,938,761,216	25,945,969,811,456	22,034,264,555,520	29,685,706,653,696	253,444,114	1,722,812,880	0	0
em-p-ihep51	20260626115633599000000	26	23,223,323,488,256	23,223,503,323,136	14,645,838,881,032	25,154,938,761,216	25,945,969,811,456	22,034,264,555,520	29,685,706,653,696	186,398,409	1,513,974,160	0	0
em-p-ihep51	20260626115643602000000	35	23,223,331,725,312	23,223,479,615,488	14,658,531,793,897	25,154,938,761,216	25,945,969,811,456	22,034,264,555,520	29,685,706,653,696	352,464,213	833,154,080	0	0
em-p-ihep51	20260626115653627000000	37	23,223,332,749,312	23,223,476,862,976	14,652,018,997,985	25,154,938,761,216	25,945,969,811,456	22,034,264,555,520	29,685,706,653,696	223,938,077	806,113,233	0	0
em-p-ihep51	20260626115703609000000	30	23,223,326,052,352	23,223,620,235,264	14,643,907,112,236	25,154,938,761,216	25,945,969,811,456	22,034,264,555,520	29,685,706,653,696	528,869,308	1,025,958,464	0	0
em-p-ihep51	20260626115713614000000	36	23,223,323,672,576	23,223,471,132,672	14,656,052,668,034	25,154,938,761,216	25,945,969,811,456	22,034,264,555,520	29,685,706,653,696	237,396,528	1,326,773,223	0	0
em-p-ihep51	20260626115723606000000	30	23,223,321,677,824	23,223,463,321,600	14,642,675,918,236	25,154,938,761,216	25,945,969,811,456	22,034,264,555,520	29,685,706,653,696	308,120,158	902,805,192	0	0
em-p-ihep51	20260626115733630000000	21	23,223,320,543,232	23,223,483,043,840	14,649,894,087,342	25,154,938,761,216	25,945,969,811,456	22,034,264,555,520	29,685,706,653,696	615,102,822	1,456,771,120	0	0
em-p-ihep51	20260626115743738000000	26	23,223,320,547,328	23,223,449,600,000	14,654,085,178,576	25,154,938,761,216	25,945,969,811,456	22,034,264,555,520	29,685,706,653,696	349,348,755	1,420,580,550	0	0
em-p-ihep51	20260626115753721000000	26	23,223,324,110,848	23,223,449,518,080	14,655,450,603,901	25,154,938,761,216	25,945,969,811,456	22,034,264,555,520	29,685,706,653,696	382,676,054	1,381,074,467	0	0
em-p-ihep51	20260626115803731000000	25	23,223,326,326,784	23,223,720,685,568	14,645,584,445,798	25,154,938,761,216	25,945,969,811,456	22,034,264,555,520	29,685,706,653,696	298,138,779	1,267,286,538	0	0
em-p-ihep51	20260626115813751000000	21	23,223,318,065,152	23,223,444,447,232	14,644,882,201,923	25,154,938,761,216	25,945,969,811,456	22,034,264,555,520	29,685,706,653,696	472,864,627	1,223,475,860	0	0
em-p-ihep51	20260626115823829000000	27	23,223,321,899,008	23,223,444,262,912	14,647,805,097,741	25,154,938,761,216	25,945,969,811,456	22,034,264,555,520	29,685,706,653,696	176,521,063	694,404,937	0	0
em-p-ihep51	20260626115833846000000	20	23,223,320,604,672	23,223,443,279,872	14,650,004,207,736	25,154,938,761,216	25,945,969,811,456	22,034,264,555,520	29,685,706,653,696	161,163,884	750,911,492	0	0
em-p-ihep51	20260626115843946000000	24	23,223,322,955,776	23,223,817,027,584	14,647,513,646,199	25,154,938,761,216	25,945,969,811,456	22,034,264,555,520	29,685,706,653,696	300,769,393	2,085,594,969	0	0
em-p-ihep51	20260626115854054000000	24	23,223,320,879,104	23,223,445,975,040	14,647,444,797,469	25,154,938,761,216	25,945,969,811,456	22,034,264,555,520	29,685,706,653,696	453,626,674	2,281,887,711	0	0
em-p-ihep51	20260626115904085000000	26	23,223,326,969,856	23,223,428,440,064	14,647,186,169,290	25,154,938,761,216	25,945,969,811,456	22,034,264,555,520	29,685,706,653,696	551,772,675	1,152,771,565	0	0
em-p-ihep51	20260626115914061000000	31	23,223,327,842,304	23,223,578,509,312	14,658,349,752,759	25,154,938,761,216	25,945,969,811,456	22,034,264,555,520	29,685,706,653,696	521,325,792	2,577,236,189	0	0
em-p-ihep51	20260626115924150000000	26	23,223,399,792,640	23,223,476,350,976	14,645,810,615,607	25,154,938,761,216	25,945,969,811,456	22,034,264,555,520	29,685,706,653,696	389,219,474	1,667,194,721	0	0
em-p-ihep51	20260626115934171000000	25	23,223,381,987,328	23,223,455,485,952	14,646,348,042,413	25,154,938,761,216	25,945,969,811,456	22,034,264,555,520	29,685,706,653,696	290,015,523	798,532,131	0	0
em-p-ihep51	20260626115944309000000	19	23,223,381,770,240	23,223,898,943,488	14,645,176,134,250	25,154,938,761,216	25,945,969,811,456	22,034,264,555,520	29,685,706,653,696	297,179,236	916,352,997	0	0
em-p-ihep51	20260626115954272000000	21	23,223,381,721,088	23,223,457,714,176	14,647,222,323,264	25,154,938,761,216	25,945,969,811,456	22,034,264,555,520	29,685,706,653,696	630,579,103	1,141,419,620	0	0
em-p-ihep51	20260626120004408000000	26	23,223,398,514,688	23,223,472,140,288	14,650,673,145,202	25,154,938,761,216	25,945,969,811,456	22,034,264,555,520	29,685,706,653,696	496,797,982	1,640,723,371	0	0
em-p-ihep51	20260626120014421000000	45	23,223,415,136,256	23,223,510,450,176	14,689,190,518,730	25,154,938,761,216	25,945,969,811,456	22,034,264,555,520	29,685,706,653,696	975,818,759	3,377,846,962	0	0
em-p-ihep51	20260626120024513000000	49	23,223,446,294,528	23,223,516,270,592	14,690,461,708,506	25,154,938,761,216	25,945,969,811,456	22,034,264,555,520	29,685,706,653,696	927,306,985	2,503,167,117	0	0
em-p-ihep51	20260626120034529000000	50	23,222,953,881,600	23,223,027,826,688	14,665,738,717,490	25,154,938,761,216	25,945,969,811,456	22,034,264,555,520	29,685,706,653,696	680,714,647	1,987,761,684	0	0
em-p-ihep51	20260626120044509000000	42	23,223,355,416,576	23,223,432,093,696	14,666,872,670,801	25,154,938,761,216	25,945,969,811,456	22,034,264,555,520	29,685,706,653,696	333,489,307	2,196,108,547	0	0
em-p-ihep51	20260626120054531000000	41	23,223,358,873,600	23,223,433,728,000	14,650,702,734,067	25,154,938,761,216	25,945,969,811,456	22,034,264,555,520	29,685,706,653,696	599,566,175	2,719,250,328	0	0
em-p-ihep51	20260626120104586000000	38	23,223,347,081,216	23,223,725,158,400	14,652,246,050,225	25,154,938,761,216	25,945,969,811,456	22,034,264,555,520	29,685,706,653,696	647,695,993	2,911,801,345	0	0
em-p-ihep51	20260626120114600000000	42	23,223,348,436,992	23,224,010,756,096	14,656,680,430,757	25,154,938,761,216	25,945,969,811,456	22,034,264,555,520	29,685,706,653,696	744,442,808	3,774,955,719	0	0
em-p-ihep51	20260626120124584000000	30	23,223,336,341,504	23,223,409,025,024	14,651,639,768,976	25,154,938,761,216	25,945,969,811,456	22,034,264,555,520	29,685,706,653,696	356,854,189	1,932,427,697	0	0
em-p-ihep51	20260626120134603000000	30	23,223,344,635,904	23,223,411,810,304	14,649,698,382,044	25,154,938,761,216	25,945,969,811,456	22,034,264,555,520	29,685,706,653,696	213,621,605	1,742,397,147	0	0
em-p-ihep51	20260626120144616000000	28	23,223,337,562,112	23,223,422,869,504	14,651,024,288,217	25,154,938,761,216	25,945,969,811,456	22,034,264,555,520	29,685,706,653,696	306,936,059	1,678,246,908	0	0
em-p-ihep51	20260626120154628000000	29	23,223,342,424,064	23,223,414,206,464	14,646,793,165,875	25,154,938,761,216	25,945,969,811,456	22,034,264,555,520	29,685,706,653,696	640,435,689	1,227,627,019	0	0
em-p-ihep51	20260626120204634000000	30	23,223,350,902,784	23,223,435,870,208	14,647,557,150,934	25,154,938,761,216	25,945,969,811,456	22,034,264,555,520	29,685,706,653,696	473,330,914	1,514,204,396	0	0
em-p-ihep51	20260626120214646000000	34	23,223,345,287,168	23,223,426,772,992	14,655,752,498,238	25,154,938,761,216	25,945,969,811,456	22,034,264,555,520	29,685,706,653,696	356,016,423	1,575,363,823	86,016	0
em-p-ihep51	20260626120224674000000	35	23,223,347,720,192	23,223,450,947,584	14,649,241,398,537	25,154,938,761,216	25,945,969,811,456	22,034,264,555,520	29,685,706,653,696	368,706,800	1,466,618,211	0	0
em-p-ihep51	20260626120234676000000	26	23,223,339,741,184	23,223,419,179,008	14,647,968,395,387	25,154,938,761,216	25,945,969,811,456	22,034,264,555,520	29,685,706,653,696	426,920,854	1,045,328,038	0	0
em-p-ihep51	20260626120244713000000	31	23,223,345,602,560	23,223,491,575,808	14,654,005,993,200	25,154,938,761,216	25,945,969,811,456	22,034,264,555,520	29,685,706,653,696	498,779,651	1,300,716,427	0	0
em-p-ihep51	20260626120254701000000	31	23,223,344,427,008	23,223,443,628,032	14,648,271,828,698	25,154,938,761,216	25,945,969,811,456	22,034,264,555,520	29,685,706,653,696	618,884,127	1,550,120,339	0	0
em-p-ihep51	20260626120304697000000	26	23,223,333,883,904	23,223,418,392,576	14,645,934,774,125	25,154,938,761,216	25,945,969,811,456	22,034,264,555,520	29,685,706,653,696	330,022,473	965,085,968	0	0
em-p-ihep51	20260626120314719000000	33	23,223,424,413,696	23,223,422,689,280	14,646,149,298,194	25,154,938,761,216	25,945,969,811,456	22,034,264,555,520	29,685,706,653,696	264,816,105	1,439,212,479	0	0
em-p-ihep51	20260626120324731000000	27	23,223,512,600,576	23,224,102,350,848	14,650,540,774,143	25,154,938,761,216	25,945,969,811,456	22,034,264,555,520	29,685,706,653,696	325,471,790	927,366,492	0	0
em-p-ihep51	20260626120334734000000	23	23,223,512,653,824	23,223,596,404,736	14,645,756,344,004	25,154,938,761,216	25,945,969,811,456	22,034,264,555,520	29,685,706,653,696	172,056,286	1,186,794,686	0	0
em-p-ihep51	20260626120344729000000	26	23,223,510,171,648	23,223,594,291,200	14,645,197,163,095	25,154,938,761,216	25,945,969,811,456	22,034,264,555,520	29,685,706,653,696	243,281,204	1,358,028,938	0	0
em-p-ihep51	20260626120354776000000	26	23,223,511,252,992	23,223,763,320,832	14,653,424,708,630	25,154,938,761,216	25,945,969,811,456	22,034,264,555,520	29,685,706,653,696	695,408,907	1,224,242,895	0	0
em-p-ihep51	20260626120404801000000	32	23,223,507,800,064	23,223,590,739,968	14,652,327,958,048	25,154,938,761,216	25,945,969,811,456	22,034,264,555,520	29,685,706,653,696	321,576,513	1,729,315,712	0	0
em-p-ihep51	20260626120414799000000	33	23,223,510,609,920	23,223,595,188,224	14,662,489,492,524	25,154,938,761,216	25,945,969,811,456	22,034,264,555,520	29,685,706,653,696	280,146,975	1,055,282,556	0	0
em-p-ihep51	20260626120424816000000	25	23,223,502,671,872	23,223,562,362,880	14,642,416,163,085	25,154,938,761,216	25,945,969,811,456	22,034,264,555,520	29,685,706,653,696	415,170,840	1,010,222,541	0	0
em-p-ihep51	20260626120434838000000	30	23,223,510,769,664	23,223,609,683,968	14,652,729,903,420	25,154,938,761,216	25,945,969,811,456	22,034,264,555,520	29,685,706,653,696	373,531,958	799,149,059	0	0
em-p-ihep51	20260626120444836000000	24	23,223,506,214,912	23,223,726,694,400	14,646,014,856,737	25,154,938,761,216	25,945,969,811,456	22,034,264,555,520	29,685,706,653,696	422,404,926	2,698,981,492	0	0
em-p-ihep51	20260626120454949000000	23	23,223,507,050,496	23,223,566,471,168	14,641,852,964,429	25,154,938,761,216	25,945,969,811,456	22,034,264,555,520	29,685,706,653,696	312,538,654	1,171,874,989	0	0
em-p-ihep51	20260626120504948000000	23	23,223,517,757,440	23,223,592,718,336	14,647,107,028,716	25,154,938,761,216	25,945,969,811,456	22,034,264,555,520	29,685,706,653,696	474,284,766	1,682,349,311	0	0
em-p-ihep51	20260626120514939000000	26	23,223,515,262,976	23,223,564,591,104	14,655,396,130,922	25,154,938,761,216	25,945,969,811,456	22,034,264,555,520	29,685,706,653,696	659,434,503	1,845,533,041	0	0
em-p-ihep51	20260626120524980000000	26	23,223,514,238,976	23,223,562,891,264	14,656,872,201,463	25,154,938,761,216	25,945,969,811,456	22,034,264,555,520	29,685,706,653,696	357,542,724	889,813,970	0	0
em-p-ihep51	20260626120535007000000	34	23,223,523,258,368	23,223,641,616,384	14,657,744,684,074	25,154,938,761,216	25,945,969,811,456	22,034,264,555,520	29,685,706,653,696	301,764,719	888,288,521	0	0
em-p-ihep51	20260626120545017000000	32	23,223,520,931,840	23,223,656,534,016	14,643,758,974,652	25,154,938,761,216	25,945,969,811,456	22,034,264,555,520	29,685,706,653,696	385,191,401	878,874,720	0	0
em-p-ihep51	20260626120555117000000	21	23,223,512,891,392	23,223,649,579,008	14,651,828,505,583	25,154,938,761,216	25,945,969,811,456	22,034,264,555,520	29,685,706,653,696	277,711,366	757,956,446	0	0
em-p-ihep51	20260626120605120000000	31	23,223,524,769,792	23,224,145,563,648	14,649,780,266,777	25,154,938,761,216	25,945,969,811,456	22,034,264,555,520	29,685,706,653,696	196,682,151	718,756,136	0	0
em-p-ihep51	20260626120615129000000	32	23,224,464,363,520	23,224,607,961,088	14,656,554,129,619	25,154,938,761,216	25,945,969,811,456	22,034,264,555,520	29,685,706,653,696	698,916,008	1,549,570,834	0	0
em-p-ihep51	20260626120625150000000	35	23,224,468,639,744	23,224,611,528,704	14,648,649,702,848	25,154,938,761,216	25,945,969,811,456	22,034,264,555,520	29,685,706,653,696	234,046,000	1,427,724,708	0	0
em-p-ihep51	20260626120635150000000	30	23,224,467,922,944	23,224,651,784,192	14,650,972,671,100	25,154,938,761,216	25,945,969,811,456	22,034,264,555,520	29,685,706,653,696	680,588,912	2,140,236,760	0	0
em-p-ihep51	20260626120645183000000	35	23,224,467,300,352	23,224,612,732,928	14,660,530,636,414	25,154,938,761,216	25,945,969,811,456	22,034,264,555,520	29,685,706,653,696	668,650,978	1,719,639,568	0	0
em-p-ihep51	20260626120655211000000	31	23,224,464,433,152	23,224,610,492,416	14,650,326,852,483	25,154,938,761,216	25,945,969,811,456	22,034,264,555,520	29,685,706,653,696	247,806,489	693,860,075	0	0
em-p-ihep51	20260626120705229000000	26	23,224,461,840,384	23,224,616,783,872	14,646,633,151,667	25,154,938,761,216	25,945,969,811,456	22,034,264,555,520	29,685,706,653,696	459,930,812	1,242,429,884	0	0
em-p-ihep51	20260626120715233000000	25	23,224,463,462,400	23,224,605,433,856	14,651,566,052,823	25,154,938,761,216	25,945,969,811,456	22,034,264,555,520	29,685,706,653,696	723,824,437	1,219,903,686	0	0
em-p-ihep51	20260626120725338000000	21	23,224,461,033,472	23,224,526,917,632	14,656,686,612,187	25,154,938,761,216	25,945,969,811,456	22,034,264,555,520	29,685,706,653,696	403,575,177	911,788,601	0	0
em-p-ihep51	20260626120735344000000	22	23,224,465,154,048	23,224,530,796,544	14,662,481,767,395	25,154,938,761,216	25,945,969,811,456	22,034,264,555,520	29,685,706,653,696	893,504,079	1,268,159,247	671,744	0
em-p-ihep51	20260626120745353000000	26	23,224,461,459,456	23,225,086,160,896	14,649,719,447,237	25,154,938,761,216	25,945,969,811,456	22,034,264,555,520	29,685,706,653,696	758,901,205	2,896,369,396	0	0
em-p-ihep51	20260626120755379000000	25	23,224,463,560,704	23,224,525,373,440	14,656,806,984,025	25,154,938,761,216	25,945,969,811,456	22,034,264,555,520	29,685,706,653,696	725,658,211	2,556,315,565	0	0
em-p-ihep51	20260626120805396000000	28	23,224,466,632,704	23,224,528,261,120	14,652,560,255,158	25,154,938,761,216	25,945,969,811,456	22,034,264,555,520	29,685,706,653,696	583,584,611	1,507,779,734	0	0
em-p-ihep51	20260626120815409000000	28	23,224,478,912,512	23,224,619,233,280	14,654,646,972,935	25,154,938,761,216	25,945,969,811,456	22,034,264,555,520	29,685,706,653,696	525,830,570	1,806,234,337	0	0
em-p-ihep51	20260626120825430000000	30	23,224,479,404,032	23,224,540,954,624	14,649,563,918,113	25,154,938,761,216	25,945,969,811,456	22,034,264,555,520	29,685,706,653,696	379,258,065	900,378,030	0	0
em-p-ihep51	20260626120835442000000	27	23,224,485,511,168	23,224,547,041,280	14,646,205,145,095	25,154,938,761,216	25,945,969,811,456	22,034,264,555,520	29,685,706,653,696	520,644,596	1,184,831,522	0	0
em-p-ihep51	20260626120845446000000	24	23,224,483,401,728	23,224,594,763,776	14,649,059,007,209	25,154,938,761,216	25,945,969,811,456	22,034,264,555,520	29,685,706,653,696	742,555,819	1,238,560,598	0	0
em-p-ihep51	20260626120855452000000	22	23,224,485,724,160	23,224,617,631,744	14,650,929,885,327	25,154,938,761,216	25,945,969,811,456	22,034,264,555,520	29,685,706,653,696	292,483,355	815,609,530	0	0
em-p-ihep51	20260626120905460000000	24	23,224,482,381,824	23,224,588,210,176	14,648,810,518,058	25,154,938,761,216	25,945,969,811,456	22,034,264,555,520	29,685,706,653,696	541,120,873	1,310,731,692	0	0
em-p-ihep51	20260626120915476000000	31	23,224,491,831,296	23,224,596,492,288	14,665,801,636,042	25,154,938,761,216	25,945,969,811,456	22,034,264,555,520	29,685,706,653,696	457,321,990	2,285,589,674	0	0
em-p-ihep51	20260626120925478000000	29	23,224,488,431,616	23,224,588,046,336	14,648,627,211,981	25,154,938,761,216	25,945,969,811,456	22,034,264,555,520	29,685,706,653,696	409,885,462	1,507,195,147	0	0
em-p-ihep51	20260626120935576000000	20	23,224,482,385,920	23,224,583,487,488	14,645,230,665,211	25,154,938,761,216	25,945,969,811,456	22,034,264,555,520	29,685,706,653,696	639,943,619	1,002,974,142	0	0
em-p-ihep51	20260626120945670000000	24	23,224,483,737,600	23,224,589,074,432	14,651,521,898,082	25,154,938,761,216	25,945,969,811,456	22,034,264,555,520	29,685,706,653,696	478,188,178	1,574,486,791	0	0
em-p-ihep51	20260626120955666000000	26	23,224,483,631,104	23,224,814,534,656	14,646,282,777,128	25,154,938,761,216	25,945,969,811,456	22,034,264,555,520	29,685,706,653,696	430,627,877	926,509,453	0	0
em-p-ihep51	20260626121005710000000	26	23,224,489,668,608	23,224,589,713,408	14,654,378,629,971	25,154,938,761,216	25,945,969,811,456	22,034,264,555,520	29,685,706,653,696	228,308,015	1,144,744,870	40,960	0
em-p-ihep51	20260626121015730000000	37	23,224,493,178,880	23,224,597,471,232	14,682,247,393,757	25,154,938,761,216	25,945,969,811,456	22,034,264,555,520	29,685,706,653,696	868,202,792	2,358,953,037	0	0
em-p-ihep51	20260626121025761000000	32	23,224,489,701,376	23,224,782,241,792	14,669,172,146,416	25,154,938,761,216	25,945,969,811,456	22,034,264,555,520	29,685,706,653,696	433,914,255	1,940,901,135	0	0
em-p-ihep51	20260626121035753000000	35	23,224,492,457,984	23,224,742,936,576	14,657,518,289,784	25,154,938,761,216	25,945,969,811,456	22,034,264,555,520	29,685,706,653,696	623,815,605	3,583,369,771	0	0
em-p-ihep51	20260626121045775000000	32	23,224,491,458,560	23,224,591,097,856	14,656,291,330,577	25,154,938,761,216	25,945,969,811,456	22,034,264,555,520	29,685,706,653,696	402,323,823	1,905,340,488	0	0
em-p-ihep51	20260626121055794000000	25	23,224,491,638,784	23,225,000,865,792	14,652,149,946,395	25,154,938,761,216	25,945,969,811,456	22,034,264,555,520	29,685,706,653,696	553,456,657	1,657,754,529	0	0
em-p-ihep51	20260626121105806000000	31	23,224,483,594,240	23,224,580,268,032	14,653,824,802,435	25,154,938,761,216	25,945,969,811,456	22,034,264,555,520	29,685,706,653,696	635,764,821	1,972,385,462	0	0
em-p-ihep51	20260626121115810000000	30	23,224,484,892,672	23,224,582,754,304	14,654,805,933,453	25,154,938,761,216	25,945,969,811,456	22,034,264,555,520	29,685,706,653,696	516,932,484	1,754,928,658	0	0
em-p-ihep51	20260626121125826000000	26	23,224,483,729,408	23,225,127,550,976	14,652,928,326,564	25,154,938,761,216	25,945,969,811,456	22,034,264,555,520	29,685,706,653,696	304,519,535	1,359,767,150	0	0
em-p-ihep51	20260626121135831000000	22	23,224,479,027,200	23,224,576,077,824	14,648,023,009,329	25,154,938,761,216	25,945,969,811,456	22,034,264,555,520	29,685,706,653,696	262,797,940	1,244,292,361	0	0
em-p-ihep51	20260626121145854000000	30	23,224,481,959,936	23,224,580,513,792	14,657,862,361,139	25,154,938,761,216	25,945,969,811,456	22,034,264,555,520	29,685,706,653,696	464,434,473	1,349,026,059	0	0
em-p-ihep51	20260626121155874000000	28	23,224,481,959,936	23,224,580,464,640	14,663,462,387,250	25,154,938,761,216	25,945,969,811,456	22,034,264,555,520	29,685,706,653,696	199,683,757	1,426,366,354	0	0
em-p-ihep51	20260626121205890000000	29	23,224,492,326,912	23,224,612,159,488	14,662,644,371,496	25,154,938,761,216	25,945,969,811,456	22,034,264,555,520	29,685,706,653,696	252,171,564	1,977,437,108	0	0
em-p-ihep51	20260626121215945000000	29	23,224,484,610,048	23,224,559,620,096	14,655,497,449,848	25,154,938,761,216	25,945,969,811,456	22,034,264,555,520	29,685,706,653,696	864,102,794	1,978,962,565	0	0
em-p-ihep51	20260626121225923000000	24	23,224,479,752,192	23,224,548,343,808	14,668,752,336,691	25,154,938,761,216	25,945,969,811,456	22,034,264,555,520	29,685,706,653,696	216,390,589	931,362,647	0	0
em-p-ihep51	20260626121235959000000	34	23,224,492,183,552	23,225,103,155,200	14,664,908,607,557	25,154,938,761,216	25,945,969,811,456	22,034,264,555,520	29,685,706,653,696	200,992,110	864,897,267	0	0
em-p-ihep51	20260626121245929000000	27	23,224,485,384,192	23,224,548,757,504	14,667,074,387,909	25,154,938,761,216	25,945,969,811,456	22,034,264,555,520	29,685,706,653,696	358,458,849	1,146,058,862	0	0
em-p-ihep51	20260626121255953000000	27	23,224,476,962,816	23,224,540,688,384	14,668,481,253,656	25,154,938,761,216	25,945,969,811,456	22,034,264,555,520	29,685,706,653,696	178,032,800	874,838,280	0	0
em-p-ihep51	20260626121306056000000	26	23,224,476,745,728	23,225,087,713,280	14,649,951,704,222	25,154,938,761,216	25,945,969,811,456	22,034,264,555,520	29,685,706,653,696	492,886,378	1,092,650,896	0	0
em-p-ihep51	20260626121316074000000	24	23,224,473,399,296	23,224,583,557,120	14,656,831,237,684	25,154,938,761,216	25,945,969,811,456	22,034,264,555,520	29,685,706,653,696	408,170,844	1,159,321,002	0	0
em-p-ihep51	20260626121326124000000	25	23,224,473,563,136	23,224,584,859,648	14,651,795,878,800	25,154,938,761,216	25,945,969,811,456	22,034,264,555,520	29,685,706,653,696	739,833,899	1,670,095,190	0	0
em-p-ihep51	20260626121336109000000	27	23,224,474,644,480	23,224,898,433,024	14,650,674,087,117	25,154,938,761,216	25,945,969,811,456	22,034,264,555,520	29,685,706,653,696	480,150,198	1,266,351,911	0	0
em-p-ihep51	20260626121346104000000	20	23,224,472,690,688	23,224,582,348,800	14,653,477,575,674	25,154,938,761,216	25,945,969,811,456	22,034,264,555,520	29,685,706,653,696	250,726,698	810,771,962	0	0
em-p-ihep51	20260626121356119000000	20	23,224,470,450,176	23,224,578,936,832	14,648,830,924,344	25,154,938,761,216	25,945,969,811,456	22,034,264,555,520	29,685,706,653,696	520,034,883	1,045,258,458	0	0
em-p-ihep51	20260626121406223000000	21	23,224,471,314,432	23,224,624,824,320	14,655,542,616,860	25,154,938,761,216	25,945,969,811,456	22,034,264,555,520	29,685,706,653,696	546,152,699	1,923,108,671	0	0
em-p-ihep51	20260626121416241000000	28	23,224,476,180,480	23,224,596,897,792	14,666,031,920,490	25,154,938,761,216	25,945,969,811,456	22,034,264,555,520	29,685,706,653,696	592,220,319	1,165,400,688	0	0
em-p-ihep51	20260626121426241000000	21	23,224,472,776,704	23,224,579,276,800	14,648,439,758,671	25,154,938,761,216	25,945,969,811,456	22,034,264,555,520	29,685,706,653,696	337,568,204	1,141,777,773	0	0
em-p-ihep51	20260626121436239000000	20	23,224,470,294,528	23,224,584,163,328	14,648,760,228,552	25,154,938,761,216	25,945,969,811,456	22,034,264,555,520	29,685,706,653,696	244,232,819	1,135,464,382	0	0
em-p-ihep51	20260626121446302000000	27	23,224,468,082,688	23,225,009,889,280	14,649,608,743,939	25,154,938,761,216	25,945,969,811,456	22,034,264,555,520	29,685,706,653,696	640,499,065	1,825,503,272	0	0
em-p-ihep51	20260626121456286000000	28	23,224,469,323,776	23,224,576,786,432	14,654,291,179,734	25,154,938,761,216	25,945,969,811,456	22,034,264,555,520	29,685,706,653,696	789,172,989	1,865,128,392	0	0
em-p-ihep51	20260626121506318000000	28	23,224,475,103,232	23,224,605,999,104	14,651,244,759,360	25,154,938,761,216	25,945,969,811,456	22,034,264,555,520	29,685,706,653,696	953,479,786	2,339,966,983	0	0
em-p-ihep51	20260626121516289000000	28	23,224,477,532,160	23,225,024,815,104	14,655,674,696,754	25,154,938,761,216	25,945,969,811,456	22,034,264,555,520	29,685,706,653,696	906,247,095	1,539,235,406	0	0
em-p-ihep51	20260626121526305000000	22	23,224,473,972,736	23,224,570,691,584	14,658,712,529,967	25,154,938,761,216	25,945,969,811,456	22,034,264,555,520	29,685,706,653,696	672,620,387	996,719,653	0	0
em-p-ihep51	20260626121536346000000	25	23,224,475,054,080	23,224,587,268,096	14,659,825,746,917	25,154,938,761,216	25,945,969,811,456	22,034,264,555,520	29,685,706,653,696	443,875,338	913,056,023	0	0
em-p-ihep51	20260626121546360000000	28	23,224,484,057,088	23,225,209,085,952	14,656,457,421,294	25,154,938,761,216	25,945,969,811,456	22,034,264,555,520	29,685,706,653,696	720,174,375	2,347,054,045	0	0
em-p-ihep51	20260626121556362000000	24	23,224,490,889,216	23,224,665,534,464	14,656,905,560,512	25,154,938,761,216	25,945,969,811,456	22,034,264,555,520	29,685,706,653,696	429,235,658	1,482,865,502	0	0
em-p-ihep51	20260626121606381000000	28	23,224,494,616,576	23,224,668,446,720	14,658,452,156,692	25,154,938,761,216	25,945,969,811,456	22,034,264,555,520	29,685,706,653,696	132,821,946	538,740,490	0	0
em-p-ihep51	20260626121616421000000	25	23,224,887,500,800	23,224,901,320,704	14,657,051,590,339	25,154,938,761,216	25,945,969,811,456	22,034,264,555,520	29,685,706,653,696	415,535,810	1,241,976,599	0	0
em-p-ihep51	20260626121626435000000	26	23,225,244,127,232	23,225,844,854,784	14,657,215,856,969	25,154,938,761,216	25,945,969,811,456	22,034,264,555,520	29,685,706,653,696	620,322,497	1,509,088,570	0	0
em-p-ihep51	20260626121636459000000	21	23,225,244,184,576	23,225,405,091,840	14,650,200,301,956	25,154,938,761,216	25,945,969,811,456	22,034,264,555,520	29,685,706,653,696	408,850,391	935,129,647	0	0
em-p-ihep51	20260626121646455000000	20	23,225,242,943,488	23,225,335,070,720	14,657,148,102,590	25,154,938,761,216	25,945,969,811,456	22,034,264,555,520	29,685,706,653,696	486,655,841	964,213,990	0	0
em-p-ihep51	20260626121656471000000	20	23,225,246,351,360	23,225,358,344,192	14,648,783,926,465	25,154,938,761,216	25,945,969,811,456	22,034,264,555,520	29,685,706,653,696	406,635,670	642,228,922	0	0
em-p-ihep51	20260626121706473000000	23	23,225,242,894,336	23,225,332,973,568	14,653,393,155,707	25,154,938,761,216	25,945,969,811,456	22,034,264,555,520	29,685,706,653,696	329,572,187	707,546,101	0	0
em-p-ihep51	20260626121716496000000	22	23,225,247,490,048	23,225,337,716,736	14,653,329,236,048	25,154,938,761,216	25,945,969,811,456	22,034,264,555,520	29,685,706,653,696	499,327,098	1,307,727,222	0	0
em-p-ihep51	20260626121726595000000	19	23,225,247,858,688	23,225,814,831,104	14,649,425,187,579	25,154,938,761,216	25,945,969,811,456	22,034,264,555,520	29,685,706,653,696	217,154,518	1,019,548,059	0	0
em-p-ihep51	20260626121736706000000	19	23,225,243,000,832	23,225,355,730,944	14,660,816,726,633	25,154,938,761,216	25,945,969,811,456	22,034,264,555,520	29,685,706,653,696	347,563,398	1,009,538,420	0	0
em-p-ihep51	20260626121746703000000	20	23,225,240,518,656	23,225,326,206,976	14,652,785,760,233	25,154,938,761,216	25,945,969,811,456	22,034,264,555,520	29,685,706,653,696	404,302,224	1,530,670,843	0	0
em-p-ihep51	20260626121756829000000	20	23,225,240,682,496	23,225,321,123,840	14,652,139,745,493	25,154,938,761,216	25,945,969,811,456	22,034,264,555,520	29,685,706,653,696	653,031,129	1,453,252,157	0	0
em-p-ihep51	20260626121806815000000	25	23,225,238,089,728	23,225,343,655,936	14,655,026,462,782	25,154,938,761,216	25,945,969,811,456	22,034,264,555,520	29,685,706,653,696	383,047,801	776,846,107	0	0
em-p-ihep51	20260626121816818000000	24	23,225,222,770,688	23,225,319,014,400	14,653,722,560,007	25,154,938,761,216	25,945,969,811,456	22,034,264,555,520	29,685,706,653,696	254,584,851	863,200,154	0	0
em-p-ihep51	20260626121826845000000	21	23,225,224,982,528	23,225,321,435,136	14,651,896,270,181	25,154,938,761,216	25,945,969,811,456	22,034,264,555,520	29,685,706,653,696	347,080,005	992,508,056	0	0
em-p-ihep51	20260626121836933000000	22	23,225,230,979,072	23,225,676,500,992	14,653,807,761,131	25,154,938,761,216	25,945,969,811,456	22,034,264,555,520	29,685,706,653,696	287,637,643	910,168,540	0	0
em-p-ihep51	20260626121846927000000	25	23,225,231,228,928	23,225,300,234,240	14,649,577,908,205	25,154,938,761,216	25,945,969,811,456	22,034,264,555,520	29,685,706,653,696	505,799,576	1,120,852,999	0	0
em-p-ihep51	20260626121856968000000	24	23,225,232,326,656	23,225,297,788,928	14,651,270,006,291	25,154,938,761,216	25,945,969,811,456	22,034,264,555,520	29,685,706,653,696	433,447,138	1,051,189,908	0	0
em-p-ihep51	20260626121906978000000	25	23,225,226,534,912	23,225,702,404,096	14,651,573,161,777	25,154,938,761,216	25,945,969,811,456	22,034,264,555,520	29,685,706,653,696	536,759,022	2,022,208,092	0	0
em-p-ihep51	20260626121916997000000	32	23,225,229,127,680	23,225,302,675,456	14,672,088,040,097	25,154,938,761,216	25,945,969,811,456	22,034,264,555,520	29,685,706,653,696	650,853,169	2,693,098,895	0	0
em-p-ihep51	20260626121927015000000	32	23,225,226,752,000	23,225,294,524,416	14,656,966,238,926	25,154,938,761,216	25,945,969,811,456	22,034,264,555,520	29,685,706,653,696	471,365,816	1,754,292,550	0	0
em-p-ihep51	20260626121937021000000	25	23,225,229,991,936	23,225,641,107,456	14,654,233,175,371	25,154,938,761,216	25,945,969,811,456	22,034,264,555,520	29,685,706,653,696	619,441,305	1,458,415,799	0	0
em-p-ihep51	20260626121947012000000	19	23,225,222,004,736	23,225,294,385,152	14,649,974,160,161	25,154,938,761,216	25,945,969,811,456	22,034,264,555,520	29,685,706,653,696	513,807,354	1,617,332,571	0	0
em-p-ihep51	20260626121957030000000	23	23,225,226,596,352	23,225,287,970,816	14,653,982,360,356	25,154,938,761,216	25,945,969,811,456	22,034,264,555,520	29,685,706,653,696	444,700,996	1,152,599,005	0	0
em-p-ihep51	20260626122007076000000	32	23,225,239,662,592	23,225,305,165,824	14,661,385,426,420	25,154,938,761,216	25,945,969,811,456	22,034,264,555,520	29,685,706,653,696	503,618,761	2,006,409,867	0	0
em-p-ihep51	20260626122017101000000	42	23,225,264,758,784	23,225,586,409,472	14,691,922,222,470	25,154,938,761,216	25,945,969,811,456	22,034,264,555,520	29,685,706,653,696	636,929,117	3,273,528,556	0	0
em-p-ihep51	20260626122027149000000	33	23,225,240,059,904	23,225,294,524,416	14,664,142,846,471	25,154,938,761,216	25,945,969,811,456	22,034,264,555,520	29,685,706,653,696	524,665,705	1,693,726,375	0	0
em-p-ihep51	20260626122037137000000	32	23,225,235,144,704	23,225,332,736,000	14,665,755,217,788	25,154,938,761,216	25,945,969,811,456	22,034,264,555,520	29,685,706,653,696	466,882,767	1,760,107,468	73,728	0
em-p-ihep51	20260626122047152000000	23	23,225,237,573,632	23,225,641,553,920	14,669,184,488,540	25,154,938,761,216	25,945,969,811,456	22,034,264,555,520	29,685,706,653,696	265,923,621	1,237,015,406	73,728	0
em-p-ihep51	20260626122057172000000	28	23,225,238,765,568	23,225,301,450,752	14,654,542,974,777	25,154,938,761,216	25,945,969,811,456	22,034,264,555,520	29,685,706,653,696	574,533,305	1,954,085,908	0	0
em-p-ihep51	20260626122107200000000	27	23,225,245,634,560	23,225,308,647,424	14,664,227,450,073	25,154,938,761,216	25,945,969,811,456	22,034,264,555,520	29,685,706,653,696	581,448,899	1,483,314,731	0	0
em-p-ihep51	20260626122117235000000	38	23,225,471,025,152	23,225,559,404,544	14,661,753,368,296	25,154,938,761,216	25,945,969,811,456	22,034,264,555,520	29,685,706,653,696	771,061,891	2,417,153,810	0	0
em-p-ihep51	20260626122127240000000	28	23,225,464,123,392	23,225,527,332,864	14,659,463,272,269	25,154,938,761,216	25,945,969,811,456	22,034,264,555,520	29,685,706,653,696	489,206,760	1,165,342,272	0	0
em-p-ihep51	20260626122137244000000	27	23,225,465,282,560	23,225,691,635,712	14,667,340,699,419	25,154,938,761,216	25,945,969,811,456	22,034,264,555,520	29,685,706,653,696	178,202,612	2,798,901,201	0	0
em-p-ihep51	20260626122147249000000	32	23,225,461,796,864	23,225,748,316,160	14,666,372,566,804	25,154,938,761,216	25,945,969,811,456	22,034,264,555,520	29,685,706,653,696	451,448,800	1,418,790,927	0	0
em-p-ihep51	20260626122157369000000	27	23,225,465,360,384	23,225,531,113,472	14,651,964,387,415	25,154,938,761,216	25,945,969,811,456	22,034,264,555,520	29,685,706,653,696	341,624,174	2,345,130,838	0	0
em-p-ihep51	20260626122207388000000	24	23,225,469,034,496	23,225,547,644,928	14,659,061,659,843	25,154,938,761,216	25,945,969,811,456	22,034,264,555,520	29,685,706,653,696	741,158,333	1,890,984,521	0	0
em-p-ihep51	20260626122217388000000	24	23,225,469,198,336	23,225,553,666,048	14,652,394,657,619	25,154,938,761,216	25,945,969,811,456	22,034,264,555,520	29,685,706,653,696	554,895,929	1,713,476,609	0	0
em-p-ihep51	20260626122227395000000	20	23,225,466,605,568	23,225,540,919,296	14,660,092,093,313	25,154,938,761,216	25,945,969,811,456	22,034,264,555,520	29,685,706,653,696	593,059,295	1,060,975,152	0	0
em-p-ihep51	20260626122237392000000	19	23,225,464,340,480	23,225,579,233,280	14,665,932,354,542	25,154,938,761,216	25,945,969,811,456	22,034,264,555,520	29,685,706,653,696	485,562,221	928,353,803	0	0
em-p-ihep51	20260626122247413000000	20	23,225,461,964,800	23,225,572,978,688	14,661,321,065,983	25,154,938,761,216	25,945,969,811,456	22,034,264,555,520	29,685,706,653,696	500,330,236	1,092,080,489	0	0
em-p-ihep51	20260626122257533000000	20	23,225,470,234,624	23,225,901,170,688	14,652,045,375,728	25,154,938,761,216	25,945,969,811,456	22,034,264,555,520	29,685,706,653,696	575,527,227	1,298,993,473	0	0
em-p-ihep51	20260626122307614000000	17	23,225,463,242,752	23,225,578,881,024	14,657,842,337,796	25,154,938,761,216	25,945,969,811,456	22,034,264,555,520	29,685,706,653,696	507,524,368	1,428,430,774	0	0
em-p-ihep51	20260626122317615000000	25	23,225,470,119,936	23,225,583,251,456	14,652,776,173,846	25,154,938,761,216	25,945,969,811,456	22,034,264,555,520	29,685,706,653,696	295,921,390	2,735,105,547	0	0
em-p-ihep51	20260626122327726000000	24	23,225,471,524,864	23,225,609,850,880	14,655,282,240,032	25,154,938,761,216	25,945,969,811,456	22,034,264,555,520	29,685,706,653,696	345,968,041	1,445,066,282	0	0
em-p-ihep51	20260626122337731000000	22	23,225,477,308,416	23,225,590,272,000	14,650,646,919,773	25,154,938,761,216	25,945,969,811,456	22,034,264,555,520	29,685,706,653,696	496,927,147	1,444,102,333	0	0
em-p-ihep51	20260626122347723000000	25	23,225,463,377,920	23,225,574,752,256	14,652,678,025,846	25,154,938,761,216	25,945,969,811,456	22,034,264,555,520	29,685,706,653,696	522,339,565	1,518,093,313	0	0
em-p-ihep51	20260626122357739000000	22	23,225,461,972,992	23,226,013,814,784	14,655,275,231,457	25,154,938,761,216	25,945,969,811,456	22,034,264,555,520	29,685,706,653,696	474,405,559	881,528,537	0	0
em-p-ihep51	20260626122407739000000	23	23,225,464,569,856	23,225,575,346,176	14,666,114,155,558	25,154,938,761,216	25,945,969,811,456	22,034,264,555,520	29,685,706,653,696	238,241,771	1,001,176,848	0	0
em-p-ihep51	20260626122417860000000	22	23,225,460,953,088	23,225,569,677,312	14,652,551,976,502	25,154,938,761,216	25,945,969,811,456	22,034,264,555,520	29,685,706,653,696	275,221,321	841,116,199	0	0
em-p-ihep51	20260626122427891000000	28	23,225,462,140,928	23,225,559,834,624	14,654,975,183,770	25,154,938,761,216	25,945,969,811,456	22,034,264,555,520	29,685,706,653,696	594,910,352	1,537,717,500	0	0
em-p-ihep51	20260626122437954000000	18	23,225,462,034,432	23,225,575,391,232	14,649,350,934,719	25,154,938,761,216	25,945,969,811,456	22,034,264,555,520	29,685,706,653,696	174,862,771	587,179,912	0	0
em-p-ihep51	20260626122447972000000	22	23,225,460,736,000	23,225,561,366,528	14,656,083,527,406	25,154,938,761,216	25,945,969,811,456	22,034,264,555,520	29,685,706,653,696	695,423,385	1,864,684,436	0	0
em-p-ihep51	20260626122457989000000	22	23,225,465,602,048	23,225,566,097,408	14,654,140,670,663	25,154,938,761,216	25,945,969,811,456	22,034,264,555,520	29,685,706,653,696	264,391,050	1,666,455,532	0	0
em-p-ihep51	20260626122508025000000	22	23,225,473,875,968	23,225,581,146,112	14,663,667,424,934	25,154,938,761,216	25,945,969,811,456	22,034,264,555,520	29,685,706,653,696	503,069,865	1,973,630,434	0	0
em-p-ihep51	20260626122518055000000	28	23,225,473,933,312	23,225,552,236,544	14,663,660,225,559	25,154,938,761,216	25,945,969,811,456	22,034,264,555,520	29,685,706,653,696	430,587,332	1,189,705,041	0	0
em-p-ihep51	20260626122528057000000	27	23,225,476,415,488	23,225,601,699,840	14,662,544,103,669	25,154,938,761,216	25,945,969,811,456	22,034,264,555,520	29,685,706,653,696	365,917,199	1,029,118,698	0	0
em-p-ihep51	20260626122538056000000	29	23,225,480,253,440	23,225,540,341,760	14,664,285,531,109	25,154,938,761,216	25,945,969,811,456	22,034,264,555,520	29,685,706,653,696	553,789,065	1,032,026,594	0	0
em-p-ihep51	20260626122548138000000	21	23,225,474,367,488	23,225,527,414,784	14,653,290,972,393	25,154,938,761,216	25,945,969,811,456	22,034,264,555,520	29,685,706,653,696	235,482,789	817,446,316	0	0
em-p-ihep51	20260626122558144000000	22	23,225,473,290,240	23,225,619,382,272	14,656,539,974,356	25,154,938,761,216	25,945,969,811,456	22,034,264,555,520	29,685,706,653,696	218,323,256	622,867,811	0	0
em-p-ihep51	20260626122608175000000	23	23,225,473,179,648	23,225,645,944,832	14,661,195,629,828	25,154,938,761,216	25,945,969,811,456	22,034,264,555,520	29,685,706,653,696	314,874,690	880,447,368	0	0
em-p-ihep51	20260626122618165000000	26	23,225,476,747,264	23,225,629,605,888	14,658,047,358,642	25,154,938,761,216	25,945,969,811,456	22,034,264,555,520	29,685,706,653,696	452,288,556	1,388,781,592	0	0
em-p-ihep51	20260626122628270000000	23	23,225,487,151,104	23,225,758,830,592	14,657,206,818,649	25,154,938,761,216	25,945,969,811,456	22,034,264,555,520	29,685,706,653,696	235,125,800	2,403,988,869	0	0
em-p-ihep51	20260626122638290000000	23	23,225,479,884,800	23,225,623,670,784	14,652,646,102,554	25,154,938,761,216	25,945,969,811,456	22,034,264,555,520	29,685,706,653,696	454,513,733	1,516,334,915	0	0
em-p-ihep51	20260626122648258000000	29	23,225,486,065,664	23,225,871,245,312	14,658,940,060,048	25,154,938,761,216	25,945,969,811,456	22,034,264,555,520	29,685,706,653,696	353,146,955	870,723,502	0	0
em-p-ihep51	20260626122658304000000	23	23,225,474,080,768	23,225,618,391,040	14,657,402,372,632	25,154,938,761,216	25,945,969,811,456	22,034,264,555,520	29,685,706,653,696	242,937,753	661,595,855	0	0
em-p-ihep51	20260626122708291000000	23	23,225,469,464,576	23,225,614,823,424	14,656,189,280,580	25,154,938,761,216	25,945,969,811,456	22,034,264,555,520	29,685,706,653,696	454,434,886	1,119,304,160	0	0
em-p-ihep51	20260626122718314000000	17	23,225,468,223,488	23,225,994,518,528	14,648,958,198,877	25,154,938,761,216	25,945,969,811,456	22,034,264,555,520	29,685,706,653,696	319,509,880	994,503,073	0	0
em-p-ihep51	20260626122728296000000	20	23,225,468,227,584	23,225,585,385,472	14,656,327,537,617	25,154,938,761,216	25,945,969,811,456	22,034,264,555,520	29,685,706,653,696	508,425,572	1,388,480,990	0	0
em-p-ihep51	20260626122738396000000	18	23,225,467,736,064	23,225,586,974,720	14,653,876,549,492	25,154,938,761,216	25,945,969,811,456	22,034,264,555,520	29,685,706,653,696	616,059,090	1,147,115,548	466,944	0
em-p-ihep51	20260626122748404000000	19	23,225,471,463,424	23,225,588,449,280	14,653,612,380,160	25,154,938,761,216	25,945,969,811,456	22,034,264,555,520	29,685,706,653,696	314,995,596	1,506,240,807	0	0
em-p-ihep51	20260626122758432000000	18	23,225,470,275,584	23,225,586,302,976	14,649,887,587,315	25,154,938,761,216	25,945,969,811,456	22,034,264,555,520	29,685,706,653,696	456,280,287	1,302,775,900	0	0
em-p-ihep51	20260626122808426000000	22	23,225,468,981,248	23,225,585,967,104	14,671,247,709,471	25,154,938,761,216	25,945,969,811,456	22,034,264,555,520	29,685,706,653,696	395,558,679	1,305,503,622	0	0
em-p-ihep51	20260626122818448000000	26	23,225,469,952,000	23,225,597,411,328	14,659,882,585,888	25,154,938,761,216	25,945,969,811,456	22,034,264,555,520	29,685,706,653,696	190,005,909	756,608,308	0	0
em-p-ihep51	20260626122828470000000	22	23,225,471,414,272	23,226,088,603,648	14,648,535,493,261	25,154,938,761,216	25,945,969,811,456	22,034,264,555,520	29,685,706,653,696	271,788,526	742,889,189	0	0
em-p-ihep51	20260626122838566000000	15	23,225,472,602,112	23,225,591,959,552	14,655,262,232,888	25,154,938,761,216	25,945,969,811,456	22,034,264,555,520	29,685,706,653,696	276,353,965	1,009,022,896	0	0
em-p-ihep51	20260626122848565000000	16	23,225,468,932,096	23,225,600,708,608	14,651,120,562,539	25,154,938,761,216	25,945,969,811,456	22,034,264,555,520	29,685,706,653,696	180,097,387	615,158,682	0	0
em-p-ihep51	20260626122858574000000	21	23,225,469,960,192	23,225,611,902,976	14,652,430,073,043	25,154,938,761,216	25,945,969,811,456	22,034,264,555,520	29,685,706,653,696	233,844,235	908,891,173	0	0
em-p-ihep51	20260626122908587000000	20	23,225,470,013,440	23,225,572,581,376	14,661,195,016,373	25,154,938,761,216	25,945,969,811,456	22,034,264,555,520	29,685,706,653,696	338,704,150	2,460,746,530	0	0
em-p-ihep51	20260626122918593000000	20	23,226,099,949,568	23,226,201,956,352	14,651,558,981,922	25,154,938,761,216	25,945,969,811,456	22,034,264,555,520	29,685,706,653,696	302,684,649	1,423,268,665	0	0
em-p-ihep51	20260626122928640000000	26	23,226,102,218,752	23,226,208,686,080	14,657,419,016,902	25,154,938,761,216	25,945,969,811,456	22,034,264,555,520	29,685,706,653,696	424,893,192	1,248,776,974	0	0
em-p-ihep51	20260626122938610000000	26	23,226,100,092,928	23,226,199,175,168	14,649,759,296,627	25,154,938,761,216	25,945,969,811,456	22,034,264,555,520	29,685,706,653,696	423,493,814	995,941,722	0	0
em-p-ihep51	20260626122948648000000	25	23,226,101,014,528	23,226,192,556,032	14,656,489,546,764	25,154,938,761,216	25,945,969,811,456	22,034,264,555,520	29,685,706,653,696	453,248,640	818,723,388	0	0
em-p-ihep51	20260626122958632000000	28	23,226,098,798,592	23,226,191,507,456	14,652,473,559,875	25,154,938,761,216	25,945,969,811,456	22,034,264,555,520	29,685,706,653,696	170,666,374	1,014,672,137	0	0
em-p-ihep51	20260626123008692000000	28	23,226,091,671,552	23,226,187,309,056	14,677,279,069,040	25,154,938,761,216	25,945,969,811,456	22,034,264,555,520	29,685,706,653,696	758,201,736	1,982,503,498	0	0
em-p-ihep51	20260626123018680000000	27	23,226,092,568,576	23,226,174,291,968	14,671,336,335,848	25,154,938,761,216	25,945,969,811,456	22,034,264,555,520	29,685,706,653,696	608,075,526	2,551,326,308	0	0
em-p-ihep51	20260626123028760000000	34	23,226,104,795,136	23,226,222,567,424	14,661,732,469,941	25,154,938,761,216	25,945,969,811,456	22,034,264,555,520	29,685,706,653,696	663,204,363	2,088,492,680	0	0
em-p-ihep51	20260626123038706000000	35	23,226,117,701,632	23,226,213,433,344	14,660,766,891,438	25,154,938,761,216	25,945,969,811,456	22,034,264,555,520	29,685,706,653,696	416,948,591	1,376,951,133	0	0
em-p-ihep51	20260626123048747000000	21	23,226,107,064,320	23,226,189,389,824	14,658,997,697,295	25,154,938,761,216	25,945,969,811,456	22,034,264,555,520	29,685,706,653,696	467,748,525	1,105,140,157	0	0
em-p-ihep51	20260626123058760000000	27	23,226,114,355,200	23,226,194,825,216	14,658,751,600,843	25,154,938,761,216	25,945,969,811,456	22,034,264,555,520	29,685,706,653,696	297,999,740	808,882,426	0	0
em-p-ihep51	20260626123108752000000	25	23,226,109,710,336	23,226,208,124,928	14,658,316,402,310	25,154,938,761,216	25,945,969,811,456	22,034,264,555,520	29,685,706,653,696	305,220,400	1,121,500,184	0	0
em-p-ihep51	20260626123118786000000	30	23,226,113,380,352	23,226,191,290,368	14,660,215,249,976	25,154,938,761,216	25,945,969,811,456	22,034,264,555,520	29,685,706,653,696	658,158,594	1,217,169,920	0	0
em-p-ihep51	20260626123128783000000	24	23,226,109,927,424	23,226,188,574,720	14,657,989,447,797	25,154,938,761,216	25,945,969,811,456	22,034,264,555,520	29,685,706,653,696	406,814,716	929,882,288	172,032	0
em-p-ihep51	20260626123138813000000	21	23,226,106,417,152	23,226,228,195,328	14,655,072,098,316	25,154,938,761,216	25,945,969,811,456	22,034,264,555,520	29,685,706,653,696	406,630,640	883,514,108	0	0
em-p-ihep51	20260626123148785000000	26	23,226,134,274,048	23,226,212,712,448	14,658,076,340,734	25,154,938,761,216	25,945,969,811,456	22,034,264,555,520	29,685,706,653,696	596,217,695	1,522,992,561	0	0
em-p-ihep51	20260626123158800000000	20	23,226,133,360,640	23,226,212,962,304	14,657,575,396,854	25,154,938,761,216	25,945,969,811,456	22,034,264,555,520	29,685,706,653,696	237,763,440	1,179,831,092	0	0
em-p-ihep51	20260626123208817000000	24	23,226,174,058,496	23,226,256,265,216	14,659,480,420,687	25,154,938,761,216	25,945,969,811,456	22,034,264,555,520	29,685,706,653,696	484,499,252	1,412,453,703	0	0
em-p-ihep51	20260626123218819000000	22	23,226,172,813,312	23,226,358,767,616	14,653,878,308,063	25,154,938,761,216	25,945,969,811,456	22,034,264,555,520	29,685,706,653,696	611,316,448	1,145,582,822	0	0
em-p-ihep51	20260626123228922000000	16	23,226,170,040,320	23,226,250,346,496	14,654,636,214,481	25,154,938,761,216	25,945,969,811,456	22,034,264,555,520	29,685,706,653,696	507,656,630	900,695,991	217,088	0
em-p-ihep51	20260626123238910000000	18	23,226,172,731,392	23,226,298,814,464	14,655,916,934,823	25,154,938,761,216	25,945,969,811,456	22,034,264,555,520	29,685,706,653,696	355,410,867	856,070,522	495,616	0
em-p-ihep51	20260626123249026000000	20	23,226,175,377,408	23,226,258,358,272	14,653,700,193,222	25,154,938,761,216	25,945,969,811,456	22,034,264,555,520	29,685,706,653,696	375,287,118	902,314,915	0	0
em-p-ihep51	20260626123259119000000	16	23,226,174,193,664	23,226,257,080,320	14,659,241,106,773	25,154,938,761,216	25,945,969,811,456	22,034,264,555,520	29,685,706,653,696	256,829,490	612,037,602	0	0
em-p-ihep51	20260626123309220000000	21	23,226,176,462,848	23,226,256,134,144	14,654,129,599,587	25,154,938,761,216	25,945,969,811,456	22,034,264,555,520	29,685,706,653,696	295,313,059	1,786,522,170	0	0
em-p-ihep51	20260626123319310000000	15	23,226,177,597,440	23,226,257,248,256	14,656,337,771,264	25,154,938,761,216	25,945,969,811,456	22,034,264,555,520	29,685,706,653,696	569,218,342	2,140,878,538	0	0
em-p-ihep51	20260626123329309000000	20	23,226,175,438,848	23,226,254,888,960	14,654,551,583,046	25,154,938,761,216	25,945,969,811,456	22,034,264,555,520	29,685,706,653,696	565,236,120	1,338,506,683	0	0
em-p-ihep51	20260626123339321000000	22	23,226,169,393,152	23,226,251,776,000	14,650,836,086,815	25,154,938,761,216	25,945,969,811,456	22,034,264,555,520	29,685,706,653,696	566,540,197	1,440,891,366	0	0
em-p-ihep51	20260626123349326000000	19	23,226,167,128,064	23,226,244,411,392	14,656,801,260,673	25,154,938,761,216	25,945,969,811,456	22,034,264,555,520	29,685,706,653,696	401,812,190	1,438,696,055	0	0
em-p-ihep51	20260626123359314000000	20	23,226,167,021,568	23,226,707,537,920	14,656,090,365,824	25,154,938,761,216	25,945,969,811,456	22,034,264,555,520	29,685,706,653,696	343,633,467	821,239,252	0	0
em-p-ihep51	20260626123409343000000	22	23,226,170,421,248	23,226,246,483,968	14,668,729,187,078	25,154,938,761,216	25,945,969,811,456	22,034,264,555,520	29,685,706,653,696	614,713,216	1,521,521,906	0	0
em-p-ihep51	20260626123419351000000	23	23,226,175,332,352	23,226,249,912,320	14,653,731,510,372	25,154,938,761,216	25,945,969,811,456	22,034,264,555,520	29,685,706,653,696	381,048,244	1,046,649,001	0	0
em-p-ihep51	20260626123429355000000	21	23,226,173,337,600	23,226,662,166,528	14,654,904,270,495	25,154,938,761,216	25,945,969,811,456	22,034,264,555,520	29,685,706,653,696	227,791,457	1,056,694,593	0	0
em-p-ihep51	20260626123439451000000	17	23,226,187,448,320	23,226,267,807,744	14,653,707,040,764	25,154,938,761,216	25,945,969,811,456	22,034,264,555,520	29,685,706,653,696	384,863,770	1,399,441,116	0	0
em-p-ihep51	20260626123449459000000	22	23,226,187,374,592	23,226,384,171,008	14,654,998,523,025	25,154,938,761,216	25,945,969,811,456	22,034,264,555,520	29,685,706,653,696	302,288,117	2,706,420,798	0	0
em-p-ihep51	20260626123459447000000	19	23,226,191,015,936	23,226,269,757,440	14,656,291,332,680	25,154,938,761,216	25,945,969,811,456	22,034,264,555,520	29,685,706,653,696	378,447,838	1,576,091,264	0	0
em-p-ihep51	20260626123509464000000	29	23,226,190,745,600	23,226,284,019,712	14,666,356,305,601	25,154,938,761,216	25,945,969,811,456	22,034,264,555,520	29,685,706,653,696	543,020,040	1,053,927,398	0	0
em-p-ihep51	20260626123519476000000	23	23,226,193,231,872	23,226,269,483,008	14,655,858,103,035	25,154,938,761,216	25,945,969,811,456	22,034,264,555,520	29,685,706,653,696	303,015,825	1,175,516,353	0	0
em-p-ihep51	20260626123529495000000	20	23,226,190,745,600	23,226,253,275,136	14,653,644,474,090	25,154,938,761,216	25,945,969,811,456	22,034,264,555,520	29,685,706,653,696	569,179,541	1,116,860,016	0	0
em-p-ihep51	20260626123539511000000	18	23,226,190,909,440	23,226,426,093,568	14,652,873,279,074	25,154,938,761,216	25,945,969,811,456	22,034,264,555,520	29,685,706,653,696	476,466,114	902,115,500	0	0
em-p-ihep51	20260626123549517000000	17	23,226,188,533,760	23,226,250,797,056	14,654,157,608,053	25,154,938,761,216	25,945,969,811,456	22,034,264,555,520	29,685,706,653,696	212,039,715	887,905,750	0	0
em-p-ihep51	20260626123559526000000	18	23,226,189,615,104	23,226,253,844,480	14,657,859,155,023	25,154,938,761,216	25,945,969,811,456	22,034,264,555,520	29,685,706,653,696	381,068,689	1,243,513,259	0	0
em-p-ihep51	20260626123609542000000	22	23,227,717,488,640	23,227,995,443,200	14,666,245,819,620	25,154,938,761,216	25,945,969,811,456	22,034,264,555,520	29,685,706,653,696	375,079,606	1,913,175,159	0	0
em-p-ihep51	20260626123619540000000	23	23,227,715,276,800	23,227,858,259,968	14,658,769,992,591	25,154,938,761,216	25,945,969,811,456	22,034,264,555,520	29,685,706,653,696	250,039,546	1,653,260,258	0	0
em-p-ihep51	20260626123629641000000	20	23,227,714,498,560	23,227,997,478,912	14,650,112,146,495	25,154,938,761,216	25,945,969,811,456	22,034,264,555,520	29,685,706,653,696	404,660,160	1,288,703,296	0	0
em-p-ihep51	20260626123639651000000	19	23,227,714,326,528	23,227,857,715,200	14,662,238,796,046	25,154,938,761,216	25,945,969,811,456	22,034,264,555,520	29,685,706,653,696	417,810,821	1,638,748,517	0	0
em-p-ihep51	20260626123649674000000	23	23,227,718,000,640	23,227,861,692,416	14,652,405,128,682	25,154,938,761,216	25,945,969,811,456	22,034,264,555,520	29,685,706,653,696	391,769,358	1,193,525,867	0	0
em-p-ihep51	20260626123659685000000	21	23,227,716,812,800	23,227,845,537,792	14,655,138,656,613	25,154,938,761,216	25,945,969,811,456	22,034,264,555,520	29,685,706,653,696	741,758,484	1,386,747,951	0	0
em-p-ihep51	20260626123709693000000	19	23,227,719,192,576	23,227,834,220,544	14,659,244,815,008	25,154,938,761,216	25,945,969,811,456	22,034,264,555,520	29,685,706,653,696	659,089,631	1,535,857,318	0	0
em-p-ihep51	20260626123719713000000	20	23,227,712,065,536	23,228,207,763,456	14,661,475,310,598	25,154,938,761,216	25,945,969,811,456	22,034,264,555,520	29,685,706,653,696	587,519,958	1,334,726,505	0	0
em-p-ihep51	20260626123729817000000	21	23,227,714,224,128	23,227,812,073,472	14,661,537,727,374	25,154,938,761,216	25,945,969,811,456	22,034,264,555,520	29,685,706,653,696	204,290,158	1,240,757,386	0	0
em-p-ihep51	20260626123739814000000	22	23,227,715,465,216	23,227,813,384,192	14,664,007,339,546	25,154,938,761,216	25,945,969,811,456	22,034,264,555,520	29,685,706,653,696	659,968,915	880,556,045	0	0
em-p-ihep51	20260626123749817000000	21	23,227,711,041,536	23,227,924,971,520	14,651,850,155,039	25,154,938,761,216	25,945,969,811,456	22,034,264,555,520	29,685,706,653,696	278,163,044	772,866,073	0	0
em-p-ihep51	20260626123759828000000	20	23,227,709,906,944	23,227,811,422,208	14,661,754,637,054	25,154,938,761,216	25,945,969,811,456	22,034,264,555,520	29,685,706,653,696	421,917,901	894,286,567	0	0
em-p-ihep51	20260626123809841000000	16	23,227,711,975,424	23,227,962,277,888	14,656,093,007,499	25,154,938,761,216	25,945,969,811,456	22,034,264,555,520	29,685,706,653,696	327,629,876	965,525,116	0	0
em-p-ihep51	20260626123819865000000	22	23,227,707,228,160	23,227,799,973,888	14,658,709,319,719	25,154,938,761,216	25,945,969,811,456	22,034,264,555,520	29,685,706,653,696	467,263,842	1,434,125,272	45,056	0
em-p-ihep51	20260626123829968000000	19	23,227,707,121,664	23,227,824,418,816	14,662,850,545,545	25,154,938,761,216	25,945,969,811,456	22,034,264,555,520	29,685,706,653,696	291,322,778	684,507,596	0	0
em-p-ihep51	20260626123839969000000	18	23,227,708,420,096	23,227,801,337,856	14,666,412,185,680	25,154,938,761,216	25,945,969,811,456	22,034,264,555,520	29,685,706,653,696	186,633,326	763,288,427	0	0
em-p-ihep51	20260626123849978000000	21	23,227,709,771,776	23,227,813,285,888	14,686,961,090,736	25,154,938,761,216	25,945,969,811,456	22,034,264,555,520	29,685,706,653,696	170,887,692	1,159,658,288	0	0
em-p-ihep51	20260626123859967000000	22	23,227,717,820,416	23,227,922,059,264	14,654,077,268,133	25,154,938,761,216	25,945,969,811,456	22,034,264,555,520	29,685,706,653,696	454,427,192	1,232,970,071	0	0
em-p-ihep51	20260626123909985000000	21	23,227,715,768,320	23,227,810,979,840	14,668,193,787,862	25,154,938,761,216	25,945,969,811,456	22,034,264,555,520	29,685,706,653,696	287,456,772	1,628,060,806	0	0
em-p-ihep51	20260626123919982000000	19	23,227,972,403,200	23,228,064,858,112	14,652,625,862,249	25,154,938,761,216	25,945,969,811,456	22,034,264,555,520	29,685,706,653,696	199,448,497	869,561,519	0	0
em-p-ihep51	20260626123929989000000	19	23,226,238,128,128	23,226,330,578,944	14,657,666,153,370	25,154,938,761,216	25,945,969,811,456	22,034,264,555,520	29,685,706,653,696	161,145,087	516,806,587	0	0
em-p-ihep51	20260626123939993000000	22	23,226,234,728,448	23,226,305,249,280	14,650,258,510,376	25,154,938,761,216	25,945,969,811,456	22,034,264,555,520	29,685,706,653,696	336,680,094	707,795,072	0	0
em-p-ihep51	20260626123950102000000	19	23,226,239,213,568	23,226,312,335,360	14,653,251,134,768	25,154,938,761,216	25,945,969,811,456	22,034,264,555,520	29,685,706,653,696	213,363,255	769,959,141	0	0
em-p-ihep51	20260626124000109000000	19	23,226,239,156,224	23,226,312,306,688	14,655,114,908,638	25,154,938,761,216	25,945,969,811,456	22,034,264,555,520	29,685,706,653,696	352,314,854	814,320,098	0	0
em-p-ihep51	20260626124010142000000	31	23,226,793,992,192	23,227,400,597,504	14,696,272,082,353	25,154,938,761,216	25,945,969,811,456	22,034,264,555,520	29,685,706,653,696	714,635,177	3,473,554,691	0	0
em-p-ihep51	20260626124020146000000	33	23,226,802,167,808	23,226,873,954,304	14,685,169,001,197	25,154,938,761,216	25,945,969,811,456	22,034,264,555,520	29,685,706,653,696	498,786,910	2,041,360,330	0	0
em-p-ihep51	20260626124030173000000	24	23,226,787,913,728	23,226,861,830,144	14,678,580,459,438	25,154,938,761,216	25,945,969,811,456	22,034,264,555,520	29,685,706,653,696	324,102,588	886,502,222	0	0
em-p-ihep51	20260626124040239000000	27	23,226,790,440,960	23,226,868,408,320	14,666,152,099,422	25,154,938,761,216	25,945,969,811,456	22,034,264,555,520	29,685,706,653,696	164,116,550	736,190,159	0	0
em-p-ihep51	20260626124050252000000	23	23,226,797,527,040	23,226,869,145,600	14,664,341,899,547	25,154,938,761,216	25,945,969,811,456	22,034,264,555,520	29,685,706,653,696	274,630,111	785,350,026	0	0
em-p-ihep51	20260626124100278000000	24	23,226,795,044,864	23,226,865,934,336	14,663,548,110,622	25,154,938,761,216	25,945,969,811,456	22,034,264,555,520	29,685,706,653,696	155,764,763	578,198,929	0	0
em-p-ihep51	20260626124110313000000	26	23,226,796,396,544	23,226,869,182,464	14,674,878,870,208	25,154,938,761,216	25,945,969,811,456	22,034,264,555,520	29,685,706,653,696	480,806,361	1,324,240,077	0	0
em-p-ihep51	20260626124120306000000	24	23,226,799,960,064	23,226,871,402,496	14,666,120,542,253	25,154,938,761,216	25,945,969,811,456	22,034,264,555,520	29,685,706,653,696	341,517,004	899,286,523	0	0
em-p-ihep51	20260626124130425000000	21	23,226,804,592,640	23,226,868,531,200	14,664,168,724,872	25,154,938,761,216	25,945,969,811,456	22,034,264,555,520	29,685,706,653,696	451,406,993	1,169,404,710	0	0
em-p-ihep51	20260626124140503000000	23	23,226,803,515,392	23,226,867,322,880	14,674,074,725,788	25,154,938,761,216	25,945,969,811,456	22,034,264,555,520	29,685,706,653,696	354,624,738	1,190,145,831	0	0
em-p-ihep51	20260626124150487000000	26	23,226,802,491,392	23,226,999,341,056	14,668,834,302,374	25,154,938,761,216	25,945,969,811,456	22,034,264,555,520	29,685,706,653,696	193,465,831	1,051,027,147	0	0
em-p-ihep51	20260626124200506000000	25	23,226,808,221,696	23,226,917,416,960	14,670,394,262,208	25,154,938,761,216	25,945,969,811,456	22,034,264,555,520	29,685,706,653,696	263,163,879	794,115,855	0	0
em-p-ihep51	20260626124210615000000	28	23,226,804,006,912	23,226,912,825,344	14,678,092,387,535	25,154,938,761,216	25,945,969,811,456	22,034,264,555,520	29,685,706,653,696	641,857,344	1,636,621,269	131,072	0
em-p-ihep51	20260626124220613000000	22	23,226,800,447,488	23,227,322,040,320	14,671,515,714,121	25,154,938,761,216	25,945,969,811,456	22,034,264,555,520	29,685,706,653,696	211,700,802	664,367,835	0	0
em-p-ihep51	20260626124230707000000	22	23,226,801,418,240	23,226,910,728,192	14,667,295,447,085	25,154,938,761,216	25,945,969,811,456	22,034,264,555,520	29,685,706,653,696	253,719,222	833,940,856	0	0
em-p-ihep51	20260626124240813000000	23	23,226,786,557,952	23,226,893,778,944	14,671,387,556,697	25,154,938,761,216	25,945,969,811,456	22,034,264,555,520	29,685,706,653,696	388,365,959	1,162,140,412	0	0
em-p-ihep51	20260626124250832000000	29	23,226,786,557,952	23,226,899,644,416	14,666,559,055,835	25,154,938,761,216	25,945,969,811,456	22,034,264,555,520	29,685,706,653,696	277,132,265	1,138,648,068	0	0
em-p-ihep51	20260626124300925000000	30	23,226,789,208,064	23,226,894,254,080	14,671,470,847,648	25,154,938,761,216	25,945,969,811,456	22,034,264,555,520	29,685,706,653,696	460,951,423	1,339,082,747	0	0
em-p-ihep51	20260626124310943000000	29	23,226,800,979,968	23,226,912,980,992	14,675,182,996,987	25,154,938,761,216	25,945,969,811,456	22,034,264,555,520	29,685,706,653,696	426,061,228	1,611,029,644	0	0
em-p-ihep51	20260626124320973000000	24	23,226,793,799,680	23,227,044,450,304	14,669,470,580,232	25,154,938,761,216	25,945,969,811,456	22,034,264,555,520	29,685,706,653,696	316,869,309	2,823,288,529	0	0
em-p-ihep51	20260626124331041000000	17	23,226,793,660,416	23,226,907,422,720	14,664,683,533,071	25,154,938,761,216	25,945,969,811,456	22,034,264,555,520	29,685,706,653,696	356,217,726	943,709,438	0	0
em-p-ihep51	20260626124341151000000	17	23,226,793,938,944	23,226,905,702,400	14,672,258,064,971	25,154,938,761,216	25,945,969,811,456	22,034,264,555,520	29,685,706,653,696	136,490,693	931,434,487	0	0
em-p-ihep51	20260626124351151000000	19	23,226,793,832,448	23,226,905,812,992	14,669,863,535,722	25,154,938,761,216	25,945,969,811,456	22,034,264,555,520	29,685,706,653,696	157,387,772	636,297,184	0	0
em-p-ihep51	20260626124401234000000	16	23,226,791,456,768	23,227,073,925,120	14,663,159,787,051	25,154,938,761,216	25,945,969,811,456	22,034,264,555,520	29,685,706,653,696	314,457,695	871,408,006	0	0
em-p-ihep51	20260626124411254000000	18	23,226,803,814,400	23,226,914,844,672	14,683,927,433,639	25,154,938,761,216	25,945,969,811,456	22,034,264,555,520	29,685,706,653,696	230,466,623	1,279,461,083	0	0
em-p-ihep51	20260626124421349000000	24	23,227,995,107,328	23,228,106,289,152	14,690,624,011,558	25,154,938,761,216	25,945,969,811,456	22,034,264,555,520	29,685,706,653,696	786,885,410	1,290,042,161	0	0
em-p-ihep51	20260626124431350000000	21	23,226,264,657,920	23,226,364,489,728	14,680,743,429,864	25,154,938,761,216	25,945,969,811,456	22,034,264,555,520	29,685,706,653,696	329,213,726	1,460,152,509	0	0
em-p-ihep51	20260626124441462000000	23	23,226,266,927,104	23,226,364,137,472	14,680,036,754,009	25,154,938,761,216	25,945,969,811,456	22,034,264,555,520	29,685,706,653,696	358,880,329	1,268,246,090	0	0
em-p-ihep51	20260626124451455000000	24	23,227,588,382,720	23,227,240,128,512	14,690,168,804,872	25,154,938,761,216	25,945,969,811,456	22,034,264,555,520	29,685,706,653,696	777,719,080	1,475,859,717	0	0
em-p-ihep51	20260626124501556000000	20	23,221,814,398,976	23,222,571,565,056	14,680,302,011,040	25,154,938,761,216	25,945,969,811,456	22,034,264,555,520	29,685,706,653,696	749,141,741	1,083,393,477	0	0
em-p-ihep51	20260626124511536000000	23	23,221,842,833,408	23,222,306,643,968	14,685,177,982,509	25,154,938,761,216	25,945,969,811,456	22,034,264,555,520	29,685,706,653,696	688,540,790	1,200,938,793	0	0
em-p-ihep51	20260626124521567000000	21	23,221,840,351,232	23,221,930,536,960	14,678,443,319,885	25,154,938,761,216	25,945,969,811,456	22,034,264,555,520	29,685,706,653,696	432,750,059	1,346,839,578	0	0
em-p-ihep51	20260626124531594000000	21	23,221,842,673,664	23,221,945,585,664	14,680,944,218,651	25,154,938,761,216	25,945,969,811,456	22,034,264,555,520	29,685,706,653,696	317,395,569	1,004,344,154	0	0
em-p-ihep51	20260626124541664000000	22	23,221,839,220,736	23,221,948,395,520	14,679,736,315,903	25,154,938,761,216	25,945,969,811,456	22,034,264,555,520	29,685,706,653,696	364,757,837	1,012,867,378	0	0
em-p-ihep51	20260626124551758000000	24	23,221,736,394,752	23,221,831,340,032	14,677,781,229,975	25,154,938,761,216	25,945,969,811,456	22,034,264,555,520	29,685,706,653,696	232,570,758	1,486,103,334	0	0
em-p-ihep51	20260626124601772000000	24	23,221,738,934,272	23,221,833,699,328	14,682,427,456,950	25,154,938,761,216	25,945,969,811,456	22,034,264,555,520	29,685,706,653,696	271,882,241	1,197,246,850	0	0
em-p-ihep51	20260626124611909000000	31	23,221,772,881,920	23,221,955,289,088	14,690,068,445,091	25,154,938,761,216	25,945,969,811,456	22,034,264,555,520	29,685,706,653,696	828,676,943	1,584,715,223	0	0
em-p-ihep51	20260626124621895000000	22	23,221,772,820,480	23,222,057,943,040	14,677,667,240,355	25,154,938,761,216	25,945,969,811,456	22,034,264,555,520	29,685,706,653,696	380,043,475	945,488,582	57,344	0
em-p-ihep51	20260626124631961000000	21	23,221,773,303,808	23,221,957,525,504	14,684,342,469,834	25,154,938,761,216	25,945,969,811,456	22,034,264,555,520	29,685,706,653,696	828,737,300	1,284,170,327	0	0
em-p-ihep51	20260626124642043000000	23	23,221,771,145,216	23,221,957,611,520	14,675,377,204,364	25,154,938,761,216	25,945,969,811,456	22,034,264,555,520	29,685,706,653,696	338,974,522	622,599,840	0	0
em-p-ihep51	20260626124652062000000	22	23,221,771,145,216	23,222,484,054,016	14,684,004,553,284	25,154,938,761,216	25,945,969,811,456	22,034,264,555,520	29,685,706,653,696	187,164,097	659,945,045	0	0
em-p-ihep51	20260626124702058000000	26	23,221,767,852,032	23,221,952,069,632	14,676,643,651,786	25,154,938,761,216	25,945,969,811,456	22,034,264,555,520	29,685,706,653,696	482,698,170	885,084,567	0	0
em-p-ihep51	20260626124712083000000	20	23,221,763,104,768	23,221,949,149,184	14,678,361,992,829	25,154,938,761,216	25,945,969,811,456	22,034,264,555,520	29,685,706,653,696	436,362,077	1,151,148,354	0	0
em-p-ihep51	20260626124722164000000	17	23,221,762,080,768	23,222,491,672,576	14,686,195,591,386	25,154,938,761,216	25,945,969,811,456	22,034,264,555,520	29,685,706,653,696	184,511,617	1,322,889,224	0	0
em-p-ihep51	20260626124732289000000	14	23,221,760,892,928	23,221,948,055,552	14,685,148,792,256	25,154,938,761,216	25,945,969,811,456	22,034,264,555,520	29,685,706,653,696	468,535,732	1,237,587,839	0	0
em-p-ihep51	20260626124742270000000	19	23,221,761,863,680	23,221,947,633,664	14,654,873,297,204	25,154,938,761,216	25,945,969,811,456	22,034,264,555,520	29,685,706,653,696	249,895,787	590,041,022	0	0
em-p-ihep51	20260626124752271000000	18	23,221,757,390,848	23,221,939,568,640	14,658,564,628,346	25,154,938,761,216	25,945,969,811,456	22,034,264,555,520	29,685,706,653,696	171,418,363	602,078,317	0	0
em-p-ihep51	20260626124802287000000	19	23,221,760,196,608	23,221,957,722,112	14,650,489,548,235	25,154,938,761,216	25,945,969,811,456	22,034,264,555,520	29,685,706,653,696	253,536,257	673,843,470	0	0
em-p-ihep51	20260626124812297000000	18	23,221,761,167,360	23,221,934,583,808	14,662,265,567,472	25,154,938,761,216	25,945,969,811,456	22,034,264,555,520	29,685,706,653,696	522,656,806	1,048,546,942	0	0
em-p-ihep51	20260626124822387000000	14	23,221,761,060,864	23,221,869,142,016	14,655,302,328,239	25,154,938,761,216	25,945,969,811,456	22,034,264,555,520	29,685,706,653,696	231,428,959	785,506,527	0	0
em-p-ihep51	20260626124832489000000	18	23,221,759,873,024	23,222,276,108,288	14,654,150,864,298	25,154,938,761,216	25,945,969,811,456	22,034,264,555,520	29,685,706,653,696	187,848,545	800,206,301	0	0
em-p-ihep51	20260626124842502000000	19	23,221,759,655,936	23,221,867,950,080	14,658,457,625,033	25,154,938,761,216	25,945,969,811,456	22,034,264,555,520	29,685,706,653,696	320,027,096	1,256,894,727	0	0
em-p-ihep51	20260626124852514000000	23	23,221,761,060,864	23,221,875,470,336	14,652,203,029,431	25,154,938,761,216	25,945,969,811,456	22,034,264,555,520	29,685,706,653,696	751,246,568	1,807,579,499	0	0
em-p-ihep51	20260626124902498000000	19	23,221,761,224,704	23,221,862,916,096	14,651,490,925,562	25,154,938,761,216	25,945,969,811,456	22,034,264,555,520	29,685,706,653,696	587,569,855	1,181,370,320	0	0
em-p-ihep51	20260626124912537000000	22	23,221,766,729,728	23,221,889,093,632	14,672,147,511,484	25,154,938,761,216	25,945,969,811,456	22,034,264,555,520	29,685,706,653,696	387,075,477	1,735,214,410	0	0
em-p-ihep51	20260626124922542000000	24	23,221,764,714,496	23,222,038,929,408	14,659,751,828,341	25,154,938,761,216	25,945,969,811,456	22,034,264,555,520	29,685,706,653,696	250,016,489	2,718,044,119	0	0
em-p-ihep51	20260626124932551000000	23	23,222,068,105,216	23,222,171,377,664	14,658,642,568,772	25,154,938,761,216	25,945,969,811,456	22,034,264,555,520	29,685,706,653,696	276,650,955	573,330,241	0	0
em-p-ihep51	20260626124942646000000	18	23,222,066,810,880	23,222,195,372,032	14,654,013,301,257	25,154,938,761,216	25,945,969,811,456	22,034,264,555,520	29,685,706,653,696	336,167,086	893,125,777	0	0
em-p-ihep51	20260626124952752000000	17	23,222,066,704,384	23,222,174,298,112	14,655,010,198,815	25,154,938,761,216	25,945,969,811,456	22,034,264,555,520	29,685,706,653,696	368,803,766	814,657,851	0	0
em-p-ihep51	20260626125002759000000	22	23,222,070,321,152	23,222,174,085,120	14,656,795,551,931	25,154,938,761,216	25,945,969,811,456	22,034,264,555,520	29,685,706,653,696	355,314,167	1,610,531,247	0	0
em-p-ihep51	20260626125012768000000	29	23,222,249,713,664	23,222,805,512,192	14,674,117,652,710	25,154,938,761,216	25,945,969,811,456	22,034,264,555,520	29,685,706,653,696	961,007,168	2,099,090,338	0	0
em-p-ihep51	20260626125022786000000	21	23,222,243,991,552	23,222,329,016,320	14,660,267,818,602	25,154,938,761,216	25,945,969,811,456	22,034,264,555,520	29,685,706,653,696	726,367,951	1,541,957,441	28,672	0
em-p-ihep51	20260626125032765000000	25	23,222,240,206,848	23,222,324,756,480	14,659,777,099,683	25,154,938,761,216	25,945,969,811,456	22,034,264,555,520	29,685,706,653,696	541,295,556	986,829,288	73,728	0
em-p-ihep51	20260626125042791000000	38	23,222,245,322,752	23,222,333,272,064	14,654,136,706,432	25,154,938,761,216	25,945,969,811,456	22,034,264,555,520	29,685,706,653,696	672,644,039	1,303,372,362	0	0
em-p-ihep51	20260626125052780000000	23	23,222,237,011,968	23,222,322,843,648	14,655,703,833,595	25,154,938,761,216	25,945,969,811,456	22,034,264,555,520	29,685,706,653,696	788,755,183	1,535,119,959	0	0
em-p-ihep51	20260626125102806000000	24	23,222,231,072,768	23,222,347,137,024	14,655,854,135,016	25,154,938,761,216	25,945,969,811,456	22,034,264,555,520	29,685,706,653,696	220,126,114	1,332,739,873	0	0
em-p-ihep51	20260626125112904000000	26	23,222,232,436,736	23,222,498,037,760	14,667,845,082,163	25,154,938,761,216	25,945,969,811,456	22,034,264,555,520	29,685,706,653,696	460,704,999	1,823,690,592	0	0
em-p-ihep51	20260626125123000000000	25	23,222,236,778,496	23,222,430,670,848	14,665,553,328,770	25,154,938,761,216	25,945,969,811,456	22,034,264,555,520	29,685,706,653,696	516,557,609	2,459,737,045	0	0
em-p-ihep51	20260626125133014000000	20	23,222,236,098,560	23,222,350,114,816	14,663,305,839,256	25,154,938,761,216	25,945,969,811,456	22,034,264,555,520	29,685,706,653,696	644,742,817	3,165,731,766	0	0
em-p-ihep51	20260626125143106000000	24	23,222,237,446,144	23,222,348,857,344	14,663,904,433,571	25,154,938,761,216	25,945,969,811,456	22,034,264,555,520	29,685,706,653,696	517,621,896	1,375,222,638	0	0
em-p-ihep51	20260626125153207000000	21	23,222,241,120,256	23,222,375,886,848	14,647,979,862,183	25,154,938,761,216	25,945,969,811,456	22,034,264,555,520	29,685,706,653,696	587,685,494	1,326,734,819	0	0
em-p-ihep51	20260626125203301000000	17	23,222,245,818,368	23,222,360,117,248	14,659,429,692,074	25,154,938,761,216	25,945,969,811,456	22,034,264,555,520	29,685,706,653,696	891,989,789	1,132,534,738	0	0
em-p-ihep51	20260626125213398000000	24	23,222,247,116,800	23,222,357,921,792	14,665,582,066,949	25,154,938,761,216	25,945,969,811,456	22,034,264,555,520	29,685,706,653,696	574,555,608	1,124,685,797	0	0
em-p-ihep51	20260626125223486000000	19	23,222,241,288,192	23,222,387,798,016	14,660,406,239,976	25,154,938,761,216	25,945,969,811,456	22,034,264,555,520	29,685,706,653,696	531,262,611	803,183,759	0	0
em-p-ihep51	20260626125233511000000	19	23,222,245,933,056	23,222,349,320,192	14,653,934,630,216	25,154,938,761,216	25,945,969,811,456	22,034,264,555,520	29,685,706,653,696	422,984,160	680,403,815	0	0
em-p-ihep51	20260626125243613000000	19	23,222,243,721,216	23,222,344,646,656	14,659,076,283,872	25,154,938,761,216	25,945,969,811,456	22,034,264,555,520	29,685,706,653,696	410,132,921	724,175,384	0	0
em-p-ihep51	20260626125253598000000	19	23,222,241,345,536	23,222,342,291,456	14,652,558,184,830	25,154,938,761,216	25,945,969,811,456	22,034,264,555,520	29,685,706,653,696	299,546,953	1,064,111,292	0	0
em-p-ihep51	20260626125303628000000	16	23,222,241,239,040	23,222,367,404,032	14,650,193,096,769	25,154,938,761,216	25,945,969,811,456	22,034,264,555,520	29,685,706,653,696	443,116,621	1,067,350,845	0	0
em-p-ihep51	20260626125313735000000	20	23,222,242,320,384	23,222,358,478,848	14,654,123,952,997	25,154,938,761,216	25,945,969,811,456	22,034,264,555,520	29,685,706,653,696	305,421,814	1,987,530,143	0	0
em-p-ihep51	20260626125323734000000	16	23,222,241,296,384	23,222,345,244,672	14,651,577,582,032	25,154,938,761,216	25,945,969,811,456	22,034,264,555,520	29,685,706,653,696	729,402,180	898,267,499	0	0
em-p-ihep51	20260626125333848000000	20	23,222,238,666,752	23,222,347,264,000	14,652,725,586,678	25,154,938,761,216	25,945,969,811,456	22,034,264,555,520	29,685,706,653,696	667,056,413	1,084,464,302	0	0
em-p-ihep51	20260626125343850000000	21	23,222,232,895,488	23,222,337,802,240	14,645,361,739,337	25,154,938,761,216	25,945,969,811,456	22,034,264,555,520	29,685,706,653,696	382,019,075	730,677,728	0	0
em-p-ihep51	20260626125353844000000	23	23,222,228,033,536	23,222,329,577,472	14,657,430,237,818	25,154,938,761,216	25,945,969,811,456	22,034,264,555,520	29,685,706,653,696	321,041,935	810,978,462	0	0
em-p-ihep51	20260626125403934000000	19	23,222,241,275,904	23,222,854,615,040	14,653,194,206,503	25,154,938,761,216	25,945,969,811,456	22,034,264,555,520	29,685,706,653,696	115,972,094	492,006,824	0	0
em-p-ihep51	20260626125414035000000	23	23,222,241,275,904	23,222,343,278,592	14,659,697,113,637	25,154,938,761,216	25,945,969,811,456	22,034,264,555,520	29,685,706,653,696	396,755,004	1,192,019,234	0	0
em-p-ihep51	20260626125424129000000	20	23,222,241,439,744	23,222,312,521,728	14,654,264,660,711	25,154,938,761,216	25,945,969,811,456	22,034,264,555,520	29,685,706,653,696	254,819,091	1,246,225,193	0	0
em-p-ihep51	20260626125434238000000	21	23,222,245,924,864	23,222,317,338,624	14,649,313,579,452	25,154,938,761,216	25,945,969,811,456	22,034,264,555,520	29,685,706,653,696	238,412,445	1,242,131,634	0	0
em-p-ihep51	20260626125444241000000	21	23,222,249,332,736	23,222,323,691,520	14,650,087,950,216	25,154,938,761,216	25,945,969,811,456	22,034,264,555,520	29,685,706,653,696	287,453,238	886,212,908	0	0
em-p-ihep51	20260626125454338000000	16	23,222,245,978,112	23,222,321,004,544	14,650,822,598,032	25,154,938,761,216	25,945,969,811,456	22,034,264,555,520	29,685,706,653,696	349,787,382	1,065,785,637	12,288	0
em-p-ihep51	20260626125504439000000	17	23,222,255,702,016	23,222,322,847,744	14,652,134,708,324	25,154,938,761,216	25,945,969,811,456	22,034,264,555,520	29,685,706,653,696	199,637,270	801,463,130	0	0
em-p-ihep51	20260626125514430000000	19	23,222,252,138,496	23,222,337,884,160	14,656,161,792,061	25,154,938,761,216	25,945,969,811,456	22,034,264,555,520	29,685,706,653,696	417,489,930	1,353,856,443	0	0
em-p-ihep51	20260626125524449000000	18	23,222,252,138,496	23,222,318,882,816	14,654,756,029,410	25,154,938,761,216	25,945,969,811,456	22,034,264,555,520	29,685,706,653,696	386,875,706	814,796,265	12,288	0
em-p-ihep51	20260626125534540000000	22	23,222,252,032,000	23,222,321,807,360	14,651,943,485,388	25,154,938,761,216	25,945,969,811,456	22,034,264,555,520	29,685,706,653,696	254,560,055	802,288,322	20,480	0
em-p-ihep51	20260626125544573000000	19	23,222,253,273,088	23,222,326,579,200	14,655,305,190,656	25,154,938,761,216	25,945,969,811,456	22,034,264,555,520	29,685,706,653,696	310,527,264	1,073,324,110	0	0
em-p-ihep51	20260626125554673000000	18	23,222,253,170,688	23,222,373,638,144	14,650,116,030,323	25,154,938,761,216	25,945,969,811,456	22,034,264,555,520	29,685,706,653,696	188,099,428	1,165,041,724	0	0
em-p-ihep51	20260626125604670000000	20	23,222,978,600,960	23,223,102,353,408	14,656,671,801,948	25,154,938,761,216	25,945,969,811,456	22,034,264,555,520	29,685,706,653,696	613,415,325	1,198,523,904	0	0
em-p-ihep51	20260626125614676000000	31	23,223,307,730,944	23,223,434,092,544	14,651,585,119,299	25,154,938,761,216	25,945,969,811,456	22,034,264,555,520	29,685,706,653,696	297,754,075	916,823,587	0	0
em-p-ihep51	20260626125624691000000	28	23,223,312,056,320	23,223,578,669,056	14,656,267,517,396	25,154,938,761,216	25,945,969,811,456	22,034,264,555,520	29,685,706,653,696	270,252,573	625,849,436	0	0
em-p-ihep51	20260626125634695000000	28	23,223,311,147,008	23,223,516,762,112	14,657,586,416,205	25,154,938,761,216	25,945,969,811,456	22,034,264,555,520	29,685,706,653,696	317,187,229	942,247,383	0	0
em-p-ihep51	20260626125644710000000	30	23,223,303,802,880	23,223,509,581,824	14,654,083,585,878	25,154,938,761,216	25,945,969,811,456	22,034,264,555,520	29,685,706,653,696	281,812,033	888,610,814	0	0
em-p-ihep51	20260626125654732000000	31	23,223,309,746,176	23,224,047,292,416	14,657,816,617,931	25,154,938,761,216	25,945,969,811,456	22,034,264,555,520	29,685,706,653,696	400,530,594	1,107,859,717	0	0
em-p-ihep51	20260626125704732000000	27	23,223,308,873,728	23,223,506,092,032	14,650,550,308,951	25,154,938,761,216	25,945,969,811,456	22,034,264,555,520	29,685,706,653,696	332,371,725	1,112,499,003	0	0
em-p-ihep51	20260626125714859000000	23	23,223,312,039,936	23,223,527,841,792	14,652,885,407,078	25,154,938,761,216	25,945,969,811,456	22,034,264,555,520	29,685,706,653,696	227,994,949	2,627,606,925	0	0
em-p-ihep51	20260626125724924000000	21	23,223,313,252,352	23,223,431,204,864	14,651,070,760,379	25,154,938,761,216	25,945,969,811,456	22,034,264,555,520	29,685,706,653,696	194,533,811	1,819,883,429	0	0
em-p-ihep51	20260626125735013000000	20	23,223,317,991,424	23,223,428,567,040	14,650,220,827,070	25,154,938,761,216	25,945,969,811,456	22,034,264,555,520	29,685,706,653,696	349,502,395	790,350,611	1,024,000	0
em-p-ihep51	20260626125745030000000	16	23,223,316,803,584	23,223,427,252,224	14,652,354,020,710	25,154,938,761,216	25,945,969,811,456	22,034,264,555,520	29,685,706,653,696	303,166,578	687,345,189	0	0
em-p-ihep51	20260626125755062000000	20	23,223,313,457,152	23,223,419,162,624	14,651,319,121,321	25,154,938,761,216	25,945,969,811,456	22,034,264,555,520	29,685,706,653,696	283,740,656	637,339,939	0	0
em-p-ihep51	20260626125805043000000	16	23,223,313,620,992	23,223,646,920,704	14,645,970,143,017	25,154,938,761,216	25,945,969,811,456	22,034,264,555,520	29,685,706,653,696	117,429,838	473,208,626	0	0
em-p-ihep51	20260626125815054000000	19	23,223,313,514,496	23,223,419,060,224	14,657,673,549,965	25,154,938,761,216	25,945,969,811,456	22,034,264,555,520	29,685,706,653,696	208,774,584	649,991,480	0	0
em-p-ihep51	20260626125825082000000	16	23,223,313,408,000	23,223,429,812,224	14,654,987,221,513	25,154,938,761,216	25,945,969,811,456	22,034,264,555,520	29,685,706,653,696	270,958,050	635,823,592	0	0
em-p-ihep51	20260626125835080000000	22	23,223,316,971,520	23,223,884,197,888	14,652,795,409,272	25,154,938,761,216	25,945,969,811,456	22,034,264,555,520	29,685,706,653,696	157,956,119	1,192,033,116	0	0
em-p-ihep51	20260626125845173000000	21	23,223,317,135,360	23,223,393,972,224	14,652,372,608,065	25,154,938,761,216	25,945,969,811,456	22,034,264,555,520	29,685,706,653,696	129,617,533	1,218,147,892	0	0
em-p-ihep51	20260626125855274000000	26	23,223,309,684,736	23,223,375,880,192	14,664,871,050,032	25,154,938,761,216	25,945,969,811,456	22,034,264,555,520	29,685,706,653,696	262,642,585	848,027,917	0	0
em-p-ihep51	20260626125905288000000	27	23,223,310,929,920	23,223,381,864,448	14,656,209,737,731	25,154,938,761,216	25,945,969,811,456	22,034,264,555,520	29,685,706,653,696	149,383,255	748,878,292	0	0
em-p-ihep51	20260626125915310000000	24	23,223,309,795,328	23,223,374,118,912	14,666,432,241,486	25,154,938,761,216	25,945,969,811,456	22,034,264,555,520	29,685,706,653,696	253,178,694	1,678,458,389	0	0
em-p-ihep51	20260626125925301000000	24	23,223,315,795,968	23,223,376,900,096	14,657,472,911,151	25,154,938,761,216	25,945,969,811,456	22,034,264,555,520	29,685,706,653,696	166,958,290	552,902,266	0	0
em-p-ihep51	20260626125935309000000	24	23,223,301,701,632	23,223,413,698,560	14,654,318,431,841	25,154,938,761,216	25,945,969,811,456	22,034,264,555,520	29,685,706,653,696	420,423,420	1,031,358,075	0	0
em-p-ihep51	20260626125945329000000	21	23,223,302,942,720	23,223,388,463,104	14,655,302,371,910	25,154,938,761,216	25,945,969,811,456	22,034,264,555,520	29,685,706,653,696	429,591,572	1,004,902,666	0	0
em-p-ihep51	20260626125955328000000	22	23,223,332,188,160	23,223,397,142,528	14,656,899,119,990	25,154,938,761,216	25,945,969,811,456	22,034,264,555,520	29,685,706,653,696	497,100,697	1,440,848,448	0	0
em-p-ihep51	20260626130005354000000	31	23,223,366,549,504	23,223,435,780,096	14,669,121,351,397	25,154,938,761,216	25,945,969,811,456	22,034,264,555,520	29,685,706,653,696	199,382,118	1,980,709,370	0	0
em-p-ihep51	20260626130015354000000	38	23,223,405,641,728	23,223,476,584,448	14,685,618,883,954	25,154,938,761,216	25,945,969,811,456	22,034,264,555,520	29,685,706,653,696	921,140,430	2,389,220,674	0	0
em-p-ihep51	20260626130025359000000	36	23,223,545,364,480	23,223,638,646,784	14,682,230,729,960	25,154,938,761,216	25,945,969,811,456	22,034,264,555,520	29,685,706,653,696	499,352,252	2,434,010,686	0	0
em-p-ihep51	20260626130035372000000	26	23,223,970,906,112	23,224,036,249,600	14,672,114,402,824	25,154,938,761,216	25,945,969,811,456	22,034,264,555,520	29,685,706,653,696	488,158,358	1,674,153,593	0	0
em-p-ihep51	20260626130045363000000	31	23,224,425,553,920	23,224,546,861,056	14,668,621,461,383	25,154,938,761,216	25,945,969,811,456	22,034,264,555,520	29,685,706,653,696	386,361,335	1,177,920,842	0	0
em-p-ihep51	20260626130055465000000	31	23,224,431,382,528	23,224,545,058,816	14,658,930,702,386	25,154,938,761,216	25,945,969,811,456	22,034,264,555,520	29,685,706,653,696	559,623,879	1,348,424,483	0	0
em-p-ihep51	20260626130105473000000	25	23,224,430,555,136	23,224,547,762,176	14,657,042,486,042	25,154,938,761,216	25,945,969,811,456	22,034,264,555,520	29,685,706,653,696	363,633,829	873,509,253	0	0
em-p-ihep51	20260626130115465000000	25	23,224,420,945,920	23,224,540,663,808	14,658,359,181,301	25,154,938,761,216	25,945,969,811,456	22,034,264,555,520	29,685,706,653,696	556,248,474	1,350,211,697	0	0
em-p-ihep51	20260626130125604000000	29	23,224,420,200,448	23,224,535,883,776	14,654,131,761,713	25,154,938,761,216	25,945,969,811,456	22,034,264,555,520	29,685,706,653,696	423,584,167	1,951,265,706	0	0
em-p-ihep51	20260626130135561000000	24	23,224,430,891,008	23,224,546,574,336	14,652,801,749,723	25,154,938,761,216	25,945,969,811,456	22,034,264,555,520	29,685,706,653,696	500,127,256	1,547,079,444	0	0
em-p-ihep51	20260626130145573000000	19	23,224,422,694,912	23,224,534,351,872	14,655,282,721,722	25,154,938,761,216	25,945,969,811,456	22,034,264,555,520	29,685,706,653,696	372,338,680	821,791,362	40,960	0
em-p-ihep51	20260626130155678000000	27	23,224,416,022,528	23,224,548,376,576	14,650,014,818,465	25,154,938,761,216	25,945,969,811,456	22,034,264,555,520	29,685,706,653,696	520,312,229	939,494,534	12,288	0
em-p-ihep51	20260626130205773000000	20	23,224,423,104,512	23,224,526,008,320	14,654,646,006,816	25,154,938,761,216	25,945,969,811,456	22,034,264,555,520	29,685,706,653,696	236,060,919	689,621,590	0	0
em-p-ihep51	20260626130215765000000	25	23,224,425,472,000	23,224,536,657,920	14,654,611,805,509	25,154,938,761,216	25,945,969,811,456	22,034,264,555,520	29,685,706,653,696	503,821,860	1,098,805,342	0	0
em-p-ihep51	20260626130225786000000	24	23,224,434,016,256	23,225,035,251,712	14,658,892,457,286	25,154,938,761,216	25,945,969,811,456	22,034,264,555,520	29,685,706,653,696	290,757,691	807,734,450	0	0
em-p-ihep51	20260626130235818000000	26	23,224,449,957,888	23,224,566,960,128	14,650,391,339,530	25,154,938,761,216	25,945,969,811,456	22,034,264,555,520	29,685,706,653,696	368,342,045	1,026,384,214	0	0
em-p-ihep51	20260626130245825000000	16	23,224,539,766,784	23,224,655,392,768	14,651,470,763,637	25,154,938,761,216	25,945,969,811,456	22,034,264,555,520	29,685,706,653,696	400,693,506	1,609,777,113	0	0
em-p-ihep51	20260626130255812000000	17	23,224,536,096,768	23,224,663,347,200	14,652,868,223,031	25,154,938,761,216	25,945,969,811,456	22,034,264,555,520	29,685,706,653,696	577,676,752	1,359,570,476	0	0
em-p-ihep51	20260626130305815000000	18	23,224,537,448,448	23,224,663,715,840	14,649,639,750,742	25,154,938,761,216	25,945,969,811,456	22,034,264,555,520	29,685,706,653,696	280,405,029	772,993,335	0	0
em-p-ihep51	20260626130315836000000	17	23,224,536,154,112	23,224,661,139,456	14,651,144,827,742	25,154,938,761,216	25,945,969,811,456	22,034,264,555,520	29,685,706,653,696	329,081,436	1,136,207,020	0	0
em-p-ihep51	20260626130325909000000	18	23,224,536,350,720	23,224,803,037,184	14,654,344,653,936	25,154,938,761,216	25,945,969,811,456	22,034,264,555,520	29,685,706,653,696	736,570,646	2,788,318,717	0	0
em-p-ihep51	20260626130335928000000	17	23,224,536,211,456	23,224,655,724,544	14,649,054,358,738	25,154,938,761,216	25,945,969,811,456	22,034,264,555,520	29,685,706,653,696	364,006,680	986,116,691	0	0
em-p-ihep51	20260626130345930000000	17	23,224,534,917,120	23,224,638,754,816	14,654,753,776,966	25,154,938,761,216	25,945,969,811,456	22,034,264,555,520	29,685,706,653,696	263,035,427	762,228,698	0	0
em-p-ihep51	20260626130356037000000	17	23,224,535,080,960	23,224,640,749,568	14,650,853,653,608	25,154,938,761,216	25,945,969,811,456	22,034,264,555,520	29,685,706,653,696	162,136,622	554,691,775	0	0
em-p-ihep51	20260626130406047000000	17	23,224,536,268,800	23,224,812,675,072	14,654,430,426,158	25,154,938,761,216	25,945,969,811,456	22,034,264,555,520	29,685,706,653,696	188,790,124	1,472,844,157	0	0
em-p-ihep51	20260626130416068000000	19	23,224,533,893,120	23,224,637,730,816	14,665,453,381,969	25,154,938,761,216	25,945,969,811,456	22,034,264,555,520	29,685,706,653,696	407,435,774	1,975,532,689	0	0
em-p-ihep51	20260626130426150000000	19	23,224,532,598,784	23,224,633,864,192	14,650,018,376,617	25,154,938,761,216	25,945,969,811,456	22,034,264,555,520	29,685,706,653,696	546,604,757	1,138,108,270	0	0
em-p-ihep51	20260626130436251000000	19	23,224,536,215,552	23,224,641,900,544	14,662,786,046,586	25,154,938,761,216	25,945,969,811,456	22,034,264,555,520	29,685,706,653,696	204,313,010	731,720,108	0	0
em-p-ihep51	20260626130446277000000	17	23,224,536,109,056	23,224,649,572,352	14,655,790,765,244	25,154,938,761,216	25,945,969,811,456	22,034,264,555,520	29,685,706,653,696	376,588,933	941,864,892	0	0
em-p-ihep51	20260626130456368000000	17	23,224,532,439,040	23,225,078,812,672	14,654,914,984,899	25,154,938,761,216	25,945,969,811,456	22,034,264,555,520	29,685,706,653,696	642,625,378	1,203,016,726	0	0
em-p-ihep51	20260626130506377000000	24	23,224,536,113,152	23,224,628,961,280	14,657,404,259,769	25,154,938,761,216	25,945,969,811,456	22,034,264,555,520	29,685,706,653,696	364,535,000	1,152,651,342	0	0
em-p-ihep51	20260626130516389000000	22	23,224,537,354,240	23,224,648,822,784	14,657,242,355,868	25,154,938,761,216	25,945,969,811,456	22,034,264,555,520	29,685,706,653,696	359,448,134	1,425,161,277	0	0
em-p-ihep51	20260626130526410000000	35	23,224,544,698,368	23,224,632,913,920	14,660,425,184,627	25,154,938,761,216	25,945,969,811,456	22,034,264,555,520	29,685,706,653,696	736,622,356	1,622,966,214	0	0
em-p-ihep51	20260626130536442000000	26	23,224,541,134,848	23,224,620,343,296	14,654,054,887,074	25,154,938,761,216	25,945,969,811,456	22,034,264,555,520	29,685,706,653,696	599,284,370	1,642,798,632	0	0
em-p-ihep51	20260626130546452000000	27	23,224,545,779,712	23,224,651,403,264	14,655,062,603,344	25,154,938,761,216	25,945,969,811,456	22,034,264,555,520	29,685,706,653,696	646,448,166	1,923,844,686	0	0
em-p-ihep51	20260626130556459000000	20	23,224,565,624,832	23,224,654,647,296	14,661,058,565,802	25,154,938,761,216	25,945,969,811,456	22,034,264,555,520	29,685,706,653,696	563,448,542	1,012,256,260	0	0
em-p-ihep51	20260626130606468000000	30	23,224,572,047,360	23,224,661,782,528	14,657,169,429,834	25,154,938,761,216	25,945,969,811,456	22,034,264,555,520	29,685,706,653,696	617,392,949	1,267,434,551	0	0
em-p-ihep51	20260626130616476000000	24	23,225,083,822,080	23,225,183,424,512	14,656,404,745,443	25,154,938,761,216	25,945,969,811,456	22,034,264,555,520	29,685,706,653,696	425,556,151	1,985,099,152	0	0
em-p-ihep51	20260626130626484000000	25	23,225,087,934,464	23,225,253,699,584	14,659,082,405,637	25,154,938,761,216	25,945,969,811,456	22,034,264,555,520	29,685,706,653,696	792,832,698	1,976,555,174	0	0
em-p-ihep51	20260626130636497000000	24	23,225,088,905,216	23,225,279,328,256	14,657,709,163,423	25,154,938,761,216	25,945,969,811,456	22,034,264,555,520	29,685,706,653,696	661,402,026	1,105,664,598	0	0
em-p-ihep51	20260626130646575000000	33	23,225,090,084,864	23,225,249,435,648	14,666,403,193,729	25,154,938,761,216	25,945,969,811,456	22,034,264,555,520	29,685,706,653,696	892,424,588	1,655,306,267	0	0
em-p-ihep51	20260626130656557000000	40	23,225,105,051,648	23,225,805,160,448	14,664,720,110,467	25,154,938,761,216	25,945,969,811,456	22,034,264,555,520	29,685,706,653,696	358,651,097	1,380,796,791	0	0
em-p-ihep51	20260626130706575000000	29	23,225,101,598,720	23,225,258,749,952	14,662,699,519,585	25,154,938,761,216	25,945,969,811,456	22,034,264,555,520	29,685,706,653,696	706,057,958	1,777,681,801	0	0
em-p-ihep51	20260626130716613000000	23	23,225,095,725,056	23,225,248,964,608	14,663,372,146,091	25,154,938,761,216	25,945,969,811,456	22,034,264,555,520	29,685,706,653,696	475,166,866	1,917,181,627	0	0
em-p-ihep51	20260626130726608000000	25	23,225,073,987,584	23,225,226,194,944	14,655,215,857,701	25,154,938,761,216	25,945,969,811,456	22,034,264,555,520	29,685,706,653,696	810,863,050	1,410,622,755	0	0
em-p-ihep51	20260626130736603000000	19	23,225,074,958,336	23,225,227,608,064	14,649,958,045,345	25,154,938,761,216	25,945,969,811,456	22,034,264,555,520	29,685,706,653,696	910,332,122	970,619,614	0	0
em-p-ihep51	20260626130746696000000	23	23,225,074,851,840	23,225,218,904,064	14,653,272,655,456	25,154,938,761,216	25,945,969,811,456	22,034,264,555,520	29,685,706,653,696	236,100,188	813,297,830	0	0
em-p-ihep51	20260626130756719000000	26	23,225,086,988,288	23,225,400,078,336	14,658,775,059,586	25,154,938,761,216	25,945,969,811,456	22,034,264,555,520	29,685,706,653,696	440,741,237	1,080,264,261	0	0
em-p-ihep51	20260626130806769000000	21	23,225,087,090,688	23,225,265,008,640	14,661,326,513,119	25,154,938,761,216	25,945,969,811,456	22,034,264,555,520	29,685,706,653,696	673,772,141	2,901,003,271	0	0
em-p-ihep51	20260626130816855000000	25	23,225,086,177,280	23,225,389,936,640	14,656,192,510,459	25,154,938,761,216	25,945,969,811,456	22,034,264,555,520	29,685,706,653,696	392,274,431	1,627,331,378	0	0
em-p-ihep51	20260626130826860000000	23	23,225,083,662,336	23,225,228,521,472	14,659,000,820,939	25,154,938,761,216	25,945,969,811,456	22,034,264,555,520	29,685,706,653,696	254,442,891	809,678,728	0	0
em-p-ihep51	20260626130836873000000	25	23,225,082,474,496	23,225,591,521,280	14,657,149,897,145	25,154,938,761,216	25,945,969,811,456	22,034,264,555,520	29,685,706,653,696	449,781,239	794,837,504	0	0
em-p-ihep51	20260626130846887000000	23	23,225,083,445,248	23,225,231,196,160	14,654,595,413,450	25,154,938,761,216	25,945,969,811,456	22,034,264,555,520	29,685,706,653,696	242,197,957	808,362,554	0	0
em-p-ihep51	20260626130856885000000	23	23,225,091,817,472	23,225,175,773,184	14,651,965,409,467	25,154,938,761,216	25,945,969,811,456	22,034,264,555,520	29,685,706,653,696	493,758,105	867,837,833	0	0
em-p-ihep51	20260626130906908000000	18	23,225,089,572,864	23,225,648,713,728	14,666,904,620,162	25,154,938,761,216	25,945,969,811,456	22,034,264,555,520	29,685,706,653,696	370,313,423	743,785,160	0	0
em-p-ihep51	20260626130916921000000	26	23,225,093,033,984	23,225,191,415,808	14,662,994,786,431	25,154,938,761,216	25,945,969,811,456	22,034,264,555,520	29,685,706,653,696	278,414,110	1,499,834,076	0	0
em-p-ihep51	20260626130926939000000	27	23,225,257,549,824	23,225,318,727,680	14,656,950,593,215	25,154,938,761,216	25,945,969,811,456	22,034,264,555,520	29,685,706,653,696	247,584,386	1,119,162,353	0	0
em-p-ihep51	20260626130936939000000	21	23,223,526,785,024	23,223,615,254,528	14,652,694,409,159	25,154,938,761,216	25,945,969,811,456	22,034,264,555,520	29,685,706,653,696	205,095,611	659,254,796	0	0
em-p-ihep51	20260626130947034000000	17	23,223,524,573,184	23,223,586,676,736	14,652,993,329,352	25,154,938,761,216	25,945,969,811,456	22,034,264,555,520	29,685,706,653,696	333,852,577	746,536,925	0	0
em-p-ihep51	20260626130957135000000	20	23,223,516,151,808	23,223,578,816,512	14,654,232,365,762	25,154,938,761,216	25,945,969,811,456	22,034,264,555,520	29,685,706,653,696	786,369,396	1,182,118,591	0	0
em-p-ihep51	20260626131007205000000	33	23,223,555,354,624	23,223,614,492,672	14,669,913,858,652	25,154,938,761,216	25,945,969,811,456	22,034,264,555,520	29,685,706,653,696	518,374,377	2,015,249,061	0	0
em-p-ihep51	20260626131017195000000	50	23,223,544,958,976	23,223,700,688,896	14,678,214,354,884	25,154,938,761,216	25,945,969,811,456	22,034,264,555,520	29,685,706,653,696	708,297,052	1,760,041,320	0	0
em-p-ihep51	20260626131027211000000	31	23,223,527,141,376	23,223,624,695,808	14,666,750,454,035	25,154,938,761,216	25,945,969,811,456	22,034,264,555,520	29,685,706,653,696	422,352,332	1,168,508,378	0	0
em-p-ihep51	20260626131037245000000	30	23,223,515,418,624	23,223,984,467,968	14,663,289,086,631	25,154,938,761,216	25,945,969,811,456	22,034,264,555,520	29,685,706,653,696	485,458,782	2,291,129,554	40,960	0
em-p-ihep51	20260626131047233000000	31	23,223,514,226,688	23,224,004,341,760	14,670,056,163,143	25,154,938,761,216	25,945,969,811,456	22,034,264,555,520	29,685,706,653,696	403,494,109	1,847,501,645	0	0
em-p-ihep51	20260626131057240000000	31	23,223,522,590,720	23,223,611,375,616	14,657,566,371,488	25,154,938,761,216	25,945,969,811,456	22,034,264,555,520	29,685,706,653,696	289,952,789	808,404,891	12,288	0
em-p-ihep51	20260626131107352000000	23	23,223,519,408,128	23,223,602,294,784	14,663,340,149,696	25,154,938,761,216	25,945,969,811,456	22,034,264,555,520	29,685,706,653,696	335,488,062	1,212,258,245	0	0
em-p-ihep51	20260626131117379000000	30	23,223,519,408,128	23,223,628,562,432	14,663,614,833,929	25,154,938,761,216	25,945,969,811,456	22,034,264,555,520	29,685,706,653,696	532,343,487	1,139,130,847	0	0
em-p-ihep51	20260626131127432000000	31	23,223,525,728,256	23,223,614,611,456	14,662,439,104,376	25,154,938,761,216	25,945,969,811,456	22,034,264,555,520	29,685,706,653,696	350,053,596	1,710,542,098	0	0
em-p-ihep51	20260626131137428000000	30	23,223,531,077,632	23,223,614,914,560	14,657,902,430,737	25,154,938,761,216	25,945,969,811,456	22,034,264,555,520	29,685,706,653,696	519,913,512	1,507,761,892	0	0
em-p-ihep51	20260626131147454000000	28	23,223,505,092,608	23,223,636,881,408	14,662,540,948,783	25,154,938,761,216	25,945,969,811,456	22,034,264,555,520	29,685,706,653,696	489,686,214	928,738,061	0	0
em-p-ihep51	20260626131157536000000	28	23,223,507,316,736	23,223,590,129,664	14,663,826,753,790	25,154,938,761,216	25,945,969,811,456	22,034,264,555,520	29,685,706,653,696	239,082,798	665,696,690	0	0
em-p-ihep51	20260626131207556000000	28	23,223,526,215,680	23,223,606,804,480	14,660,770,607,546	25,154,938,761,216	25,945,969,811,456	22,034,264,555,520	29,685,706,653,696	345,709,742	1,068,054,571	0	0
em-p-ihep51	20260626131217560000000	23	23,223,516,876,800	23,223,599,779,840	14,656,852,705,308	25,154,938,761,216	25,945,969,811,456	22,034,264,555,520	29,685,706,653,696	422,468,567	1,111,345,126	0	0
em-p-ihep51	20260626131227563000000	25	23,223,515,578,368	23,223,831,371,776	14,655,497,397,891	25,154,938,761,216	25,945,969,811,456	22,034,264,555,520	29,685,706,653,696	247,931,504	963,111,752	0	0
em-p-ihep51	20260626131237561000000	25	23,223,518,986,240	23,223,601,414,144	14,669,537,298,042	25,154,938,761,216	25,945,969,811,456	22,034,264,555,520	29,685,706,653,696	205,433,549	833,787,248	0	0
em-p-ihep51	20260626131247661000000	24	23,223,519,145,984	23,223,601,459,200	14,665,685,776,766	25,154,938,761,216	25,945,969,811,456	22,034,264,555,520	29,685,706,653,696	243,965,342	1,326,647,354	0	0
em-p-ihep51	20260626131257670000000	21	23,223,518,011,392	23,223,613,374,464	14,653,150,187,242	25,154,938,761,216	25,945,969,811,456	22,034,264,555,520	29,685,706,653,696	376,436,161	1,446,878,954	0	0
em-p-ihep51	20260626131307674000000	17	23,223,516,987,392	23,223,613,280,256	14,660,669,648,382	25,154,938,761,216	25,945,969,811,456	22,034,264,555,520	29,685,706,653,696	385,922,391	1,368,766,036	0	0
em-p-ihep51	20260626131317691000000	26	23,223,520,391,168	23,223,583,649,792	14,659,382,724,425	25,154,938,761,216	25,945,969,811,456	22,034,264,555,520	29,685,706,653,696	341,771,697	1,134,503,964	0	0
em-p-ihep51	20260626131327726000000	28	23,223,522,713,600	23,223,589,195,776	14,656,478,125,816	25,154,938,761,216	25,945,969,811,456	22,034,264,555,520	29,685,706,653,696	389,590,674	825,727,764	0	0
em-p-ihep51	20260626131337714000000	24	23,223,521,525,760	23,223,586,349,056	14,654,062,625,116	25,154,938,761,216	25,945,969,811,456	22,034,264,555,520	29,685,706,653,696	398,112,309	780,476,121	0	0
em-p-ihep51	20260626131347738000000	21	23,223,519,313,920	23,223,586,177,024	14,649,915,413,242	25,154,938,761,216	25,945,969,811,456	22,034,264,555,520	29,685,706,653,696	508,504,511	882,204,508	0	0
em-p-ihep51	20260626131357732000000	17	23,223,518,019,584	23,223,583,969,280	14,655,462,007,903	25,154,938,761,216	25,945,969,811,456	22,034,264,555,520	29,685,706,653,696	145,489,182	604,943,739	0	0
em-p-ihep51	20260626131407838000000	20	23,223,517,802,496	23,223,790,477,312	14,662,728,994,219	25,154,938,761,216	25,945,969,811,456	22,034,264,555,520	29,685,706,653,696	326,099,345	1,042,849,411	0	0
em-p-ihep51	20260626131417835000000	22	23,223,516,889,088	23,223,571,697,664	14,655,092,276,463	25,154,938,761,216	25,945,969,811,456	22,034,264,555,520	29,685,706,653,696	349,957,101	1,766,421,062	0	0
em-p-ihep51	20260626131427952000000	20	23,223,519,047,680	23,223,575,216,128	14,670,471,339,796	25,154,938,761,216	25,945,969,811,456	22,034,264,555,520	29,685,706,653,696	223,653,990	1,063,033,439	0	0
em-p-ihep51	20260626131437932000000	20	23,223,516,889,088	23,224,113,545,216	14,651,920,418,386	25,154,938,761,216	25,945,969,811,456	22,034,264,555,520	29,685,706,653,696	613,210,235	1,115,511,926	0	0
em-p-ihep51	20260626131447950000000	18	23,223,517,966,336	23,223,625,121,792	14,656,758,713,278	25,154,938,761,216	25,945,969,811,456	22,034,264,555,520	29,685,706,653,696	408,209,036	825,488,329	0	0
em-p-ihep51	20260626131457969000000	27	23,223,525,097,472	23,223,626,858,496	14,653,309,798,128	25,154,938,761,216	25,945,969,811,456	22,034,264,555,520	29,685,706,653,696	561,175,828	954,818,379	0	0
em-p-ihep51	20260626131508012000000	29	23,223,541,772,288	23,223,644,635,136	14,671,060,250,589	25,154,938,761,216	25,945,969,811,456	22,034,264,555,520	29,685,706,653,696	701,479,422	1,093,420,099	0	0
em-p-ihep51	20260626131518011000000	35	23,223,622,074,368	23,223,712,845,824	14,672,249,490,539	25,154,938,761,216	25,945,969,811,456	22,034,264,555,520	29,685,706,653,696	643,097,392	1,503,440,182	0	0
em-p-ihep51	20260626131528023000000	26	23,223,618,715,648	23,223,707,283,456	14,680,362,013,066	25,154,938,761,216	25,945,969,811,456	22,034,264,555,520	29,685,706,653,696	497,734,775	1,062,864,630	0	0
em-p-ihep51	20260626131538031000000	22	23,223,622,426,624	23,224,030,883,840	14,674,680,775,165	25,154,938,761,216	25,945,969,811,456	22,034,264,555,520	29,685,706,653,696	463,782,796	2,892,444,027	0	0
em-p-ihep51	20260626131548021000000	27	23,223,625,289,728	23,223,735,025,664	14,678,999,398,111	25,154,938,761,216	25,945,969,811,456	22,034,264,555,520	29,685,706,653,696	574,299,771	2,788,220,595	0	0
em-p-ihep51	20260626131558129000000	29	23,223,631,986,688	23,223,722,680,320	14,682,019,374,216	25,154,938,761,216	25,945,969,811,456	22,034,264,555,520	29,685,706,653,696	651,156,026	1,570,371,344	0	0
em-p-ihep51	20260626131608171000000	27	23,223,916,281,856	23,223,719,251,968	14,688,444,736,620	25,154,938,761,216	25,945,969,811,456	22,034,264,555,520	29,685,706,653,696	514,649,400	1,336,366,615	0	0
em-p-ihep51	20260626131618213000000	32	23,225,383,235,584	23,225,500,545,024	14,684,732,028,415	25,154,938,761,216	25,945,969,811,456	22,034,264,555,520	29,685,706,653,696	344,211,082	1,203,415,165	0	0
em-p-ihep51	20260626131628206000000	24	23,225,379,565,568	23,225,475,248,128	14,660,939,411,446	25,154,938,761,216	25,945,969,811,456	22,034,264,555,520	29,685,706,653,696	507,446,325	1,063,362,563	0	0
em-p-ihep51	20260626131638193000000	26	23,225,386,754,048	23,225,566,076,928	14,657,700,722,664	25,154,938,761,216	25,945,969,811,456	22,034,264,555,520	29,685,706,653,696	565,261,351	1,369,269,158	0	0
em-p-ihep51	20260626131648203000000	31	23,225,390,428,160	23,226,026,070,016	14,665,357,809,548	25,154,938,761,216	25,945,969,811,456	22,034,264,555,520	29,685,706,653,696	594,509,450	1,307,917,234	0	0
em-p-ihep51	20260626131658216000000	21	23,225,382,649,856	23,225,546,784,768	14,654,927,728,345	25,154,938,761,216	25,945,969,811,456	22,034,264,555,520	29,685,706,653,696	371,628,709	1,278,949,492	0	0
em-p-ihep51	20260626131708233000000	23	23,225,385,889,792	23,225,534,951,424	14,661,815,067,937	25,154,938,761,216	25,945,969,811,456	22,034,264,555,520	29,685,706,653,696	443,122,413	1,486,644,948	0	0
em-p-ihep51	20260626131718316000000	23	23,225,383,731,200	23,225,532,522,496	14,654,830,265,961	25,154,938,761,216	25,945,969,811,456	22,034,264,555,520	29,685,706,653,696	427,534,518	1,570,777,220	0	0
em-p-ihep51	20260626131728342000000	24	23,225,388,593,152	23,225,537,454,080	14,656,499,960,543	25,154,938,761,216	25,945,969,811,456	22,034,264,555,520	29,685,706,653,696	389,232,885	1,122,657,271	0	0
em-p-ihep51	20260626131738441000000	23	23,225,377,742,848	23,225,528,324,096	14,658,399,546,921	25,154,938,761,216	25,945,969,811,456	22,034,264,555,520	29,685,706,653,696	446,432,577	1,708,923,915	0	0
em-p-ihep51	20260626131748454000000	23	23,225,375,260,672	23,225,525,522,432	14,654,422,422,107	25,154,938,761,216	25,945,969,811,456	22,034,264,555,520	29,685,706,653,696	551,743,941	1,066,279,699	0	0
em-p-ihep51	20260626131758426000000	17	23,225,372,360,704	23,225,853,796,352	14,655,783,549,358	25,154,938,761,216	25,945,969,811,456	22,034,264,555,520	29,685,706,653,696	434,366,398	908,155,083	0	0
em-p-ihep51	20260626131808525000000	23	23,225,373,982,720	23,225,457,299,456	14,662,804,646,537	25,154,938,761,216	25,945,969,811,456	22,034,264,555,520	29,685,706,653,696	479,583,333	1,371,624,093	0	0
em-p-ihep51	20260626131818621000000	21	23,225,371,607,040	23,225,456,381,952	14,654,247,162,864	25,154,938,761,216	25,945,969,811,456	22,034,264,555,520	29,685,706,653,696	435,119,296	1,578,875,036	0	0
em-p-ihep51	20260626131828741000000	14	23,225,370,312,704	23,225,914,318,848	14,651,477,401,018	25,154,938,761,216	25,945,969,811,456	22,034,264,555,520	29,685,706,653,696	625,226,751	1,655,648,175	0	0
em-p-ihep51	20260626131838816000000	16	23,225,369,288,704	23,225,454,260,224	14,648,019,149,296	25,154,938,761,216	25,945,969,811,456	22,034,264,555,520	29,685,706,653,696	604,029,873	1,316,890,900	0	0
em-p-ihep51	20260626131848816000000	18	23,225,372,422,144	23,225,463,447,552	14,652,417,295,010	25,154,938,761,216	25,945,969,811,456	22,034,264,555,520	29,685,706,653,696	208,963,497	791,258,661	151,552	0
em-p-ihep51	20260626131858853000000	17	23,225,383,346,176	23,225,524,047,872	14,654,696,013,319	25,154,938,761,216	25,945,969,811,456	22,034,264,555,520	29,685,706,653,696	427,286,228	1,002,833,196	0	0
em-p-ihep51	20260626131908856000000	21	23,225,382,211,584	23,225,495,982,080	14,661,420,770,305	25,154,938,761,216	25,945,969,811,456	22,034,264,555,520	29,685,706,653,696	455,171,541	1,946,655,436	0	0
em-p-ihep51	20260626131918856000000	23	23,227,719,401,472	23,227,587,751,936	14,661,347,537,994	25,154,938,761,216	25,945,969,811,456	22,034,264,555,520	29,685,706,653,696	696,840,252	1,738,164,729	0	0
em-p-ihep51	20260626131928859000000	27	23,226,496,155,648	23,226,578,669,568	14,661,426,840,605	25,154,938,761,216	25,945,969,811,456	22,034,264,555,520	29,685,706,653,696	730,680,234	1,261,807,784	0	0
em-p-ihep51	20260626131938864000000	28	23,226,496,434,176	23,226,590,810,112	14,653,961,963,172	25,154,938,761,216	25,945,969,811,456	22,034,264,555,520	29,685,706,653,696	431,459,474	786,990,697	0	0
em-p-ihep51	20260626131948982000000	21	23,226,491,793,408	23,226,566,733,824	14,655,725,704,063	25,154,938,761,216	25,945,969,811,456	22,034,264,555,520	29,685,706,653,696	641,300,310	1,565,482,700	0	0
em-p-ihep51	20260626131958991000000	29	23,226,499,784,704	23,226,574,802,944	14,654,306,330,154	25,154,938,761,216	25,945,969,811,456	22,034,264,555,520	29,685,706,653,696	487,933,089	1,507,688,423	0	0
em-p-ihep51	20260626132008990000000	28	23,226,484,989,952	23,226,844,626,944	14,660,616,247,476	25,154,938,761,216	25,945,969,811,456	22,034,264,555,520	29,685,706,653,696	624,839,442	1,478,267,867	0	0
em-p-ihep51	20260626132019026000000	26	23,226,486,177,792	23,226,562,101,248	14,664,349,594,448	25,154,938,761,216	25,945,969,811,456	22,034,264,555,520	29,685,706,653,696	730,236,748	2,031,871,819	0	0
em-p-ihep51	20260626132029032000000	26	23,226,910,314,496	23,226,985,852,928	14,689,251,831,936	25,154,938,761,216	25,945,969,811,456	22,034,264,555,520	29,685,706,653,696	983,861,571	2,586,707,258	0	0
em-p-ihep51	20260626132039036000000	25	23,227,819,577,344	23,227,939,987,456	14,669,643,168,211	25,154,938,761,216	25,945,969,811,456	22,034,264,555,520	29,685,706,653,696	973,831,720	2,069,150,391	0	0
em-p-ihep51	20260626132049052000000	30	23,227,691,753,472	23,227,770,679,296	14,677,587,634,481	25,154,938,761,216	25,945,969,811,456	22,034,264,555,520	29,685,706,653,696	614,096,209	1,178,551,793	0	0
em-p-ihep51	20260626132059047000000	26	23,227,694,182,400	23,227,773,571,072	14,667,254,177,990	25,154,938,761,216	25,945,969,811,456	22,034,264,555,520	29,685,706,653,696	560,432,407	993,737,679	0	0
em-p-ihep51	20260626132109051000000	27	23,227,907,354,624	23,228,004,302,848	14,665,255,925,322	25,154,938,761,216	25,945,969,811,456	22,034,264,555,520	29,685,706,653,696	834,712,698	1,928,278,329	0	0
em-p-ihep51	20260626132119056000000	24	23,227,954,008,064	23,228,269,309,952	14,664,149,308,425	25,154,938,761,216	25,945,969,811,456	22,034,264,555,520	29,685,706,653,696	492,740,299	2,627,912,892	0	0
em-p-ihep51	20260626132129168000000	23	23,227,960,893,440	23,228,043,415,552	14,664,903,837,243	25,154,938,761,216	25,945,969,811,456	22,034,264,555,520	29,685,706,653,696	906,669,918	2,212,562,651	0	0
em-p-ihep51	20260626132139187000000	29	23,227,952,738,304	23,228,035,764,224	14,658,079,897,909	25,154,938,761,216	25,945,969,811,456	22,034,264,555,520	29,685,706,653,696	938,379,466	1,354,498,106	0	0
em-p-ihep51	20260626132149185000000	22	23,227,952,848,896	23,228,184,256,512	14,666,316,280,769	25,154,938,761,216	25,945,969,811,456	22,034,264,555,520	29,685,706,653,696	267,606,548	770,504,798	73,728	0
em-p-ihep51	20260626132159205000000	22	23,227,957,104,640	23,228,040,855,552	14,659,138,521,409	25,154,938,761,216	25,945,969,811,456	22,034,264,555,520	29,685,706,653,696	831,513,597	1,197,449,421	0	0
em-p-ihep51	20260626132209320000000	19	23,227,953,430,528	23,228,037,259,264	14,665,806,903,985	25,154,938,761,216	25,945,969,811,456	22,034,264,555,520	29,685,706,653,696	411,488,839	1,121,745,828	0	0
em-p-ihep51	20260626132219317000000	24	23,227,954,618,368	23,228,044,578,816	14,662,983,254,816	25,154,938,761,216	25,945,969,811,456	22,034,264,555,520	29,685,706,653,696	704,062,905	1,020,390,933	0	0
em-p-ihep51	20260626132229333000000	27	23,227,948,793,856	23,228,030,976,000	14,656,014,148,546	25,154,938,761,216	25,945,969,811,456	22,034,264,555,520	29,685,706,653,696	264,784,265	872,585,072	0	0
em-p-ihep51	20260626132239341000000	22	23,227,950,034,944	23,228,030,156,800	14,656,906,334,090	25,154,938,761,216	25,945,969,811,456	22,034,264,555,520	29,685,706,653,696	531,777,392	1,569,574,512	0	0
em-p-ihep51	20260626132249361000000	24	23,227,951,226,880	23,228,035,256,320	14,661,243,974,101	25,154,938,761,216	25,945,969,811,456	22,034,264,555,520	29,685,706,653,696	633,710,912	1,523,503,386	0	0
em-p-ihep51	20260626132259387000000	20	23,227,952,578,560	23,228,044,664,832	14,651,772,998,371	25,154,938,761,216	25,945,969,811,456	22,034,264,555,520	29,685,706,653,696	378,730,776	1,103,527,419	0	0
em-p-ihep51	20260626132309492000000	21	23,227,949,047,808	23,228,194,930,688	14,663,622,059,820	25,154,938,761,216	25,945,969,811,456	22,034,264,555,520	29,685,706,653,696	1,020,126,177	1,862,311,838	0	0
em-p-ihep51	20260626132319483000000	23	23,227,949,936,640	23,228,029,632,512	14,654,022,699,659	25,154,938,761,216	25,945,969,811,456	22,034,264,555,520	29,685,706,653,696	230,137,859	1,256,647,273	0	0
em-p-ihep51	20260626132329505000000	22	23,227,946,209,280	23,228,091,707,392	14,657,992,425,254	25,154,938,761,216	25,945,969,811,456	22,034,264,555,520	29,685,706,653,696	633,784,396	1,123,692,271	0	0
em-p-ihep51	20260626132339524000000	23	23,227,948,769,280	23,228,030,103,552	14,659,414,965,236	25,154,938,761,216	25,945,969,811,456	22,034,264,555,520	29,685,706,653,696	529,639,123	894,683,620	122,880	0
em-p-ihep51	20260626132349526000000	20	23,227,948,662,784	23,228,030,222,336	14,658,162,683,750	25,154,938,761,216	25,945,969,811,456	22,034,264,555,520	29,685,706,653,696	531,075,518	1,035,663,315	0	0
em-p-ihep51	20260626132359623000000	19	23,227,946,151,936	23,228,071,809,024	14,654,859,527,273	25,154,938,761,216	25,945,969,811,456	22,034,264,555,520	29,685,706,653,696	557,584,618	1,335,935,171	0	0
em-p-ihep51	20260626132409732000000	20	23,227,941,781,504	23,228,025,860,096	14,669,958,510,429	25,154,938,761,216	25,945,969,811,456	22,034,264,555,520	29,685,706,653,696	388,827,739	1,631,800,406	0	0
em-p-ihep51	20260626132419737000000	19	23,227,946,188,800	23,228,260,646,912	14,653,452,243,722	25,154,938,761,216	25,945,969,811,456	22,034,264,555,520	29,685,706,653,696	276,844,871	1,441,032,623	0	0
em-p-ihep51	20260626132429736000000	20	23,227,941,601,280	23,228,187,344,896	14,650,996,430,600	25,154,938,761,216	25,945,969,811,456	22,034,264,555,520	29,685,706,653,696	280,610,029	1,903,305,103	0	0
em-p-ihep51	20260626132439844000000	17	23,227,941,732,352	23,228,201,861,120	14,654,855,459,620	25,154,938,761,216	25,945,969,811,456	22,034,264,555,520	29,685,706,653,696	329,645,805	1,308,788,501	0	0
em-p-ihep51	20260626132449844000000	21	23,227,945,140,224	23,228,037,365,760	14,662,807,050,495	25,154,938,761,216	25,945,969,811,456	22,034,264,555,520	29,685,706,653,696	396,778,676	1,138,713,170	0	0
em-p-ihep51	20260626132459935000000	18	23,227,957,514,240	23,228,049,854,464	14,652,120,545,297	25,154,938,761,216	25,945,969,811,456	22,034,264,555,520	29,685,706,653,696	187,758,522	884,233,422	0	0
em-p-ihep51	20260626132509960000000	25	23,227,959,840,768	23,228,535,189,504	14,675,267,214,197	25,154,938,761,216	25,945,969,811,456	22,034,264,555,520	29,685,706,653,696	354,889,921	1,304,532,866	0	0
em-p-ihep51	20260626132519960000000	25	23,227,961,024,512	23,228,052,668,416	14,657,714,892,593	25,154,938,761,216	25,945,969,811,456	22,034,264,555,520	29,685,706,653,696	459,600,098	1,325,369,668	0	0
em-p-ihep51	20260626132530058000000	20	23,227,970,691,072	23,228,062,670,848	14,660,141,285,239	25,154,938,761,216	25,945,969,811,456	22,034,264,555,520	29,685,706,653,696	411,590,765	1,331,662,151	0	0
em-p-ihep51	20260626132540079000000	24	23,227,972,308,992	23,228,471,103,488	14,656,353,873,992	25,154,938,761,216	25,945,969,811,456	22,034,264,555,520	29,685,706,653,696	189,380,380	976,710,927	0	0
em-p-ihep51	20260626132550079000000	23	23,227,966,414,848	23,228,063,203,328	14,653,974,818,982	25,154,938,761,216	25,945,969,811,456	22,034,264,555,520	29,685,706,653,696	358,027,518	1,311,878,137	0	0
em-p-ihep51	20260626132600212000000	28	23,227,974,578,176	23,228,068,270,080	14,666,491,941,788	25,154,938,761,216	25,945,969,811,456	22,034,264,555,520	29,685,706,653,696	331,403,915	960,772,616	0	0
em-p-ihep51	20260626132610187000000	28	23,228,102,008,832	23,228,186,882,048	14,660,371,796,465	25,154,938,761,216	25,945,969,811,456	22,034,264,555,520	29,685,706,653,696	704,586,219	1,206,078,571	0	0
em-p-ihep51	20260626132620218000000	33	23,229,165,445,120	23,229,264,732,160	14,667,547,733,890	25,154,938,761,216	25,945,969,811,456	22,034,264,555,520	29,685,706,653,696	452,438,561	1,292,674,801	0	0
em-p-ihep51	20260626132630211000000	28	23,229,163,405,312	23,229,412,782,080	14,662,316,520,730	25,154,938,761,216	25,945,969,811,456	22,034,264,555,520	29,685,706,653,696	590,833,822	1,444,460,162	0	0
em-p-ihep51	20260626132640214000000	30	23,229,158,899,712	23,229,255,225,344	14,661,982,797,432	25,154,938,761,216	25,945,969,811,456	22,034,264,555,520	29,685,706,653,696	717,075,166	1,333,273,220	0	0
em-p-ihep51	20260626132650335000000	30	23,229,158,789,120	23,229,350,371,328	14,666,064,643,064	25,154,938,761,216	25,945,969,811,456	22,034,264,555,520	29,685,706,653,696	253,465,231	1,316,382,307	0	0
em-p-ihep51	20260626132700345000000	28	23,229,162,627,072	23,229,330,812,928	14,663,786,624,726	25,154,938,761,216	25,945,969,811,456	22,034,264,555,520	29,685,706,653,696	471,405,653	1,869,044,722	0	0
em-p-ihep51	20260626132710347000000	26	23,229,165,162,496	23,229,327,712,256	14,662,519,077,511	25,154,938,761,216	25,945,969,811,456	22,034,264,555,520	29,685,706,653,696	633,362,209	1,540,087,291	0	0
em-p-ihep51	20260626132720464000000	20	23,229,162,946,560	23,229,716,869,120	14,652,170,734,541	25,154,938,761,216	25,945,969,811,456	22,034,264,555,520	29,685,706,653,696	247,236,688	1,747,995,972	0	0
em-p-ihep51	20260626132730538000000	17	23,229,162,033,152	23,229,245,304,832	14,649,104,789,140	25,154,938,761,216	25,945,969,811,456	22,034,264,555,520	29,685,706,653,696	518,074,695	980,709,743	0	0
em-p-ihep51	20260626132740529000000	18	23,229,157,175,296	23,229,239,513,088	14,650,311,307,378	25,154,938,761,216	25,945,969,811,456	22,034,264,555,520	29,685,706,653,696	265,091,821	1,158,367,513	0	0
em-p-ihep51	20260626132750558000000	14	23,229,158,252,544	23,229,266,370,560	14,657,475,648,366	25,154,938,761,216	25,945,969,811,456	22,034,264,555,520	29,685,706,653,696	267,090,491	1,405,054,951	0	0
em-p-ihep51	20260626132800558000000	16	23,229,157,068,800	23,229,234,909,184	14,648,043,585,543	25,154,938,761,216	25,945,969,811,456	22,034,264,555,520	29,685,706,653,696	460,561,443	1,073,139,669	0	0
em-p-ihep51	20260626132810642000000	16	23,229,158,039,552	23,229,219,905,536	14,659,957,036,725	25,154,938,761,216	25,945,969,811,456	22,034,264,555,520	29,685,706,653,696	393,268,325	1,355,021,839	0	0
em-p-ihep51	20260626132820663000000	17	23,229,159,391,232	23,229,223,329,792	14,648,777,113,340	25,154,938,761,216	25,945,969,811,456	22,034,264,555,520	29,685,706,653,696	318,765,152	2,330,279,736	0	0
em-p-ihep51	20260626132830655000000	15	23,229,162,799,104	23,229,220,622,336	14,650,992,138,076	25,154,938,761,216	25,945,969,811,456	22,034,264,555,520	29,685,706,653,696	260,508,950	1,710,018,735	0	0
em-p-ihep51	20260626132840678000000	21	23,229,163,229,184	23,229,693,292,544	14,654,336,851,337	25,154,938,761,216	25,945,969,811,456	22,034,264,555,520	29,685,706,653,696	592,482,379	1,256,205,976	0	0
em-p-ihep51	20260626132850684000000	24	23,229,147,787,264	23,229,209,788,416	14,650,424,148,175	25,154,938,761,216	25,945,969,811,456	22,034,264,555,520	29,685,706,653,696	311,975,404	1,517,437,575	81,920	0
em-p-ihep51	20260626132900685000000	20	23,229,148,868,608	23,229,751,799,808	14,652,123,103,984	25,154,938,761,216	25,945,969,811,456	22,034,264,555,520	29,685,706,653,696	412,530,441	874,952,669	0	0
em-p-ihep51	20260626132910703000000	23	23,229,154,406,400	23,229,536,088,064	14,668,991,738,401	25,154,938,761,216	25,945,969,811,456	22,034,264,555,520	29,685,706,653,696	637,549,641	2,855,572,152	0	0
em-p-ihep51	20260626132920729000000	23	23,229,155,889,152	23,229,245,485,056	14,648,487,646,950	25,154,938,761,216	25,945,969,811,456	22,034,264,555,520	29,685,706,653,696	537,774,000	2,768,590,825	0	0
em-p-ihep51	20260626132930834000000	18	23,229,155,942,400	23,229,629,628,416	14,652,097,539,612	25,154,938,761,216	25,945,969,811,456	22,034,264,555,520	29,685,706,653,696	177,171,239	1,151,606,730	0	0
em-p-ihep51	20260626132940874000000	21	23,229,152,489,472	23,229,209,190,400	14,655,814,769,542	25,154,938,761,216	25,945,969,811,456	22,034,264,555,520	29,685,706,653,696	230,221,345	1,575,137,305	0	0
em-p-ihep51	20260626132950865000000	25	23,229,145,145,344	23,229,198,131,200	14,657,836,396,045	25,154,938,761,216	25,945,969,811,456	22,034,264,555,520	29,685,706,653,696	711,803,050	1,697,377,764	0	0
em-p-ihep51	20260626133000880000000	23	23,229,148,553,216	23,229,205,839,872	14,651,148,267,051	25,154,938,761,216	25,945,969,811,456	22,034,264,555,520	29,685,706,653,696	191,050,548	1,623,130,773	0	0
em-p-ihep51	20260626133010933000000	36	23,229,172,744,192	23,229,225,484,288	14,678,064,072,497	25,154,938,761,216	25,945,969,811,456	22,034,264,555,520	29,685,706,653,696	834,672,330	2,426,424,242	0	0
em-p-ihep51	20260626133020951000000	34	23,229,179,834,368	23,229,219,553,280	14,667,528,431,778	25,154,938,761,216	25,945,969,811,456	22,034,264,555,520	29,685,706,653,696	1,038,403,857	2,375,230,593	0	0
em-p-ihep51	20260626133030945000000	30	23,229,169,524,736	23,229,216,317,440	14,665,272,995,431	25,154,938,761,216	25,945,969,811,456	22,034,264,555,520	29,685,706,653,696	906,665,874	2,042,664,603	0	0
em-p-ihep51	20260626133040951000000	26	23,229,164,662,784	23,229,219,061,760	14,653,692,409,132	25,154,938,761,216	25,945,969,811,456	22,034,264,555,520	29,685,706,653,696	741,603,520	1,658,329,031	0	0
em-p-ihep51	20260626133050967000000	28	23,229,147,136,000	23,229,195,501,568	14,651,549,370,140	25,154,938,761,216	25,945,969,811,456	22,034,264,555,520	29,685,706,653,696	845,495,200	2,109,204,806	0	0
em-p-ihep51	20260626133101004000000	37	23,229,144,576,000	23,229,484,265,472	14,659,301,480,614	25,154,938,761,216	25,945,969,811,456	22,034,264,555,520	29,685,706,653,696	691,946,523	2,364,103,177	0	0
em-p-ihep51	20260626133111021000000	42	23,229,154,160,640	23,229,525,635,072	14,666,466,031,909	25,154,938,761,216	25,945,969,811,456	22,034,264,555,520	29,685,706,653,696	841,971,511	3,437,486,472	0	0
em-p-ihep51	20260626133121024000000	35	23,229,146,607,616	23,229,193,986,048	14,654,674,232,968	25,154,938,761,216	25,945,969,811,456	22,034,264,555,520	29,685,706,653,696	700,539,593	2,495,481,868	0	0
em-p-ihep51	20260626133131050000000	33	23,229,154,164,736	23,229,201,874,944	14,658,167,083,013	25,154,938,761,216	25,945,969,811,456	22,034,264,555,520	29,685,706,653,696	781,385,513	2,495,619,397	139,264	0
em-p-ihep51	20260626133141051000000	24	23,229,149,466,624	23,229,431,095,296	14,656,319,610,812	25,154,938,761,216	25,945,969,811,456	22,034,264,555,520	29,685,706,653,696	491,372,912	1,468,283,139	0	0
em-p-ihep51	20260626133151071000000	33	23,229,123,497,984	23,229,173,567,488	14,655,866,859,583	25,154,938,761,216	25,945,969,811,456	22,034,264,555,520	29,685,706,653,696	850,063,765	2,435,534,417	0	0
em-p-ihep51	20260626133201077000000	30	23,229,137,448,960	23,229,187,915,776	14,649,499,489,106	25,154,938,761,216	25,945,969,811,456	22,034,264,555,520	29,685,706,653,696	490,512,438	2,217,176,293	0	0
em-p-ihep51	20260626133211227000000	29	23,229,146,013,696	23,229,683,986,432	14,655,845,490,132	25,154,938,761,216	25,945,969,811,456	22,034,264,555,520	29,685,706,653,696	459,416,866	1,546,272,961	0	0
em-p-ihep51	20260626133221283000000	24	23,229,152,067,584	23,229,198,909,440	14,658,524,928,016	25,154,938,761,216	25,945,969,811,456	22,034,264,555,520	29,685,706,653,696	768,120,757	2,204,507,067	0	0
em-p-ihep51	20260626133231293000000	26	23,229,155,684,352	23,229,205,200,896	14,667,732,083,006	25,154,938,761,216	25,945,969,811,456	22,034,264,555,520	29,685,706,653,696	367,327,422	1,628,535,986	0	0
em-p-ihep51	20260626133241300000000	26	23,229,187,190,784	23,229,670,993,920	14,664,917,775,492	25,154,938,761,216	25,945,969,811,456	22,034,264,555,520	29,685,706,653,696	357,184,670	1,604,037,856	0	0
em-p-ihep51	20260626133251349000000	25	23,229,183,627,264	23,229,235,605,504	14,652,718,759,178	25,154,938,761,216	25,945,969,811,456	22,034,264,555,520	29,685,706,653,696	569,229,400	2,125,673,463	0	0
em-p-ihep51	20260626133301359000000	31	23,229,169,836,032	23,229,225,590,784	14,659,311,863,767	25,154,938,761,216	25,945,969,811,456	22,034,264,555,520	29,685,706,653,696	599,549,587	1,531,902,642	0	0
em-p-ihep51	20260626133311384000000	37	23,229,174,816,768	23,229,575,106,560	14,673,580,633,071	25,154,938,761,216	25,945,969,811,456	22,034,264,555,520	29,685,706,653,696	901,186,357	2,736,717,358	0	0
em-p-ihep51	20260626133321439000000	36	23,229,185,470,464	23,229,255,712,768	14,672,022,067,400	25,154,938,761,216	25,945,969,811,456	22,034,264,555,520	29,685,706,653,696	711,232,159	1,764,203,226	81,920	0
em-p-ihep51	20260626133331417000000	26	23,229,191,397,376	23,229,251,948,544	14,652,891,884,034	25,154,938,761,216	25,945,969,811,456	22,034,264,555,520	29,685,706,653,696	362,926,816	2,273,701,950	0	0
em-p-ihep51	20260626133341511000000	19	23,229,193,551,872	23,229,245,775,872	14,648,493,829,943	25,154,938,761,216	25,945,969,811,456	22,034,264,555,520	29,685,706,653,696	300,276,973	952,085,056	0	0
em-p-ihep51	20260626133351546000000	25	23,229,195,120,640	23,229,244,620,800	14,650,781,429,050	25,154,938,761,216	25,945,969,811,456	22,034,264,555,520	29,685,706,653,696	276,824,957	1,670,417,664	0	0
em-p-ihep51	20260626133401548000000	21	23,229,188,206,592	23,229,240,025,088	14,651,616,129,845	25,154,938,761,216	25,945,969,811,456	22,034,264,555,520	29,685,706,653,696	216,387,907	1,232,684,593	0	0
em-p-ihep51	20260626133411550000000	21	23,229,191,987,200	23,229,293,199,360	14,656,592,487,967	25,154,938,761,216	25,945,969,811,456	22,034,264,555,520	29,685,706,653,696	213,289,478	1,245,049,227	0	0
em-p-ihep51	20260626133421557000000	26	23,229,302,820,864	23,229,408,747,520	14,653,077,623,221	25,154,938,761,216	25,945,969,811,456	22,034,264,555,520	29,685,706,653,696	671,595,190	2,147,287,828	0	0
em-p-ihep51	20260626133431573000000	23	23,229,304,324,096	23,229,406,527,488	14,653,580,767,458	25,154,938,761,216	25,945,969,811,456	22,034,264,555,520	29,685,706,653,696	501,199,485	1,228,703,341	0	0
em-p-ihep51	20260626133441586000000	21	23,229,297,094,656	23,229,399,781,376	14,650,746,272,094	25,154,938,761,216	25,945,969,811,456	22,034,264,555,520	29,685,706,653,696	347,297,238	869,380,005	0	0
em-p-ihep51	20260626133451587000000	25	23,229,291,110,400	23,229,878,132,736	14,651,407,388,970	25,154,938,761,216	25,945,969,811,456	22,034,264,555,520	29,685,706,653,696	292,504,192	1,031,996,494	0	0
em-p-ihep51	20260626133501650000000	25	23,229,292,589,056	23,229,394,960,384	14,654,075,572,050	25,154,938,761,216	25,945,969,811,456	22,034,264,555,520	29,685,706,653,696	676,352,147	1,241,037,084	0	0
em-p-ihep51	20260626133511643000000	40	23,229,310,689,280	23,229,417,025,536	14,662,932,477,265	25,154,938,761,216	25,945,969,811,456	22,034,264,555,520	29,685,706,653,696	807,683,179	2,628,268,223	0	0
em-p-ihep51	20260626133521649000000	25	23,229,302,505,472	23,229,396,217,856	14,663,945,458,179	25,154,938,761,216	25,945,969,811,456	22,034,264,555,520	29,685,706,653,696	631,228,622	1,583,396,655	0	0
em-p-ihep51	20260626133531749000000	24	23,229,306,122,240	23,229,395,775,488	14,661,851,336,032	25,154,938,761,216	25,945,969,811,456	22,034,264,555,520	29,685,706,653,696	458,476,233	1,422,014,795	0	0
em-p-ihep51	20260626133541772000000	32	23,229,314,682,880	23,229,407,006,720	14,652,748,959,115	25,154,938,761,216	25,945,969,811,456	22,034,264,555,520	29,685,706,653,696	619,384,602	1,689,838,875	106,496	0
em-p-ihep51	20260626133551812000000	29	23,229,305,290,752	23,229,421,203,456	14,655,034,925,129	25,154,938,761,216	25,945,969,811,456	22,034,264,555,520	29,685,706,653,696	513,140,012	1,539,977,309	0	0
em-p-ihep51	20260626133601792000000	30	23,229,095,243,776	23,229,184,753,664	14,664,076,373,805	25,154,938,761,216	25,945,969,811,456	22,034,264,555,520	29,685,706,653,696	429,095,522	1,073,457,351	0	0
em-p-ihep51	20260626133611827000000	38	23,229,101,703,168	23,229,206,630,400	14,660,911,203,799	25,154,938,761,216	25,945,969,811,456	22,034,264,555,520	29,685,706,653,696	779,020,302	1,964,803,382	0	0
em-p-ihep51	20260626133621818000000	33	23,229,106,970,624	23,229,373,440,000	14,658,005,253,134	25,154,938,761,216	25,945,969,811,456	22,034,264,555,520	29,685,706,653,696	610,604,500	3,010,979,734	0	0
em-p-ihep51	20260626133631816000000	27	23,229,096,947,712	23,229,183,541,248	14,655,501,215,791	25,154,938,761,216	25,945,969,811,456	22,034,264,555,520	29,685,706,653,696	336,143,442	1,295,094,899	0	0
em-p-ihep51	20260626133641916000000	25	23,229,100,351,488	23,229,183,967,232	14,657,633,972,395	25,154,938,761,216	25,945,969,811,456	22,034,264,555,520	29,685,706,653,696	638,835,325	1,298,965,593	0	0
em-p-ihep51	20260626133651945000000	30	23,229,084,389,376	23,229,790,498,816	14,659,881,916,557	25,154,938,761,216	25,945,969,811,456	22,034,264,555,520	29,685,706,653,696	719,287,812	2,528,799,495	0	0
em-p-ihep51	20260626133701946000000	30	23,229,088,034,816	23,229,239,926,784	14,657,052,502,633	25,154,938,761,216	25,945,969,811,456	22,034,264,555,520	29,685,706,653,696	404,517,969	2,696,207,461	0	0
em-p-ihep51	20260626133711960000000	30	23,229,088,174,080	23,229,284,118,528	14,660,144,082,436	25,154,938,761,216	25,945,969,811,456	22,034,264,555,520	29,685,706,653,696	272,732,718	1,940,440,117	0	0
em-p-ihep51	20260626133721984000000	24	23,229,094,461,440	23,229,251,145,728	14,655,040,360,756	25,154,938,761,216	25,945,969,811,456	22,034,264,555,520	29,685,706,653,696	563,488,280	1,872,386,051	0	0
em-p-ihep51	20260626133732010000000	27	23,229,201,551,360	23,229,338,398,720	14,661,352,151,107	25,154,938,761,216	25,945,969,811,456	22,034,264,555,520	29,685,706,653,696	381,812,214	1,854,706,511	0	0
em-p-ihep51	20260626133742018000000	28	23,229,190,262,784	23,229,321,240,576	14,653,356,751,030	25,154,938,761,216	25,945,969,811,456	22,034,264,555,520	29,685,706,653,696	869,873,180	1,790,858,109	4,096	0
em-p-ihep51	20260626133752036000000	27	23,229,189,238,784	23,229,323,223,040	14,649,702,027,114	25,154,938,761,216	25,945,969,811,456	22,034,264,555,520	29,685,706,653,696	612,519,558	938,811,801	0	0
em-p-ihep51	20260626133802040000000	27	23,229,363,560,448	23,229,501,313,024	14,652,127,729,668	25,154,938,761,216	25,945,969,811,456	22,034,264,555,520	29,685,706,653,696	418,216,128	1,496,309,321	0	0
em-p-ihep51	20260626133812087000000	33	23,229,735,555,072	23,229,866,254,336	14,665,761,089,429	25,154,938,761,216	25,945,969,811,456	22,034,264,555,520	29,685,706,653,696	477,249,461	1,750,853,954	81,920	0
em-p-ihep51	20260626133822061000000	32	23,229,740,417,024	23,229,873,336,320	14,654,329,736,637	25,154,938,761,216	25,945,969,811,456	22,034,264,555,520	29,685,706,653,696	375,238,599	1,605,862,439	0	0
em-p-ihep51	20260626133832052000000	27	23,229,741,494,272	23,230,361,554,944	14,652,078,636,734	25,154,938,761,216	25,945,969,811,456	22,034,264,555,520	29,685,706,653,696	671,986,827	2,065,196,813	0	0
em-p-ihep51	20260626133842072000000	30	23,229,743,927,296	23,229,877,272,576	14,650,176,671,678	25,154,938,761,216	25,945,969,811,456	22,034,264,555,520	29,685,706,653,696	346,674,223	1,879,203,925	0	0
em-p-ihep51	20260626133852142000000	31	23,229,740,363,776	23,229,889,454,080	14,648,819,374,988	25,154,938,761,216	25,945,969,811,456	22,034,264,555,520	29,685,706,653,696	605,733,640	1,531,669,956	0	0
em-p-ihep51	20260626133902136000000	35	23,229,734,535,168	23,229,943,754,752	14,656,030,373,281	25,154,938,761,216	25,945,969,811,456	22,034,264,555,520	29,685,706,653,696	459,827,381	1,620,023,788	0	0
em-p-ihep51	20260626133912120000000	31	23,229,731,082,240	23,229,850,054,656	14,667,883,494,348	25,154,938,761,216	25,945,969,811,456	22,034,264,555,520	29,685,706,653,696	710,031,064	2,271,578,093	0	0
em-p-ihep51	20260626133922156000000	29	23,229,733,404,672	23,229,852,827,648	14,654,593,246,219	25,154,938,761,216	25,945,969,811,456	22,034,264,555,520	29,685,706,653,696	843,385,190	1,794,513,978	0	0
em-p-ihep51	20260626133932177000000	40	23,229,735,968,768	23,229,861,597,184	14,662,529,844,962	25,154,938,761,216	25,945,969,811,456	22,034,264,555,520	29,685,706,653,696	648,837,664	1,116,896,245	0	0
em-p-ihep51	20260626133942211000000	27	23,229,739,315,200	23,229,870,825,472	14,661,694,019,360	25,154,938,761,216	25,945,969,811,456	22,034,264,555,520	29,685,706,653,696	252,349,746	882,704,912	0	0
em-p-ihep51	20260626133952220000000	25	23,229,740,699,648	23,230,091,272,192	14,651,995,179,482	25,154,938,761,216	25,945,969,811,456	22,034,264,555,520	29,685,706,653,696	305,130,633	1,813,645,831	0	0
em-p-ihep51	20260626134002217000000	17	23,229,737,332,736	23,229,859,893,248	14,639,348,150,358	25,154,938,761,216	25,945,969,811,456	22,034,264,555,520	29,685,706,653,696	129,856,733	2,212,023,103	0	0
em-p-ihep51	20260626134012310000000	40	23,229,872,193,536	23,230,006,992,896	14,687,686,214,727	25,154,938,761,216	25,945,969,811,456	22,034,264,555,520	29,685,706,653,696	595,010,610	2,115,867,891	0	0
em-p-ihep51	20260626134022287000000	47	23,229,849,862,144	23,229,964,378,112	14,678,994,586,669	25,154,938,761,216	25,945,969,811,456	22,034,264,555,520	29,685,706,653,696	786,780,550	1,701,015,624	0	0
em-p-ihep51	20260626134032315000000	44	23,229,831,151,616	23,229,951,053,824	14,670,685,224,919	25,154,938,761,216	25,945,969,811,456	22,034,264,555,520	29,685,706,653,696	542,307,293	1,300,041,043	0	0
em-p-ihep51	20260626134042338000000	36	23,229,825,437,696	23,229,939,453,952	14,680,670,396,921	25,154,938,761,216	25,945,969,811,456	22,034,264,555,520	29,685,706,653,696	985,360,762	1,717,945,316	12,288	0
em-p-ihep51	20260626134052360000000	30	23,229,832,634,368	23,229,947,043,840	14,648,400,333,249	25,154,938,761,216	25,945,969,811,456	22,034,264,555,520	29,685,706,653,696	890,862,353	1,546,474,429	0	0
em-p-ihep51	20260626134102386000000	32	23,229,835,104,256	23,229,979,967,488	14,651,852,380,154	25,154,938,761,216	25,945,969,811,456	22,034,264,555,520	29,685,706,653,696	796,600,447	1,660,178,392	0	0
em-p-ihep51	20260626134112392000000	37	23,229,907,841,024	23,230,020,685,824	14,660,149,287,902	25,154,938,761,216	25,945,969,811,456	22,034,264,555,520	29,685,706,653,696	1,044,098,237	1,995,429,403	0	0
em-p-ihep51	20260626134122490000000	32	23,229,907,681,280	23,229,987,696,640	14,645,000,570,586	25,154,938,761,216	25,945,969,811,456	22,034,264,555,520	29,685,706,653,696	303,364,954	1,654,877,831	0	0
em-p-ihep51	20260626134132599000000	24	23,229,895,933,952	23,229,976,580,096	14,647,172,206,722	25,154,938,761,216	25,945,969,811,456	22,034,264,555,520	29,685,706,653,696	434,410,062	1,435,477,335	0	0
em-p-ihep51	20260626134142657000000	26	23,229,898,362,880	23,230,000,537,600	14,652,109,272,381	25,154,938,761,216	25,945,969,811,456	22,034,264,555,520	29,685,706,653,696	322,383,734	1,012,653,922	0	0
em-p-ihep51	20260626134152623000000	42	23,229,891,207,168	23,229,971,173,376	14,650,082,791,315	25,154,938,761,216	25,945,969,811,456	22,034,264,555,520	29,685,706,653,696	670,014,346	1,613,168,897	0	0
em-p-ihep51	20260626134202717000000	27	23,229,894,770,688	23,229,975,982,080	14,645,906,137,507	25,154,938,761,216	25,945,969,811,456	22,034,264,555,520	29,685,706,653,696	398,749,972	1,149,568,927	0	0
em-p-ihep51	20260626134212806000000	34	23,229,900,738,560	23,229,994,672,128	14,649,773,225,733	25,154,938,761,216	25,945,969,811,456	22,034,264,555,520	29,685,706,653,696	644,994,174	2,510,007,766	0	0
em-p-ihep51	20260626134222807000000	27	23,229,889,179,648	23,229,965,660,160	14,640,030,837,158	25,154,938,761,216	25,945,969,811,456	22,034,264,555,520	29,685,706,653,696	559,393,409	2,030,542,949	0	0
em-p-ihep51	20260626134232826000000	22	23,229,889,318,912	23,229,965,938,688	14,645,599,909,030	25,154,938,761,216	25,945,969,811,456	22,034,264,555,520	29,685,706,653,696	288,177,654	1,114,323,755	0	0
em-p-ihep51	20260626134242825000000	24	23,229,891,538,944	23,229,989,486,592	14,637,302,092,734	25,154,938,761,216	25,945,969,811,456	22,034,264,555,520	29,685,706,653,696	434,969,852	1,741,993,617	0	0
em-p-ihep51	20260626134252870000000	29	23,229,902,123,008	23,229,975,863,296	14,647,677,473,438	25,154,938,761,216	25,945,969,811,456	22,034,264,555,520	29,685,706,653,696	449,980,032	1,817,373,512	0	0
em-p-ihep51	20260626134302867000000	28	23,229,914,529,792	23,229,987,995,648	14,647,787,292,347	25,154,938,761,216	25,945,969,811,456	22,034,264,555,520	29,685,706,653,696	252,952,002	987,036,832	0	0
em-p-ihep51	20260626134312888000000	28	23,230,109,147,136	23,230,190,108,672	14,642,641,155,313	25,154,938,761,216	25,945,969,811,456	22,034,264,555,520	29,685,706,653,696	380,211,611	1,562,095,036	0	0
em-p-ihep51	20260626134322924000000	25	23,230,098,563,072	23,230,175,068,160	14,644,666,795,927	25,154,938,761,216	25,945,969,811,456	22,034,264,555,520	29,685,706,653,696	718,558,998	1,646,135,896	126,976	0
em-p-ihep51	20260626134332929000000	22	23,230,109,822,976	23,230,193,913,856	14,642,386,166,523	25,154,938,761,216	25,945,969,811,456	22,034,264,555,520	29,685,706,653,696	405,456,335	1,100,594,471	0	0
em-p-ihep51	20260626134342939000000	28	23,230,127,267,840	23,230,754,299,904	14,644,916,617,063	25,154,938,761,216	25,945,969,811,456	22,034,264,555,520	29,685,706,653,696	318,972,404	1,054,319,786	0	0
em-p-ihep51	20260626134352938000000	26	23,230,115,282,944	23,230,195,621,888	14,644,361,669,846	25,154,938,761,216	25,945,969,811,456	22,034,264,555,520	29,685,706,653,696	399,343,016	1,223,203,953	0	0
em-p-ihep51	20260626134403031000000	24	23,230,117,711,872	23,230,179,352,576	14,643,041,874,125	25,154,938,761,216	25,945,969,811,456	22,034,264,555,520	29,685,706,653,696	523,816,847	1,643,658,233	0	0
em-p-ihep51	20260626134413050000000	24	23,230,118,903,808	23,230,186,975,232	14,653,640,860,739	25,154,938,761,216	25,945,969,811,456	22,034,264,555,520	29,685,706,653,696	612,201,097	2,127,884,022	0	0
em-p-ihep51	20260626134423102000000	27	23,230,525,906,944	23,230,586,671,104	14,650,152,208,687	25,154,938,761,216	25,945,969,811,456	22,034,264,555,520	29,685,706,653,696	537,022,722	1,539,964,589	0	0
em-p-ihep51	20260626134433092000000	28	23,230,524,719,104	23,230,583,599,104	14,648,597,752,826	25,154,938,761,216	25,945,969,811,456	22,034,264,555,520	29,685,706,653,696	390,090,000	1,107,387,352	0	0
em-p-ihep51	20260626134443091000000	22	23,230,519,967,744	23,230,580,715,520	14,638,330,780,158	25,154,938,761,216	25,945,969,811,456	22,034,264,555,520	29,685,706,653,696	579,506,066	1,213,349,631	0	0
em-p-ihep51	20260626134453106000000	22	23,230,525,800,448	23,230,585,397,248	14,653,357,114,304	25,154,938,761,216	25,945,969,811,456	22,034,264,555,520	29,685,706,653,696	376,436,142	922,168,621	0	0
em-p-ihep51	20260626134503129000000	27	23,230,521,184,256	23,230,580,023,296	14,643,522,607,719	25,154,938,761,216	25,945,969,811,456	22,034,264,555,520	29,685,706,653,696	295,145,765	834,367,607	0	0
em-p-ihep51	20260626134513172000000	33	23,230,535,602,176	23,230,590,586,880	14,664,519,541,282	25,154,938,761,216	25,945,969,811,456	22,034,264,555,520	29,685,706,653,696	497,645,494	1,267,058,658	0	0
em-p-ihep51	20260626134523192000000	31	23,230,533,226,496	23,230,630,289,408	14,654,243,398,469	25,154,938,761,216	25,945,969,811,456	22,034,264,555,520	29,685,706,653,696	622,013,543	1,805,634,250	0	0
em-p-ihep51	20260626134533199000000	32	23,230,533,120,000	23,230,593,798,144	14,656,910,134,866	25,154,938,761,216	25,945,969,811,456	22,034,264,555,520	29,685,706,653,696	390,617,455	1,346,934,900	0	0
em-p-ihep51	20260626134543290000000	26	23,230,532,796,416	23,230,593,835,008	14,640,077,470,828	25,154,938,761,216	25,945,969,811,456	22,034,264,555,520	29,685,706,653,696	430,284,830	1,455,651,028	0	0
em-p-ihep51	20260626134553309000000	28	23,230,522,322,944	23,230,996,348,928	14,645,694,861,590	25,154,938,761,216	25,945,969,811,456	22,034,264,555,520	29,685,706,653,696	561,186,835	2,153,751,581	0	0
em-p-ihep51	20260626134603328000000	35	23,230,412,242,944	23,230,530,588,672	14,647,078,129,336	25,154,938,761,216	25,945,969,811,456	22,034,264,555,520	29,685,706,653,696	333,875,485	1,190,379,830	0	0
em-p-ihep51	20260626134613351000000	32	23,230,415,163,392	23,230,473,797,632	14,645,790,308,684	25,154,938,761,216	25,945,969,811,456	22,034,264,555,520	29,685,706,653,696	255,907,909	989,926,226	0	0
em-p-ihep51	20260626134623362000000	35	23,230,413,139,968	23,230,807,752,704	14,646,735,870,250	25,154,938,761,216	25,945,969,811,456	22,034,264,555,520	29,685,706,653,696	455,813,279	2,743,025,470	4,096	0
em-p-ihep51	20260626134633383000000	28	23,230,693,310,464	23,230,730,407,936	14,650,452,365,912	25,154,938,761,216	25,945,969,811,456	22,034,264,555,520	29,685,706,653,696	194,971,023	1,566,758,776	0	0
em-p-ihep51	20260626134643398000000	32	23,230,693,257,216	23,230,734,614,528	14,648,880,107,510	25,154,938,761,216	25,945,969,811,456	22,034,264,555,520	29,685,706,653,696	397,144,652	1,146,374,900	0	0
em-p-ihep51	20260626134653421000000	30	23,230,699,360,256	23,230,765,428,736	14,647,119,440,884	25,154,938,761,216	25,945,969,811,456	22,034,264,555,520	29,685,706,653,696	403,020,360	1,628,635,482	8,192	0
em-p-ihep51	20260626134703437000000	25	23,230,690,721,792	23,230,816,215,040	14,644,605,456,355	25,154,938,761,216	25,945,969,811,456	22,034,264,555,520	29,685,706,653,696	247,673,783	1,765,309,892	8,192	0
em-p-ihep51	20260626134713459000000	29	23,230,682,787,840	23,230,801,637,376	14,642,633,438,099	25,154,938,761,216	25,945,969,811,456	22,034,264,555,520	29,685,706,653,696	316,289,951	2,058,733,308	61,440	0
em-p-ihep51	20260626134723455000000	25	23,230,678,147,072	23,230,797,049,856	14,638,767,052,236	25,154,938,761,216	25,945,969,811,456	22,034,264,555,520	29,685,706,653,696	470,850,291	2,362,159,610	65,536	0
em-p-ihep51	20260626134733555000000	22	23,230,680,399,872	23,230,802,182,144	14,644,962,015,295	25,154,938,761,216	25,945,969,811,456	22,034,264,555,520	29,685,706,653,696	529,661,125	2,174,313,458	61,440	0
em-p-ihep51	20260626134743563000000	24	23,230,685,257,728	23,230,807,547,904	14,640,807,433,414	25,154,938,761,216	25,945,969,811,456	22,034,264,555,520	29,685,706,653,696	542,007,964	1,828,689,828	24,576	0
em-p-ihep51	20260626134753586000000	24	23,230,682,886,144	23,230,805,135,360	14,642,740,906,975	25,154,938,761,216	25,945,969,811,456	22,034,264,555,520	29,685,706,653,696	377,817,615	1,955,672,296	36,864	0
em-p-ihep51	20260626134803587000000	27	23,230,689,144,832	23,231,160,397,824	14,640,854,320,290	25,154,938,761,216	25,945,969,811,456	22,034,264,555,520	29,685,706,653,696	255,803,186	1,382,415,502	40,960	0
em-p-ihep51	20260626134813620000000	29	23,230,687,096,832	23,230,761,168,896	14,643,643,831,621	25,154,938,761,216	25,945,969,811,456	22,034,264,555,520	29,685,706,653,696	273,242,129	1,471,718,248	0	0
em-p-ihep51	20260626134823609000000	24	23,230,685,134,848	23,230,750,646,272	14,643,324,526,363	25,154,938,761,216	25,945,969,811,456	22,034,264,555,520	29,685,706,653,696	211,887,859	2,124,825,555	24,576	0
em-p-ihep51	20260626134833648000000	24	23,230,688,538,624	23,230,752,235,520	14,646,249,220,216	25,154,938,761,216	25,945,969,811,456	22,034,264,555,520	29,685,706,653,696	210,371,866	1,750,877,531	24,576	0
em-p-ihep51	20260626134843663000000	32	23,230,692,507,648	23,230,736,900,096	14,649,492,083,979	25,154,938,761,216	25,945,969,811,456	22,034,264,555,520	29,685,706,653,696	416,933,176	2,066,250,318	12,288	0
em-p-ihep51	20260626134853681000000	33	23,230,673,428,480	23,230,721,986,560	14,646,499,344,083	25,154,938,761,216	25,945,969,811,456	22,034,264,555,520	29,685,706,653,696	777,152,345	1,893,848,666	0	0
em-p-ihep51	20260626134903683000000	23	23,230,679,314,432	23,231,262,916,608	14,642,661,644,579	25,154,938,761,216	25,945,969,811,456	22,034,264,555,520	29,685,706,653,696	437,744,786	914,193,427	0	0
em-p-ihep51	20260626134913704000000	25	23,230,702,616,576	23,230,746,873,856	14,662,681,581,146	25,154,938,761,216	25,945,969,811,456	22,034,264,555,520	29,685,706,653,696	386,208,569	2,326,766,906	0	0
em-p-ihep51	20260626134923713000000	25	23,230,897,590,272	23,230,941,413,376	14,650,509,137,649	25,154,938,761,216	25,945,969,811,456	22,034,264,555,520	29,685,706,653,696	912,147,325	1,859,805,581	0	0
em-p-ihep51	20260626134933716000000	24	23,229,164,535,808	23,229,211,443,200	14,648,548,949,069	25,154,938,761,216	25,945,969,811,456	22,034,264,555,520	29,685,706,653,696	427,477,020	1,288,135,946	0	0
em-p-ihep51	20260626134943748000000	21	23,229,165,613,056	23,229,243,285,504	14,644,592,603,316	25,154,938,761,216	25,945,969,811,456	22,034,264,555,520	29,685,706,653,696	920,501,932	1,555,234,657	0	0
em-p-ihep51	20260626134953760000000	24	23,229,165,613,056	23,229,213,917,184	14,640,520,190,972	25,154,938,761,216	25,945,969,811,456	22,034,264,555,520	29,685,706,653,696	434,919,879	1,605,309,038	0	0
em-p-ihep51	20260626135003886000000	21	23,229,166,587,904	23,229,218,062,336	14,639,630,889,387	25,154,938,761,216	25,945,969,811,456	22,034,264,555,520	29,685,706,653,696	416,010,273	1,560,398,442	0	0
em-p-ihep51	20260626135013895000000	37	23,229,176,090,624	23,229,275,201,536	14,668,468,592,573	25,154,938,761,216	25,945,969,811,456	22,034,264,555,520	29,685,706,653,696	815,355,136	2,639,039,563	0	0
em-p-ihep51	20260626135023888000000	35	23,229,171,593,216	23,229,373,272,064	14,653,780,064,547	25,154,938,761,216	25,945,969,811,456	22,034,264,555,520	29,685,706,653,696	981,997,175	3,497,616,645	0	0
em-p-ihep51	20260626135033921000000	28	23,229,168,160,768	23,229,218,045,952	14,646,137,835,589	25,154,938,761,216	25,945,969,811,456	22,034,264,555,520	29,685,706,653,696	962,652,795	2,028,140,542	0	0
em-p-ihep51	20260626135043952000000	33	23,229,184,684,032	23,229,256,261,632	14,648,679,209,587	25,154,938,761,216	25,945,969,811,456	22,034,264,555,520	29,685,706,653,696	450,860,399	1,158,718,035	0	0
em-p-ihep51	20260626135053940000000	34	23,229,181,112,320	23,229,226,881,024	14,646,980,104,241	25,154,938,761,216	25,945,969,811,456	22,034,264,555,520	29,685,706,653,696	527,824,646	1,498,321,981	0	0
em-p-ihep51	20260626135103974000000	37	23,229,179,514,880	23,229,230,510,080	14,643,892,064,012	25,154,938,761,216	25,945,969,811,456	22,034,264,555,520	29,685,706,653,696	527,380,051	1,640,379,502	102,400	0
em-p-ihep51	20260626135113994000000	34	23,229,178,564,608	23,229,500,588,032	14,652,350,487,302	25,154,938,761,216	25,945,969,811,456	22,034,264,555,520	29,685,706,653,696	899,324,570	2,392,985,558	0	0
em-p-ihep51	20260626135124008000000	37	23,229,188,763,648	23,229,256,101,888	14,657,371,875,615	25,154,938,761,216	25,945,969,811,456	22,034,264,555,520	29,685,706,653,696	397,733,484	2,654,871,323	0	0
em-p-ihep51	20260626135134008000000	31	23,229,191,622,656	23,229,238,394,880	14,642,900,735,020	25,154,938,761,216	25,945,969,811,456	22,034,264,555,520	29,685,706,653,696	232,258,993	1,441,439,553	0	0
em-p-ihep51	20260626135144041000000	28	23,229,170,126,848	23,229,755,932,672	14,648,654,030,584	25,154,938,761,216	25,945,969,811,456	22,034,264,555,520	29,685,706,653,696	446,440,076	1,280,129,370	0	0
em-p-ihep51	20260626135154127000000	39	23,229,187,940,352	23,229,234,913,280	14,650,274,922,049	25,154,938,761,216	25,945,969,811,456	22,034,264,555,520	29,685,706,653,696	435,816,821	1,263,481,938	0	0
em-p-ihep51	20260626135204111000000	39	23,229,179,179,008	23,229,283,012,608	14,646,808,190,069	25,154,938,761,216	25,945,969,811,456	22,034,264,555,520	29,685,706,653,696	639,959,994	1,479,416,847	0	0
em-p-ihep51	20260626135214115000000	31	23,229,176,995,840	23,229,425,889,280	14,645,312,071,354	25,154,938,761,216	25,945,969,811,456	22,034,264,555,520	29,685,706,653,696	482,283,759	1,698,598,798	0	0
em-p-ihep51	20260626135224222000000	25	23,229,180,309,504	23,229,230,399,488	14,660,675,559,506	25,154,938,761,216	25,945,969,811,456	22,034,264,555,520	29,685,706,653,696	580,889,073	1,422,102,407	0	0
em-p-ihep51	20260626135234236000000	33	23,229,180,203,008	23,229,270,003,712	14,645,930,167,955	25,154,938,761,216	25,945,969,811,456	22,034,264,555,520	29,685,706,653,696	407,345,430	1,247,347,401	0	0
em-p-ihep51	20260626135244247000000	30	23,229,185,335,296	23,229,237,981,184	14,646,001,516,450	25,154,938,761,216	25,945,969,811,456	22,034,264,555,520	29,685,706,653,696	462,902,078	1,399,586,518	0	0
em-p-ihep51	20260626135254264000000	19	23,229,180,477,440	23,229,268,017,152	14,647,685,078,668	25,154,938,761,216	25,945,969,811,456	22,034,264,555,520	29,685,706,653,696	180,353,256	1,257,492,732	0	0
em-p-ihep51	20260626135304281000000	22	23,229,182,853,120	23,229,272,461,312	14,640,478,147,722	25,154,938,761,216	25,945,969,811,456	22,034,264,555,520	29,685,706,653,696	546,262,590	1,339,358,820	0	0
em-p-ihep51	20260626135314266000000	27	23,229,182,853,120	23,229,271,523,328	14,642,010,398,147	25,154,938,761,216	25,945,969,811,456	22,034,264,555,520	29,685,706,653,696	273,564,721	1,388,434,703	0	0
em-p-ihep51	20260626135324307000000	22	23,229,182,746,624	23,229,291,528,192	14,643,361,863,308	25,154,938,761,216	25,945,969,811,456	22,034,264,555,520	29,685,706,653,696	328,092,288	1,079,677,071	0	0
em-p-ihep51	20260626135334319000000	23	23,229,180,534,784	23,229,264,109,568	14,637,901,501,544	25,154,938,761,216	25,945,969,811,456	22,034,264,555,520	29,685,706,653,696	194,329,071	734,654,083	0	0
em-p-ihep51	20260626135344295000000	28	23,229,181,722,624	23,229,268,553,728	14,639,609,386,256	25,154,938,761,216	25,945,969,811,456	22,034,264,555,520	29,685,706,653,696	203,626,250	1,113,618,237	0	0
em-p-ihep51	20260626135354405000000	23	23,229,179,604,992	23,229,287,378,944	14,640,047,227,297	25,154,938,761,216	25,945,969,811,456	22,034,264,555,520	29,685,706,653,696	258,787,575	1,014,435,886	0	0
em-p-ihep51	20260626135404426000000	28	23,229,179,580,416	23,229,617,795,072	14,642,251,855,441	25,154,938,761,216	25,945,969,811,456	22,034,264,555,520	29,685,706,653,696	213,853,116	2,310,989,713	0	0
em-p-ihep51	20260626135414443000000	28	23,229,173,612,544	23,229,247,152,128	14,652,393,636,993	25,154,938,761,216	25,945,969,811,456	22,034,264,555,520	29,685,706,653,696	494,927,913	2,637,698,674	0	0
em-p-ihep51	20260626135424449000000	30	23,229,178,368,000	23,229,394,530,304	14,645,377,585,499	25,154,938,761,216	25,945,969,811,456	22,034,264,555,520	29,685,706,653,696	591,755,093	1,739,150,366	0	0
em-p-ihep51	20260626135434470000000	33	23,229,184,532,480	23,229,260,587,008	14,644,561,086,313	25,154,938,761,216	25,945,969,811,456	22,034,264,555,520	29,685,706,653,696	336,837,442	1,245,051,048	0	0
em-p-ihep51	20260626135444486000000	28	23,229,178,757,120	23,229,257,310,208	14,637,373,343,754	25,154,938,761,216	25,945,969,811,456	22,034,264,555,520	29,685,706,653,696	573,575,667	1,344,423,698	0	0
em-p-ihep51	20260626135454516000000	27	23,229,183,291,392	23,229,264,334,848	14,647,773,237,206	25,154,938,761,216	25,945,969,811,456	22,034,264,555,520	29,685,706,653,696	266,868,798	986,161,227	0	0
em-p-ihep51	20260626135504542000000	37	23,229,226,799,104	23,229,292,097,536	14,649,675,361,787	25,154,938,761,216	25,945,969,811,456	22,034,264,555,520	29,685,706,653,696	295,159,682	1,364,429,016	0	0
em-p-ihep51	20260626135514561000000	35	23,229,197,946,880	23,229,273,903,104	14,663,403,909,377	25,154,938,761,216	25,945,969,811,456	22,034,264,555,520	29,685,706,653,696	292,368,474	1,498,121,352	0	0
em-p-ihep51	20260626135524575000000	34	23,229,195,780,096	23,229,320,949,760	14,651,431,169,894	25,154,938,761,216	25,945,969,811,456	22,034,264,555,520	29,685,706,653,696	530,963,401	1,475,585,460	0	0
em-p-ihep51	20260626135534573000000	32	23,229,186,494,464	23,229,242,810,368	14,643,392,721,645	25,154,938,761,216	25,945,969,811,456	22,034,264,555,520	29,685,706,653,696	435,165,851	1,425,894,295	0	0
em-p-ihep51	20260626135544591000000	29	23,229,169,541,120	23,229,229,572,096	14,652,297,089,730	25,154,938,761,216	25,945,969,811,456	22,034,264,555,520	29,685,706,653,696	312,252,207	1,473,963,414	0	0
em-p-ihep51	20260626135554655000000	26	23,229,168,553,984	23,229,221,126,144	14,645,995,460,110	25,154,938,761,216	25,945,969,811,456	22,034,264,555,520	29,685,706,653,696	287,789,684	1,364,229,561	0	0
em-p-ihep51	20260626135604644000000	32	23,229,173,133,312	23,229,257,453,568	14,644,038,900,046	25,154,938,761,216	25,945,969,811,456	22,034,264,555,520	29,685,706,653,696	304,688,463	1,650,872,660	12,288	0
em-p-ihep51	20260626135614654000000	29	23,229,175,193,600	23,229,234,638,848	14,649,856,144,490	25,154,938,761,216	25,945,969,811,456	22,034,264,555,520	29,685,706,653,696	543,627,623	1,406,428,837	0	0
em-p-ihep51	20260626135624665000000	30	23,229,176,274,944	23,229,237,342,208	14,644,846,412,630	25,154,938,761,216	25,945,969,811,456	22,034,264,555,520	29,685,706,653,696	488,143,530	1,320,888,307	0	0
em-p-ihep51	20260626135634684000000	29	23,229,174,706,176	23,229,261,848,576	14,643,588,761,793	25,154,938,761,216	25,945,969,811,456	22,034,264,555,520	29,685,706,653,696	438,338,549	1,222,627,236	0	0
em-p-ihep51	20260626135644689000000	27	23,229,178,269,696	23,229,241,282,560	14,651,051,017,651	25,154,938,761,216	25,945,969,811,456	22,034,264,555,520	29,685,706,653,696	410,853,780	1,101,315,413	0	0
em-p-ihep51	20260626135654698000000	28	23,229,182,967,808	23,229,239,017,472	14,639,641,236,270	25,154,938,761,216	25,945,969,811,456	22,034,264,555,520	29,685,706,653,696	188,307,340	959,727,661	0	0
em-p-ihep51	20260626135704760000000	29	23,229,185,454,080	23,229,270,503,424	14,645,835,781,516	25,154,938,761,216	25,945,969,811,456	22,034,264,555,520	29,685,706,653,696	175,849,303	1,115,228,600	0	0
em-p-ihep51	20260626135714755000000	28	23,229,183,127,552	23,229,317,951,488	14,647,372,875,865	25,154,938,761,216	25,945,969,811,456	22,034,264,555,520	29,685,706,653,696	282,585,240	2,042,924,853	0	0
em-p-ihep51	20260626135724750000000	27	23,229,186,584,576	23,229,317,959,680	14,642,597,092,396	25,154,938,761,216	25,945,969,811,456	22,034,264,555,520	29,685,706,653,696	268,931,493	1,320,228,050	0	0
em-p-ihep51	20260626135734757000000	19	23,229,185,671,168	23,229,324,177,408	14,645,961,813,791	25,154,938,761,216	25,945,969,811,456	22,034,264,555,520	29,685,706,653,696	382,848,604	1,201,538,842	57,344	0
em-p-ihep51	20260626135744764000000	26	23,229,183,188,992	23,229,269,540,864	14,638,556,783,246	25,154,938,761,216	25,945,969,811,456	22,034,264,555,520	29,685,706,653,696	454,418,291	1,184,358,092	0	0
em-p-ihep51	20260626135754778000000	23	23,229,184,376,832	23,229,274,243,072	14,644,007,877,843	25,154,938,761,216	25,945,969,811,456	22,034,264,555,520	29,685,706,653,696	361,968,174	1,166,069,200	0	0
em-p-ihep51	20260626135804783000000	26	23,229,192,986,624	23,229,268,987,904	14,639,564,589,329	25,154,938,761,216	25,945,969,811,456	22,034,264,555,520	29,685,706,653,696	382,484,660	1,208,721,957	0	0
em-p-ihep51	20260626135814826000000	29	23,229,188,050,944	23,229,721,055,232	14,644,076,339,641	25,154,938,761,216	25,945,969,811,456	22,034,264,555,520	29,685,706,653,696	689,369,124	2,170,680,073	0	0
em-p-ihep51	20260626135824847000000	24	23,229,186,834,432	23,229,260,832,768	14,642,200,600,750	25,154,938,761,216	25,945,969,811,456	22,034,264,555,520	29,685,706,653,696	355,998,313	2,153,023,678	0	0
em-p-ihep51	20260626135834932000000	24	23,229,191,749,632	23,229,264,498,688	14,641,443,099,465	25,154,938,761,216	25,945,969,811,456	22,034,264,555,520	29,685,706,653,696	352,618,530	2,260,034,403	0	0
em-p-ihep51	20260626135844922000000	22	23,229,188,079,616	23,229,622,333,440	14,642,502,340,126	25,154,938,761,216	25,945,969,811,456	22,034,264,555,520	29,685,706,653,696	414,759,298	1,793,803,707	0	0
em-p-ihep51	20260626135855047000000	26	23,229,189,652,480	23,229,264,617,472	14,643,184,104,775	25,154,938,761,216	25,945,969,811,456	22,034,264,555,520	29,685,706,653,696	523,601,616	1,332,946,452	0	0
em-p-ihep51	20260626135905071000000	25	23,229,193,273,344	23,229,267,767,296	14,660,118,884,837	25,154,938,761,216	25,945,969,811,456	22,034,264,555,520	29,685,706,653,696	541,512,204	1,671,195,171	0	0
em-p-ihep51	20260626135915100000000	36	23,227,605,712,896	23,227,820,249,088	14,682,853,985,454	25,154,938,761,216	25,945,969,811,456	22,034,264,555,520	29,685,706,653,696	678,188,149	2,009,776,363	0	0
em-p-ihep51	20260626135925195000000	30	23,227,601,125,376	23,227,674,152,960	14,659,606,237,974	25,154,938,761,216	25,945,969,811,456	22,034,264,555,520	29,685,706,653,696	503,024,713	2,331,916,972	0	0
em-p-ihep51	20260626135935265000000	25	23,222,565,900,288	23,222,638,747,648	14,645,661,163,735	25,154,938,761,216	25,945,969,811,456	22,034,264,555,520	29,685,706,653,696	516,499,317	1,483,208,658	16,384	0
em-p-ihep51	20260626135945342000000	27	23,222,575,144,960	23,222,692,052,992	14,645,726,057,180	25,154,938,761,216	25,945,969,811,456	22,034,264,555,520	29,685,706,653,696	1,089,691,259	1,849,449,137	0	0
em-p-ihep51	20260626135955341000000	30	23,222,575,521,792	23,222,649,442,304	14,657,419,590,228	25,154,938,761,216	25,945,969,811,456	22,034,264,555,520	29,685,706,653,696	754,930,851	1,665,916,572	12,288	0
em-p-ihep51	20260626140005423000000	48	23,222,608,158,720	23,222,704,226,304	14,664,004,414,864	25,154,938,761,216	25,945,969,811,456	22,034,264,555,520	29,685,706,653,696	659,246,191	2,841,358,797	0	0
em-p-ihep51	20260626140015456000000	46	23,222,265,499,648	23,222,337,146,880	14,709,506,602,151	25,154,938,761,216	25,945,969,811,456	22,034,264,555,520	29,685,706,653,696	1,150,605,960	3,034,132,112	0	0
em-p-ihep51	20260626140025410000000	48	23,222,261,358,592	23,222,340,407,296	14,672,430,542,914	25,154,938,761,216	25,945,969,811,456	22,034,264,555,520	29,685,706,653,696	1,814,127,051	2,756,422,266	0	0
em-p-ihep51	20260626140035478000000	40	23,222,637,686,784	23,222,882,398,208	14,676,279,034,166	25,154,938,761,216	25,945,969,811,456	22,034,264,555,520	29,685,706,653,696	1,467,736,881	3,541,805,737	0	0
em-p-ihep51	20260626140045465000000	43	23,222,639,001,600	23,222,711,500,800	14,663,571,599,862	25,154,938,761,216	25,945,969,811,456	22,034,264,555,520	29,685,706,653,696	668,143,677	1,859,873,873	0	0
em-p-ihep51	20260626140055446000000	39	23,222,648,258,560	23,222,743,674,880	14,661,197,363,008	25,154,938,761,216	25,945,969,811,456	22,034,264,555,520	29,685,706,653,696	616,024,796	1,558,649,636	98,304	0
em-p-ihep51	20260626140105466000000	34	23,222,649,339,904	23,222,722,576,384	14,654,375,634,749	25,154,938,761,216	25,945,969,811,456	22,034,264,555,520	29,685,706,653,696	644,992,308	1,492,596,827	0	0
em-p-ihep51	20260626140115492000000	36	23,223,672,619,008	23,223,748,685,824	14,654,620,317,184	25,154,938,761,216	25,945,969,811,456	22,034,264,555,520	29,685,706,653,696	871,702,871	2,022,773,292	0	0
em-p-ihep51	20260626140125495000000	31	23,223,683,518,464	23,224,122,564,608	14,660,719,206,993	25,154,938,761,216	25,945,969,811,456	22,034,264,555,520	29,685,706,653,696	459,350,196	1,599,916,392	0	0
em-p-ihep51	20260626140135486000000	34	23,223,693,709,312	23,223,768,104,960	14,652,966,516,960	25,154,938,761,216	25,945,969,811,456	22,034,264,555,520	29,685,706,653,696	381,730,099	1,476,510,366	0	0
em-p-ihep51	20260626140145530000000	38	23,225,120,378,880	23,224,847,814,656	14,687,983,568,644	25,154,938,761,216	25,945,969,811,456	22,034,264,555,520	29,685,706,653,696	219,701,253	1,582,862,717	0	0
em-p-ihep51	20260626140155532000000	35	23,234,345,570,304	23,234,438,262,784	14,709,547,256,160	25,154,938,761,216	25,945,969,811,456	22,034,264,555,520	29,685,706,653,696	528,235,626	1,725,935,734	0	0
em-p-ihep51	20260626140205554000000	32	23,223,764,217,856	23,223,849,086,976	14,662,217,242,484	25,154,938,761,216	25,945,969,811,456	22,034,264,555,520	29,685,706,653,696	508,936,798	1,645,259,682	0	0
em-p-ihep51	20260626140215542000000	35	23,227,884,113,920	23,227,681,034,240	14,682,029,372,045	25,154,938,761,216	25,945,969,811,456	22,034,264,555,520	29,685,706,653,696	699,084,055	1,808,814,839	0	0
em-p-ihep51	20260626140225571000000	27	23,228,633,481,216	23,229,212,504,064	14,674,072,075,710	25,154,938,761,216	25,945,969,811,456	22,034,264,555,520	29,685,706,653,696	436,832,926	1,498,343,589	0	0
em-p-ihep51	20260626140235633000000	34	23,228,632,346,624	23,228,735,045,632	14,649,744,906,105	25,154,938,761,216	25,945,969,811,456	22,034,264,555,520	29,685,706,653,696	319,687,161	1,301,076,070	0	0
em-p-ihep51	20260626140245669000000	24	23,224,529,100,800	23,224,955,523,072	14,649,014,563,464	25,154,938,761,216	25,945,969,811,456	22,034,264,555,520	29,685,706,653,696	306,781,052	2,411,046,626	0	0
em-p-ihep51	20260626140255660000000	26	23,224,630,235,136	23,224,721,301,504	14,647,383,788,756	25,154,938,761,216	25,945,969,811,456	22,034,264,555,520	29,685,706,653,696	602,244,756	2,420,401,992	0	0
em-p-ihep51	20260626140305745000000	29	23,224,637,636,608	23,224,722,583,552	14,650,644,986,579	25,154,938,761,216	25,945,969,811,456	22,034,264,555,520	29,685,706,653,696	630,777,512	1,863,950,976	0	0
em-p-ihep51	20260626140315755000000	24	23,224,630,349,824	23,224,716,267,520	14,647,691,194,847	25,154,938,761,216	25,945,969,811,456	22,034,264,555,520	29,685,706,653,696	348,167,503	2,001,940,115	0	0
em-p-ihep51	20260626140325760000000	20	23,224,630,185,984	23,224,711,847,936	14,645,789,222,190	25,154,938,761,216	25,945,969,811,456	22,034,264,555,520	29,685,706,653,696	332,695,186	1,023,985,840	0	0
em-p-ihep51	20260626140335790000000	22	23,224,620,957,696	23,224,718,188,544	14,639,271,201,106	25,154,938,761,216	25,945,969,811,456	22,034,264,555,520	29,685,706,653,696	550,596,428	1,201,503,492	0	0
em-p-ihep51	20260626140345827000000	28	23,224,603,697,152	23,224,693,452,800	14,649,041,662,565	25,154,938,761,216	25,945,969,811,456	22,034,264,555,520	29,685,706,653,696	890,573,661	1,589,822,558	159,744	0
em-p-ihep51	20260626140355829000000	35	23,224,606,580,736	23,224,696,061,952	14,656,232,451,474	25,154,938,761,216	25,945,969,811,456	22,034,264,555,520	29,685,706,653,696	330,989,270	1,349,476,917	0	0
em-p-ihep51	20260626140405927000000	30	23,224,605,556,736	23,224,699,695,104	14,646,586,171,520	25,154,938,761,216	25,945,969,811,456	22,034,264,555,520	29,685,706,653,696	333,341,443	1,945,010,489	0	0
em-p-ihep51	20260626140416005000000	34	23,225,328,836,608	23,225,318,297,600	14,659,460,180,968	25,154,938,761,216	25,945,969,811,456	22,034,264,555,520	29,685,706,653,696	660,183,184	1,461,233,685	0	0
em-p-ihep51	20260626140426015000000	27	23,224,973,598,720	23,225,818,005,504	14,646,307,071,450	25,154,938,761,216	25,945,969,811,456	22,034,264,555,520	29,685,706,653,696	619,860,922	1,971,157,608	0	0
em-p-ihep51	20260626140436005000000	24	23,224,027,262,976	23,224,544,526,336	14,646,890,657,180	25,154,938,761,216	25,945,969,811,456	22,034,264,555,520	29,685,706,653,696	519,149,538	1,633,894,784	0	0
em-p-ihep51	20260626140446108000000	23	23,224,309,501,952	23,224,361,295,872	14,643,352,047,996	25,154,938,761,216	25,945,969,811,456	22,034,264,555,520	29,685,706,653,696	543,196,887	1,377,725,949	0	0
em-p-ihep51	20260626140456133000000	25	23,224,323,866,624	23,224,376,123,392	14,640,269,024,263	25,154,938,761,216	25,945,969,811,456	22,034,264,555,520	29,685,706,653,696	1,062,613,132	1,888,437,086	0	0
em-p-ihep51	20260626140506145000000	30	23,224,326,406,144	23,224,393,515,008	14,652,861,724,046	25,154,938,761,216	25,945,969,811,456	22,034,264,555,520	29,685,706,653,696	951,007,516	1,688,713,342	0	0
em-p-ihep51	20260626140516147000000	27	23,224,320,466,944	23,224,374,566,912	14,648,824,113,856	25,154,938,761,216	25,945,969,811,456	22,034,264,555,520	29,685,706,653,696	468,108,214	1,803,612,487	0	0
em-p-ihep51	20260626140526176000000	34	23,224,310,857,728	23,224,366,862,336	14,652,179,990,358	25,154,938,761,216	25,945,969,811,456	22,034,264,555,520	29,685,706,653,696	816,635,265	1,570,789,198	0	0
em-p-ihep51	20260626140536178000000	28	23,224,318,562,304	23,224,382,947,328	14,645,258,080,007	25,154,938,761,216	25,945,969,811,456	22,034,264,555,520	29,685,706,653,696	720,105,485	1,694,934,760	0	0
em-p-ihep51	20260626140546195000000	28	23,224,321,134,592	23,224,376,164,352	14,647,618,163,817	25,154,938,761,216	25,945,969,811,456	22,034,264,555,520	29,685,706,653,696	523,975,051	2,813,371,076	0	0
em-p-ihep51	20260626140556238000000	31	23,224,338,657,280	23,224,398,540,800	14,647,632,604,534	25,154,938,761,216	25,945,969,811,456	22,034,264,555,520	29,685,706,653,696	509,443,417	2,434,813,797	0	0
em-p-ihep51	20260626140606251000000	34	23,224,356,610,048	23,224,403,660,800	14,651,154,364,507	25,154,938,761,216	25,945,969,811,456	22,034,264,555,520	29,685,706,653,696	670,784,875	1,896,100,227	0	0
em-p-ihep51	20260626140616243000000	32	23,224,355,606,528	23,224,557,010,944	14,651,644,057,208	25,154,938,761,216	25,945,969,811,456	22,034,264,555,520	29,685,706,653,696	622,687,253	2,173,587,838	0	0
em-p-ihep51	20260626140626272000000	27	23,224,341,405,696	23,224,424,144,896	14,642,170,636,725	25,154,938,761,216	25,945,969,811,456	22,034,264,555,520	29,685,706,653,696	415,260,893	1,885,549,046	0	0
em-p-ihep51	20260626140636274000000	34	23,224,346,406,912	23,224,720,556,032	14,657,154,936,999	25,154,938,761,216	25,945,969,811,456	22,034,264,555,520	29,685,706,653,696	684,038,614	1,465,408,172	0	0
em-p-ihep51	20260626140646361000000	40	23,224,906,215,424	23,225,446,551,552	14,666,673,501,454	25,154,938,761,216	25,945,969,811,456	22,034,264,555,520	29,685,706,653,696	872,788,443	1,729,425,080	0	0
em-p-ihep51	20260626140656348000000	46	23,224,914,423,808	23,224,971,177,984	14,675,479,047,177	25,154,938,761,216	25,945,969,811,456	22,034,264,555,520	29,685,706,653,696	666,408,222	1,745,960,004	0	0
em-p-ihep51	20260626140706405000000	44	23,224,916,307,968	23,224,979,202,048	14,669,644,551,744	25,154,938,761,216	25,945,969,811,456	22,034,264,555,520	29,685,706,653,696	924,443,996	1,638,953,835	53,248	0
em-p-ihep51	20260626140716406000000	31	23,225,286,078,464	23,225,884,487,680	14,655,895,994,017	25,154,938,761,216	25,945,969,811,456	22,034,264,555,520	29,685,706,653,696	638,508,511	2,990,365,944	0	0
em-p-ihep51	20260626140726443000000	33	23,225,287,106,560	23,225,455,923,200	14,643,387,605,116	25,154,938,761,216	25,945,969,811,456	22,034,264,555,520	29,685,706,653,696	1,145,488,458	3,081,977,020	0	0
em-p-ihep51	20260626140736509000000	25	23,225,287,159,808	23,225,482,096,640	14,644,078,406,037	25,154,938,761,216	25,945,969,811,456	22,034,264,555,520	29,685,706,653,696	1,440,796,925	1,977,357,620	0	0
em-p-ihep51	20260626140746563000000	26	23,225,288,511,488	23,225,468,997,632	14,644,438,401,507	25,154,938,761,216	25,945,969,811,456	22,034,264,555,520	29,685,706,653,696	604,699,678	1,255,559,940	0	0
em-p-ihep51	20260626140756574000000	25	23,225,293,045,760	23,225,464,102,912	14,642,475,034,353	25,154,938,761,216	25,945,969,811,456	22,034,264,555,520	29,685,706,653,696	360,035,609	1,445,033,274	0	0
em-p-ihep51	20260626140806615000000	27	23,225,284,870,144	23,225,456,742,400	14,649,280,617,917	25,154,938,761,216	25,945,969,811,456	22,034,264,555,520	29,685,706,653,696	818,116,555	1,701,504,067	0	0
em-p-ihep51	20260626140816610000000	30	23,225,287,294,976	23,225,899,806,720	14,647,891,657,801	25,154,938,761,216	25,945,969,811,456	22,034,264,555,520	29,685,706,653,696	419,150,669	1,269,955,294	0	0
em-p-ihep51	20260626140826625000000	28	23,225,291,096,064	23,225,458,417,664	14,646,612,579,651	25,154,938,761,216	25,945,969,811,456	22,034,264,555,520	29,685,706,653,696	293,432,147	2,165,519,835	0	0
em-p-ihep51	20260626140836633000000	32	23,225,281,454,080	23,225,538,371,584	14,652,251,325,654	25,154,938,761,216	25,945,969,811,456	22,034,264,555,520	29,685,706,653,696	649,589,577	2,195,166,700	0	0
em-p-ihep51	20260626140846648000000	30	23,225,294,475,264	23,225,489,158,144	14,649,981,479,098	25,154,938,761,216	25,945,969,811,456	22,034,264,555,520	29,685,706,653,696	442,679,484	1,757,408,439	0	0
em-p-ihep51	20260626140856662000000	28	23,225,304,092,672	23,225,475,244,032	14,651,831,037,285	25,154,938,761,216	25,945,969,811,456	22,034,264,555,520	29,685,706,653,696	400,793,208	1,738,838,971	0	0
em-p-ihep51	20260626140906669000000	28	23,225,295,777,792	23,225,449,058,304	14,645,337,089,639	25,154,938,761,216	25,945,969,811,456	22,034,264,555,520	29,685,706,653,696	1,205,230,034	2,241,914,882	0	0
em-p-ihep51	20260626140916663000000	30	23,225,299,595,264	23,225,452,724,224	14,657,340,627,907	25,154,938,761,216	25,945,969,811,456	22,034,264,555,520	29,685,706,653,696	416,613,153	1,945,453,506	0	0
em-p-ihep51	20260626140926699000000	30	23,225,299,599,360	23,225,462,411,264	14,647,178,668,869	25,154,938,761,216	25,945,969,811,456	22,034,264,555,520	29,685,706,653,696	349,862,207	1,221,369,628	0	0
em-p-ihep51	20260626140936696000000	27	23,225,305,538,560	23,225,489,960,960	14,648,279,566,822	25,154,938,761,216	25,945,969,811,456	22,034,264,555,520	29,685,706,653,696	279,437,798	1,046,455,048	0	0
em-p-ihep51	20260626140946795000000	26	23,225,302,138,880	23,225,457,168,384	14,641,809,546,152	25,154,938,761,216	25,945,969,811,456	22,034,264,555,520	29,685,706,653,696	709,474,438	1,532,885,175	0	0
em-p-ihep51	20260626140956901000000	23	23,225,296,039,936	23,225,861,705,728	14,645,295,867,819	25,154,938,761,216	25,945,969,811,456	22,034,264,555,520	29,685,706,653,696	840,442,734	1,304,327,944	0	0
em-p-ihep51	20260626141006934000000	39	23,225,437,401,088	23,225,567,244,288	14,654,255,883,727	25,154,938,761,216	25,945,969,811,456	22,034,264,555,520	29,685,706,653,696	583,601,638	2,201,299,559	0	0
em-p-ihep51	20260626141016939000000	46	23,225,434,832,896	23,225,566,375,936	14,670,946,042,679	25,154,938,761,216	25,945,969,811,456	22,034,264,555,520	29,685,706,653,696	558,870,574	2,387,091,695	0	0
em-p-ihep51	20260626141026970000000	49	23,226,541,756,416	23,226,993,541,120	14,655,182,247,920	25,154,938,761,216	25,945,969,811,456	22,034,264,555,520	29,685,706,653,696	1,140,117,889	3,372,847,544	0	0
em-p-ihep51	20260626141037033000000	42	23,226,319,912,960	23,226,629,439,488	14,651,805,189,883	25,154,938,761,216	25,945,969,811,456	22,034,264,555,520	29,685,706,653,696	955,853,222	2,644,553,964	0	0
em-p-ihep51	20260626141046990000000	44	23,226,323,988,480	23,226,459,074,560	14,653,972,474,208	25,154,938,761,216	25,945,969,811,456	22,034,264,555,520	29,685,706,653,696	952,542,892	2,469,913,872	0	0
em-p-ihep51	20260626141057027000000	32	23,226,322,964,480	23,226,479,931,392	14,654,953,753,303	25,154,938,761,216	25,945,969,811,456	22,034,264,555,520	29,685,706,653,696	880,954,747	1,769,772,445	0	0
em-p-ihep51	20260626141107114000000	54	23,226,396,553,216	23,226,533,474,304	14,658,807,035,144	25,154,938,761,216	25,945,969,811,456	22,034,264,555,520	29,685,706,653,696	955,914,979	2,388,740,785	0	0
em-p-ihep51	20260626141117095000000	52	23,226,369,265,664	23,226,505,232,384	14,650,017,194,378	25,154,938,761,216	25,945,969,811,456	22,034,264,555,520	29,685,706,653,696	772,797,432	2,656,142,289	0	0
em-p-ihep51	20260626141127140000000	38	23,226,377,703,424	23,226,771,247,104	14,656,648,970,357	25,154,938,761,216	25,945,969,811,456	22,034,264,555,520	29,685,706,653,696	578,178,444	2,081,950,153	0	0
em-p-ihep51	20260626141137143000000	35	23,226,361,536,512	23,226,496,749,568	14,643,693,787,914	25,154,938,761,216	25,945,969,811,456	22,034,264,555,520	29,685,706,653,696	448,468,895	1,715,650,386	0	0
em-p-ihep51	20260626141147221000000	36	23,226,353,553,408	23,226,484,289,536	14,652,944,445,277	25,154,938,761,216	25,945,969,811,456	22,034,264,555,520	29,685,706,653,696	494,947,616	2,306,893,864	0	0
em-p-ihep51	20260626141157220000000	34	23,226,718,924,800	23,227,322,871,808	14,645,474,718,789	25,154,938,761,216	25,945,969,811,456	22,034,264,555,520	29,685,706,653,696	766,693,588	2,245,755,473	0	0
em-p-ihep51	20260626141207318000000	37	23,226,759,380,992	23,226,930,970,624	14,653,494,737,509	25,154,938,761,216	25,945,969,811,456	22,034,264,555,520	29,685,706,653,696	802,907,215	2,068,800,350	0	0
em-p-ihep51	20260626141217407000000	36	23,226,760,568,832	23,226,923,851,776	14,645,054,673,067	25,154,938,761,216	25,945,969,811,456	22,034,264,555,520	29,685,706,653,696	403,917,626	1,578,824,799	0	0
em-p-ihep51	20260626141227421000000	26	23,226,764,029,952	23,226,947,715,072	14,647,758,156,068	25,154,938,761,216	25,945,969,811,456	22,034,264,555,520	29,685,706,653,696	913,903,018	2,041,245,908	0	0
em-p-ihep51	20260626141237439000000	25	23,226,758,250,496	23,226,953,703,424	14,639,795,251,136	25,154,938,761,216	25,945,969,811,456	22,034,264,555,520	29,685,706,653,696	946,115,951	1,745,764,477	0	0
em-p-ihep51	20260626141247481000000	27	23,226,759,221,248	23,226,923,855,872	14,656,373,953,576	25,154,938,761,216	25,945,969,811,456	22,034,264,555,520	29,685,706,653,696	443,187,705	1,624,607,390	0	0
em-p-ihep51	20260626141257505000000	35	23,226,759,725,056	23,226,937,360,384	14,660,174,696,843	25,154,938,761,216	25,945,969,811,456	22,034,264,555,520	29,685,706,653,696	545,773,029	1,444,706,448	36,864	0
em-p-ihep51	20260626141307524000000	30	23,226,762,264,576	23,226,934,788,096	14,658,890,760,754	25,154,938,761,216	25,945,969,811,456	22,034,264,555,520	29,685,706,653,696	459,481,756	1,909,529,035	20,480	0
em-p-ihep51	20260626141317533000000	28	23,226,765,754,368	23,226,900,332,544	14,657,475,004,501	25,154,938,761,216	25,945,969,811,456	22,034,264,555,520	29,685,706,653,696	225,401,409	3,347,853,284	0	0
em-p-ihep51	20260626141327543000000	22	23,226,758,758,400	23,226,882,625,536	14,663,011,658,619	25,154,938,761,216	25,945,969,811,456	22,034,264,555,520	29,685,706,653,696	471,845,311	2,314,782,954	0	0
em-p-ihep51	20260626141337550000000	21	23,226,756,276,224	23,226,875,912,192	14,664,792,677,109	25,154,938,761,216	25,945,969,811,456	22,034,264,555,520	29,685,706,653,696	511,099,509	1,413,051,716	0	0
em-p-ihep51	20260626141347565000000	27	23,226,757,353,472	23,226,877,210,624	14,646,034,164,443	25,154,938,761,216	25,945,969,811,456	22,034,264,555,520	29,685,706,653,696	576,246,737	1,849,158,599	0	0
em-p-ihep51	20260626141357579000000	24	23,226,763,403,264	23,226,879,746,048	14,644,111,453,499	25,154,938,761,216	25,945,969,811,456	22,034,264,555,520	29,685,706,653,696	623,513,279	1,391,771,758	0	0
em-p-ihep51	20260626141407604000000	33	23,226,764,660,736	23,226,888,523,776	14,657,762,123,770	25,154,938,761,216	25,945,969,811,456	22,034,264,555,520	29,685,706,653,696	731,314,056	2,288,672,979	0	0
em-p-ihep51	20260626141417644000000	35	23,226,760,126,464	23,226,876,604,416	14,654,688,126,059	25,154,938,761,216	25,945,969,811,456	22,034,264,555,520	29,685,706,653,696	817,724,792	1,741,582,639	0	0
em-p-ihep51	20260626141427621000000	27	23,226,761,314,304	23,226,875,596,800	14,643,971,984,874	25,154,938,761,216	25,945,969,811,456	22,034,264,555,520	29,685,706,653,696	871,651,113	1,895,099,026	0	0
em-p-ihep51	20260626141437744000000	24	23,226,764,718,080	23,226,931,359,744	14,646,594,677,224	25,154,938,761,216	25,945,969,811,456	22,034,264,555,520	29,685,706,653,696	372,025,802	1,727,423,468	0	0
em-p-ihep51	20260626141447742000000	29	23,226,760,073,216	23,226,904,436,736	14,645,914,175,091	25,154,938,761,216	25,945,969,811,456	22,034,264,555,520	29,685,706,653,696	1,148,925,458	2,398,068,546	0	0
em-p-ihep51	20260626141457773000000	27	23,226,763,640,832	23,226,874,765,312	14,645,602,716,745	25,154,938,761,216	25,945,969,811,456	22,034,264,555,520	29,685,706,653,696	780,372,570	1,790,824,784	0	0
em-p-ihep51	20260626141507800000000	34	23,226,763,329,536	23,227,349,528,576	14,658,217,487,014	25,154,938,761,216	25,945,969,811,456	22,034,264,555,520	29,685,706,653,696	793,325,130	1,601,208,782	0	0
em-p-ihep51	20260626141517865000000	33	23,226,773,000,192	23,226,873,368,576	14,649,302,130,922	25,154,938,761,216	25,945,969,811,456	22,034,264,555,520	29,685,706,653,696	783,887,053	2,033,716,017	0	0
em-p-ihep51	20260626141527939000000	35	23,226,761,445,376	23,226,860,146,688	14,653,174,791,790	25,154,938,761,216	25,945,969,811,456	22,034,264,555,520	29,685,706,653,696	1,263,267,597	2,186,362,577	0	0
em-p-ihep51	20260626141537910000000	35	23,226,765,127,680	23,226,893,770,752	14,650,500,586,934	25,154,938,761,216	25,945,969,811,456	22,034,264,555,520	29,685,706,653,696	514,979,671	1,299,156,221	0	0
em-p-ihep51	20260626141547958000000	33	23,226,765,189,120	23,226,869,039,104	14,642,279,746,015	25,154,938,761,216	25,945,969,811,456	22,034,264,555,520	29,685,706,653,696	692,631,347	1,517,031,775	0	0
em-p-ihep51	20260626141557982000000	36	23,226,766,606,336	23,226,870,480,896	14,654,026,272,252	25,154,938,761,216	25,945,969,811,456	22,034,264,555,520	29,685,706,653,696	490,235,863	1,250,361,176	0	0
em-p-ihep51	20260626141607977000000	37	23,226,820,988,928	23,227,391,647,744	14,655,682,530,767	25,154,938,761,216	25,945,969,811,456	22,034,264,555,520	29,685,706,653,696	848,667,312	1,983,572,551	0	0
em-p-ihep51	20260626141617994000000	35	23,229,029,339,136	23,229,139,718,144	14,650,187,064,628	25,154,938,761,216	25,945,969,811,456	22,034,264,555,520	29,685,706,653,696	449,213,414	1,883,804,556	0	0
em-p-ihep51	20260626141628010000000	29	23,229,020,917,760	23,229,132,509,184	14,645,429,503,973	25,154,938,761,216	25,945,969,811,456	22,034,264,555,520	29,685,706,653,696	652,904,050	1,547,890,958	0	0
em-p-ihep51	20260626141638107000000	31	23,229,030,203,392	23,229,145,493,504	14,646,574,311,702	25,154,938,761,216	25,945,969,811,456	22,034,264,555,520	29,685,706,653,696	558,708,134	1,386,156,184	0	0
em-p-ihep51	20260626141648203000000	30	23,229,031,665,664	23,229,150,617,600	14,646,176,445,035	25,154,938,761,216	25,945,969,811,456	22,034,264,555,520	29,685,706,653,696	297,147,495	1,182,244,961	0	0
em-p-ihep51	20260626141658274000000	28	23,229,022,285,824	23,229,139,484,672	14,639,357,890,538	25,154,938,761,216	25,945,969,811,456	22,034,264,555,520	29,685,706,653,696	581,672,242	1,224,482,856	0	0
em-p-ihep51	20260626141708372000000	20	23,229,016,346,624	23,229,137,207,296	14,647,792,425,475	25,154,938,761,216	25,945,969,811,456	22,034,264,555,520	29,685,706,653,696	340,856,124	1,582,175,351	0	0
em-p-ihep51	20260626141718376000000	22	23,229,017,538,560	23,229,149,188,096	14,645,827,298,160	25,154,938,761,216	25,945,969,811,456	22,034,264,555,520	29,685,706,653,696	355,711,060	1,780,475,913	0	0
em-p-ihep51	20260626141728384000000	28	23,229,013,159,936	23,229,209,280,512	14,644,744,940,855	25,154,938,761,216	25,945,969,811,456	22,034,264,555,520	29,685,706,653,696	264,361,402	1,407,244,276	0	0
em-p-ihep51	20260626141738488000000	22	23,229,009,596,416	23,229,162,942,464	14,644,429,278,091	25,154,938,761,216	25,945,969,811,456	22,034,264,555,520	29,685,706,653,696	216,038,325	1,642,296,015	0	0
em-p-ihep51	20260626141748514000000	22	23,229,010,980,864	23,229,571,624,960	14,642,125,656,154	25,154,938,761,216	25,945,969,811,456	22,034,264,555,520	29,685,706,653,696	601,640,829	2,438,773,739	0	0
em-p-ihep51	20260626141758522000000	24	23,229,013,217,280	23,229,171,843,072	14,639,788,592,782	25,154,938,761,216	25,945,969,811,456	22,034,264,555,520	29,685,706,653,696	463,561,198	2,110,993,871	0	0
em-p-ihep51	20260626141808620000000	24	23,229,019,500,544	23,229,121,523,712	14,651,304,787,111	25,154,938,761,216	25,945,969,811,456	22,034,264,555,520	29,685,706,653,696	633,481,632	1,714,266,007	0	0
em-p-ihep51	20260626141818705000000	21	23,229,014,638,592	23,229,098,729,472	14,641,021,948,029	25,154,938,761,216	25,945,969,811,456	22,034,264,555,520	29,685,706,653,696	262,633,716	1,249,713,315	0	0
em-p-ihep51	20260626141828733000000	23	23,227,351,687,168	23,227,038,711,808	14,650,662,757,215	25,154,938,761,216	25,945,969,811,456	22,034,264,555,520	29,685,706,653,696	283,161,369	1,081,002,590	0	0
em-p-ihep51	20260626141838795000000	17	23,231,290,138,624	23,231,365,419,008	14,672,318,821,714	25,154,938,761,216	25,945,969,811,456	22,034,264,555,520	29,685,706,653,696	339,814,178	1,025,599,681	0	0
em-p-ihep51	20260626141848906000000	22	23,227,871,199,232	23,227,946,561,536	14,645,599,473,285	25,154,938,761,216	25,945,969,811,456	22,034,264,555,520	29,685,706,653,696	236,570,001	1,364,278,239	0	0
em-p-ihep51	20260626141858928000000	30	23,227,893,612,544	23,227,994,165,248	14,637,748,380,096	25,154,938,761,216	25,945,969,811,456	22,034,264,555,520	29,685,706,653,696	337,986,359	1,913,859,122	0	0
em-p-ihep51	20260626141908948000000	26	23,227,887,939,584	23,227,950,096,384	14,645,648,853,539	25,154,938,761,216	25,945,969,811,456	22,034,264,555,520	29,685,706,653,696	540,578,892	2,358,732,649	0	0
em-p-ihep51	20260626141919057000000	29	23,227,877,785,600	23,227,939,274,752	14,653,995,217,823	25,154,938,761,216	25,945,969,811,456	22,034,264,555,520	29,685,706,653,696	881,304,035	2,381,624,468	0	0
em-p-ihep51	20260626141929051000000	31	23,227,791,228,928	23,228,289,105,920	14,645,053,420,580	25,154,938,761,216	25,945,969,811,456	22,034,264,555,520	29,685,706,653,696	642,046,476	1,704,389,169	0	0
em-p-ihep51	20260626141939148000000	21	23,227,779,686,400	23,227,843,133,440	14,644,552,185,676	25,154,938,761,216	25,945,969,811,456	22,034,264,555,520	29,685,706,653,696	309,225,165	951,228,642	0	0
em-p-ihep51	20260626141949230000000	22	23,227,784,114,176	23,227,846,811,648	14,656,766,542,866	25,154,938,761,216	25,945,969,811,456	22,034,264,555,520	29,685,706,653,696	353,544,955	1,232,093,456	0	0
em-p-ihep51	20260626141959264000000	18	23,227,783,143,424	23,228,339,011,584	14,658,315,557,354	25,154,938,761,216	25,945,969,811,456	22,034,264,555,520	29,685,706,653,696	592,795,818	1,141,470,271	0	0
em-p-ihep51	20260626142009296000000	29	23,227,786,076,160	23,227,858,505,728	14,673,188,277,585	25,154,938,761,216	25,945,969,811,456	22,034,264,555,520	29,685,706,653,696	486,498,547	1,806,658,133	0	0
em-p-ihep51	20260626142019326000000	48	23,227,808,108,544	23,227,860,168,704	14,699,158,426,261	25,154,938,761,216	25,945,969,811,456	22,034,264,555,520	29,685,706,653,696	604,218,518	2,179,956,062	57,344	0
em-p-ihep51	20260626142029327000000	36	23,227,796,013,056	23,227,870,584,832	14,667,599,550,984	25,154,938,761,216	25,945,969,811,456	22,034,264,555,520	29,685,706,653,696	1,043,417,841	2,183,819,517	0	0
em-p-ihep51	20260626142039384000000	36	23,227,785,216,000	23,227,840,192,512	14,659,250,462,200	25,154,938,761,216	25,945,969,811,456	22,034,264,555,520	29,685,706,653,696	421,084,884	1,654,389,663	0	0
em-p-ihep51	20260626142049338000000	36	23,227,788,029,952	23,228,140,421,120	14,652,251,501,868	25,154,938,761,216	25,945,969,811,456	22,034,264,555,520	29,685,706,653,696	814,215,370	2,722,633,788	0	0
em-p-ihep51	20260626142059366000000	31	23,227,782,393,856	23,227,932,856,320	14,649,119,467,147	25,154,938,761,216	25,945,969,811,456	22,034,264,555,520	29,685,706,653,696	530,756,188	2,466,030,623	0	0
em-p-ihep51	20260626142109396000000	34	23,227,778,838,528	23,227,878,674,432	14,654,050,248,261	25,154,938,761,216	25,945,969,811,456	22,034,264,555,520	29,685,706,653,696	864,810,807	2,033,921,673	0	0
em-p-ihep51	20260626142119410000000	31	23,227,776,716,800	23,227,983,970,304	14,646,878,527,546	25,154,938,761,216	25,945,969,811,456	22,034,264,555,520	29,685,706,653,696	655,286,350	2,657,447,539	0	0
em-p-ihep51	20260626142129429000000	26	23,227,775,614,976	23,228,000,477,184	14,644,725,431,192	25,154,938,761,216	25,945,969,811,456	22,034,264,555,520	29,685,706,653,696	602,374,954	1,481,152,852	0	0
em-p-ihep51	20260626142139452000000	24	23,227,783,884,800	23,227,884,929,024	14,640,530,541,258	25,154,938,761,216	25,945,969,811,456	22,034,264,555,520	29,685,706,653,696	337,811,376	1,100,090,428	0	0
em-p-ihep51	20260626142149471000000	32	23,227,787,440,128	23,227,888,783,360	14,655,297,877,232	25,154,938,761,216	25,945,969,811,456	22,034,264,555,520	29,685,706,653,696	806,592,007	1,990,738,460	0	0
em-p-ihep51	20260626142159447000000	23	23,227,789,983,744	23,227,904,966,656	14,639,812,591,493	25,154,938,761,216	25,945,969,811,456	22,034,264,555,520	29,685,706,653,696	911,231,807	2,186,546,650	0	0
em-p-ihep51	20260626142209485000000	33	23,227,776,131,072	23,227,897,683,968	14,648,957,958,167	25,154,938,761,216	25,945,969,811,456	22,034,264,555,520	29,685,706,653,696	985,070,514	2,096,762,427	0	0
em-p-ihep51	20260626142219460000000	28	23,227,765,895,168	23,227,867,086,848	14,642,380,096,749	25,154,938,761,216	25,945,969,811,456	22,034,264,555,520	29,685,706,653,696	658,646,498	2,226,519,720	0	0
em-p-ihep51	20260626142229585000000	26	23,227,771,727,872	23,227,872,493,568	14,647,505,589,336	25,154,938,761,216	25,945,969,811,456	22,034,264,555,520	29,685,706,653,696	747,103,229	1,211,321,585	32,768	0
em-p-ihep51	20260626142239596000000	27	23,227,778,097,152	23,227,880,648,704	14,646,297,898,867	25,154,938,761,216	25,945,969,811,456	22,034,264,555,520	29,685,706,653,696	789,482,843	1,717,517,557	16,384	0
em-p-ihep51	20260626142249594000000	26	23,227,782,639,616	23,227,882,307,584	14,648,208,002,928	25,154,938,761,216	25,945,969,811,456	22,034,264,555,520	29,685,706,653,696	905,196,564	1,813,558,377	0	0
em-p-ihep51	20260626142259599000000	26	23,227,784,056,832	23,227,883,511,808	14,652,295,122,011	25,154,938,761,216	25,945,969,811,456	22,034,264,555,520	29,685,706,653,696	1,227,800,752	1,874,403,285	0	0
em-p-ihep51	20260626142309596000000	27	23,227,769,856,000	23,228,271,853,568	14,650,045,477,723	25,154,938,761,216	25,945,969,811,456	22,034,264,555,520	29,685,706,653,696	969,731,902	1,669,254,862	20,480	0
em-p-ihep51	20260626142319633000000	27	23,227,783,806,976	23,227,885,793,280	14,641,211,933,307	25,154,938,761,216	25,945,969,811,456	22,034,264,555,520	29,685,706,653,696	566,670,514	2,354,321,692	0	0
em-p-ihep51	20260626142329628000000	24	23,227,782,660,096	23,227,884,662,784	14,646,120,334,448	25,154,938,761,216	25,945,969,811,456	22,034,264,555,520	29,685,706,653,696	965,840,440	1,892,111,212	0	0
em-p-ihep51	20260626142339630000000	27	23,227,779,264,512	23,227,984,703,488	14,649,494,654,687	25,154,938,761,216	25,945,969,811,456	22,034,264,555,520	29,685,706,653,696	707,899,261	1,493,180,094	0	0
em-p-ihep51	20260626142349664000000	26	23,227,785,261,056	23,227,883,388,928	14,648,777,597,580	25,154,938,761,216	25,945,969,811,456	22,034,264,555,520	29,685,706,653,696	384,358,969	1,258,768,304	0	0
em-p-ihep51	20260626142359661000000	29	23,227,785,314,304	23,227,885,453,312	14,647,191,878,006	25,154,938,761,216	25,945,969,811,456	22,034,264,555,520	29,685,706,653,696	524,534,533	1,306,773,027	0	0
em-p-ihep51	20260626142409785000000	30	23,227,793,690,624	23,227,903,942,656	14,656,082,810,248	25,154,938,761,216	25,945,969,811,456	22,034,264,555,520	29,685,706,653,696	1,059,912,858	2,228,938,143	0	0
em-p-ihep51	20260626142419805000000	36	23,227,793,575,936	23,227,874,504,704	14,654,505,750,753	25,154,938,761,216	25,945,969,811,456	22,034,264,555,520	29,685,706,653,696	1,066,089,203	1,886,369,651	0	0
em-p-ihep51	20260626142429798000000	25	23,227,785,371,648	23,227,867,557,888	14,642,236,849,268	25,154,938,761,216	25,945,969,811,456	22,034,264,555,520	29,685,706,653,696	1,085,691,271	1,671,053,294	0	0
em-p-ihep51	20260626142439890000000	24	23,227,779,248,128	23,227,875,442,688	14,645,682,466,405	25,154,938,761,216	25,945,969,811,456	22,034,264,555,520	29,685,706,653,696	1,071,172,978	1,993,446,428	0	0
em-p-ihep51	20260626142449982000000	25	23,227,779,432,448	23,227,860,733,952	14,639,519,556,590	25,154,938,761,216	25,945,969,811,456	22,034,264,555,520	29,685,706,653,696	653,599,383	1,908,131,617	0	0
em-p-ihep51	20260626142500000000000	29	23,227,794,960,384	23,228,219,969,536	14,645,150,927,658	25,154,938,761,216	25,945,969,811,456	22,034,264,555,520	29,685,706,653,696	770,488,410	3,069,680,922	0	0
em-p-ihep51	20260626142510038000000	34	23,227,793,854,464	23,227,891,695,616	14,658,091,459,619	25,154,938,761,216	25,945,969,811,456	22,034,264,555,520	29,685,706,653,696	1,155,890,122	2,691,248,541	0	0
em-p-ihep51	20260626142520052000000	28	23,227,796,123,648	23,227,906,781,184	14,644,439,777,580	25,154,938,761,216	25,945,969,811,456	22,034,264,555,520	29,685,706,653,696	412,811,594	1,509,418,362	0	0
em-p-ihep51	20260626142530059000000	26	23,227,795,099,648	23,227,882,532,864	14,652,159,179,398	25,154,938,761,216	25,945,969,811,456	22,034,264,555,520	29,685,706,653,696	569,761,763	1,454,330,005	0	0
em-p-ihep51	20260626142540081000000	32	23,227,799,633,920	23,227,886,297,088	14,644,407,427,874	25,154,938,761,216	25,945,969,811,456	22,034,264,555,520	29,685,706,653,696	1,056,435,367	1,628,865,653	0	0
em-p-ihep51	20260626142550174000000	28	23,227,788,169,216	23,228,415,131,648	14,643,735,118,816	25,154,938,761,216	25,945,969,811,456	22,034,264,555,520	29,685,706,653,696	715,225,867	1,407,696,083	0	0
em-p-ihep51	20260626142600205000000	31	23,227,773,042,688	23,227,856,875,520	14,647,673,404,904	25,154,938,761,216	25,945,969,811,456	22,034,264,555,520	29,685,706,653,696	684,152,774	1,614,712,165	0	0
em-p-ihep51	20260626142610201000000	37	23,227,782,922,240	23,227,865,112,576	14,654,657,565,124	25,154,938,761,216	25,945,969,811,456	22,034,264,555,520	29,685,706,653,696	1,217,594,216	2,214,465,375	77,824	0
em-p-ihep51	20260626142620236000000	39	23,230,587,744,256	23,230,738,116,608	14,651,525,093,363	25,154,938,761,216	25,945,969,811,456	22,034,264,555,520	29,685,706,653,696	873,327,718	2,048,578,864	0	0
em-p-ihep51	20260626142630226000000	32	23,230,585,847,808	23,230,713,831,424	14,650,653,720,003	25,154,938,761,216	25,945,969,811,456	22,034,264,555,520	29,685,706,653,696	371,427,702	1,507,763,438	0	0
em-p-ihep51	20260626142640237000000	29	23,230,588,170,240	23,230,714,167,296	14,648,151,208,101	25,154,938,761,216	25,945,969,811,456	22,034,264,555,520	29,685,706,653,696	721,055,470	1,207,009,235	0	0
em-p-ihep51	20260626142650256000000	33	23,230,581,342,208	23,230,709,268,480	14,650,166,185,816	25,154,938,761,216	25,945,969,811,456	22,034,264,555,520	29,685,706,653,696	554,513,635	1,330,076,480	0	0
em-p-ihep51	20260626142700360000000	28	23,230,581,293,056	23,230,702,927,872	14,650,376,024,721	25,154,938,761,216	25,945,969,811,456	22,034,264,555,520	29,685,706,653,696	484,999,531	987,594,443	0	0
em-p-ihep51	20260626142710361000000	28	23,230,561,783,808	23,230,671,290,368	14,649,803,813,130	25,154,938,761,216	25,945,969,811,456	22,034,264,555,520	29,685,706,653,696	711,309,355	1,757,109,411	0	0
em-p-ihep51	20260626142720370000000	22	23,230,565,240,832	23,230,718,214,144	14,658,633,887,702	25,154,938,761,216	25,945,969,811,456	22,034,264,555,520	29,685,706,653,696	865,178,250	2,072,210,601	0	0
em-p-ihep51	20260626142730373000000	26	23,230,563,893,248	23,230,662,717,440	14,656,437,926,635	25,154,938,761,216	25,945,969,811,456	22,034,264,555,520	29,685,706,653,696	1,006,143,797	1,925,238,223	0	0
em-p-ihep51	20260626142740379000000	22	23,231,138,992,128	23,231,330,775,040	14,639,646,891,787	25,154,938,761,216	25,945,969,811,456	22,034,264,555,520	29,685,706,653,696	841,354,771	1,811,880,770	0	0
em-p-ihep51	20260626142750381000000	24	23,218,587,066,368	23,218,774,470,656	14,645,498,122,659	25,154,938,761,216	25,945,969,811,456	22,034,264,555,520	29,685,706,653,696	248,382,126	1,634,412,921	0	0
em-p-ihep51	20260626142800400000000	28	23,217,826,844,672	23,218,232,827,904	14,647,839,371,689	25,154,938,761,216	25,945,969,811,456	22,034,264,555,520	29,685,706,653,696	489,969,767	1,642,312,770	0	0
em-p-ihep51	20260626142810413000000	24	23,217,826,410,496	23,218,007,650,304	14,648,566,406,417	25,154,938,761,216	25,945,969,811,456	22,034,264,555,520	29,685,706,653,696	1,606,433,049	1,923,507,768	0	0
em-p-ihep51	20260626142820407000000	26	23,217,826,619,392	23,218,008,813,568	14,644,302,974,099	25,154,938,761,216	25,945,969,811,456	22,034,264,555,520	29,685,706,653,696	769,226,243	1,623,537,339	0	0
em-p-ihep51	20260626142830480000000	20	23,217,821,749,248	23,218,350,792,704	14,642,537,714,151	25,154,938,761,216	25,945,969,811,456	22,034,264,555,520	29,685,706,653,696	327,849,394	1,103,803,806	0	0
em-p-ihep51	20260626142840616000000	20	23,217,820,454,912	23,218,004,115,456	14,643,583,963,376	25,154,938,761,216	25,945,969,811,456	22,034,264,555,520	29,685,706,653,696	517,577,000	1,204,920,548	0	0
em-p-ihep51	20260626142850631000000	23	23,217,819,541,504	23,218,008,715,264	14,646,908,858,643	25,154,938,761,216	25,945,969,811,456	22,034,264,555,520	29,685,706,653,696	587,146,660	1,506,533,090	0	0
em-p-ihep51	20260626142900626000000	23	23,217,819,435,008	23,218,007,437,312	14,650,128,918,686	25,154,938,761,216	25,945,969,811,456	22,034,264,555,520	29,685,706,653,696	1,051,989,843	1,770,739,671	0	0
em-p-ihep51	20260626142910727000000	24	23,217,825,271,808	23,217,999,994,880	14,657,873,889,229	25,154,938,761,216	25,945,969,811,456	22,034,264,555,520	29,685,706,653,696	1,315,738,967	3,330,074,196	16,384	0
em-p-ihep51	20260626142920813000000	24	23,217,822,978,048	23,218,186,452,992	14,647,634,090,755	25,154,938,761,216	25,945,969,811,456	22,034,264,555,520	29,685,706,653,696	791,435,736	2,303,643,493	0	0
em-p-ihep51	20260626142930847000000	26	23,217,826,435,072	23,218,002,870,272	14,650,924,142,256	25,154,938,761,216	25,945,969,811,456	22,034,264,555,520	29,685,706,653,696	929,011,337	3,538,419,568	0	0
em-p-ihep51	20260626142940872000000	29	23,217,837,490,176	23,218,462,273,536	14,649,944,351,479	25,154,938,761,216	25,945,969,811,456	22,034,264,555,520	29,685,706,653,696	784,800,533	2,190,654,982	0	0
em-p-ihep51	20260626142950942000000	27	23,217,835,593,728	23,218,009,034,752	14,646,799,509,098	25,154,938,761,216	25,945,969,811,456	22,034,264,555,520	29,685,706,653,696	1,130,586,090	2,091,689,443	0	0
em-p-ihep51	20260626143000958000000	24	23,217,831,923,712	23,218,007,867,392	14,641,829,818,582	25,154,938,761,216	25,945,969,811,456	22,034,264,555,520	29,685,706,653,696	897,957,199	1,593,865,055	0	0
em-p-ihep51	20260626143011057000000	45	23,218,804,649,984	23,219,451,547,648	14,670,762,394,285	25,154,938,761,216	25,945,969,811,456	22,034,264,555,520	29,685,706,653,696	1,466,523,701	3,529,652,004	0	0
em-p-ihep51	20260626143021082000000	45	23,218,805,501,952	23,218,963,664,896	14,667,254,079,687	25,154,938,761,216	25,945,969,811,456	22,034,264,555,520	29,685,706,653,696	1,662,858,010	2,936,023,019	0	0
em-p-ihep51	20260626143031059000000	47	23,218,782,433,280	23,218,935,652,352	14,649,764,115,609	25,154,938,761,216	25,945,969,811,456	22,034,264,555,520	29,685,706,653,696	1,124,366,665	2,214,526,282	86,016	0
em-p-ihep51	20260626143041106000000	42	23,218,819,649,536	23,219,360,915,456	14,664,196,769,197	25,154,938,761,216	25,945,969,811,456	22,034,264,555,520	29,685,706,653,696	716,433,332	3,213,702,067	0	0
em-p-ihep51	20260626143051086000000	41	23,219,229,376,512	23,219,394,646,016	14,647,900,629,738	25,154,938,761,216	25,945,969,811,456	22,034,264,555,520	29,685,706,653,696	1,080,912,832	3,137,338,726	0	0
em-p-ihep51	20260626143101125000000	24	23,219,230,638,080	23,219,384,303,616	14,645,351,798,324	25,154,938,761,216	25,945,969,811,456	22,034,264,555,520	29,685,706,653,696	655,532,060	1,384,322,917	0	0
em-p-ihep51	20260626143111142000000	29	23,219,220,381,696	23,219,344,318,464	14,656,702,655,065	25,154,938,761,216	25,945,969,811,456	22,034,264,555,520	29,685,706,653,696	787,500,460	2,191,881,997	0	0
em-p-ihep51	20260626143121143000000	27	23,219,221,463,040	23,219,326,648,320	14,647,178,614,214	25,154,938,761,216	25,945,969,811,456	22,034,264,555,520	29,685,706,653,696	803,416,123	2,498,606,602	0	0
em-p-ihep51	20260626143131238000000	24	23,219,226,050,560	23,219,333,947,392	14,648,673,848,350	25,154,938,761,216	25,945,969,811,456	22,034,264,555,520	29,685,706,653,696	554,648,497	1,231,376,422	0	0
em-p-ihep51	20260626143141344000000	29	23,219,225,100,288	23,219,485,249,536	14,652,338,849,396	25,154,938,761,216	25,945,969,811,456	22,034,264,555,520	29,685,706,653,696	458,711,827	1,272,023,764	0	0
em-p-ihep51	20260626143151347000000	26	23,219,230,314,496	23,219,329,720,320	14,647,242,477,738	25,154,938,761,216	25,945,969,811,456	22,034,264,555,520	29,685,706,653,696	582,773,774	1,327,895,694	0	0
em-p-ihep51	20260626143201364000000	25	23,219,238,584,320	23,219,337,990,144	14,648,659,118,582	25,154,938,761,216	25,945,969,811,456	22,034,264,555,520	29,685,706,653,696	492,102,096	1,757,566,105	0	0
em-p-ihep51	20260626143211452000000	25	23,219,230,208,000	23,219,373,498,368	14,649,616,098,651	25,154,938,761,216	25,945,969,811,456	22,034,264,555,520	29,685,706,653,696	524,697,551	1,659,402,508	0	0
em-p-ihep51	20260626143221441000000	24	23,219,233,828,864	23,219,316,301,824	14,644,160,544,059	25,154,938,761,216	25,945,969,811,456	22,034,264,555,520	29,685,706,653,696	510,853,599	1,662,489,812	0	0
em-p-ihep51	20260626143231544000000	27	23,219,237,064,704	23,219,318,886,400	14,646,652,491,296	25,154,938,761,216	25,945,969,811,456	22,034,264,555,520	29,685,706,653,696	412,457,075	1,659,376,420	8,192	0
em-p-ihep51	20260626143241644000000	23	23,219,234,963,456	23,219,319,648,256	14,645,023,062,982	25,154,938,761,216	25,945,969,811,456	22,034,264,555,520	29,685,706,653,696	371,678,986	1,354,957,704	45,056	0
em-p-ihep51	20260626143251750000000	24	23,219,235,422,208	23,219,321,597,952	14,641,154,832,549	25,154,938,761,216	25,945,969,811,456	22,034,264,555,520	29,685,706,653,696	535,286,270	1,640,901,358	45,056	0
em-p-ihep51	20260626143301809000000	22	23,219,235,422,208	23,219,319,783,424	14,642,097,833,489	25,154,938,761,216	25,945,969,811,456	22,034,264,555,520	29,685,706,653,696	722,086,319	1,667,580,964	0	0
em-p-ihep51	20260626143311750000000	22	23,219,234,492,416	23,219,321,643,008	14,652,322,897,879	25,154,938,761,216	25,945,969,811,456	22,034,264,555,520	29,685,706,653,696	559,276,052	1,651,254,552	0	0
em-p-ihep51	20260626143321777000000	23	23,219,233,198,080	23,219,328,724,992	14,642,345,481,165	25,154,938,761,216	25,945,969,811,456	22,034,264,555,520	29,685,706,653,696	517,551,411	2,101,427,447	0	0
em-p-ihep51	20260626143331876000000	21	23,219,236,958,208	23,219,321,622,528	14,647,975,301,224	25,154,938,761,216	25,945,969,811,456	22,034,264,555,520	29,685,706,653,696	648,236,483	2,835,107,572	0	0
em-p-ihep51	20260626143341877000000	23	23,219,231,019,008	23,219,657,383,936	14,642,792,744,178	25,154,938,761,216	25,945,969,811,456	22,034,264,555,520	29,685,706,653,696	785,862,240	2,846,062,284	0	0
em-p-ihep51	20260626143351972000000	23	23,219,262,910,464	23,219,889,934,336	14,641,925,378,610	25,154,938,761,216	25,945,969,811,456	22,034,264,555,520	29,685,706,653,696	722,305,867	1,711,895,184	0	0
em-p-ihep51	20260626143401985000000	24	23,219,283,771,392	23,219,369,000,960	14,646,260,972,509	25,154,938,761,216	25,945,969,811,456	22,034,264,555,520	29,685,706,653,696	1,101,852,701	2,253,014,671	0	0
em-p-ihep51	20260626143411989000000	25	23,219,283,828,736	23,219,368,140,800	14,655,310,057,868	25,154,938,761,216	25,945,969,811,456	22,034,264,555,520	29,685,706,653,696	882,183,195	1,533,199,132	0	0
em-p-ihep51	20260626143421992000000	24	23,219,288,690,688	23,219,417,182,208	14,641,679,857,510	25,154,938,761,216	25,945,969,811,456	22,034,264,555,520	29,685,706,653,696	873,760,530	1,607,850,839	0	0
em-p-ihep51	20260626143432087000000	21	23,219,287,392,256	23,219,369,058,304	14,642,307,167,717	25,154,938,761,216	25,945,969,811,456	22,034,264,555,520	29,685,706,653,696	671,428,956	1,386,797,470	0	0
em-p-ihep51	20260626143442193000000	22	23,219,276,595,200	23,219,359,707,136	14,640,752,894,907	25,154,938,761,216	25,945,969,811,456	22,034,264,555,520	29,685,706,653,696	597,071,058	1,360,478,205	0	0
em-p-ihep51	20260626143452225000000	24	23,219,276,759,040	23,219,614,715,904	14,641,597,560,538	25,154,938,761,216	25,945,969,811,456	22,034,264,555,520	29,685,706,653,696	608,447,286	1,949,743,977	0	0
em-p-ihep51	20260626143502225000000	26	23,219,276,574,720	23,219,831,029,760	14,640,586,212,771	25,154,938,761,216	25,945,969,811,456	22,034,264,555,520	29,685,706,653,696	1,446,404,511	3,787,733,028	0	0
em-p-ihep51	20260626143512253000000	34	23,219,263,643,648	23,219,360,182,272	14,660,391,925,103	25,154,938,761,216	25,945,969,811,456	22,034,264,555,520	29,685,706,653,696	1,063,325,183	2,861,341,648	114,688	0
em-p-ihep51	20260626143522222000000	36	23,219,274,891,264	23,219,365,117,952	14,648,553,406,091	25,154,938,761,216	25,945,969,811,456	22,034,264,555,520	29,685,706,653,696	693,218,952	1,726,001,682	12,288	0
em-p-ihep51	20260626143532259000000	37	23,219,276,300,288	23,219,370,393,600	14,646,437,237,783	25,154,938,761,216	25,945,969,811,456	22,034,264,555,520	29,685,706,653,696	512,012,132	1,353,827,299	0	0
em-p-ihep51	20260626143542271000000	32	23,219,267,448,832	23,219,373,809,664	14,645,183,136,050	25,154,938,761,216	25,945,969,811,456	22,034,264,555,520	29,685,706,653,696	583,086,574	1,232,207,036	0	0
em-p-ihep51	20260626143552282000000	31	23,219,262,541,824	23,219,908,485,120	14,643,890,565,570	25,154,938,761,216	25,945,969,811,456	22,034,264,555,520	29,685,706,653,696	494,547,242	1,302,275,900	49,152	0
em-p-ihep51	20260626143602399000000	35	23,219,259,600,896	23,219,445,465,088	14,646,939,247,674	25,154,938,761,216	25,945,969,811,456	22,034,264,555,520	29,685,706,653,696	740,489,585	1,683,695,113	0	0
em-p-ihep51	20260626143612374000000	39	23,219,338,117,120	23,219,418,120,192	14,655,981,944,695	25,154,938,761,216	25,945,969,811,456	22,034,264,555,520	29,685,706,653,696	1,042,203,839	1,838,704,446	0	0
em-p-ihep51	20260626143622422000000	46	23,219,367,010,304	23,219,585,572,864	14,657,919,265,824	25,154,938,761,216	25,945,969,811,456	22,034,264,555,520	29,685,706,653,696	411,231,140	2,944,932,314	0	0
em-p-ihep51	20260626143632429000000	39	23,219,363,524,608	23,219,719,192,576	14,650,872,365,409	25,154,938,761,216	25,945,969,811,456	22,034,264,555,520	29,685,706,653,696	893,530,478	2,662,109,864	0	0
em-p-ihep51	20260626143642462000000	41	23,219,373,465,600	23,219,458,498,560	14,652,620,962,907	25,154,938,761,216	25,945,969,811,456	22,034,264,555,520	29,685,706,653,696	1,195,964,509	3,570,001,100	77,824	0
em-p-ihep51	20260626143652424000000	38	23,219,374,546,944	23,219,463,098,368	14,653,992,032,332	25,154,938,761,216	25,945,969,811,456	22,034,264,555,520	29,685,706,653,696	642,834,738	1,869,703,901	0	0
em-p-ihep51	20260626143702465000000	34	23,219,471,728,640	23,219,572,097,024	14,644,192,323,426	25,154,938,761,216	25,945,969,811,456	22,034,264,555,520	29,685,706,653,696	724,443,824	1,912,970,534	0	0
em-p-ihep51	20260626143712436000000	32	23,219,476,840,448	23,219,699,384,320	14,651,548,876,174	25,154,938,761,216	25,945,969,811,456	22,034,264,555,520	29,685,706,653,696	856,375,276	2,119,210,021	0	0
em-p-ihep51	20260626143722445000000	28	23,219,479,076,864	23,219,558,932,480	14,653,519,339,886	25,154,938,761,216	25,945,969,811,456	22,034,264,555,520	29,685,706,653,696	947,248,077	2,488,107,935	0	0
em-p-ihep51	20260626143732458000000	30	23,219,473,551,360	23,219,595,046,912	14,647,721,331,428	25,154,938,761,216	25,945,969,811,456	22,034,264,555,520	29,685,706,653,696	897,692,095	1,847,271,453	102,400	0
em-p-ihep51	20260626143742479000000	29	23,219,467,829,248	23,219,554,447,360	14,648,158,218,553	25,154,938,761,216	25,945,969,811,456	22,034,264,555,520	29,685,706,653,696	1,470,098,268	2,032,856,898	0	0
em-p-ihep51	20260626143752496000000	27	23,219,472,371,712	23,219,641,516,032	14,643,276,963,063	25,154,938,761,216	25,945,969,811,456	22,034,264,555,520	29,685,706,653,696	853,607,748	3,070,929,384	0	0
em-p-ihep51	20260626143802490000000	27	23,219,479,228,416	23,219,993,894,912	14,648,132,811,038	25,154,938,761,216	25,945,969,811,456	22,034,264,555,520	29,685,706,653,696	563,212,032	1,801,823,533	0	0
em-p-ihep51	20260626143812504000000	33	23,219,482,271,744	23,219,643,764,736	14,658,583,177,372	25,154,938,761,216	25,945,969,811,456	22,034,264,555,520	29,685,706,653,696	916,335,141	2,173,658,129	0	0
em-p-ihep51	20260626143822503000000	33	23,219,475,861,504	23,219,561,525,248	14,654,839,711,828	25,154,938,761,216	25,945,969,811,456	22,034,264,555,520	29,685,706,653,696	581,065,876	1,267,096,356	0	0
em-p-ihep51	20260626143832537000000	27	23,219,484,024,832	23,219,582,181,376	14,641,737,737,512	25,154,938,761,216	25,945,969,811,456	22,034,264,555,520	29,685,706,653,696	702,969,684	1,511,360,721	0	0
em-p-ihep51	20260626143842530000000	21	23,219,474,415,616	23,219,550,347,264	14,668,972,269,135	25,154,938,761,216	25,945,969,811,456	22,034,264,555,520	29,685,706,653,696	800,589,499	1,245,903,189	0	0
em-p-ihep51	20260626143852650000000	28	23,218,821,218,304	23,218,975,830,016	14,670,153,605,623	25,154,938,761,216	25,945,969,811,456	22,034,264,555,520	29,685,706,653,696	314,644,538	2,803,746,813	0	0
em-p-ihep51	20260626143902668000000	31	23,219,444,842,496	23,220,014,116,864	14,660,211,335,671	25,154,938,761,216	25,945,969,811,456	22,034,264,555,520	29,685,706,653,696	535,981,611	1,908,959,634	0	0
em-p-ihep51	20260626143912677000000	35	23,218,105,409,536	23,218,178,232,320	14,656,749,914,409	25,154,938,761,216	25,945,969,811,456	22,034,264,555,520	29,685,706,653,696	537,788,207	2,544,479,210	0	0
em-p-ihep51	20260626143922699000000	31	23,219,045,335,040	23,218,681,524,224	14,663,805,767,141	25,154,938,761,216	25,945,969,811,456	22,034,264,555,520	29,685,706,653,696	1,117,203,302	2,561,743,108	0	0
em-p-ihep51	20260626143932681000000	30	23,217,321,795,584	23,217,804,550,144	14,640,726,327,975	25,154,938,761,216	25,945,969,811,456	22,034,264,555,520	29,685,706,653,696	780,032,315	2,063,438,736	0	0
em-p-ihep51	20260626143942688000000	24	23,217,302,843,392	23,217,374,220,288	14,645,327,596,608	25,154,938,761,216	25,945,969,811,456	22,034,264,555,520	29,685,706,653,696	634,430,196	1,478,268,027	0	0
em-p-ihep51	20260626143952706000000	23	23,217,295,843,328	23,217,371,660,288	14,646,541,143,858	25,154,938,761,216	25,945,969,811,456	22,034,264,555,520	29,685,706,653,696	465,280,766	1,409,855,606	0	0
em-p-ihep51	20260626144002725000000	33	23,217,278,414,848	23,217,356,009,472	14,641,258,414,750	25,154,938,761,216	25,945,969,811,456	22,034,264,555,520	29,685,706,653,696	1,327,175,028	2,141,805,571	45,056	0
em-p-ihep51	20260626144012747000000	49	23,217,612,521,472	23,218,123,780,096	14,681,479,577,768	25,154,938,761,216	25,945,969,811,456	22,034,264,555,520	29,685,706,653,696	1,402,625,086	3,125,652,291	0	0
em-p-ihep51	20260626144022793000000	45	23,217,678,360,576	23,217,753,616,384	14,690,907,019,612	25,154,938,761,216	25,945,969,811,456	22,034,264,555,520	29,685,706,653,696	1,220,262,586	2,154,889,327	0	0
em-p-ihep51	20260626144032777000000	40	23,217,675,051,008	23,217,898,962,944	14,661,101,497,421	25,154,938,761,216	25,945,969,811,456	22,034,264,555,520	29,685,706,653,696	623,408,082	2,934,163,930	0	0
em-p-ihep51	20260626144042785000000	34	23,219,356,618,752	23,219,452,829,696	14,670,569,381,401	25,154,938,761,216	25,945,969,811,456	22,034,264,555,520	29,685,706,653,696	312,482,079	1,091,375,761	0	0
em-p-ihep51	20260626144052828000000	31	23,217,589,719,040	23,217,723,920,384	14,677,140,801,014	25,154,938,761,216	25,945,969,811,456	22,034,264,555,520	29,685,706,653,696	592,946,802	1,911,192,132	0	0
em-p-ihep51	20260626144102827000000	37	23,212,713,226,240	23,212,809,383,936	14,659,462,915,857	25,154,938,761,216	25,945,969,811,456	22,034,264,555,520	29,685,706,653,696	434,451,824	1,639,007,452	0	0
em-p-ihep51	20260626144112828000000	35	23,205,985,116,160	23,206,084,079,616	14,661,633,304,978	25,154,938,761,216	25,945,969,811,456	22,034,264,555,520	29,685,706,653,696	611,108,401	1,932,020,839	0	0
em-p-ihep51	20260626144122865000000	40	23,198,502,653,952	23,198,594,260,992	14,662,116,719,703	25,154,938,761,216	25,945,969,811,456	22,034,264,555,520	29,685,706,653,696	677,235,444	1,754,714,988	0	0
em-p-ihep51	20260626144132871000000	32	23,193,907,462,144	23,194,003,054,592	14,659,211,842,668	25,154,938,761,216	25,945,969,811,456	22,034,264,555,520	29,685,706,653,696	657,734,626	1,324,822,646	184,320	0
em-p-ihep51	20260626144142864000000	32	23,193,898,602,496	23,193,994,162,176	14,649,351,191,676	25,154,938,761,216	25,945,969,811,456	22,034,264,555,520	29,685,706,653,696	610,203,740	1,581,916,105	0	0
em-p-ihep51	20260626144152907000000	38	23,193,898,541,056	23,193,990,930,432	14,654,444,505,460	25,154,938,761,216	25,945,969,811,456	22,034,264,555,520	29,685,706,653,696	344,671,257	1,394,828,156	0	0
em-p-ihep51	20260626144202896000000	30	23,193,901,264,896	23,193,997,520,896	14,651,183,248,983	25,154,938,761,216	25,945,969,811,456	22,034,264,555,520	29,685,706,653,696	619,775,294	1,608,823,677	0	0
em-p-ihep51	20260626144212957000000	38	23,193,900,003,328	23,194,008,035,328	14,657,107,141,314	25,154,938,761,216	25,945,969,811,456	22,034,264,555,520	29,685,706,653,696	735,100,789	1,778,971,111	0	0
em-p-ihep51	20260626144222934000000	33	23,193,938,116,608	23,194,050,686,976	14,654,135,436,844	25,154,938,761,216	25,945,969,811,456	22,034,264,555,520	29,685,706,653,696	623,604,266	2,583,902,682	0	0
em-p-ihep51	20260626144233009000000	30	23,193,942,872,064	23,194,021,740,544	14,646,587,361,225	25,154,938,761,216	25,945,969,811,456	22,034,264,555,520	29,685,706,653,696	602,252,054	2,076,469,829	0	0
em-p-ihep51	20260626144243112000000	30	23,193,943,896,064	23,194,434,740,224	14,646,382,581,413	25,154,938,761,216	25,945,969,811,456	22,034,264,555,520	29,685,706,653,696	825,103,763	1,802,249,346	0	0
em-p-ihep51	20260626144253109000000	26	23,193,935,888,384	23,194,033,745,920	14,647,361,559,599	25,154,938,761,216	25,945,969,811,456	22,034,264,555,520	29,685,706,653,696	729,286,859	2,625,091,561	0	0
em-p-ihep51	20260626144303220000000	23	23,193,940,844,544	23,194,020,397,056	14,644,691,160,112	25,154,938,761,216	25,945,969,811,456	22,034,264,555,520	29,685,706,653,696	629,685,356	2,317,136,068	0	0
em-p-ihep51	20260626144313313000000	29	23,193,959,632,896	23,194,231,619,584	14,648,980,265,764	25,154,938,761,216	25,945,969,811,456	22,034,264,555,520	29,685,706,653,696	1,477,244,232	2,575,000,404	0	0
em-p-ihep51	20260626144323388000000	21	23,193,956,941,824	23,194,036,424,704	14,647,335,204,810	25,154,938,761,216	25,945,969,811,456	22,034,264,555,520	29,685,706,653,696	804,263,535	2,138,434,939	0	0
em-p-ihep51	20260626144333422000000	31	23,193,956,356,096	23,194,035,982,336	14,643,313,188,426	25,154,938,761,216	25,945,969,811,456	22,034,264,555,520	29,685,706,653,696	843,264,405	2,050,753,244	0	0
em-p-ihep51	20260626144343395000000	27	23,193,950,306,304	23,194,467,926,016	14,648,107,655,244	25,154,938,761,216	25,945,969,811,456	22,034,264,555,520	29,685,706,653,696	1,112,976,363	2,019,736,517	0	0
em-p-ihep51	20260626144353514000000	25	23,193,954,795,520	23,194,036,449,280	14,647,574,876,477	25,154,938,761,216	25,945,969,811,456	22,034,264,555,520	29,685,706,653,696	598,133,047	2,524,110,139	0	0
em-p-ihep51	20260626144403603000000	24	23,193,961,000,960	23,194,038,943,744	14,643,703,484,625	25,154,938,761,216	25,945,969,811,456	22,034,264,555,520	29,685,706,653,696	412,581,213	2,427,070,653	0	0
em-p-ihep51	20260626144413687000000	29	23,194,878,275,584	23,195,004,387,328	14,664,156,962,542	25,154,938,761,216	25,945,969,811,456	22,034,264,555,520	29,685,706,653,696	666,252,647	2,077,237,282	0	0
em-p-ihep51	20260626144423690000000	28	23,194,883,137,536	23,194,964,033,536	14,649,855,715,705	25,154,938,761,216	25,945,969,811,456	22,034,264,555,520	29,685,706,653,696	573,156,621	1,856,003,320	0	0
em-p-ihep51	20260626144433707000000	25	23,194,878,513,152	23,194,987,225,088	14,648,899,993,966	25,154,938,761,216	25,945,969,811,456	22,034,264,555,520	29,685,706,653,696	1,001,053,778	2,495,048,088	0	0
em-p-ihep51	20260626144443701000000	23	23,194,876,137,472	23,194,954,829,824	14,649,764,731,800	25,154,938,761,216	25,945,969,811,456	22,034,264,555,520	29,685,706,653,696	1,022,579,832	2,754,902,450	0	0
em-p-ihep51	20260626144453718000000	29	23,194,873,761,792	23,195,322,314,752	14,653,093,707,433	25,154,938,761,216	25,945,969,811,456	22,034,264,555,520	29,685,706,653,696	1,118,809,589	1,951,802,412	0	0
em-p-ihep51	20260626144503754000000	31	23,194,883,428,352	23,194,962,341,888	14,656,083,195,706	25,154,938,761,216	25,945,969,811,456	22,034,264,555,520	29,685,706,653,696	1,053,293,592	2,370,178,557	0	0
em-p-ihep51	20260626144513750000000	42	23,195,484,065,792	23,195,568,672,768	14,673,622,447,745	25,154,938,761,216	25,945,969,811,456	22,034,264,555,520	29,685,706,653,696	1,141,479,520	3,219,171,155	0	0
em-p-ihep51	20260626144523760000000	29	23,195,471,429,632	23,195,571,351,552	14,646,557,650,182	25,154,938,761,216	25,945,969,811,456	22,034,264,555,520	29,685,706,653,696	1,151,532,667	3,077,533,587	0	0
em-p-ihep51	20260626144533792000000	32	23,195,465,383,936	23,195,552,501,760	14,656,704,189,775	25,154,938,761,216	25,945,969,811,456	22,034,264,555,520	29,685,706,653,696	729,790,417	2,451,230,974	0	0
em-p-ihep51	20260626144543787000000	30	23,195,445,321,728	23,195,532,767,232	14,646,187,748,561	25,154,938,761,216	25,945,969,811,456	22,034,264,555,520	29,685,706,653,696	986,258,200	1,805,605,971	0	0
em-p-ihep51	20260626144553834000000	29	23,195,449,491,456	23,195,673,726,976	14,648,531,392,029	25,154,938,761,216	25,945,969,811,456	22,034,264,555,520	29,685,706,653,696	1,342,631,043	2,423,650,494	0	0
em-p-ihep51	20260626144603834000000	37	23,195,454,189,568	23,195,550,613,504	14,654,376,559,489	25,154,938,761,216	25,945,969,811,456	22,034,264,555,520	29,685,706,653,696	691,635,242	1,797,457,762	0	0
em-p-ihep51	20260626144613893000000	33	23,195,441,537,024	23,195,709,386,752	14,655,166,631,658	25,154,938,761,216	25,945,969,811,456	22,034,264,555,520	29,685,706,653,696	694,044,489	3,233,791,489	0	0
em-p-ihep51	20260626144623923000000	33	23,195,447,435,264	23,195,547,799,552	14,648,744,239,820	25,154,938,761,216	25,945,969,811,456	22,034,264,555,520	29,685,706,653,696	609,232,426	1,455,725,719	0	0
em-p-ihep51	20260626144633935000000	25	23,195,443,658,752	23,195,530,756,096	14,648,220,957,217	25,154,938,761,216	25,945,969,811,456	22,034,264,555,520	29,685,706,653,696	515,821,142	1,494,450,821	0	0
em-p-ihep51	20260626144644009000000	38	23,196,203,364,352	23,196,692,455,424	14,651,106,465,043	25,154,938,761,216	25,945,969,811,456	22,034,264,555,520	29,685,706,653,696	715,073,535	2,726,060,125	0	0
em-p-ihep51	20260626144654002000000	36	23,196,203,343,872	23,196,773,453,824	14,650,166,820,223	25,154,938,761,216	25,945,969,811,456	22,034,264,555,520	29,685,706,653,696	708,927,994	2,141,898,516	0	0
em-p-ihep51	20260626144703985000000	31	23,196,204,838,912	23,196,280,156,160	14,647,490,203,325	25,154,938,761,216	25,945,969,811,456	22,034,264,555,520	29,685,706,653,696	1,069,480,380	2,444,651,569	0	0
em-p-ihep51	20260626144714001000000	38	23,196,192,219,136	23,196,276,432,896	14,658,935,238,637	25,154,938,761,216	25,945,969,811,456	22,034,264,555,520	29,685,706,653,696	1,267,883,161	2,996,341,801	0	0
em-p-ihep51	20260626144724054000000	38	23,196,186,628,096	23,196,551,983,104	14,656,712,627,716	25,154,938,761,216	25,945,969,811,456	22,034,264,555,520	29,685,706,653,696	1,183,867,286	2,900,762,235	0	0
em-p-ihep51	20260626144734126000000	29	23,196,193,861,632	23,196,603,785,216	14,647,804,264,663	25,154,938,761,216	25,945,969,811,456	22,034,264,555,520	29,685,706,653,696	870,060,384	3,535,353,539	20,480	0
em-p-ihep51	20260626144744124000000	32	23,196,194,230,272	23,196,257,755,136	14,647,509,779,025	25,154,938,761,216	25,945,969,811,456	22,034,264,555,520	29,685,706,653,696	1,459,857,201	3,223,614,639	0	0
em-p-ihep51	20260626144754243000000	26	23,196,186,562,560	23,196,353,175,552	14,640,371,806,952	25,154,938,761,216	25,945,969,811,456	22,034,264,555,520	29,685,706,653,696	1,064,134,112	2,215,459,332	0	0
em-p-ihep51	20260626144804268000000	25	23,196,187,643,904	23,196,330,049,536	14,646,141,913,555	25,154,938,761,216	25,945,969,811,456	22,034,264,555,520	29,685,706,653,696	593,628,731	1,994,566,187	0	0
em-p-ihep51	20260626144814341000000	21	23,196,575,801,344	23,196,712,468,480	14,645,654,673,764	25,154,938,761,216	25,945,969,811,456	22,034,264,555,520	29,685,706,653,696	520,406,352	1,921,580,536	0	0
em-p-ihep51	20260626144824372000000	29	23,196,576,882,688	23,196,708,814,848	14,646,107,727,305	25,154,938,761,216	25,945,969,811,456	22,034,264,555,520	29,685,706,653,696	589,317,644	2,190,188,767	0	0
em-p-ihep51	20260626144834407000000	28	23,196,556,066,816	23,196,689,752,064	14,648,830,112,619	25,154,938,761,216	25,945,969,811,456	22,034,264,555,520	29,685,706,653,696	760,276,152	1,616,585,307	0	0
em-p-ihep51	20260626144844393000000	27	23,196,564,058,112	23,196,695,490,560	14,646,933,585,643	25,154,938,761,216	25,945,969,811,456	22,034,264,555,520	29,685,706,653,696	522,351,674	2,060,452,440	0	0
em-p-ihep51	20260626144854409000000	25	23,196,561,932,288	23,197,128,208,384	14,643,586,233,248	25,154,938,761,216	25,945,969,811,456	22,034,264,555,520	29,685,706,653,696	593,271,812	2,573,399,761	0	0
em-p-ihep51	20260626144904439000000	25	23,196,561,793,024	23,196,999,098,368	14,642,077,525,320	25,154,938,761,216	25,945,969,811,456	22,034,264,555,520	29,685,706,653,696	986,738,200	3,308,449,610	0	0
em-p-ihep51	20260626144914453000000	30	23,196,582,760,448	23,196,716,736,512	14,662,041,006,621	25,154,938,761,216	25,945,969,811,456	22,034,264,555,520	29,685,706,653,696	990,675,325	2,582,483,919	0	0
em-p-ihep51	20260626144924448000000	23	23,196,570,882,048	23,196,704,968,704	14,648,239,651,890	25,154,938,761,216	25,945,969,811,456	22,034,264,555,520	29,685,706,653,696	487,036,528	1,836,078,539	0	0
em-p-ihep51	20260626144934580000000	28	23,196,575,309,824	23,196,732,403,712	14,649,428,417,510	25,154,938,761,216	25,945,969,811,456	22,034,264,555,520	29,685,706,653,696	1,044,041,593	1,871,190,973	32,768	0
em-p-ihep51	20260626144944550000000	29	23,196,578,979,840	23,196,714,381,312	14,649,815,022,709	25,154,938,761,216	25,945,969,811,456	22,034,264,555,520	29,685,706,653,696	1,308,819,566	2,905,344,175	0	0
em-p-ihep51	20260626144954570000000	25	23,196,583,030,784	23,196,720,427,008	14,647,259,117,869	25,154,938,761,216	25,945,969,811,456	22,034,264,555,520	29,685,706,653,696	1,424,746,299	2,315,566,077	0	0
em-p-ihep51	20260626145004758000000	28	23,196,653,527,040	23,197,650,038,784	14,658,779,506,105	25,154,938,761,216	25,945,969,811,456	22,034,264,555,520	29,685,706,653,696	764,284,359	3,850,785,503	16,384	0
em-p-ihep51	20260626145014694000000	48	23,196,803,473,408	23,197,050,150,912	14,677,445,707,220	25,154,938,761,216	25,945,969,811,456	22,034,264,555,520	29,685,706,653,696	1,746,873,531	4,404,344,458	0	0
em-p-ihep51	20260626145024721000000	41	23,196,791,685,120	23,196,895,408,128	14,672,645,779,847	25,154,938,761,216	25,945,969,811,456	22,034,264,555,520	29,685,706,653,696	1,444,151,658	2,670,953,987	0	0
em-p-ihep51	20260626145034752000000	32	23,196,793,950,208	23,197,316,730,880	14,664,061,035,541	25,154,938,761,216	25,945,969,811,456	22,034,264,555,520	29,685,706,653,696	563,837,790	1,648,433,519	0	0
em-p-ihep51	20260626145044732000000	32	23,196,882,345,984	23,196,988,010,496	14,657,206,107,967	25,154,938,761,216	25,945,969,811,456	22,034,264,555,520	29,685,706,653,696	711,165,365	2,198,839,562	0	0
em-p-ihep51	20260626145054728000000	27	23,196,885,643,264	23,196,984,930,304	14,660,900,099,817	25,154,938,761,216	25,945,969,811,456	22,034,264,555,520	29,685,706,653,696	505,565,886	1,799,496,155	0	0
em-p-ihep51	20260626145104852000000	28	23,196,885,860,352	23,197,482,467,328	14,649,228,275,123	25,154,938,761,216	25,945,969,811,456	22,034,264,555,520	29,685,706,653,696	665,016,101	1,678,504,497	0	0
em-p-ihep51	20260626145114854000000	27	23,196,888,739,840	23,197,154,250,752	14,653,926,913,432	25,154,938,761,216	25,945,969,811,456	22,034,264,555,520	29,685,706,653,696	534,048,609	2,714,562,768	0	0
em-p-ihep51	20260626145124832000000	27	23,196,895,690,752	23,197,013,024,768	14,658,634,270,606	25,154,938,761,216	25,945,969,811,456	22,034,264,555,520	29,685,706,653,696	532,642,928	2,740,255,231	0	0
em-p-ihep51	20260626145134938000000	28	23,196,885,741,568	23,196,988,801,024	14,654,403,146,370	25,154,938,761,216	25,945,969,811,456	22,034,264,555,520	29,685,706,653,696	606,428,968	1,402,273,544	0	0
em-p-ihep51	20260626145144971000000	29	23,196,887,093,248	23,196,990,222,336	14,651,661,521,587	25,154,938,761,216	25,945,969,811,456	22,034,264,555,520	29,685,706,653,696	753,565,061	1,628,067,594	0	0
em-p-ihep51	20260626145154991000000	31	23,196,883,529,728	23,196,987,797,504	14,653,302,248,708	25,154,938,761,216	25,945,969,811,456	22,034,264,555,520	29,685,706,653,696	1,020,484,738	1,841,770,573	0	0
em-p-ihep51	20260626145205020000000	31	23,196,885,581,824	23,196,974,804,992	14,647,672,205,542	25,154,938,761,216	25,945,969,811,456	22,034,264,555,520	29,685,706,653,696	489,074,942	1,222,442,616	0	0
em-p-ihep51	20260626145215048000000	25	23,196,884,807,680	23,197,131,972,608	14,649,799,702,074	25,154,938,761,216	25,945,969,811,456	22,034,264,555,520	29,685,706,653,696	808,684,316	2,566,806,478	0	0
em-p-ihep51	20260626145225063000000	24	23,196,883,726,336	23,197,266,661,376	14,659,921,014,270	25,154,938,761,216	25,945,969,811,456	22,034,264,555,520	29,685,706,653,696	777,882,656	2,310,538,559	0	0
em-p-ihep51	20260626145235086000000	27	23,196,892,119,040	23,196,979,535,872	14,651,590,706,889	25,154,938,761,216	25,945,969,811,456	22,034,264,555,520	29,685,706,653,696	188,849,616	1,934,843,153	0	0
em-p-ihep51	20260626145245130000000	34	23,196,903,632,896	23,197,438,275,584	14,656,119,418,447	25,154,938,761,216	25,945,969,811,456	22,034,264,555,520	29,685,706,653,696	1,167,459,484	2,611,629,626	0	0
em-p-ihep51	20260626145255099000000	32	23,196,976,001,024	23,197,068,972,032	14,668,163,548,357	25,154,938,761,216	25,945,969,811,456	22,034,264,555,520	29,685,706,653,696	949,271,548	1,965,850,326	0	0
em-p-ihep51	20260626145305191000000	24	23,197,054,017,536	23,197,140,447,232	14,647,448,235,145	25,154,938,761,216	25,945,969,811,456	22,034,264,555,520	29,685,706,653,696	592,209,126	1,533,553,325	0	0
em-p-ihep51	20260626145315214000000	23	23,197,308,014,592	23,197,896,646,656	14,641,626,855,140	25,154,938,761,216	25,945,969,811,456	22,034,264,555,520	29,685,706,653,696	521,366,398	1,981,910,106	0	0
em-p-ihep51	20260626145325301000000	19	23,197,310,173,184	23,197,374,898,176	14,650,197,122,998	25,154,938,761,216	25,945,969,811,456	22,034,264,555,520	29,685,706,653,696	328,082,729	2,144,211,916	0	0
em-p-ihep51	20260626145335372000000	27	23,197,308,878,848	23,197,370,359,808	14,653,245,452,056	25,154,938,761,216	25,945,969,811,456	22,034,264,555,520	29,685,706,653,696	386,656,210	1,717,105,370	0	0
em-p-ihep51	20260626145345356000000	26	23,197,311,418,368	23,197,377,363,968	14,648,207,985,771	25,154,938,761,216	25,945,969,811,456	22,034,264,555,520	29,685,706,653,696	837,825,266	1,791,549,601	0	0
em-p-ihep51	20260626145355464000000	20	23,197,311,987,712	23,197,374,296,064	14,652,463,772,634	25,154,938,761,216	25,945,969,811,456	22,034,264,555,520	29,685,706,653,696	301,540,166	1,643,418,676	0	0
em-p-ihep51	20260626145405463000000	21	23,197,311,344,640	23,197,380,907,008	14,647,480,483,997	25,154,938,761,216	25,945,969,811,456	22,034,264,555,520	29,685,706,653,696	455,039,026	2,419,396,945	0	0
em-p-ihep51	20260626145415488000000	26	23,199,621,734,400	23,199,090,450,432	14,692,039,240,578	25,154,938,761,216	25,945,969,811,456	22,034,264,555,520	29,685,706,653,696	419,745,352	1,609,247,394	0	0
em-p-ihep51	20260626145425497000000	22	23,212,308,013,056	23,212,367,228,928	14,689,524,593,761	25,154,938,761,216	25,945,969,811,456	22,034,264,555,520	29,685,706,653,696	377,742,664	1,900,694,027	0	0
em-p-ihep51	20260626145435515000000	23	23,225,554,743,296	23,225,220,554,752	14,686,414,561,730	25,154,938,761,216	25,945,969,811,456	22,034,264,555,520	29,685,706,653,696	970,376,967	1,519,960,844	0	0
em-p-ihep51	20260626145445660000000	22	23,230,702,260,224	23,230,747,107,328	14,685,393,615,899	25,154,938,761,216	25,945,969,811,456	22,034,264,555,520	29,685,706,653,696	526,642,865	2,466,565,230	0	0
em-p-ihep51	20260626145455626000000	26	23,204,550,774,784	23,206,571,638,784	14,648,218,453,844	25,154,938,761,216	25,945,969,811,456	22,034,264,555,520	29,685,706,653,696	586,789,440	1,788,785,920	0	0
em-p-ihep51	20260626145505670000000	23	23,195,622,719,488	23,195,732,037,632	14,652,769,960,072	25,154,938,761,216	25,945,969,811,456	22,034,264,555,520	29,685,706,653,696	341,774,957	1,816,916,188	0	0
em-p-ihep51	20260626145515713000000	43	23,195,639,975,936	23,195,742,625,792	14,675,226,065,579	25,154,938,761,216	25,945,969,811,456	22,034,264,555,520	29,685,706,653,696	669,738,344	1,656,275,044	0	0
em-p-ihep51	20260626145525699000000	35	23,195,630,874,624	23,195,778,019,328	14,660,027,602,789	25,154,938,761,216	25,945,969,811,456	22,034,264,555,520	29,685,706,653,696	559,392,460	2,226,764,025	0	0
em-p-ihep51	20260626145535759000000	29	23,195,622,723,584	23,195,724,693,504	14,662,700,099,987	25,154,938,761,216	25,945,969,811,456	22,034,264,555,520	29,685,706,653,696	572,321,542	1,730,591,150	0	0
em-p-ihep51	20260626145545752000000	29	23,195,627,368,448	23,195,732,041,728	14,654,343,604,806	25,154,938,761,216	25,945,969,811,456	22,034,264,555,520	29,685,706,653,696	298,044,039	1,492,361,647	0	0
em-p-ihep51	20260626145555764000000	24	23,195,628,621,824	23,195,746,840,576	14,647,051,658,097	25,154,938,761,216	25,945,969,811,456	22,034,264,555,520	29,685,706,653,696	685,103,987	1,571,083,784	0	0
em-p-ihep51	20260626145605769000000	37	23,195,626,446,848	23,195,735,801,856	14,651,088,119,002	25,154,938,761,216	25,945,969,811,456	22,034,264,555,520	29,685,706,653,696	679,821,913	2,086,852,157	0	0
em-p-ihep51	20260626145615798000000	35	23,195,618,025,472	23,195,718,377,472	14,654,397,994,533	25,154,938,761,216	25,945,969,811,456	22,034,264,555,520	29,685,706,653,696	1,081,735,286	1,680,976,992	0	0
em-p-ihep51	20260626145625848000000	28	23,195,620,851,712	23,195,722,739,712	14,641,742,674,038	25,154,938,761,216	25,945,969,811,456	22,034,264,555,520	29,685,706,653,696	853,195,228	2,178,389,509	0	0
em-p-ihep51	20260626145635889000000	29	23,195,622,203,392	23,195,740,065,792	14,650,980,274,610	25,154,938,761,216	25,945,969,811,456	22,034,264,555,520	29,685,706,653,696	862,854,416	1,763,442,005	0	0
em-p-ihep51	20260626145645943000000	32	23,195,627,925,504	23,195,716,161,536	14,649,561,204,881	25,154,938,761,216	25,945,969,811,456	22,034,264,555,520	29,685,706,653,696	1,278,536,323	1,750,447,434	0	0
em-p-ihep51	20260626145655952000000	24	23,195,625,713,664	23,195,713,888,256	14,639,819,448,886	25,154,938,761,216	25,945,969,811,456	22,034,264,555,520	29,685,706,653,696	344,742,277	1,422,530,422	0	0
em-p-ihep51	20260626145705988000000	23	23,195,627,065,344	23,195,723,620,352	14,646,125,311,529	25,154,938,761,216	25,945,969,811,456	22,034,264,555,520	29,685,706,653,696	496,150,724	1,630,326,414	0	0
em-p-ihep51	20260626145715999000000	22	23,195,606,687,744	23,195,927,330,816	14,646,783,306,704	25,154,938,761,216	25,945,969,811,456	22,034,264,555,520	29,685,706,653,696	501,739,514	2,364,658,049	0	0
em-p-ihep51	20260626145726013000000	24	23,195,609,268,224	23,195,699,130,368	14,640,720,042,989	25,154,938,761,216	25,945,969,811,456	22,034,264,555,520	29,685,706,653,696	825,831,663	4,148,551,406	0	0
em-p-ihep51	20260626145736030000000	28	23,195,617,374,208	23,195,709,284,352	14,653,269,488,884	25,154,938,761,216	25,945,969,811,456	22,034,264,555,520	29,685,706,653,696	789,306,911	1,697,776,922	0	0
em-p-ihep51	20260626145746047000000	25	23,195,617,538,048	23,195,707,244,544	14,646,788,461,302	25,154,938,761,216	25,945,969,811,456	22,034,264,555,520	29,685,706,653,696	620,319,414	1,808,812,148	0	0
em-p-ihep51	20260626145756119000000	21	23,195,610,583,040	23,195,701,735,424	14,639,186,356,171	25,154,938,761,216	25,945,969,811,456	22,034,264,555,520	29,685,706,653,696	718,503,804	1,264,677,192	12,288	0
em-p-ihep51	20260626145806227000000	19	23,195,610,583,040	23,195,792,166,912	14,646,045,424,338	25,154,938,761,216	25,945,969,811,456	22,034,264,555,520	29,685,706,653,696	263,321,609	902,989,079	0	0
em-p-ihep51	20260626145816222000000	18	23,195,610,746,880	23,195,767,345,152	14,642,425,189,409	25,154,938,761,216	25,945,969,811,456	22,034,264,555,520	29,685,706,653,696	783,335,360	1,701,388,537	16,384	0
em-p-ihep51	20260626145826310000000	16	23,195,608,371,200	23,195,765,153,792	14,637,838,805,413	25,154,938,761,216	25,945,969,811,456	22,034,264,555,520	29,685,706,653,696	961,099,940	1,706,959,463	0	0
em-p-ihep51	20260626145836324000000	27	23,195,620,265,984	23,195,779,956,736	14,645,498,454,811	25,154,938,761,216	25,945,969,811,456	22,034,264,555,520	29,685,706,653,696	395,353,201	1,449,870,045	0	0
em-p-ihep51	20260626145846314000000	29	23,195,630,850,048	23,195,819,794,432	14,648,154,995,445	25,154,938,761,216	25,945,969,811,456	22,034,264,555,520	29,685,706,653,696	688,457,908	2,160,402,289	0	0
em-p-ihep51	20260626145856334000000	17	23,196,049,227,776	23,196,211,560,448	14,652,584,517,343	25,154,938,761,216	25,945,969,811,456	22,034,264,555,520	29,685,706,653,696	826,438,938	1,762,109,709	0	0
em-p-ihep51	20260626145906344000000	26	23,196,049,231,872	23,196,210,790,400	14,652,755,353,151	25,154,938,761,216	25,945,969,811,456	22,034,264,555,520	29,685,706,653,696	418,566,825	1,601,998,825	0	0
em-p-ihep51	20260626145916379000000	25	23,201,168,175,104	23,201,355,354,112	14,682,929,015,274	25,154,938,761,216	25,945,969,811,456	22,034,264,555,520	29,685,706,653,696	835,962,419	2,128,666,582	0	0
em-p-ihep51	20260626145926385000000	26	23,193,867,231,232	23,194,015,567,872	14,654,257,870,294	25,154,938,761,216	25,945,969,811,456	22,034,264,555,520	29,685,706,653,696	381,153,531	1,253,064,491	0	0
em-p-ihep51	20260626145936412000000	24	23,193,848,655,872	23,193,999,335,424	14,649,081,275,407	25,154,938,761,216	25,945,969,811,456	22,034,264,555,520	29,685,706,653,696	661,371,014	1,332,445,406	0	0
em-p-ihep51	20260626145946456000000	22	23,193,852,059,648	23,193,995,149,312	14,645,187,372,156	25,154,938,761,216	25,945,969,811,456	22,034,264,555,520	29,685,706,653,696	778,424,207	1,873,473,869	0	0
em-p-ihep51	20260626145956477000000	27	23,193,854,377,984	23,193,994,305,536	14,654,037,629,920	25,154,938,761,216	25,945,969,811,456	22,034,264,555,520	29,685,706,653,696	977,277,236	2,046,981,336	0	0
em-p-ihep51	20260626150006562000000	44	23,194,308,898,816	23,194,442,346,496	14,663,767,671,743	25,154,938,761,216	25,945,969,811,456	22,034,264,555,520	29,685,706,653,696	1,198,046,841	4,570,607,924	0	0
em-p-ihep51	20260626150016567000000	40	23,196,644,745,216	23,196,946,460,672	14,707,328,319,459	25,154,938,761,216	25,945,969,811,456	22,034,264,555,520	29,685,706,653,696	1,318,442,955	4,828,709,565	0	0
em-p-ihep51	20260626150026619000000	31	23,194,711,695,360	23,194,840,788,992	14,664,852,546,077	25,154,938,761,216	25,945,969,811,456	22,034,264,555,520	29,685,706,653,696	890,615,005	2,646,612,850	0	0
em-p-ihep51	20260626150036581000000	30	23,194,706,837,504	23,194,850,938,880	14,681,947,736,827	25,154,938,761,216	25,945,969,811,456	22,034,264,555,520	29,685,706,653,696	650,114,505	2,004,663,006	0	0
em-p-ihep51	20260626150046594000000	26	23,197,526,351,872	23,196,985,171,968	14,695,274,034,710	25,154,938,761,216	25,945,969,811,456	22,034,264,555,520	29,685,706,653,696	587,973,413	1,480,248,293	0	0
em-p-ihep51	20260626150056584000000	25	23,194,281,930,752	23,194,861,273,088	14,655,946,487,739	25,154,938,761,216	25,945,969,811,456	22,034,264,555,520	29,685,706,653,696	762,992,437	1,825,029,887	0	0
em-p-ihep51	20260626150106594000000	28	23,193,949,421,568	23,194,077,736,960	14,656,819,363,150	25,154,938,761,216	25,945,969,811,456	22,034,264,555,520	29,685,706,653,696	962,160,064	2,896,540,652	0	0
em-p-ihep51	20260626150116683000000	26	23,196,000,514,048	23,196,134,703,104	14,657,094,530,399	25,154,938,761,216	25,945,969,811,456	22,034,264,555,520	29,685,706,653,696	609,833,244	2,442,024,715	0	0
em-p-ihep51	20260626150126730000000	22	23,196,000,616,448	23,196,652,183,552	14,652,669,509,520	25,154,938,761,216	25,945,969,811,456	22,034,264,555,520	29,685,706,653,696	1,109,528,257	2,255,493,473	0	0
em-p-ihep51	20260626150136815000000	23	23,195,995,115,520	23,196,495,237,120	14,660,436,493,608	25,154,938,761,216	25,945,969,811,456	22,034,264,555,520	29,685,706,653,696	649,139,641	3,212,501,147	0	0
em-p-ihep51	20260626150146817000000	23	23,196,003,348,480	23,196,136,480,768	14,653,563,524,590	25,154,938,761,216	25,945,969,811,456	22,034,264,555,520	29,685,706,653,696	701,196,713	3,335,619,343	0	0
em-p-ihep51	20260626150156818000000	25	23,195,999,948,800	23,196,133,376,000	14,655,685,154,598	25,154,938,761,216	25,945,969,811,456	22,034,264,555,520	29,685,706,653,696	533,342,870	1,132,917,994	0	0
em-p-ihep51	20260626150206912000000	22	23,197,865,558,016	23,197,748,797,440	14,682,661,220,371	25,154,938,761,216	25,945,969,811,456	22,034,264,555,520	29,685,706,653,696	542,282,398	1,324,652,976	0	0
em-p-ihep51	20260626150217008000000	27	23,196,618,457,088	23,196,728,451,072	14,648,359,977,379	25,154,938,761,216	25,945,969,811,456	22,034,264,555,520	29,685,706,653,696	876,691,592	1,840,821,859	32,768	0
em-p-ihep51	20260626150227117000000	21	23,195,002,556,416	23,195,673,460,736	14,650,523,197,025	25,154,938,761,216	25,945,969,811,456	22,034,264,555,520	29,685,706,653,696	587,845,609	1,816,472,575	0	0
em-p-ihep51	20260626150237119000000	20	23,194,715,099,136	23,194,890,629,120	14,661,626,990,393	25,154,938,761,216	25,945,969,811,456	22,034,264,555,520	29,685,706,653,696	500,823,776	996,882,458	0	0
em-p-ihep51	20260626150247222000000	19	23,195,092,811,776	23,195,202,420,736	14,646,415,117,489	25,154,938,761,216	25,945,969,811,456	22,034,264,555,520	29,685,706,653,696	671,916,230	1,336,913,881	0	0
em-p-ihep51	20260626150257342000000	19	23,195,089,575,936	23,195,210,727,424	14,655,395,037,151	25,154,938,761,216	25,945,969,811,456	22,034,264,555,520	29,685,706,653,696	858,342,564	2,134,474,616	0	0
em-p-ihep51	20260626150307420000000	26	23,195,079,966,720	23,195,235,995,648	14,656,369,935,142	25,154,938,761,216	25,945,969,811,456	22,034,264,555,520	29,685,706,653,696	921,304,860	2,279,090,846	0	0
em-p-ihep51	20260626150317524000000	22	23,195,081,207,808	23,195,191,734,272	14,647,578,010,952	25,154,938,761,216	25,945,969,811,456	22,034,264,555,520	29,685,706,653,696	729,756,306	1,858,407,012	0	0
em-p-ihep51	20260626150327524000000	23	23,195,274,874,880	23,195,385,298,944	14,652,167,448,492	25,154,938,761,216	25,945,969,811,456	22,034,264,555,520	29,685,706,653,696	1,011,157,729	1,976,191,795	0	0
em-p-ihep51	20260626150337546000000	18	23,195,275,845,632	23,195,422,449,664	14,651,347,636,025	25,154,938,761,216	25,945,969,811,456	22,034,264,555,520	29,685,706,653,696	989,884,260	1,406,678,599	0	0
em-p-ihep51	20260626150347628000000	17	23,195,268,988,928	23,195,381,039,104	14,650,599,625,678	25,154,938,761,216	25,945,969,811,456	22,034,264,555,520	29,685,706,653,696	349,836,660	1,233,821,113	0	0
em-p-ihep51	20260626150357645000000	26	23,195,266,682,880	23,195,375,235,072	14,658,473,175,114	25,154,938,761,216	25,945,969,811,456	22,034,264,555,520	29,685,706,653,696	501,885,785	1,263,823,880	0	0
em-p-ihep51	20260626150407656000000	25	23,201,998,499,840	23,201,815,150,592	14,686,902,795,651	25,154,938,761,216	25,945,969,811,456	22,034,264,555,520	29,685,706,653,696	410,459,492	1,299,032,787	0	0
em-p-ihep51	20260626150417656000000	28	23,195,399,843,840	23,195,696,226,304	14,668,889,004,254	25,154,938,761,216	25,945,969,811,456	22,034,264,555,520	29,685,706,653,696	780,429,608	1,918,683,160	0	0
em-p-ihep51	20260626150427660000000	27	23,195,404,759,040	23,195,457,052,672	14,659,941,322,263	25,154,938,761,216	25,945,969,811,456	22,034,264,555,520	29,685,706,653,696	911,519,713	1,870,629,601	0	0
em-p-ihep51	20260626150437773000000	22	23,195,410,522,112	23,195,505,086,464	14,653,615,396,696	25,154,938,761,216	25,945,969,811,456	22,034,264,555,520	29,685,706,653,696	703,350,269	1,538,961,448	0	0
em-p-ihep51	20260626150447840000000	21	23,192,284,016,640	23,192,285,143,040	14,678,470,984,401	25,154,938,761,216	25,945,969,811,456	22,034,264,555,520	29,685,706,653,696	403,478,707	2,775,301,351	0	0
em-p-ihep51	20260626150457842000000	18	23,197,982,724,096	23,198,076,256,256	14,650,460,515,753	25,154,938,761,216	25,945,969,811,456	22,034,264,555,520	29,685,706,653,696	741,964,275	1,650,939,814	0	0
em-p-ihep51	20260626150507858000000	20	23,182,505,467,904	23,182,643,564,544	14,658,540,907,332	25,154,938,761,216	25,945,969,811,456	22,034,264,555,520	29,685,706,653,696	893,539,241	1,593,985,207	0	0
em-p-ihep51	20260626150517869000000	25	23,182,502,014,976	23,182,592,315,392	14,657,601,446,855	25,154,938,761,216	25,945,969,811,456	22,034,264,555,520	29,685,706,653,696	1,124,264,898	2,232,806,129	0	0
em-p-ihep51	20260626150527951000000	20	23,183,342,338,048	23,183,443,378,176	14,656,607,209,140	25,154,938,761,216	25,945,969,811,456	22,034,264,555,520	29,685,706,653,696	652,922,286	1,486,690,248	0	0
em-p-ihep51	20260626150537994000000	25	23,183,343,525,888	23,183,439,253,504	14,656,442,030,894	25,154,938,761,216	25,945,969,811,456	22,034,264,555,520	29,685,706,653,696	1,065,877,185	1,925,873,077	53,248	0
em-p-ihep51	20260626150548018000000	25	23,183,339,048,960	23,183,434,465,280	14,653,203,613,444	25,154,938,761,216	25,945,969,811,456	22,034,264,555,520	29,685,706,653,696	925,333,994	2,087,153,592	0	0
em-p-ihep51	20260626150558039000000	23	23,183,341,780,992	23,183,765,323,776	14,655,250,410,672	25,154,938,761,216	25,945,969,811,456	22,034,264,555,520	29,685,706,653,696	732,754,025	1,686,353,336	0	0
em-p-ihep51	20260626150608152000000	31	23,183,338,360,832	23,183,450,529,792	14,660,421,939,628	25,154,938,761,216	25,945,969,811,456	22,034,264,555,520	29,685,706,653,696	780,257,916	1,403,788,051	0	0
em-p-ihep51	20260626150618143000000	38	23,184,162,250,752	23,184,370,286,592	14,666,273,367,064	25,154,938,761,216	25,945,969,811,456	22,034,264,555,520	29,685,706,653,696	707,182,062	2,566,494,965	0	0
em-p-ihep51	20260626150628184000000	34	23,184,162,754,560	23,184,360,538,112	14,660,951,015,797	25,154,938,761,216	25,945,969,811,456	22,034,264,555,520	29,685,706,653,696	801,809,983	1,858,656,942	0	0
em-p-ihep51	20260626150638170000000	34	23,184,175,534,080	23,184,289,697,792	14,674,000,171,654	25,154,938,761,216	25,945,969,811,456	22,034,264,555,520	29,685,706,653,696	1,196,208,315	2,376,800,727	0	0
em-p-ihep51	20260626150648188000000	32	23,184,485,777,408	23,184,550,023,168	14,675,892,401,460	25,154,938,761,216	25,945,969,811,456	22,034,264,555,520	29,685,706,653,696	598,132,326	1,676,805,839	0	0
em-p-ihep51	20260626150658293000000	34	23,190,978,670,592	23,191,103,332,352	14,688,041,142,899	25,154,938,761,216	25,945,969,811,456	22,034,264,555,520	29,685,706,653,696	576,795,626	1,012,112,201	0	0
em-p-ihep51	20260626150708299000000	31	23,188,780,408,832	23,188,177,219,584	14,702,262,959,950	25,154,938,761,216	25,945,969,811,456	22,034,264,555,520	29,685,706,653,696	1,022,817,659	1,812,506,543	0	0
em-p-ihep51	20260626150718299000000	27	23,180,653,027,328	23,180,765,143,040	14,658,706,627,843	25,154,938,761,216	25,945,969,811,456	22,034,264,555,520	29,685,706,653,696	733,071,013	2,875,635,151	0	0
em-p-ihep51	20260626150728298000000	21	23,169,835,175,936	23,169,916,928,000	14,653,362,856,008	25,154,938,761,216	25,945,969,811,456	22,034,264,555,520	29,685,706,653,696	703,571,656	1,871,376,459	0	0
em-p-ihep51	20260626150738394000000	18	23,169,832,857,600	23,169,943,109,632	14,647,243,256,396	25,154,938,761,216	25,945,969,811,456	22,034,264,555,520	29,685,706,653,696	1,084,442,462	1,647,620,899	0	0
em-p-ihep51	20260626150748490000000	19	23,169,823,744,000	23,169,902,903,296	14,649,867,373,935	25,154,938,761,216	25,945,969,811,456	22,034,264,555,520	29,685,706,653,696	800,403,464	1,471,263,259	0	0
em-p-ihep51	20260626150758586000000	19	23,169,821,261,824	23,169,901,326,336	14,649,089,720,658	25,154,938,761,216	25,945,969,811,456	22,034,264,555,520	29,685,706,653,696	961,325,023	1,542,078,528	0	0
em-p-ihep51	20260626150808690000000	23	23,169,823,531,008	23,169,922,019,328	14,655,410,339,103	25,154,938,761,216	25,945,969,811,456	22,034,264,555,520	29,685,706,653,696	979,691,556	1,686,771,060	0	0
em-p-ihep51	20260626150818700000000	19	23,169,824,772,096	23,169,972,416,512	14,649,423,203,731	25,154,938,761,216	25,945,969,811,456	22,034,264,555,520	29,685,706,653,696	745,385,892	1,321,683,108	0	0
em-p-ihep51	20260626150828688000000	16	23,169,822,584,832	23,169,973,997,568	14,649,749,527,510	25,154,938,761,216	25,945,969,811,456	22,034,264,555,520	29,685,706,653,696	1,064,872,603	1,563,396,136	0	0
em-p-ihep51	20260626150838788000000	16	23,169,822,478,336	23,169,970,253,824	14,646,719,323,562	25,154,938,761,216	25,945,969,811,456	22,034,264,555,520	29,685,706,653,696	536,633,395	1,655,477,210	0	0
em-p-ihep51	20260626150848880000000	17	23,169,824,907,264	23,169,971,830,784	14,650,029,556,090	25,154,938,761,216	25,945,969,811,456	22,034,264,555,520	29,685,706,653,696	461,841,112	1,427,585,115	0	0
em-p-ihep51	20260626150858997000000	18	23,170,208,137,216	23,170,359,599,104	14,649,117,096,844	25,154,938,761,216	25,945,969,811,456	22,034,264,555,520	29,685,706,653,696	624,162,318	1,364,547,195	0	0
em-p-ihep51	20260626150909096000000	24	23,170,592,886,784	23,170,667,819,008	14,663,725,112,671	25,154,938,761,216	25,945,969,811,456	22,034,264,555,520	29,685,706,653,696	381,917,784	2,501,454,355	0	0
em-p-ihep51	20260626150919193000000	27	23,170,637,414,400	23,171,135,836,160	14,655,365,361,818	25,154,938,761,216	25,945,969,811,456	22,034,264,555,520	29,685,706,653,696	785,928,405	3,652,080,031	0	0
em-p-ihep51	20260626150929200000000	24	23,170,632,007,680	23,170,739,314,688	14,649,806,585,645	25,154,938,761,216	25,945,969,811,456	22,034,264,555,520	29,685,706,653,696	703,253,164	2,014,143,456	0	0
em-p-ihep51	20260626150939303000000	22	23,170,628,775,936	23,170,735,796,224	14,654,545,508,160	25,154,938,761,216	25,945,969,811,456	22,034,264,555,520	29,685,706,653,696	504,081,529	1,262,722,632	0	0
em-p-ihep51	20260626150949320000000	26	23,170,617,442,304	23,171,206,385,664	14,650,800,269,590	25,154,938,761,216	25,945,969,811,456	22,034,264,555,520	29,685,706,653,696	836,373,568	1,874,741,173	0	0
em-p-ihep51	20260626150959338000000	23	23,170,617,442,304	23,170,724,753,408	14,648,118,644,213	25,154,938,761,216	25,945,969,811,456	22,034,264,555,520	29,685,706,653,696	1,334,199,058	1,901,600,594	0	0
em-p-ihep51	20260626151009347000000	33	23,170,910,642,176	23,171,015,884,800	14,678,621,196,096	25,154,938,761,216	25,945,969,811,456	22,034,264,555,520	29,685,706,653,696	1,005,259,255	3,655,641,642	0	0
em-p-ihep51	20260626151019346000000	33	23,170,906,148,864	23,171,221,663,744	14,672,630,653,906	25,154,938,761,216	25,945,969,811,456	22,034,264,555,520	29,685,706,653,696	1,079,333,222	2,771,933,299	0	0
em-p-ihep51	20260626151029367000000	29	23,170,907,176,960	23,171,322,650,624	14,661,238,041,135	25,154,938,761,216	25,945,969,811,456	22,034,264,555,520	29,685,706,653,696	820,196,665	3,325,665,429	0	0
em-p-ihep51	20260626151039408000000	34	23,170,881,912,832	23,170,976,657,408	14,653,307,707,813	25,154,938,761,216	25,945,969,811,456	22,034,264,555,520	29,685,706,653,696	902,405,208	2,741,339,609	0	0
em-p-ihep51	20260626151049393000000	28	23,170,874,732,544	23,170,984,128,512	14,661,728,407,901	25,154,938,761,216	25,945,969,811,456	22,034,264,555,520	29,685,706,653,696	598,561,772	1,999,716,918	0	0
em-p-ihep51	20260626151059396000000	24	23,171,436,920,832	23,171,205,570,560	14,662,950,057,227	25,154,938,761,216	25,945,969,811,456	22,034,264,555,520	29,685,706,653,696	670,713,412	1,617,855,593	0	0
em-p-ihep51	20260626151109439000000	29	23,182,619,951,104	23,182,716,780,544	14,690,023,291,265	25,154,938,761,216	25,945,969,811,456	22,034,264,555,520	29,685,706,653,696	574,982,987	1,766,326,181	0	0
em-p-ihep51	20260626151119422000000	35	23,179,456,176,128	23,179,562,921,984	14,662,795,514,398	25,154,938,761,216	25,945,969,811,456	22,034,264,555,520	29,685,706,653,696	784,029,135	2,155,591,006	0	0
em-p-ihep51	20260626151129534000000	28	23,177,764,831,232	23,177,869,262,848	14,669,018,700,246	25,154,938,761,216	25,945,969,811,456	22,034,264,555,520	29,685,706,653,696	872,424,606	1,770,708,235	0	0
em-p-ihep51	20260626151139481000000	40	23,178,232,156,160	23,178,341,322,752	14,666,411,641,032	25,154,938,761,216	25,945,969,811,456	22,034,264,555,520	29,685,706,653,696	721,387,374	1,920,194,840	0	0
em-p-ihep51	20260626151149483000000	37	23,178,388,541,440	23,178,975,932,416	14,674,311,444,373	25,154,938,761,216	25,945,969,811,456	22,034,264,555,520	29,685,706,653,696	714,926,394	2,206,676,396	36,864	0
em-p-ihep51	20260626151159499000000	33	23,178,396,815,360	23,178,497,699,840	14,662,914,027,231	25,154,938,761,216	25,945,969,811,456	22,034,264,555,520	29,685,706,653,696	542,933,819	2,011,063,984	0	0
em-p-ihep51	20260626151209492000000	31	23,178,417,217,536	23,178,517,692,416	14,671,222,370,208	25,154,938,761,216	25,945,969,811,456	22,034,264,555,520	29,685,706,653,696	988,426,584	2,278,222,588	0	0
em-p-ihep51	20260626151219537000000	27	23,185,444,872,192	23,185,027,948,544	14,676,189,180,535	25,154,938,761,216	25,945,969,811,456	22,034,264,555,520	29,685,706,653,696	872,021,003	3,043,867,042	0	0
em-p-ihep51	20260626151229608000000	29	23,177,291,034,624	23,177,393,213,440	14,665,261,123,430	25,154,938,761,216	25,945,969,811,456	22,034,264,555,520	29,685,706,653,696	807,159,639	2,294,899,601	0	0
em-p-ihep51	20260626151239623000000	36	23,177,431,113,728	23,177,595,457,536	14,664,511,501,788	25,154,938,761,216	25,945,969,811,456	22,034,264,555,520	29,685,706,653,696	1,117,628,942	1,851,694,570	0	0
em-p-ihep51	20260626151249649000000	30	23,177,416,753,152	23,177,517,002,752	14,667,890,234,449	25,154,938,761,216	25,945,969,811,456	22,034,264,555,520	29,685,706,653,696	722,304,935	1,596,064,531	0	0
em-p-ihep51	20260626151259684000000	33	23,177,421,459,456	23,177,518,911,488	14,662,543,726,827	25,154,938,761,216	25,945,969,811,456	22,034,264,555,520	29,685,706,653,696	614,360,886	1,484,365,884	405,504	0
em-p-ihep51	20260626151309665000000	28	23,177,426,718,720	23,177,846,075,392	14,673,062,779,909	25,154,938,761,216	25,945,969,811,456	22,034,264,555,520	29,685,706,653,696	1,144,339,685	2,849,540,421	90,112	0
em-p-ihep51	20260626151319676000000	30	23,177,855,135,744	23,177,958,592,512	14,663,392,727,611	25,154,938,761,216	25,945,969,811,456	22,034,264,555,520	29,685,706,653,696	980,939,136	3,724,231,740	73,728	0
em-p-ihep51	20260626151329694000000	25	23,177,849,622,528	23,177,974,890,496	14,666,995,315,032	25,154,938,761,216	25,945,969,811,456	22,034,264,555,520	29,685,706,653,696	1,234,073,866	2,188,205,165	0	0
em-p-ihep51	20260626151339694000000	19	23,178,679,603,200	23,178,780,536,832	14,670,627,183,777	25,154,938,761,216	25,945,969,811,456	22,034,264,555,520	29,685,706,653,696	975,753,012	1,482,556,611	0	0
em-p-ihep51	20260626151349696000000	25	23,178,679,554,048	23,178,793,803,776	14,653,064,770,692	25,154,938,761,216	25,945,969,811,456	22,034,264,555,520	29,685,706,653,696	1,120,491,905	1,608,369,137	0	0
em-p-ihep51	20260626151359703000000	24	23,178,683,064,320	23,178,994,610,176	14,657,902,889,055	25,154,938,761,216	25,945,969,811,456	22,034,264,555,520	29,685,706,653,696	1,126,928,048	1,521,837,729	0	0
em-p-ihep51	20260626151409729000000	28	23,178,708,520,960	23,178,808,471,552	14,673,680,244,085	25,154,938,761,216	25,945,969,811,456	22,034,264,555,520	29,685,706,653,696	1,311,273,415	2,189,230,112	90,112	0
em-p-ihep51	20260626151419732000000	28	23,180,950,036,480	23,181,082,288,128	14,670,075,177,847	25,154,938,761,216	25,945,969,811,456	22,034,264,555,520	29,685,706,653,696	531,211,125	1,204,969,040	0	0
em-p-ihep51	20260626151429742000000	26	23,180,945,985,536	23,181,103,886,336	14,652,641,800,207	25,154,938,761,216	25,945,969,811,456	22,034,264,555,520	29,685,706,653,696	851,378,781	1,786,197,726	0	0
em-p-ihep51	20260626151439762000000	29	23,180,954,464,256	23,181,452,029,952	14,653,746,010,841	25,154,938,761,216	25,945,969,811,456	22,034,264,555,520	29,685,706,653,696	626,436,122	3,217,378,611	0	0
em-p-ihep51	20260626151449767000000	28	23,181,045,800,960	23,181,178,556,416	14,668,627,415,675	25,154,938,761,216	25,945,969,811,456	22,034,264,555,520	29,685,706,653,696	731,968,949	2,951,783,540	0	0
em-p-ihep51	20260626151459814000000	28	23,185,604,034,560	23,185,745,641,472	14,678,804,707,288	25,154,938,761,216	25,945,969,811,456	22,034,264,555,520	29,685,706,653,696	524,150,714	1,244,786,702	0	0
em-p-ihep51	20260626151509847000000	28	23,176,059,666,432	23,176,191,586,304	14,668,838,769,774	25,154,938,761,216	25,945,969,811,456	22,034,264,555,520	29,685,706,653,696	1,016,123,242	1,424,548,345	0	0
em-p-ihep51	20260626151519869000000	29	23,183,618,363,392	23,183,749,480,448	14,684,725,726,669	25,154,938,761,216	25,945,969,811,456	22,034,264,555,520	29,685,706,653,696	596,299,289	1,576,472,646	16,384	0
em-p-ihep51	20260626151529860000000	31	23,176,692,584,448	23,176,867,434,496	14,671,378,117,090	25,154,938,761,216	25,945,969,811,456	22,034,264,555,520	29,685,706,653,696	1,102,636,767	1,765,616,905	81,920	0
em-p-ihep51	20260626151539933000000	27	23,186,676,310,016	23,185,931,632,640	14,697,703,753,551	25,154,938,761,216	25,945,969,811,456	22,034,264,555,520	29,685,706,653,696	877,117,234	1,337,631,557	0	0
em-p-ihep51	20260626151549894000000	19	23,175,656,947,712	23,175,747,772,416	14,658,054,434,717	25,154,938,761,216	25,945,969,811,456	22,034,264,555,520	29,685,706,653,696	614,802,730	1,306,232,340	0	0
em-p-ihep51	20260626151559933000000	20	23,164,976,398,336	23,165,067,837,440	14,653,221,435,823	25,154,938,761,216	25,945,969,811,456	22,034,264,555,520	29,685,706,653,696	593,139,698	1,367,491,181	0	0
em-p-ihep51	20260626151609958000000	22	23,165,079,662,592	23,165,589,630,976	14,667,639,831,257	25,154,938,761,216	25,945,969,811,456	22,034,264,555,520	29,685,706,653,696	725,801,033	1,683,844,944	0	0
em-p-ihep51	20260626151619977000000	28	23,165,482,332,160	23,165,589,131,264	14,654,203,220,125	25,154,938,761,216	25,945,969,811,456	22,034,264,555,520	29,685,706,653,696	473,170,518	1,366,155,758	0	0
em-p-ihep51	20260626151630034000000	22	23,165,483,077,632	23,165,583,986,688	14,651,008,618,590	25,154,938,761,216	25,945,969,811,456	22,034,264,555,520	29,685,706,653,696	401,659,763	1,048,445,906	0	0
em-p-ihep51	20260626151640068000000	23	23,165,482,213,376	23,166,032,666,624	14,655,236,413,088	25,154,938,761,216	25,945,969,811,456	22,034,264,555,520	29,685,706,653,696	479,657,403	940,437,689	4,096	0
em-p-ihep51	20260626151650056000000	26	23,165,866,790,912	23,165,969,850,368	14,651,767,171,498	25,154,938,761,216	25,945,969,811,456	22,034,264,555,520	29,685,706,653,696	222,680,468	788,750,314	0	0
em-p-ihep51	20260626151700063000000	22	23,165,864,415,232	23,165,970,857,984	14,650,500,568,893	25,154,938,761,216	25,945,969,811,456	22,034,264,555,520	29,685,706,653,696	277,661,674	1,052,842,151	0	0
em-p-ihep51	20260626151710099000000	21	23,165,869,445,120	23,165,983,772,672	14,652,488,929,852	25,154,938,761,216	25,945,969,811,456	22,034,264,555,520	29,685,706,653,696	532,744,316	1,252,491,848	0	0
em-p-ihep51	20260626151720076000000	22	23,165,871,816,704	23,165,975,162,880	14,651,283,478,122	25,154,938,761,216	25,945,969,811,456	22,034,264,555,520	29,685,706,653,696	498,789,403	1,488,850,622	0	0
em-p-ihep51	20260626151730105000000	19	23,165,878,915,072	23,165,981,159,424	14,649,880,173,811	25,154,938,761,216	25,945,969,811,456	22,034,264,555,520	29,685,706,653,696	526,773,759	1,749,577,285	0	0
em-p-ihep51	20260626151740157000000	27	23,165,884,940,288	23,165,984,763,904	14,660,228,188,576	25,154,938,761,216	25,945,969,811,456	22,034,264,555,520	29,685,706,653,696	572,651,008	1,464,754,357	0	0
em-p-ihep51	20260626151750156000000	18	23,172,121,018,368	23,172,018,544,640	14,677,269,630,902	25,154,938,761,216	25,945,969,811,456	22,034,264,555,520	29,685,706,653,696	509,717,111	1,323,482,239	0	0
em-p-ihep51	20260626151800206000000	21	23,172,121,128,960	23,172,303,769,600	14,654,005,344,082	25,154,938,761,216	25,945,969,811,456	22,034,264,555,520	29,685,706,653,696	287,991,658	1,778,863,142	0	0
em-p-ihep51	20260626151810201000000	21	23,172,110,684,160	23,172,205,756,416	14,657,820,368,198	25,154,938,761,216	25,945,969,811,456	22,034,264,555,520	29,685,706,653,696	736,023,686	2,794,403,730	0	0
em-p-ihep51	20260626151820241000000	23	23,172,141,391,872	23,172,348,092,416	14,657,393,170,677	25,154,938,761,216	25,945,969,811,456	22,034,264,555,520	29,685,706,653,696	988,287,518	2,028,236,466	0	0
em-p-ihep51	20260626151830252000000	19	23,172,140,908,544	23,172,325,060,608	14,653,154,840,850	25,154,938,761,216	25,945,969,811,456	22,034,264,555,520	29,685,706,653,696	941,502,804	1,328,947,212	0	0
em-p-ihep51	20260626151840251000000	21	23,172,146,475,008	23,172,331,212,800	14,651,743,600,980	25,154,938,761,216	25,945,969,811,456	22,034,264,555,520	29,685,706,653,696	623,890,613	1,283,121,106	40,960	0
em-p-ihep51	20260626151850361000000	22	23,172,146,368,512	23,172,413,718,528	14,648,740,860,505	25,154,938,761,216	25,945,969,811,456	22,034,264,555,520	29,685,706,653,696	434,444,751	1,496,792,875	65,536	0
em-p-ihep51	20260626151900436000000	21	23,172,148,793,344	23,172,335,013,888	14,649,491,186,810	25,154,938,761,216	25,945,969,811,456	22,034,264,555,520	29,685,706,653,696	432,205,704	1,493,185,121	0	0
em-p-ihep51	20260626151910468000000	25	23,172,151,873,536	23,172,384,169,984	14,663,156,834,914	25,154,938,761,216	25,945,969,811,456	22,034,264,555,520	29,685,706,653,696	624,690,624	2,290,698,193	0	0
em-p-ihep51	20260626151920461000000	24	23,174,388,604,928	23,174,520,377,344	14,653,491,477,011	25,154,938,761,216	25,945,969,811,456	22,034,264,555,520	29,685,706,653,696	606,469,669	1,703,730,114	0	0
em-p-ihep51	20260626151930572000000	19	23,174,386,339,840	23,174,550,761,472	14,650,978,684,358	25,154,938,761,216	25,945,969,811,456	22,034,264,555,520	29,685,706,653,696	605,216,271	1,363,431,043	0	0
em-p-ihep51	20260626151940562000000	16	23,174,383,857,664	23,174,520,991,744	14,651,157,366,068	25,154,938,761,216	25,945,969,811,456	22,034,264,555,520	29,685,706,653,696	636,966,438	1,036,800,385	0	0
em-p-ihep51	20260626151950661000000	22	23,174,383,751,168	23,174,521,712,640	14,649,229,048,272	25,154,938,761,216	25,945,969,811,456	22,034,264,555,520	29,685,706,653,696	726,139,072	1,371,412,398	0	0
em-p-ihep51	20260626152000678000000	19	23,174,387,261,440	23,174,974,832,640	14,652,338,238,948	25,154,938,761,216	25,945,969,811,456	22,034,264,555,520	29,685,706,653,696	743,729,226	1,160,752,245	0	0
em-p-ihep51	20260626152010682000000	35	23,174,781,190,144	23,175,186,898,944	14,699,537,331,448	25,154,938,761,216	25,945,969,811,456	22,034,264,555,520	29,685,706,653,696	856,980,082	3,541,240,496	0	0
em-p-ihep51	20260626152020684000000	45	23,174,778,044,416	23,174,884,622,336	14,671,534,114,776	25,154,938,761,216	25,945,969,811,456	22,034,264,555,520	29,685,706,653,696	1,108,434,058	3,076,076,414	0	0
em-p-ihep51	20260626152030729000000	34	23,175,265,714,176	23,175,908,331,520	14,664,591,459,831	25,154,938,761,216	25,945,969,811,456	22,034,264,555,520	29,685,706,653,696	889,385,809	1,903,455,096	0	0
em-p-ihep51	20260626152040750000000	32	23,176,290,963,456	23,176,400,637,952	14,668,597,397,150	25,154,938,761,216	25,945,969,811,456	22,034,264,555,520	29,685,706,653,696	602,081,244	1,572,935,794	0	0
em-p-ihep51	20260626152050712000000	25	23,176,288,641,024	23,176,394,862,592	14,665,529,539,060	25,154,938,761,216	25,945,969,811,456	22,034,264,555,520	29,685,706,653,696	677,268,747	1,460,832,355	0	0
em-p-ihep51	20260626152100738000000	28	23,176,388,837,376	23,176,520,679,424	14,659,104,839,879	25,154,938,761,216	25,945,969,811,456	22,034,264,555,520	29,685,706,653,696	771,932,260	1,280,211,499	0	0
em-p-ihep51	20260626152110855000000	27	23,176,418,521,088	23,176,654,512,128	14,669,952,464,895	25,154,938,761,216	25,945,969,811,456	22,034,264,555,520	29,685,706,653,696	712,776,381	1,922,958,865	102,400	0
em-p-ihep51	20260626152120853000000	28	23,179,915,964,416	23,180,049,403,904	14,688,267,571,794	25,154,938,761,216	25,945,969,811,456	22,034,264,555,520	29,685,706,653,696	522,989,195	2,483,843,709	0	0
em-p-ihep51	20260626152130855000000	22	23,180,722,003,968	23,180,877,881,344	14,654,308,049,828	25,154,938,761,216	25,945,969,811,456	22,034,264,555,520	29,685,706,653,696	631,836,122	1,451,454,660	4,096	0
em-p-ihep51	20260626152140962000000	20	23,180,728,758,272	23,180,839,350,272	14,652,422,995,204	25,154,938,761,216	25,945,969,811,456	22,034,264,555,520	29,685,706,653,696	616,502,827	1,511,756,856	0	0
em-p-ihep51	20260626152150952000000	17	23,180,725,465,088	23,180,835,115,008	14,651,416,504,705	25,154,938,761,216	25,945,969,811,456	22,034,264,555,520	29,685,706,653,696	547,632,767	1,653,750,963	0	0
em-p-ihep51	20260626152200970000000	18	23,180,725,628,928	23,180,834,664,448	14,654,417,605,031	25,154,938,761,216	25,945,969,811,456	22,034,264,555,520	29,685,706,653,696	610,637,347	1,202,952,997	0	0
em-p-ihep51	20260626152210981000000	27	23,180,694,147,072	23,180,807,544,832	14,660,148,373,807	25,154,938,761,216	25,945,969,811,456	22,034,264,555,520	29,685,706,653,696	930,319,337	2,337,018,078	0	0
em-p-ihep51	20260626152220992000000	26	23,180,695,265,280	23,181,132,443,648	14,658,547,222,984	25,154,938,761,216	25,945,969,811,456	22,034,264,555,520	29,685,706,653,696	1,501,977,313	3,714,590,377	0	0
em-p-ihep51	20260626152231025000000	22	23,180,700,098,560	23,180,808,511,488	14,657,266,126,982	25,154,938,761,216	25,945,969,811,456	22,034,264,555,520	29,685,706,653,696	1,377,463,675	2,691,534,320	0	0
em-p-ihep51	20260626152241099000000	17	23,180,701,179,904	23,181,263,069,184	14,651,378,060,158	25,154,938,761,216	25,945,969,811,456	22,034,264,555,520	29,685,706,653,696	621,045,510	1,018,536,893	0	0
em-p-ihep51	20260626152251101000000	19	23,180,702,154,752	23,180,811,841,536	14,651,545,750,965	25,154,938,761,216	25,945,969,811,456	22,034,264,555,520	29,685,706,653,696	339,646,302	924,242,488	0	0
em-p-ihep51	20260626152301125000000	26	23,180,706,164,736	23,180,816,711,680	14,655,013,806,107	25,154,938,761,216	25,945,969,811,456	22,034,264,555,520	29,685,706,653,696	665,240,142	1,766,034,116	0	0
em-p-ihep51	20260626152311170000000	32	23,181,013,594,112	23,181,444,710,400	14,653,888,210,239	25,154,938,761,216	25,945,969,811,456	22,034,264,555,520	29,685,706,653,696	621,683,641	2,637,861,699	77,824	0
em-p-ihep51	20260626152321154000000	24	23,181,091,938,304	23,181,197,529,088	14,652,743,159,017	25,154,938,761,216	25,945,969,811,456	22,034,264,555,520	29,685,706,653,696	558,939,707	2,332,335,913	0	0
em-p-ihep51	20260626152331160000000	21	23,181,087,272,960	23,181,674,303,488	14,653,609,322,741	25,154,938,761,216	25,945,969,811,456	22,034,264,555,520	29,685,706,653,696	496,887,065	1,144,913,989	0	0
em-p-ihep51	20260626152341161000000	19	23,181,089,812,480	23,181,197,840,384	14,654,408,771,229	25,154,938,761,216	25,945,969,811,456	22,034,264,555,520	29,685,706,653,696	591,135,233	1,305,094,401	0	0
em-p-ihep51	20260626152351261000000	22	23,181,200,130,048	23,181,306,966,016	14,658,139,305,168	25,154,938,761,216	25,945,969,811,456	22,034,264,555,520	29,685,706,653,696	478,047,693	1,672,219,972	0	0
em-p-ihep51	20260626152401342000000	22	23,188,159,012,864	23,188,267,491,328	14,672,148,713,383	25,154,938,761,216	25,945,969,811,456	22,034,264,555,520	29,685,706,653,696	778,033,267	2,037,461,350	0	0
em-p-ihep51	20260626152411460000000	17	23,182,794,096,640	23,182,901,211,136	14,665,221,821,581	25,154,938,761,216	25,945,969,811,456	22,034,264,555,520	29,685,706,653,696	425,369,732	1,418,224,747	0	0
em-p-ihep51	20260626152421540000000	11	23,180,672,901,120	23,180,831,424,512	14,647,623,520,239	25,154,938,761,216	25,945,969,811,456	22,034,264,555,520	29,685,706,653,696	379,422,579	1,234,245,394	0	0
em-p-ihep51	20260626152431557000000	14	23,180,673,982,464	23,180,812,959,744	14,649,880,977,798	25,154,938,761,216	25,945,969,811,456	22,034,264,555,520	29,685,706,653,696	216,325,376	1,319,116,728	0	0
em-p-ihep51	20260626152441659000000	16	23,180,674,088,960	23,180,813,406,208	14,645,844,610,506	25,154,938,761,216	25,945,969,811,456	22,034,264,555,520	29,685,706,653,696	250,371,739	1,363,124,558	0	0
em-p-ihep51	20260626152451673000000	21	23,180,680,028,160	23,181,146,128,384	14,655,998,661,338	25,154,938,761,216	25,945,969,811,456	22,034,264,555,520	29,685,706,653,696	345,554,099	1,009,227,127	0	0
em-p-ihep51	20260626152501681000000	17	23,180,847,255,552	23,181,044,396,032	14,663,252,324,523	25,154,938,761,216	25,945,969,811,456	22,034,264,555,520	29,685,706,653,696	231,690,986	827,381,769	0	0
em-p-ihep51	20260626152511669000000	19	23,185,278,763,008	23,185,419,763,712	14,683,383,980,108	25,154,938,761,216	25,945,969,811,456	22,034,264,555,520	29,685,706,653,696	449,488,948	1,062,078,285	0	0
em-p-ihep51	20260626152521706000000	22	23,185,304,981,504	23,185,424,572,416	14,659,133,686,073	25,154,938,761,216	25,945,969,811,456	22,034,264,555,520	29,685,706,653,696	607,975,434	1,874,883,779	0	0
em-p-ihep51	20260626152531750000000	22	23,185,298,198,528	23,185,412,706,304	14,656,768,606,267	25,154,938,761,216	25,945,969,811,456	22,034,264,555,520	29,685,706,653,696	849,493,883	1,278,238,791	0	0
em-p-ihep51	20260626152541802000000	26	23,185,278,251,008	23,185,409,204,224	14,650,472,516,545	25,154,938,761,216	25,945,969,811,456	22,034,264,555,520	29,685,706,653,696	1,012,119,605	1,772,685,686	0	0
em-p-ihep51	20260626152551916000000	24	23,185,277,579,264	23,185,713,213,440	14,654,392,757,871	25,154,938,761,216	25,945,969,811,456	22,034,264,555,520	29,685,706,653,696	1,281,863,726	2,679,028,992	0	0
em-p-ihep51	20260626152601919000000	27	23,185,289,940,992	23,185,883,226,112	14,655,713,540,277	25,154,938,761,216	25,945,969,811,456	22,034,264,555,520	29,685,706,653,696	395,644,740	2,588,229,265	0	0
em-p-ihep51	20260626152611914000000	24	23,186,810,048,512	23,186,928,541,696	14,664,139,722,425	25,154,938,761,216	25,945,969,811,456	22,034,264,555,520	29,685,706,653,696	735,987,014	1,278,322,147	0	0
em-p-ihep51	20260626152621923000000	28	23,186,819,805,184	23,186,936,922,112	14,661,807,935,467	25,154,938,761,216	25,945,969,811,456	22,034,264,555,520	29,685,706,653,696	563,685,820	1,233,537,607	0	0
em-p-ihep51	20260626152631928000000	24	23,186,822,316,032	23,186,943,909,888	14,653,737,118,101	25,154,938,761,216	25,945,969,811,456	22,034,264,555,520	29,685,706,653,696	354,528,788	713,353,107	0	0
em-p-ihep51	20260626152641929000000	24	23,187,221,061,632	23,187,340,824,576	14,656,847,989,436	25,154,938,761,216	25,945,969,811,456	22,034,264,555,520	29,685,706,653,696	323,612,911	763,200,110	0	0
em-p-ihep51	20260626152651935000000	27	23,187,214,553,088	23,187,336,282,112	14,658,545,723,165	25,154,938,761,216	25,945,969,811,456	22,034,264,555,520	29,685,706,653,696	410,414,215	1,105,541,544	0	0
em-p-ihep51	20260626152702033000000	20	23,187,217,960,960	23,187,340,115,968	14,655,978,950,000	25,154,938,761,216	25,945,969,811,456	22,034,264,555,520	29,685,706,653,696	293,640,392	1,026,370,583	0	0
em-p-ihep51	20260626152712051000000	26	23,187,271,913,472	23,187,392,847,872	14,658,775,616,596	25,154,938,761,216	25,945,969,811,456	22,034,264,555,520	29,685,706,653,696	548,599,401	1,388,289,466	0	0
em-p-ihep51	20260626152722023000000	18	23,187,272,888,320	23,187,374,309,376	14,651,608,936,341	25,154,938,761,216	25,945,969,811,456	22,034,264,555,520	29,685,706,653,696	820,575,995	2,232,205,930	0	0
em-p-ihep51	20260626152732124000000	14	23,187,270,066,176	23,187,371,151,360	14,652,015,457,025	25,154,938,761,216	25,945,969,811,456	22,034,264,555,520	29,685,706,653,696	1,013,860,595	1,688,323,280	4,096	0
em-p-ihep51	20260626152742128000000	17	23,187,267,903,488	23,187,700,232,192	14,651,706,102,802	25,154,938,761,216	25,945,969,811,456	22,034,264,555,520	29,685,706,653,696	295,281,058	801,413,658	0	0
em-p-ihep51	20260626152752129000000	16	23,187,266,686,976	23,187,381,911,552	14,654,096,641,537	25,154,938,761,216	25,945,969,811,456	22,034,264,555,520	29,685,706,653,696	654,298,976	1,125,291,589	0	0
em-p-ihep51	20260626152802158000000	21	23,187,269,120,000	23,187,369,357,312	14,656,716,917,166	25,154,938,761,216	25,945,969,811,456	22,034,264,555,520	29,685,706,653,696	321,323,723	696,258,161	0	0
em-p-ihep51	20260626152812152000000	20	23,187,268,046,848	23,187,760,918,528	14,660,934,103,725	25,154,938,761,216	25,945,969,811,456	22,034,264,555,520	29,685,706,653,696	610,141,899	1,093,331,080	0	0
em-p-ihep51	20260626152822160000000	20	23,187,266,834,432	23,187,347,841,024	14,649,921,233,073	25,154,938,761,216	25,945,969,811,456	22,034,264,555,520	29,685,706,653,696	592,791,566	1,139,070,889	0	0
em-p-ihep51	20260626152832156000000	14	23,187,266,887,680	23,187,433,836,544	14,646,449,985,607	25,154,938,761,216	25,945,969,811,456	22,034,264,555,520	29,685,706,653,696	248,154,419	704,443,031	0	0
em-p-ihep51	20260626152842265000000	13	23,187,266,781,184	23,187,425,378,304	14,649,722,154,383	25,154,938,761,216	25,945,969,811,456	22,034,264,555,520	29,685,706,653,696	324,997,216	1,543,678,157	0	0
em-p-ihep51	20260626152852306000000	17	23,187,269,214,208	23,187,440,050,176	14,653,870,903,315	25,154,938,761,216	25,945,969,811,456	22,034,264,555,520	29,685,706,653,696	438,246,198	1,283,490,313	0	0
em-p-ihep51	20260626152902318000000	21	23,187,268,218,880	23,187,410,886,656	14,653,145,141,919	25,154,938,761,216	25,945,969,811,456	22,034,264,555,520	29,685,706,653,696	514,040,687	1,847,533,468	0	0
em-p-ihep51	20260626152912326000000	22	23,187,271,622,656	23,187,415,326,720	14,674,450,441,215	25,154,938,761,216	25,945,969,811,456	22,034,264,555,520	29,685,706,653,696	554,678,252	2,121,680,949	0	0
em-p-ihep51	20260626152922361000000	20	23,187,264,712,704	23,187,437,236,224	14,649,982,445,025	25,154,938,761,216	25,945,969,811,456	22,034,264,555,520	29,685,706,653,696	648,844,748	1,932,918,114	0	0
em-p-ihep51	20260626152932308000000	14	23,187,264,716,800	23,187,377,664,000	14,650,259,761,522	25,154,938,761,216	25,945,969,811,456	22,034,264,555,520	29,685,706,653,696	360,655,636	1,653,673,248	0	0
em-p-ihep51	20260626152942446000000	17	23,187,264,880,640	23,187,380,092,928	14,654,890,786,471	25,154,938,761,216	25,945,969,811,456	22,034,264,555,520	29,685,706,653,696	293,735,793	1,023,162,453	0	0
em-p-ihep51	20260626152952445000000	19	23,187,264,692,224	23,188,035,182,592	14,652,659,770,532	25,154,938,761,216	25,945,969,811,456	22,034,264,555,520	29,685,706,653,696	891,483,932	2,444,273,469	0	0
em-p-ihep51	20260626153002471000000	20	23,187,270,447,104	23,187,384,791,040	14,654,106,946,895	25,154,938,761,216	25,945,969,811,456	22,034,264,555,520	29,685,706,653,696	378,495,717	1,963,392,606	0	0
em-p-ihep51	20260626153012499000000	38	23,188,372,463,616	23,188,489,277,440	14,676,084,366,556	25,154,938,761,216	25,945,969,811,456	22,034,264,555,520	29,685,706,653,696	1,194,188,391	3,528,866,669	0	0
em-p-ihep51	20260626153022536000000	38	23,188,388,155,392	23,189,036,826,624	14,679,172,739,926	25,154,938,761,216	25,945,969,811,456	22,034,264,555,520	29,685,706,653,696	1,481,040,586	2,975,231,115	0	0
em-p-ihep51	20260626153032562000000	34	23,188,381,769,728	23,188,485,615,616	14,663,640,020,770	25,154,938,761,216	25,945,969,811,456	22,034,264,555,520	29,685,706,653,696	869,740,004	1,523,908,207	0	0
em-p-ihep51	20260626153042586000000	34	23,188,166,684,672	23,188,272,250,880	14,656,549,472,223	25,154,938,761,216	25,945,969,811,456	22,034,264,555,520	29,685,706,653,696	578,822,836	1,310,095,661	0	0
em-p-ihep51	20260626153052591000000	29	23,188,184,035,328	23,188,291,567,616	14,664,588,962,985	25,154,938,761,216	25,945,969,811,456	22,034,264,555,520	29,685,706,653,696	977,470,652	2,106,098,034	0	0
em-p-ihep51	20260626153102606000000	31	23,188,191,371,264	23,188,299,034,624	14,658,631,788,270	25,154,938,761,216	25,945,969,811,456	22,034,264,555,520	29,685,706,653,696	1,084,005,037	1,773,988,166	0	0
em-p-ihep51	20260626153112612000000	27	23,188,186,783,744	23,188,301,053,952	14,667,512,853,994	25,154,938,761,216	25,945,969,811,456	22,034,264,555,520	29,685,706,653,696	972,908,275	2,040,150,600	0	0
em-p-ihep51	20260626153122711000000	25	23,190,981,128,192	23,191,114,080,256	14,651,252,193,314	25,154,938,761,216	25,945,969,811,456	22,034,264,555,520	29,685,706,653,696	537,881,260	1,836,781,137	0	0
em-p-ihep51	20260626153132831000000	20	23,190,986,891,264	23,191,286,505,472	14,658,802,468,222	25,154,938,761,216	25,945,969,811,456	22,034,264,555,520	29,685,706,653,696	619,500,999	3,059,225,920	0	0
em-p-ihep51	20260626153142814000000	34	23,190,992,326,656	23,191,097,229,312	14,655,839,461,221	25,154,938,761,216	25,945,969,811,456	22,034,264,555,520	29,685,706,653,696	956,009,460	1,929,719,576	0	0
em-p-ihep51	20260626153152926000000	21	23,190,991,138,816	23,191,079,329,792	14,658,846,555,518	25,154,938,761,216	25,945,969,811,456	22,034,264,555,520	29,685,706,653,696	760,129,702	1,784,278,753	0	0
em-p-ihep51	20260626153203002000000	20	23,190,987,747,328	23,191,097,372,672	14,653,238,309,779	25,154,938,761,216	25,945,969,811,456	22,034,264,555,520	29,685,706,653,696	745,638,837	1,483,547,653	0	0
em-p-ihep51	20260626153213006000000	22	23,190,986,477,568	23,191,072,595,968	14,660,681,373,194	25,154,938,761,216	25,945,969,811,456	22,034,264,555,520	29,685,706,653,696	1,008,844,627	1,621,611,706	0	0
em-p-ihep51	20260626153223118000000	22	23,190,986,530,816	23,191,073,550,336	14,658,600,349,290	25,154,938,761,216	25,945,969,811,456	22,034,264,555,520	29,685,706,653,696	660,443,535	1,813,697,850	0	0
em-p-ihep51	20260626153233197000000	28	23,190,988,800,000	23,191,199,518,720	14,656,356,922,759	25,154,938,761,216	25,945,969,811,456	22,034,264,555,520	29,685,706,653,696	377,902,796	953,271,250	0	0
em-p-ihep51	20260626153243297000000	25	23,190,986,317,824	23,191,071,092,736	14,665,595,251,346	25,154,938,761,216	25,945,969,811,456	22,034,264,555,520	29,685,706,653,696	343,955,046	782,176,309	0	0
em-p-ihep51	20260626153253407000000	30	23,190,991,122,432	23,191,075,405,824	14,662,508,082,617	25,154,938,761,216	25,945,969,811,456	22,034,264,555,520	29,685,706,653,696	186,523,624	1,476,097,390	0	0
em-p-ihep51	20260626153303485000000	28	23,190,989,123,584	23,191,076,614,144	14,662,046,774,173	25,154,938,761,216	25,945,969,811,456	22,034,264,555,520	29,685,706,653,696	563,184,753	1,361,428,589	0	0
em-p-ihep51	20260626153313491000000	28	23,195,771,162,624	23,194,971,181,056	14,688,563,514,593	25,154,938,761,216	25,945,969,811,456	22,034,264,555,520	29,685,706,653,696	424,520,386	2,106,508,928	0	0
em-p-ihep51	20260626153323564000000	20	23,182,559,068,160	23,182,642,307,072	14,662,038,932,041	25,154,938,761,216	25,945,969,811,456	22,034,264,555,520	29,685,706,653,696	464,898,265	1,831,878,390	0	0
em-p-ihep51	20260626153333680000000	22	23,188,492,390,400	23,188,218,966,016	14,679,721,619,046	25,154,938,761,216	25,945,969,811,456	22,034,264,555,520	29,685,706,653,696	353,175,318	1,257,320,969	0	0
em-p-ihep51	20260626153343770000000	22	23,180,671,713,280	23,180,820,238,336	14,652,793,568,506	25,154,938,761,216	25,945,969,811,456	22,034,264,555,520	29,685,706,653,696	206,465,106	1,259,912,819	0	0
em-p-ihep51	20260626153353893000000	21	23,180,663,365,632	23,180,799,447,040	14,655,083,334,172	25,154,938,761,216	25,945,969,811,456	22,034,264,555,520	29,685,706,653,696	471,054,047	1,442,477,513	0	0
em-p-ihep51	20260626153403876000000	22	23,180,660,989,952	23,180,770,762,752	14,651,052,079,756	25,154,938,761,216	25,945,969,811,456	22,034,264,555,520	29,685,706,653,696	606,091,088	1,449,336,020	0	0
em-p-ihep51	20260626153413886000000	25	23,181,405,941,760	23,181,992,296,448	14,662,034,386,148	25,154,938,761,216	25,945,969,811,456	22,034,264,555,520	29,685,706,653,696	1,072,761,352	1,580,349,491	0	0
em-p-ihep51	20260626153423890000000	27	23,181,408,374,784	23,181,518,016,512	14,657,273,916,426	25,154,938,761,216	25,945,969,811,456	22,034,264,555,520	29,685,706,653,696	713,591,641	1,808,737,464	0	0
em-p-ihep51	20260626153433901000000	20	23,181,411,778,560	23,181,519,450,112	14,664,300,635,201	25,154,938,761,216	25,945,969,811,456	22,034,264,555,520	29,685,706,653,696	887,346,482	1,731,103,601	0	0
em-p-ihep51	20260626153443981000000	19	23,190,035,922,944	23,190,597,791,744	14,668,081,163,887	25,154,938,761,216	25,945,969,811,456	22,034,264,555,520	29,685,706,653,696	589,868,710	3,658,390,471	0	0
em-p-ihep51	20260626153454066000000	13	23,183,180,455,936	23,183,289,126,912	14,652,744,962,185	25,154,938,761,216	25,945,969,811,456	22,034,264,555,520	29,685,706,653,696	424,573,402	1,016,467,301	0	0
em-p-ihep51	20260626153504184000000	21	23,183,180,582,912	23,183,291,142,144	14,657,981,943,113	25,154,938,761,216	25,945,969,811,456	22,034,264,555,520	29,685,706,653,696	526,237,911	1,578,922,320	0	0
em-p-ihep51	20260626153514186000000	37	23,183,191,408,640	23,183,347,081,216	14,671,482,150,107	25,154,938,761,216	25,945,969,811,456	22,034,264,555,520	29,685,706,653,696	798,905,251	1,705,808,628	0	0
em-p-ihep51	20260626153524266000000	29	23,183,188,926,464	23,183,304,294,400	14,663,440,185,126	25,154,938,761,216	25,945,969,811,456	22,034,264,555,520	29,685,706,653,696	747,337,895	1,910,707,294	0	0
em-p-ihep51	20260626153534272000000	27	23,183,191,248,896	23,183,299,670,016	14,668,489,296,956	25,154,938,761,216	25,945,969,811,456	22,034,264,555,520	29,685,706,653,696	412,467,241	1,010,255,160	0	0
em-p-ihep51	20260626153544258000000	24	23,183,180,693,504	23,183,290,306,560	14,658,520,415,314	25,154,938,761,216	25,945,969,811,456	22,034,264,555,520	29,685,706,653,696	1,222,569,151	1,520,519,886	0	0
em-p-ihep51	20260626153554260000000	20	23,183,181,934,592	23,183,374,233,600	14,655,866,865,372	25,154,938,761,216	25,945,969,811,456	22,034,264,555,520	29,685,706,653,696	582,529,495	1,026,774,460	0	0
em-p-ihep51	20260626153604284000000	27	23,183,192,252,416	23,183,302,029,312	14,662,567,557,389	25,154,938,761,216	25,945,969,811,456	22,034,264,555,520	29,685,706,653,696	374,416,544	1,740,101,059	20,480	0
em-p-ihep51	20260626153614380000000	28	23,183,198,175,232	23,183,349,690,368	14,657,866,212,215	25,154,938,761,216	25,945,969,811,456	22,034,264,555,520	29,685,706,653,696	814,298,860	2,563,851,834	0	0
em-p-ihep51	20260626153624376000000	27	23,183,197,065,216	23,183,574,691,840	14,666,521,815,181	25,154,938,761,216	25,945,969,811,456	22,034,264,555,520	29,685,706,653,696	497,831,890	2,393,289,923	0	0
em-p-ihep51	20260626153634396000000	17	23,189,573,140,480	23,188,693,041,152	14,675,442,042,257	25,154,938,761,216	25,945,969,811,456	22,034,264,555,520	29,685,706,653,696	648,516,082	1,049,028,884	0	0
em-p-ihep51	20260626153644381000000	23	23,182,156,050,432	23,182,278,402,048	14,666,005,188,928	25,154,938,761,216	25,945,969,811,456	22,034,264,555,520	29,685,706,653,696	732,873,044	967,714,551	0	0
em-p-ihep51	20260626153654465000000	17	23,183,583,170,560	23,184,250,626,048	14,655,049,884,462	25,154,938,761,216	25,945,969,811,456	22,034,264,555,520	29,685,706,653,696	631,258,393	1,446,072,637	0	0
em-p-ihep51	20260626153704563000000	16	23,183,583,195,136	23,183,706,710,016	14,661,499,539,324	25,154,938,761,216	25,945,969,811,456	22,034,264,555,520	29,685,706,653,696	974,433,055	1,620,321,851	0	0
em-p-ihep51	20260626153714629000000	19	23,183,581,286,400	23,183,869,415,424	14,666,233,632,446	25,154,938,761,216	25,945,969,811,456	22,034,264,555,520	29,685,706,653,696	517,959,044	1,916,274,942	0	0
em-p-ihep51	20260626153724614000000	21	23,183,577,751,552	23,183,767,265,280	14,658,630,274,937	25,154,938,761,216	25,945,969,811,456	22,034,264,555,520	29,685,706,653,696	500,248,648	2,216,280,086	0	0
em-p-ihep51	20260626153734611000000	16	23,183,577,751,552	23,183,990,153,216	14,657,555,421,080	25,154,938,761,216	25,945,969,811,456	22,034,264,555,520	29,685,706,653,696	1,116,666,199	2,345,635,921	0	0
em-p-ihep51	20260626153744697000000	13	23,183,580,180,480	23,183,707,111,424	14,654,019,700,047	25,154,938,761,216	25,945,969,811,456	22,034,264,555,520	29,685,706,653,696	629,335,190	1,645,092,280	0	0
em-p-ihep51	20260626153754793000000	16	23,183,580,344,320	23,183,705,817,088	14,653,902,884,295	25,154,938,761,216	25,945,969,811,456	22,034,264,555,520	29,685,706,653,696	363,020,744	1,374,938,994	0	0
em-p-ihep51	20260626153804893000000	15	23,183,580,237,824	23,184,254,816,256	14,654,430,125,436	25,154,938,761,216	25,945,969,811,456	22,034,264,555,520	29,685,706,653,696	599,728,381	1,438,984,771	0	0
em-p-ihep51	20260626153814895000000	20	23,183,579,320,320	23,183,700,918,272	14,663,234,193,079	25,154,938,761,216	25,945,969,811,456	22,034,264,555,520	29,685,706,653,696	734,014,665	1,404,143,307	0	0
em-p-ihep51	20260626153824990000000	17	23,183,582,375,936	23,183,895,277,568	14,654,300,908,478	25,154,938,761,216	25,945,969,811,456	22,034,264,555,520	29,685,706,653,696	921,547,162	3,998,116,177	0	0
em-p-ihep51	20260626153835081000000	14	23,183,583,424,512	23,183,788,011,520	14,654,475,501,855	25,154,938,761,216	25,945,969,811,456	22,034,264,555,520	29,685,706,653,696	480,258,402	2,105,122,976	0	0
em-p-ihep51	20260626153845181000000	12	23,183,583,588,352	23,183,808,028,672	14,652,613,460,846	25,154,938,761,216	25,945,969,811,456	22,034,264,555,520	29,685,706,653,696	956,958,886	1,700,884,575	0	0
em-p-ihep51	20260626153855177000000	18	23,183,584,833,536	23,183,796,195,328	14,657,499,906,763	25,154,938,761,216	25,945,969,811,456	22,034,264,555,520	29,685,706,653,696	437,640,472	2,439,228,275	0	0
em-p-ihep51	20260626153905229000000	25	23,183,582,924,800	23,183,784,345,600	14,661,542,254,710	25,154,938,761,216	25,945,969,811,456	22,034,264,555,520	29,685,706,653,696	771,489,746	2,664,126,803	0	0
em-p-ihep51	20260626153915208000000	22	23,183,650,938,880	23,183,866,327,040	14,664,171,168,822	25,154,938,761,216	25,945,969,811,456	22,034,264,555,520	29,685,706,653,696	1,266,865,265	2,349,330,048	0	0
em-p-ihep51	20260626153925211000000	17	23,183,663,898,624	23,183,866,433,536	14,658,887,235,254	25,154,938,761,216	25,945,969,811,456	22,034,264,555,520	29,685,706,653,696	751,264,956	2,210,894,514	0	0
em-p-ihep51	20260626153935200000000	18	23,183,667,220,480	23,183,872,069,632	14,655,877,887,091	25,154,938,761,216	25,945,969,811,456	22,034,264,555,520	29,685,706,653,696	718,817,393	1,261,020,147	0	0
em-p-ihep51	20260626153945313000000	17	23,183,666,032,640	23,184,309,174,272	14,660,544,707,139	25,154,938,761,216	25,945,969,811,456	22,034,264,555,520	29,685,706,653,696	975,493,480	1,987,921,043	0	0
em-p-ihep51	20260626153955311000000	17	23,183,663,550,464	23,183,865,696,256	14,653,035,180,639	25,154,938,761,216	25,945,969,811,456	22,034,264,555,520	29,685,706,653,696	636,209,343	1,370,477,024	0	0
em-p-ihep51	20260626154005373000000	22	23,183,675,600,896	23,183,882,919,936	14,656,744,858,993	25,154,938,761,216	25,945,969,811,456	22,034,264,555,520	29,685,706,653,696	792,115,672	1,620,861,037	0	0
em-p-ihep51	20260626154015376000000	39	23,183,778,033,664	23,183,917,764,608	14,683,108,610,154	25,154,938,761,216	25,945,969,811,456	22,034,264,555,520	29,685,706,653,696	1,808,618,559	4,177,185,284	32,768	0
em-p-ihep51	20260626154025381000000	49	23,185,199,620,096	23,185,337,450,496	14,695,449,129,115	25,154,938,761,216	25,945,969,811,456	22,034,264,555,520	29,685,706,653,696	1,711,061,089	3,869,675,521	0	0
em-p-ihep51	20260626154035385000000	41	23,185,900,474,368	23,185,997,553,664	14,673,067,771,842	25,154,938,761,216	25,945,969,811,456	22,034,264,555,520	29,685,706,653,696	1,026,857,720	2,792,508,915	0	0
em-p-ihep51	20260626154045428000000	33	23,185,877,811,200	23,186,020,212,736	14,676,606,335,256	25,154,938,761,216	25,945,969,811,456	22,034,264,555,520	29,685,706,653,696	848,182,344	1,352,721,377	0	0
em-p-ihep51	20260626154055424000000	34	23,186,099,367,936	23,186,234,019,840	14,675,344,310,707	25,154,938,761,216	25,945,969,811,456	22,034,264,555,520	29,685,706,653,696	869,544,568	1,778,813,598	16,384	0
em-p-ihep51	20260626154105433000000	32	23,186,096,463,872	23,186,231,898,112	14,668,894,848,964	25,154,938,761,216	25,945,969,811,456	22,034,264,555,520	29,685,706,653,696	757,934,951	1,379,563,709	0	0
em-p-ihep51	20260626154115465000000	31	23,192,479,100,928	23,192,639,320,064	14,682,367,279,503	25,154,938,761,216	25,945,969,811,456	22,034,264,555,520	29,685,706,653,696	944,128,149	2,481,872,624	0	0
em-p-ihep51	20260626154125488000000	33	23,180,548,898,816	23,180,831,936,512	14,662,653,676,016	25,154,938,761,216	25,945,969,811,456	22,034,264,555,520	29,685,706,653,696	1,179,429,690	3,674,516,510	0	0
em-p-ihep51	20260626154135496000000	28	23,180,543,188,992	23,180,684,890,112	14,662,272,694,311	25,154,938,761,216	25,945,969,811,456	22,034,264,555,520	29,685,706,653,696	550,641,034	1,451,352,408	0	0
em-p-ihep51	20260626154145492000000	30	23,180,546,772,992	23,180,691,693,568	14,657,717,295,196	25,154,938,761,216	25,945,969,811,456	22,034,264,555,520	29,685,706,653,696	994,628,540	2,174,565,141	16,384	0
em-p-ihep51	20260626154155519000000	26	23,180,545,249,280	23,180,685,012,992	14,656,783,573,266	25,154,938,761,216	25,945,969,811,456	22,034,264,555,520	29,685,706,653,696	665,904,722	2,392,912,612	20,480	0
em-p-ihep51	20260626154205526000000	26	23,180,553,814,016	23,180,694,810,624	14,664,300,965,559	25,154,938,761,216	25,945,969,811,456	22,034,264,555,520	29,685,706,653,696	628,232,277	1,541,170,003	0	0
em-p-ihep51	20260626154215518000000	31	23,180,588,224,512	23,180,699,688,960	14,652,579,046,428	25,154,938,761,216	25,945,969,811,456	22,034,264,555,520	29,685,706,653,696	815,365,954	1,519,693,604	0	0
em-p-ihep51	20260626154225548000000	15	23,180,589,576,192	23,180,718,116,864	14,657,925,730,032	25,154,938,761,216	25,945,969,811,456	22,034,264,555,520	29,685,706,653,696	902,564,217	1,542,658,543	0	0
em-p-ihep51	20260626154235549000000	18	23,180,592,062,464	23,180,707,590,144	14,660,014,672,376	25,154,938,761,216	25,945,969,811,456	22,034,264,555,520	29,685,706,653,696	624,158,847	1,026,891,684	0	0
em-p-ihep51	20260626154245561000000	16	23,180,593,414,144	23,180,708,188,160	14,656,019,490,701	25,154,938,761,216	25,945,969,811,456	22,034,264,555,520	29,685,706,653,696	791,733,807	1,410,900,397	0	0
em-p-ihep51	20260626154255591000000	14	23,180,593,303,552	23,180,810,719,232	14,656,187,301,566	25,154,938,761,216	25,945,969,811,456	22,034,264,555,520	29,685,706,653,696	344,608,274	715,543,308	0	0
em-p-ihep51	20260626154305585000000	13	23,181,225,623,552	23,181,341,589,504	14,654,013,165,303	25,154,938,761,216	25,945,969,811,456	22,034,264,555,520	29,685,706,653,696	535,389,799	1,231,188,120	0	0
em-p-ihep51	20260626154315597000000	14	23,181,225,709,568	23,181,631,705,088	14,655,381,260,507	25,154,938,761,216	25,945,969,811,456	22,034,264,555,520	29,685,706,653,696	493,390,971	2,780,892,947	0	0
em-p-ihep51	20260626154325693000000	16	23,181,225,951,232	23,181,340,946,432	14,653,078,701,194	25,154,938,761,216	25,945,969,811,456	22,034,264,555,520	29,685,706,653,696	628,491,937	2,769,919,964	0	0
em-p-ihep51	20260626154335717000000	21	23,181,225,844,736	23,181,400,981,504	14,657,560,810,000	25,154,938,761,216	25,945,969,811,456	22,034,264,555,520	29,685,706,653,696	833,323,010	1,394,312,150	0	0
em-p-ihep51	20260626154345713000000	14	23,181,225,844,736	23,181,337,817,088	14,654,590,044,326	25,154,938,761,216	25,945,969,811,456	22,034,264,555,520	29,685,706,653,696	406,736,089	869,242,026	0	0
em-p-ihep51	20260626154355718000000	15	23,181,225,844,736	23,181,303,734,272	14,652,532,054,448	25,154,938,761,216	25,945,969,811,456	22,034,264,555,520	29,685,706,653,696	229,340,301	1,060,195,066	0	0
em-p-ihep51	20260626154405821000000	14	23,181,228,171,264	23,181,742,166,016	14,660,231,493,658	25,154,938,761,216	25,945,969,811,456	22,034,264,555,520	29,685,706,653,696	986,484,711	2,348,480,498	0	0
em-p-ihep51	20260626154415822000000	15	23,181,226,983,424	23,181,301,596,160	14,666,901,804,765	25,154,938,761,216	25,945,969,811,456	22,034,264,555,520	29,685,706,653,696	628,018,306	2,162,578,473	0	0
em-p-ihep51	20260626154425903000000	12	23,181,228,335,104	23,181,300,355,072	14,652,905,623,363	25,154,938,761,216	25,945,969,811,456	22,034,264,555,520	29,685,706,653,696	777,538,310	1,149,803,655	0	0
em-p-ihep51	20260626154435928000000	12	23,181,228,228,608	23,181,812,387,840	14,655,112,526,507	25,154,938,761,216	25,945,969,811,456	22,034,264,555,520	29,685,706,653,696	765,489,358	2,138,832,983	0	0
em-p-ihep51	20260626154446025000000	15	23,181,229,473,792	23,181,304,184,832	14,662,692,747,837	25,154,938,761,216	25,945,969,811,456	22,034,264,555,520	29,685,706,653,696	971,474,944	2,101,312,540	0	0
em-p-ihep51	20260626154456050000000	26	23,181,232,447,488	23,181,306,998,784	14,674,118,001,904	25,154,938,761,216	25,945,969,811,456	22,034,264,555,520	29,685,706,653,696	1,038,379,651	1,968,160,068	0	0
em-p-ihep51	20260626154506085000000	25	23,181,224,304,640	23,181,643,862,016	14,684,802,402,068	25,154,938,761,216	25,945,969,811,456	22,034,264,555,520	29,685,706,653,696	846,733,204	1,860,191,754	0	0
em-p-ihep51	20260626154516107000000	22	23,181,221,822,464	23,181,306,556,416	14,678,845,048,342	25,154,938,761,216	25,945,969,811,456	22,034,264,555,520	29,685,706,653,696	808,285,291	2,063,763,022	0	0
em-p-ihep51	20260626154526128000000	30	23,181,222,957,056	23,181,294,399,488	14,676,123,669,535	25,154,938,761,216	25,945,969,811,456	22,034,264,555,520	29,685,706,653,696	611,926,605	1,277,223,589	0	0
em-p-ihep51	20260626154536132000000	21	23,181,224,333,312	23,181,310,349,312	14,675,664,644,993	25,154,938,761,216	25,945,969,811,456	22,034,264,555,520	29,685,706,653,696	185,773,263	1,022,956,440	28,672	0
em-p-ihep51	20260626154546133000000	17	23,181,226,389,504	23,181,322,534,912	14,655,563,015,107	25,154,938,761,216	25,945,969,811,456	22,034,264,555,520	29,685,706,653,696	230,435,437	1,400,853,557	0	0
em-p-ihep51	20260626154556251000000	16	23,181,228,535,808	23,181,299,474,432	14,662,813,025,914	25,154,938,761,216	25,945,969,811,456	22,034,264,555,520	29,685,706,653,696	517,152,622	1,678,888,755	0	0
em-p-ihep51	20260626154606257000000	24	23,181,227,347,968	23,181,298,229,248	14,658,591,334,434	25,154,938,761,216	25,945,969,811,456	22,034,264,555,520	29,685,706,653,696	374,223,570	1,552,721,212	0	0
em-p-ihep51	20260626154616353000000	19	23,181,228,699,648	23,181,396,623,360	14,659,910,407,044	25,154,938,761,216	25,945,969,811,456	22,034,264,555,520	29,685,706,653,696	257,549,664	1,399,583,502	0	0
em-p-ihep51	20260626154626452000000	16	23,181,229,133,824	23,181,310,873,600	14,660,159,986,018	25,154,938,761,216	25,945,969,811,456	22,034,264,555,520	29,685,706,653,696	211,552,825	1,144,505,787	0	0
em-p-ihep51	20260626154636446000000	18	23,181,231,292,416	23,181,332,217,856	14,663,153,636,502	25,154,938,761,216	25,945,969,811,456	22,034,264,555,520	29,685,706,653,696	192,138,404	1,028,486,393	0	0
em-p-ihep51	20260626154646459000000	17	23,181,231,190,016	23,181,314,478,080	14,655,428,316,264	25,154,938,761,216	25,945,969,811,456	22,034,264,555,520	29,685,706,653,696	295,883,654	1,293,710,788	0	0
em-p-ihep51	20260626154656480000000	17	23,181,231,353,856	23,181,311,614,976	14,651,709,445,102	25,154,938,761,216	25,945,969,811,456	22,034,264,555,520	29,685,706,653,696	288,382,992	1,097,692,901	0	0
em-p-ihep51	20260626154706508000000	15	23,181,231,517,696	23,181,316,300,800	14,655,671,911,905	25,154,938,761,216	25,945,969,811,456	22,034,264,555,520	29,685,706,653,696	467,232,513	1,202,773,939	0	0
em-p-ihep51	20260626154716593000000	17	23,181,231,517,696	23,181,319,630,848	14,655,454,868,294	25,154,938,761,216	25,945,969,811,456	22,034,264,555,520	29,685,706,653,696	709,478,243	2,180,172,945	0	0
em-p-ihep51	20260626154726604000000	13	23,181,232,521,216	23,181,778,329,600	14,654,263,699,916	25,154,938,761,216	25,945,969,811,456	22,034,264,555,520	29,685,706,653,696	358,113,930	2,748,790,342	0	0
em-p-ihep51	20260626154736622000000	14	23,181,232,762,880	23,181,343,674,368	14,653,902,401,475	25,154,938,761,216	25,945,969,811,456	22,034,264,555,520	29,685,706,653,696	711,259,009	3,570,859,477	0	0
em-p-ihep51	20260626154746652000000	23	23,181,233,737,728	23,181,318,668,288	14,658,941,586,758	25,154,938,761,216	25,945,969,811,456	22,034,264,555,520	29,685,706,653,696	660,584,808	1,612,174,693	0	0
em-p-ihep51	20260626154756650000000	15	23,181,233,631,232	23,181,316,354,048	14,665,746,182,959	25,154,938,761,216	25,945,969,811,456	22,034,264,555,520	29,685,706,653,696	174,692,533	994,721,596	0	0
em-p-ihep51	20260626154806664000000	22	23,181,236,285,440	23,181,356,773,376	14,670,977,390,792	25,154,938,761,216	25,945,969,811,456	22,034,264,555,520	29,685,706,653,696	382,726,869	1,263,002,115	0	0
em-p-ihep51	20260626154816666000000	14	23,181,237,526,528	23,181,360,394,240	14,652,035,247,591	25,154,938,761,216	25,945,969,811,456	22,034,264,555,520	29,685,706,653,696	422,968,366	1,432,987,279	0	0
em-p-ihep51	20260626154826663000000	15	23,181,236,338,688	23,181,358,571,520	14,657,041,931,045	25,154,938,761,216	25,945,969,811,456	22,034,264,555,520	29,685,706,653,696	788,811,580	1,392,299,894	0	0
em-p-ihep51	20260626154836668000000	15	23,181,237,420,032	23,181,795,192,832	14,655,568,310,163	25,154,938,761,216	25,945,969,811,456	22,034,264,555,520	29,685,706,653,696	839,668,699	1,338,353,879	0	0
em-p-ihep51	20260626154846771000000	15	23,181,236,506,624	23,181,418,446,848	14,655,444,683,204	25,154,938,761,216	25,945,969,811,456	22,034,264,555,520	29,685,706,653,696	1,027,812,209	1,840,389,084	0	0
em-p-ihep51	20260626154856872000000	13	23,181,229,518,848	23,181,411,864,576	14,650,504,819,051	25,154,938,761,216	25,945,969,811,456	22,034,264,555,520	29,685,706,653,696	673,923,732	1,694,459,688	0	0
em-p-ihep51	20260626154906869000000	16	23,181,230,489,600	23,181,868,666,880	14,660,932,764,924	25,154,938,761,216	25,945,969,811,456	22,034,264,555,520	29,685,706,653,696	496,976,361	1,933,253,005	0	0
em-p-ihep51	20260626154916976000000	21	23,185,114,386,432	23,185,300,041,728	14,670,200,810,480	25,154,938,761,216	25,945,969,811,456	22,034,264,555,520	29,685,706,653,696	968,654,465	2,500,537,822	0	0
em-p-ihep51	20260626154927063000000	17	23,185,115,357,184	23,185,301,581,824	14,652,056,469,244	25,154,938,761,216	25,945,969,811,456	22,034,264,555,520	29,685,706,653,696	720,046,821	1,998,291,196	0	0
em-p-ihep51	20260626154937158000000	17	23,185,137,950,720	23,185,355,001,856	14,655,697,383,298	25,154,938,761,216	25,945,969,811,456	22,034,264,555,520	29,685,706,653,696	273,148,313	879,974,174	0	0
em-p-ihep51	20260626154947151000000	14	23,185,137,029,120	23,185,394,368,512	14,658,361,286,734	25,154,938,761,216	25,945,969,811,456	22,034,264,555,520	29,685,706,653,696	522,059,591	1,326,318,976	0	0
em-p-ihep51	20260626154957244000000	12	23,185,137,029,120	23,185,320,398,848	14,654,858,380,736	25,154,938,761,216	25,945,969,811,456	22,034,264,555,520	29,685,706,653,696	372,550,087	1,206,842,776	0	0
em-p-ihep51	20260626155007281000000	21	23,185,141,620,736	23,185,326,927,872	14,668,117,057,822	25,154,938,761,216	25,945,969,811,456	22,034,264,555,520	29,685,706,653,696	615,880,519	1,909,132,199	0	0
em-p-ihep51	20260626155017295000000	24	23,185,144,242,176	23,185,354,825,728	14,680,535,436,544	25,154,938,761,216	25,945,969,811,456	22,034,264,555,520	29,685,706,653,696	846,481,593	2,369,011,671	0	0
em-p-ihep51	20260626155027332000000	27	23,185,144,512,512	23,185,490,825,216	14,664,812,486,666	25,154,938,761,216	25,945,969,811,456	22,034,264,555,520	29,685,706,653,696	1,121,366,484	4,036,470,301	0	0
em-p-ihep51	20260626155037319000000	23	23,185,144,729,600	23,185,318,490,112	14,664,850,585,845	25,154,938,761,216	25,945,969,811,456	22,034,264,555,520	29,685,706,653,696	443,011,421	1,201,708,467	0	0
em-p-ihep51	20260626155047334000000	19	23,185,142,652,928	23,185,317,502,976	14,669,694,210,768	25,154,938,761,216	25,945,969,811,456	22,034,264,555,520	29,685,706,653,696	568,869,818	1,661,380,804	0	0
em-p-ihep51	20260626155057339000000	19	23,185,146,056,704	23,185,319,370,752	14,665,945,840,357	25,154,938,761,216	25,945,969,811,456	22,034,264,555,520	29,685,706,653,696	514,442,775	940,683,431	0	0
em-p-ihep51	20260626155107361000000	18	23,185,146,834,944	23,185,335,070,720	14,670,590,965,825	25,154,938,761,216	25,945,969,811,456	22,034,264,555,520	29,685,706,653,696	559,960,326	1,514,884,746	32,768	0
em-p-ihep51	20260626155117461000000	23	23,187,393,060,864	23,187,731,722,240	14,674,292,816,725	25,154,938,761,216	25,945,969,811,456	22,034,264,555,520	29,685,706,653,696	615,010,042	3,377,021,566	0	0
em-p-ihep51	20260626155127476000000	21	23,187,394,035,712	23,187,521,765,376	14,667,585,371,914	25,154,938,761,216	25,945,969,811,456	22,034,264,555,520	29,685,706,653,696	343,163,316	1,339,326,104	0	0
em-p-ihep51	20260626155137493000000	22	23,187,394,166,784	23,187,540,180,992	14,676,383,021,949	25,154,938,761,216	25,945,969,811,456	22,034,264,555,520	29,685,706,653,696	429,644,167	1,552,155,075	0	0
em-p-ihep51	20260626155147510000000	26	23,187,397,877,760	23,187,504,324,608	14,685,396,563,893	25,154,938,761,216	25,945,969,811,456	22,034,264,555,520	29,685,706,653,696	931,634,663	1,956,501,754	0	0
em-p-ihep51	20260626155157514000000	20	23,187,397,877,760	23,187,527,606,272	14,673,552,112,681	25,154,938,761,216	25,945,969,811,456	22,034,264,555,520	29,685,706,653,696	502,620,817	1,447,790,100	0	0
em-p-ihep51	20260626155207523000000	19	23,187,978,162,176	23,188,087,439,360	14,676,492,613,083	25,154,938,761,216	25,945,969,811,456	22,034,264,555,520	29,685,706,653,696	544,862,630	1,852,222,477	0	0
em-p-ihep51	20260626155217556000000	26	23,187,981,639,680	23,188,074,319,872	14,672,899,547,901	25,154,938,761,216	25,945,969,811,456	22,034,264,555,520	29,685,706,653,696	514,605,593	2,201,856,260	0	0
em-p-ihep51	20260626155227526000000	25	23,187,985,559,552	23,188,099,801,088	14,680,795,903,877	25,154,938,761,216	25,945,969,811,456	22,034,264,555,520	29,685,706,653,696	627,727,829	1,480,879,210	0	0
em-p-ihep51	20260626155237611000000	16	23,188,041,879,552	23,188,155,908,096	14,673,742,078,872	25,154,938,761,216	25,945,969,811,456	22,034,264,555,520	29,685,706,653,696	276,737,431	1,030,984,050	0	0
em-p-ihep51	20260626155247636000000	22	23,188,023,517,184	23,188,144,541,696	14,675,941,441,545	25,154,938,761,216	25,945,969,811,456	22,034,264,555,520	29,685,706,653,696	529,653,765	1,347,593,615	0	0
em-p-ihep51	20260626155257637000000	24	23,188,025,798,656	23,188,147,044,352	14,674,108,318,177	25,154,938,761,216	25,945,969,811,456	22,034,264,555,520	29,685,706,653,696	403,364,502	1,145,621,890	0	0
em-p-ihep51	20260626155307728000000	17	23,188,030,283,776	23,188,464,136,192	14,674,675,364,591	25,154,938,761,216	25,945,969,811,456	22,034,264,555,520	29,685,706,653,696	826,749,582	1,523,837,066	0	0
em-p-ihep51	20260626155317728000000	14	23,188,027,695,104	23,188,150,816,768	14,667,772,365,692	25,154,938,761,216	25,945,969,811,456	22,034,264,555,520	29,685,706,653,696	451,189,821	3,850,893,484	0	0
em-p-ihep51	20260626155327835000000	13	23,188,042,989,568	23,188,164,898,816	14,671,276,547,185	25,154,938,761,216	25,945,969,811,456	22,034,264,555,520	29,685,706,653,696	328,349,228	1,208,257,586	0	0
em-p-ihep51	20260626155337852000000	16	23,188,052,176,896	23,188,222,767,104	14,674,277,885,015	25,154,938,761,216	25,945,969,811,456	22,034,264,555,520	29,685,706,653,696	549,686,309	1,439,448,940	0	0
em-p-ihep51	20260626155347926000000	20	23,188,041,601,024	23,188,163,182,592	14,672,145,461,957	25,154,938,761,216	25,945,969,811,456	22,034,264,555,520	29,685,706,653,696	804,201,355	1,717,058,434	0	0
em-p-ihep51	20260626155357918000000	14	23,188,168,114,176	23,188,286,275,584	14,673,966,066,273	25,154,938,761,216	25,945,969,811,456	22,034,264,555,520	29,685,706,653,696	705,496,018	1,109,258,327	0	0
em-p-ihep51	20260626155408042000000	13	23,188,167,897,088	23,188,333,346,816	14,679,500,444,713	25,154,938,761,216	25,945,969,811,456	22,034,264,555,520	29,685,706,653,696	678,546,246	1,611,758,902	0	0
em-p-ihep51	20260626155418040000000	16	23,190,409,957,376	23,190,527,016,960	14,691,503,064,191	25,154,938,761,216	25,945,969,811,456	22,034,264,555,520	29,685,706,653,696	341,120,682	865,871,153	0	0
em-p-ihep51	20260626155428139000000	20	23,190,410,932,224	23,190,528,040,960	14,673,624,539,192	25,154,938,761,216	25,945,969,811,456	22,034,264,555,520	29,685,706,653,696	284,382,783	1,479,805,896	0	0
em-p-ihep51	20260626155438146000000	21	23,190,410,031,104	23,190,530,068,480	14,672,904,586,383	25,154,938,761,216	25,945,969,811,456	22,034,264,555,520	29,685,706,653,696	519,762,952	1,724,900,420	0	0
em-p-ihep51	20260626155448158000000	16	23,190,410,305,536	23,191,377,518,592	14,676,136,029,456	25,154,938,761,216	25,945,969,811,456	22,034,264,555,520	29,685,706,653,696	318,976,080	775,334,373	0	0
em-p-ihep51	20260626155458243000000	16	23,190,410,199,040	23,190,527,049,728	14,676,860,245,396	25,154,938,761,216	25,945,969,811,456	22,034,264,555,520	29,685,706,653,696	313,111,253	787,454,722	0	0
em-p-ihep51	20260626155508338000000	19	23,190,410,362,880	23,190,527,791,104	14,680,458,180,194	25,154,938,761,216	25,945,969,811,456	22,034,264,555,520	29,685,706,653,696	308,853,566	924,203,674	16,384	0
em-p-ihep51	20260626155518428000000	16	23,190,412,414,976	23,190,841,118,720	14,682,829,625,125	25,154,938,761,216	25,945,969,811,456	22,034,264,555,520	29,685,706,653,696	369,507,731	1,240,835,899	0	0
em-p-ihep51	20260626155528518000000	20	23,190,415,925,248	23,190,521,421,824	14,683,581,427,972	25,154,938,761,216	25,945,969,811,456	22,034,264,555,520	29,685,706,653,696	506,946,726	1,451,503,704	32,768	0
em-p-ihep51	20260626155538610000000	20	23,190,412,771,328	23,190,510,329,856	14,684,457,960,537	25,154,938,761,216	25,945,969,811,456	22,034,264,555,520	29,685,706,653,696	328,621,632	1,179,621,460	8,192	0
em-p-ihep51	20260626155548701000000	16	23,190,414,012,416	23,190,511,669,248	14,684,511,003,233	25,154,938,761,216	25,945,969,811,456	22,034,264,555,520	29,685,706,653,696	299,336,604	1,108,955,303	0	0
em-p-ihep51	20260626155558821000000	21	23,190,412,935,168	23,190,548,795,392	14,689,768,657,207	25,154,938,761,216	25,945,969,811,456	22,034,264,555,520	29,685,706,653,696	410,711,438	1,912,135,601	0	0
em-p-ihep51	20260626155608909000000	20	23,190,414,012,416	23,190,512,693,248	14,691,421,181,916	25,154,938,761,216	25,945,969,811,456	22,034,264,555,520	29,685,706,653,696	1,095,083,726	1,981,137,317	0	0
em-p-ihep51	20260626155618921000000	27	23,190,416,392,192	23,190,515,367,936	14,684,603,145,009	25,154,938,761,216	25,945,969,811,456	22,034,264,555,520	29,685,706,653,696	372,080,906	1,591,036,256	0	0
em-p-ihep51	20260626155628927000000	21	23,190,415,761,408	23,190,582,149,120	14,683,558,320,827	25,154,938,761,216	25,945,969,811,456	22,034,264,555,520	29,685,706,653,696	364,390,111	1,202,918,927	0	0
em-p-ihep51	20260626155639013000000	18	23,190,414,573,568	23,190,510,743,552	14,687,501,121,087	25,154,938,761,216	25,945,969,811,456	22,034,264,555,520	29,685,706,653,696	509,161,170	1,073,419,838	0	0
em-p-ihep51	20260626155649041000000	21	23,190,417,059,840	23,190,513,831,936	14,682,417,489,988	25,154,938,761,216	25,945,969,811,456	22,034,264,555,520	29,685,706,653,696	609,155,854	1,489,309,677	0	0
em-p-ihep51	20260626155659048000000	20	23,190,415,970,304	23,190,571,061,248	14,682,674,256,975	25,154,938,761,216	25,945,969,811,456	22,034,264,555,520	29,685,706,653,696	693,803,065	1,653,689,942	0	0
em-p-ihep51	20260626155709142000000	15	23,190,417,485,824	23,190,527,225,856	14,689,092,840,939	25,154,938,761,216	25,945,969,811,456	22,034,264,555,520	29,685,706,653,696	793,957,478	1,166,199,133	0	0
em-p-ihep51	20260626155719246000000	17	23,190,417,379,328	23,190,517,014,528	14,688,857,674,200	25,154,938,761,216	25,945,969,811,456	22,034,264,555,520	29,685,706,653,696	431,015,146	2,501,554,278	0	0
em-p-ihep51	20260626155729242000000	17	23,190,417,543,168	23,190,518,005,760	14,687,208,101,056	25,154,938,761,216	25,945,969,811,456	22,034,264,555,520	29,685,706,653,696	254,570,069	1,256,948,729	0	0
em-p-ihep51	20260626155739338000000	16	23,190,422,183,936	23,190,989,983,744	14,685,382,807,905	25,154,938,761,216	25,945,969,811,456	22,034,264,555,520	29,685,706,653,696	755,337,460	1,725,407,418	0	0
em-p-ihep51	20260626155749422000000	15	23,190,430,457,856	23,190,572,298,240	14,660,140,322,712	25,154,938,761,216	25,945,969,811,456	22,034,264,555,520	29,685,706,653,696	719,852,182	1,558,115,591	0	0
em-p-ihep51	20260626155759436000000	14	23,190,936,236,032	23,191,455,326,208	14,659,337,317,266	25,154,938,761,216	25,945,969,811,456	22,034,264,555,520	29,685,706,653,696	297,828,652	1,890,663,019	0	0
em-p-ihep51	20260626155809529000000	16	23,190,935,134,208	23,191,234,588,672	14,671,480,013,719	25,154,938,761,216	25,945,969,811,456	22,034,264,555,520	29,685,706,653,696	372,362,239	2,440,643,420	0	0
em-p-ihep51	20260626155819620000000	11	23,190,934,994,944	23,191,079,555,072	14,653,696,611,748	25,154,938,761,216	25,945,969,811,456	22,034,264,555,520	29,685,706,653,696	197,124,481	757,221,083	0	0
em-p-ihep51	20260626155829706000000	11	23,190,935,375,872	23,191,079,460,864	14,656,540,951,942	25,154,938,761,216	25,945,969,811,456	22,034,264,555,520	29,685,706,653,696	504,565,705	1,105,142,711	0	0
em-p-ihep51	20260626155839782000000	10	23,190,934,081,536	23,191,079,010,304	14,655,398,595,465	25,154,938,761,216	25,945,969,811,456	22,034,264,555,520	29,685,706,653,696	221,136,110	1,565,385,949	0	0
em-p-ihep51	20260626155849793000000	13	23,190,933,975,040	23,191,129,333,760	14,658,154,198,398	25,154,938,761,216	25,945,969,811,456	22,034,264,555,520	29,685,706,653,696	305,978,876	1,296,164,465	0	0
em-p-ihep51	20260626155859789000000	14	23,190,936,297,472	23,191,147,163,648	14,658,947,727,137	25,154,938,761,216	25,945,969,811,456	22,034,264,555,520	29,685,706,653,696	511,766,909	1,103,079,539	0	0
em-p-ihep51	20260626155909882000000	18	23,191,994,089,472	23,192,203,825,152	14,668,835,797,733	25,154,938,761,216	25,945,969,811,456	22,034,264,555,520	29,685,706,653,696	1,029,029,838	2,371,055,971	0	0
em-p-ihep51	20260626155919986000000	15	23,196,977,152,000	23,196,741,779,456	14,666,089,339,692	25,154,938,761,216	25,945,969,811,456	22,034,264,555,520	29,685,706,653,696	766,778,342	1,725,636,646	0	0
em-p-ihep51	20260626155929981000000	15	23,196,975,960,064	23,197,184,827,392	14,656,259,278,427	25,154,938,761,216	25,945,969,811,456	22,034,264,555,520	29,685,706,653,696	720,507,948	1,571,272,341	0	0
em-p-ihep51	20260626155940074000000	16	23,196,979,687,424	23,197,186,961,408	14,656,982,321,713	25,154,938,761,216	25,945,969,811,456	22,034,264,555,520	29,685,706,653,696	714,180,226	1,557,521,489	0	0
em-p-ihep51	20260626155950172000000	14	23,196,979,580,928	23,197,190,356,992	14,660,203,749,090	25,154,938,761,216	25,945,969,811,456	22,034,264,555,520	29,685,706,653,696	914,302,110	1,043,472,387	0	0
em-p-ihep51	20260626160000268000000	12	23,196,979,744,768	23,197,188,628,480	14,660,054,725,586	25,154,938,761,216	25,945,969,811,456	22,034,264,555,520	29,685,706,653,696	390,612,927	1,252,159,546	0	0
em-p-ihep51	20260626160010294000000	36	23,197,081,583,616	23,197,282,406,400	14,700,793,700,116	25,154,938,761,216	25,945,969,811,456	22,034,264,555,520	29,685,706,653,696	1,092,393,968	3,815,812,557	0	0
em-p-ihep51	20260626160020341000000	32	23,197,306,884,096	23,197,499,064,320	14,696,375,887,184	25,154,938,761,216	25,945,969,811,456	22,034,264,555,520	29,685,706,653,696	1,421,787,598	2,948,974,443	0	0
em-p-ihep51	20260626160030307000000	29	23,197,302,792,192	23,197,659,860,992	14,670,552,385,191	25,154,938,761,216	25,945,969,811,456	22,034,264,555,520	29,685,706,653,696	851,278,575	3,283,649,217	0	0
em-p-ihep51	20260626160040336000000	29	23,197,299,683,328	23,197,496,373,248	14,677,048,758,170	25,154,938,761,216	25,945,969,811,456	22,034,264,555,520	29,685,706,653,696	602,945,272	1,378,656,866	0	0
em-p-ihep51	20260626160050415000000	26	23,197,300,543,488	23,197,495,599,104	14,665,213,180,039	25,154,938,761,216	25,945,969,811,456	22,034,264,555,520	29,685,706,653,696	1,129,048,352	1,921,357,416	0	0
em-p-ihep51	20260626160100427000000	26	23,197,299,466,240	23,197,952,921,600	14,666,704,026,191	25,154,938,761,216	25,945,969,811,456	22,034,264,555,520	29,685,706,653,696	552,212,682	1,929,020,656	24,576	0
em-p-ihep51	20260626160110452000000	30	23,197,335,023,616	23,197,527,142,400	14,678,284,489,171	25,154,938,761,216	25,945,969,811,456	22,034,264,555,520	29,685,706,653,696	1,282,025,328	2,071,122,067	0	0
em-p-ihep51	20260626160120485000000	31	23,198,578,360,320	23,198,773,014,528	14,667,707,390,050	25,154,938,761,216	25,945,969,811,456	22,034,264,555,520	29,685,706,653,696	1,052,309,653	2,885,364,082	0	0
em-p-ihep51	20260626160130474000000	25	23,198,586,286,080	23,198,808,580,096	14,664,285,588,793	25,154,938,761,216	25,945,969,811,456	22,034,264,555,520	29,685,706,653,696	922,654,514	3,822,510,479	0	0
em-p-ihep51	20260626160140485000000	25	23,198,575,669,248	23,198,773,153,792	14,666,509,873,181	25,154,938,761,216	25,945,969,811,456	22,034,264,555,520	29,685,706,653,696	1,029,538,383	2,622,732,627	0	0
em-p-ihep51	20260626160150478000000	26	23,198,571,220,992	23,198,772,686,848	14,666,368,053,962	25,154,938,761,216	25,945,969,811,456	22,034,264,555,520	29,685,706,653,696	907,147,050	2,138,823,179	0	0
em-p-ihep51	20260626160200484000000	18	23,198,573,572,096	23,199,164,682,240	14,664,020,098,345	25,154,938,761,216	25,945,969,811,456	22,034,264,555,520	29,685,706,653,696	706,730,250	1,164,538,937	0	0
em-p-ihep51	20260626160210527000000	23	23,198,575,624,192	23,198,709,837,824	14,675,014,187,581	25,154,938,761,216	25,945,969,811,456	22,034,264,555,520	29,685,706,653,696	551,909,053	1,088,003,010	0	0
em-p-ihep51	20260626160220523000000	18	23,198,580,654,080	23,198,710,009,856	14,661,524,517,597	25,154,938,761,216	25,945,969,811,456	22,034,264,555,520	29,685,706,653,696	514,043,326	1,589,239,537	0	0
em-p-ihep51	20260626160230563000000	16	23,198,580,654,080	23,198,735,953,920	14,663,914,277,815	25,154,938,761,216	25,945,969,811,456	22,034,264,555,520	29,685,706,653,696	262,616,684	1,264,372,357	0	0
em-p-ihep51	20260626160240639000000	18	23,198,580,547,584	23,198,756,028,416	14,667,962,121,638	25,154,938,761,216	25,945,969,811,456	22,034,264,555,520	29,685,706,653,696	463,421,734	1,020,252,827	0	0
em-p-ihep51	20260626160250733000000	15	23,198,580,441,088	23,198,735,409,152	14,665,971,860,573	25,154,938,761,216	25,945,969,811,456	22,034,264,555,520	29,685,706,653,696	441,325,343	1,527,400,733	0	0
em-p-ihep51	20260626160300888000000	19	23,198,581,686,272	23,198,738,755,584	14,659,916,924,245	25,154,938,761,216	25,945,969,811,456	22,034,264,555,520	29,685,706,653,696	597,824,952	2,031,292,726	0	0
em-p-ihep51	20260626160310879000000	20	23,198,579,441,664	23,198,762,233,856	14,670,052,472,205	25,154,938,761,216	25,945,969,811,456	22,034,264,555,520	29,685,706,653,696	591,295,867	1,779,408,200	0	0
em-p-ihep51	20260626160320859000000	19	23,198,579,605,504	23,198,736,502,784	14,667,266,246,806	25,154,938,761,216	25,945,969,811,456	22,034,264,555,520	29,685,706,653,696	458,264,765	1,447,661,751	0	0
em-p-ihep51	20260626160330881000000	20	23,198,579,494,912	23,198,736,318,464	14,662,593,967,926	25,154,938,761,216	25,945,969,811,456	22,034,264,555,520	29,685,706,653,696	363,407,194	1,265,501,934	0	0
em-p-ihep51	20260626160340894000000	20	23,198,579,499,008	23,198,738,046,976	14,662,876,659,429	25,154,938,761,216	25,945,969,811,456	22,034,264,555,520	29,685,706,653,696	498,330,718	1,287,044,988	0	0
em-p-ihep51	20260626160351019000000	20	23,198,579,281,920	23,198,747,725,824	14,664,676,864,708	25,154,938,761,216	25,945,969,811,456	22,034,264,555,520	29,685,706,653,696	543,289,404	1,505,196,279	0	0
em-p-ihep51	20260626160401113000000	17	23,198,579,478,528	23,198,876,463,104	14,662,767,492,031	25,154,938,761,216	25,945,969,811,456	22,034,264,555,520	29,685,706,653,696	645,042,550	3,669,067,788	0	0
em-p-ihep51	20260626160411208000000	18	23,198,581,772,288	23,198,748,917,760	14,679,729,498,495	25,154,938,761,216	25,945,969,811,456	22,034,264,555,520	29,685,706,653,696	571,797,422	1,534,277,763	0	0
em-p-ihep51	20260626160421293000000	16	23,198,578,274,304	23,199,103,406,080	14,659,447,975,945	25,154,938,761,216	25,945,969,811,456	22,034,264,555,520	29,685,706,653,696	352,214,623	1,674,224,241	0	0
em-p-ihep51	20260626160431314000000	13	23,198,578,438,144	23,198,704,500,736	14,663,395,221,654	25,154,938,761,216	25,945,969,811,456	22,034,264,555,520	29,685,706,653,696	353,413,778	1,885,577,770	0	0
em-p-ihep51	20260626160441311000000	18	23,198,609,670,144	23,198,731,935,744	14,663,786,050,386	25,154,938,761,216	25,945,969,811,456	22,034,264,555,520	29,685,706,653,696	428,914,750	921,727,649	0	0
em-p-ihep51	20260626160451390000000	13	23,198,509,334,528	23,198,649,200,640	14,667,305,428,859	25,154,938,761,216	25,945,969,811,456	22,034,264,555,520	29,685,706,653,696	625,964,351	941,916,928	0	0
em-p-ihep51	20260626160501493000000	15	23,198,509,498,368	23,198,633,201,664	14,661,894,144,115	25,154,938,761,216	25,945,969,811,456	22,034,264,555,520	29,685,706,653,696	382,775,675	788,741,304	0	0
em-p-ihep51	20260626160511503000000	23	23,198,509,662,208	23,198,631,854,080	14,677,740,138,448	25,154,938,761,216	25,945,969,811,456	22,034,264,555,520	29,685,706,653,696	1,108,538,779	1,652,763,689	0	0
em-p-ihep51	20260626160521521000000	23	23,198,503,919,616	23,198,632,067,072	14,667,572,524,140	25,154,938,761,216	25,945,969,811,456	22,034,264,555,520	29,685,706,653,696	809,636,845	1,998,027,231	16,384	0
em-p-ihep51	20260626160531541000000	25	23,198,502,895,616	23,198,625,275,904	14,669,711,606,092	25,154,938,761,216	25,945,969,811,456	22,034,264,555,520	29,685,706,653,696	702,019,023	1,097,966,755	0	0
em-p-ihep51	20260626160541552000000	20	23,198,503,972,864	23,198,930,870,272	14,667,727,175,291	25,154,938,761,216	25,945,969,811,456	22,034,264,555,520	29,685,706,653,696	818,047,449	2,520,053,572	0	0
em-p-ihep51	20260626160551553000000	20	23,198,505,836,544	23,198,626,177,024	14,664,626,001,921	25,154,938,761,216	25,945,969,811,456	22,034,264,555,520	29,685,706,653,696	825,827,764	2,489,004,191	0	0
em-p-ihep51	20260626160601573000000	24	23,198,501,539,840	23,199,062,966,272	14,665,876,368,224	25,154,938,761,216	25,945,969,811,456	22,034,264,555,520	29,685,706,653,696	912,308,083	2,142,458,657	12,288	0
em-p-ihep51	20260626160611585000000	24	23,198,498,381,824	23,198,781,071,360	14,672,308,237,925	25,154,938,761,216	25,945,969,811,456	22,034,264,555,520	29,685,706,653,696	946,117,718	2,413,553,315	0	0
em-p-ihep51	20260626160621599000000	23	23,198,503,149,568	23,198,622,142,464	14,667,844,613,050	25,154,938,761,216	25,945,969,811,456	22,034,264,555,520	29,685,706,653,696	647,238,387	2,427,437,878	356,352	0
em-p-ihep51	20260626160631611000000	21	23,198,503,473,152	23,199,039,619,072	14,669,080,721,144	25,154,938,761,216	25,945,969,811,456	22,034,264,555,520	29,685,706,653,696	1,047,788,057	1,423,401,210	8,192	0
em-p-ihep51	20260626160641632000000	28	23,198,499,778,560	23,198,685,814,784	14,682,036,642,516	25,154,938,761,216	25,945,969,811,456	22,034,264,555,520	29,685,706,653,696	555,680,602	844,320,052	12,288	0
em-p-ihep51	20260626160651632000000	26	23,198,504,300,544	23,198,768,680,960	14,667,714,185,697	25,154,938,761,216	25,945,969,811,456	22,034,264,555,520	29,685,706,653,696	492,543,763	2,652,603,571	16,384	0
em-p-ihep51	20260626160701726000000	16	23,198,504,267,776	23,198,625,095,680	14,662,936,136,816	25,154,938,761,216	25,945,969,811,456	22,034,264,555,520	29,685,706,653,696	343,896,228	877,618,032	0	0
em-p-ihep51	20260626160711818000000	17	23,198,505,537,536	23,198,639,849,472	14,674,464,468,486	25,154,938,761,216	25,945,969,811,456	22,034,264,555,520	29,685,706,653,696	565,498,664	2,087,744,267	0	0
em-p-ihep51	20260626160721926000000	16	23,198,504,509,440	23,198,630,887,424	14,672,196,308,664	25,154,938,761,216	25,945,969,811,456	22,034,264,555,520	29,685,706,653,696	277,816,607	1,887,618,837	0	0
em-p-ihep51	20260626160731926000000	18	23,198,503,473,152	23,198,646,235,136	14,667,155,558,636	25,154,938,761,216	25,945,969,811,456	22,034,264,555,520	29,685,706,653,696	560,227,533	662,359,539	0	0
em-p-ihep51	20260626160741938000000	20	23,198,505,799,680	23,198,650,990,592	14,667,051,866,219	25,154,938,761,216	25,945,969,811,456	22,034,264,555,520	29,685,706,653,696	314,158,449	1,361,727,311	0	0
em-p-ihep51	20260626160751936000000	19	23,198,506,668,032	23,198,645,637,120	14,662,196,833,329	25,154,938,761,216	25,945,969,811,456	22,034,264,555,520	29,685,706,653,696	830,146,175	1,554,638,160	0	0
em-p-ihep51	20260626160802033000000	15	23,198,506,668,032	23,198,647,406,592	14,658,449,924,834	25,154,938,761,216	25,945,969,811,456	22,034,264,555,520	29,685,706,653,696	643,113,086	1,497,788,459	4,096	0
em-p-ihep51	20260626160812033000000	15	23,198,506,831,872	23,198,660,780,032	14,669,676,969,254	25,154,938,761,216	25,945,969,811,456	22,034,264,555,520	29,685,706,653,696	601,219,523	1,516,433,010	0	0
em-p-ihep51	20260626160822141000000	17	23,198,509,158,400	23,198,657,789,952	14,664,061,826,393	25,154,938,761,216	25,945,969,811,456	22,034,264,555,520	29,685,706,653,696	563,696,695	1,945,337,819	0	0
em-p-ihep51	20260626160832143000000	17	23,198,508,019,712	23,198,650,994,688	14,666,216,954,813	25,154,938,761,216	25,945,969,811,456	22,034,264,555,520	29,685,706,653,696	371,475,741	1,534,231,958	8,192	0
em-p-ihep51	20260626160842247000000	15	23,198,510,342,144	23,198,699,966,464	14,667,231,465,596	25,154,938,761,216	25,945,969,811,456	22,034,264,555,520	29,685,706,653,696	323,843,632	1,948,944,383	0	0
em-p-ihep51	20260626160852261000000	13	23,198,510,235,648	23,198,651,617,280	14,665,939,428,943	25,154,938,761,216	25,945,969,811,456	22,034,264,555,520	29,685,706,653,696	683,851,623	1,519,506,120	0	0
em-p-ihep51	20260626160902267000000	18	23,198,514,831,360	23,198,744,010,752	14,662,919,183,101	25,154,938,761,216	25,945,969,811,456	22,034,264,555,520	29,685,706,653,696	285,193,582	1,854,436,197	0	0
em-p-ihep51	20260626160912267000000	17	23,198,539,591,680	23,198,732,828,672	14,665,234,837,062	25,154,938,761,216	25,945,969,811,456	22,034,264,555,520	29,685,706,653,696	613,551,455	1,801,522,519	0	0
em-p-ihep51	20260626160922271000000	15	23,198,540,836,864	23,199,169,974,272	14,673,696,278,510	25,154,938,761,216	25,945,969,811,456	22,034,264,555,520	29,685,706,653,696	467,047,675	2,191,018,092	0	0
em-p-ihep51	20260626160932278000000	14	23,198,543,302,656	23,198,897,111,040	14,658,695,478,433	25,154,938,761,216	25,945,969,811,456	22,034,264,555,520	29,685,706,653,696	475,072,868	3,258,130,379	0	0
em-p-ihep51	20260626160942280000000	14	23,198,543,269,888	23,198,735,446,016	14,662,576,481,765	25,154,938,761,216	25,945,969,811,456	22,034,264,555,520	29,685,706,653,696	382,355,182	1,127,483,751	0	0
em-p-ihep51	20260626160952374000000	15	23,198,541,975,552	23,198,752,882,688	14,663,556,980,241	25,154,938,761,216	25,945,969,811,456	22,034,264,555,520	29,685,706,653,696	279,917,948	929,739,227	0	0
em-p-ihep51	20260626161002391000000	16	23,198,540,566,528	23,198,732,034,048	14,661,130,825,195	25,154,938,761,216	25,945,969,811,456	22,034,264,555,520	29,685,706,653,696	680,808,634	2,507,697,413	0	0
em-p-ihep51	20260626161012421000000	26	23,198,631,350,272	23,198,811,660,288	14,694,452,237,370	25,154,938,761,216	25,945,969,811,456	22,034,264,555,520	29,685,706,653,696	1,213,828,670	3,012,346,560	0	0
em-p-ihep51	20260626161022536000000	25	23,198,627,053,568	23,199,121,141,760	14,665,076,446,054	25,154,938,761,216	25,945,969,811,456	22,034,264,555,520	29,685,706,653,696	1,228,444,190	3,414,798,799	61,440	0
em-p-ihep51	20260626161032515000000	21	23,198,627,024,896	23,198,808,289,280	14,664,863,109,949	25,154,938,761,216	25,945,969,811,456	22,034,264,555,520	29,685,706,653,696	483,984,789	3,087,221,465	0	0
em-p-ihep51	20260626161042558000000	19	23,198,626,811,904	23,198,807,662,592	14,671,622,190,117	25,154,938,761,216	25,945,969,811,456	22,034,264,555,520	29,685,706,653,696	338,238,659	1,939,910,915	0	0
em-p-ihep51	20260626161052527000000	23	23,198,627,889,152	23,198,813,487,104	14,662,778,298,416	25,154,938,761,216	25,945,969,811,456	22,034,264,555,520	29,685,706,653,696	374,246,117	2,015,282,120	0	0
em-p-ihep51	20260626161102548000000	19	23,198,632,914,944	23,198,841,663,488	14,664,469,272,846	25,154,938,761,216	25,945,969,811,456	22,034,264,555,520	29,685,706,653,696	619,126,420	2,178,989,457	0	0
em-p-ihep51	20260626161112563000000	20	23,198,630,342,656	23,198,817,148,928	14,670,601,718,462	25,154,938,761,216	25,945,969,811,456	22,034,264,555,520	29,685,706,653,696	822,972,041	2,562,831,371	0	0
em-p-ihep51	20260626161122562000000	21	23,201,345,613,824	23,201,542,008,832	14,666,424,913,020	25,154,938,761,216	25,945,969,811,456	22,034,264,555,520	29,685,706,653,696	498,992,179	2,444,685,305	0	0
em-p-ihep51	20260626161132653000000	17	23,201,346,691,072	23,201,696,575,488	14,660,008,348,285	25,154,938,761,216	25,945,969,811,456	22,034,264,555,520	29,685,706,653,696	264,763,679	2,167,038,870	0	0
em-p-ihep51	20260626161142759000000	22	23,201,348,210,688	23,201,541,033,984	14,665,697,984,605	25,154,938,761,216	25,945,969,811,456	22,034,264,555,520	29,685,706,653,696	540,217,962	2,125,130,941	0	0
em-p-ihep51	20260626161152752000000	19	23,201,349,455,872	23,201,542,086,656	14,663,609,582,756	25,154,938,761,216	25,945,969,811,456	22,034,264,555,520	29,685,706,653,696	224,382,570	1,771,273,089	0	0
em-p-ihep51	20260626161202845000000	17	23,201,356,095,488	23,201,840,926,720	14,661,644,962,540	25,154,938,761,216	25,945,969,811,456	22,034,264,555,520	29,685,706,653,696	208,280,387	2,298,568,615	4,096	0
em-p-ihep51	20260626161212933000000	16	23,201,353,723,904	23,201,501,995,008	14,660,304,338,569	25,154,938,761,216	25,945,969,811,456	22,034,264,555,520	29,685,706,653,696	433,888,781	1,695,427,897	0	0
em-p-ihep51	20260626161222954000000	13	23,201,353,539,584	23,201,866,809,344	14,661,456,595,944	25,154,938,761,216	25,945,969,811,456	22,034,264,555,520	29,685,706,653,696	1,063,993,926	4,144,914,324	0	0
em-p-ihep51	20260626161233045000000	14	23,201,354,051,584	23,201,496,522,752	14,664,901,666,363	25,154,938,761,216	25,945,969,811,456	22,034,264,555,520	29,685,706,653,696	613,548,718	3,085,311,759	0	0
em-p-ihep51	20260626161243053000000	12	23,201,353,945,088	23,201,520,279,552	14,655,808,492,325	25,154,938,761,216	25,945,969,811,456	22,034,264,555,520	29,685,706,653,696	737,361,428	1,974,959,199	0	0
em-p-ihep51	20260626161253067000000	11	23,201,353,838,592	23,201,497,825,280	14,662,699,508,846	25,154,938,761,216	25,945,969,811,456	22,034,264,555,520	29,685,706,653,696	307,159,526	1,550,325,426	0	0
em-p-ihep51	20260626161303162000000	15	23,201,356,267,520	23,201,500,217,344	14,661,551,467,347	25,154,938,761,216	25,945,969,811,456	22,034,264,555,520	29,685,706,653,696	663,818,428	2,742,422,191	0	0
em-p-ihep51	20260626161313243000000	11	23,201,355,337,728	23,201,499,496,448	14,663,902,901,879	25,154,938,761,216	25,945,969,811,456	22,034,264,555,520	29,685,706,653,696	366,343,522	1,025,371,518	0	0
em-p-ihep51	20260626161323261000000	12	23,201,356,582,912	23,201,498,849,280	14,666,289,506,492	25,154,938,761,216	25,945,969,811,456	22,034,264,555,520	29,685,706,653,696	711,589,727	2,191,107,540	0	0
em-p-ihep51	20260626161333357000000	13	23,201,356,746,752	23,201,501,814,784	14,668,375,829,897	25,154,938,761,216	25,945,969,811,456	22,034,264,555,520	29,685,706,653,696	852,349,288	1,226,143,943	0	0
em-p-ihep51	20260626161343445000000	10	23,201,356,640,256	23,201,500,717,056	14,662,964,220,400	25,154,938,761,216	25,945,969,811,456	22,034,264,555,520	29,685,706,653,696	474,208,831	1,268,865,047	0	0
em-p-ihep51	20260626161353532000000	10	23,201,356,533,760	23,201,625,686,016	14,668,340,513,666	25,154,938,761,216	25,945,969,811,456	22,034,264,555,520	29,685,706,653,696	512,227,827	887,072,237	0	0
em-p-ihep51	20260626161403641000000	16	23,201,356,697,600	23,201,499,648,000	14,668,318,401,294	25,154,938,761,216	25,945,969,811,456	22,034,264,555,520	29,685,706,653,696	351,441,435	1,815,805,827	0	0
em-p-ihep51	20260626161413635000000	18	23,201,356,591,104	23,201,505,128,448	14,682,052,194,257	25,154,938,761,216	25,945,969,811,456	22,034,264,555,520	29,685,706,653,696	601,567,687	1,617,339,878	0	0
em-p-ihep51	20260626161423673000000	19	23,201,362,595,840	23,202,022,768,640	14,666,306,738,885	25,154,938,761,216	25,945,969,811,456	22,034,264,555,520	29,685,706,653,696	1,229,994,915	4,478,911,450	0	0
em-p-ihep51	20260626161433668000000	16	23,201,363,804,160	23,201,469,460,480	14,670,707,041,963	25,154,938,761,216	25,945,969,811,456	22,034,264,555,520	29,685,706,653,696	739,223,793	1,874,265,586	0	0
em-p-ihep51	20260626161443750000000	13	23,201,362,591,744	23,201,467,244,544	14,670,123,588,532	25,154,938,761,216	25,945,969,811,456	22,034,264,555,520	29,685,706,653,696	575,780,894	1,547,245,986	0	0
em-p-ihep51	20260626161453767000000	13	23,201,362,485,248	23,201,468,362,752	14,667,877,662,408	25,154,938,761,216	25,945,969,811,456	22,034,264,555,520	29,685,706,653,696	315,839,894	1,533,340,992	0	0
em-p-ihep51	20260626161503863000000	14	23,201,362,649,088	23,201,473,703,936	14,674,236,372,554	25,154,938,761,216	25,945,969,811,456	22,034,264,555,520	29,685,706,653,696	471,405,577	1,123,000,072	0	0
em-p-ihep51	20260626161513957000000	16	23,201,362,538,496	23,201,469,964,288	14,679,553,712,721	25,154,938,761,216	25,945,969,811,456	22,034,264,555,520	29,685,706,653,696	447,148,189	1,766,251,588	0	0
em-p-ihep51	20260626161523981000000	19	23,201,345,802,240	23,201,450,999,808	14,682,060,825,519	25,154,938,761,216	25,945,969,811,456	22,034,264,555,520	29,685,706,653,696	755,716,102	1,771,318,977	0	0
em-p-ihep51	20260626161533976000000	21	23,201,770,409,984	23,201,877,905,408	14,680,059,816,404	25,154,938,761,216	25,945,969,811,456	22,034,264,555,520	29,685,706,653,696	402,275,141	1,457,385,491	0	0
em-p-ihep51	20260626161544003000000	21	23,201,772,032,000	23,201,880,231,936	14,678,073,156,225	25,154,938,761,216	25,945,969,811,456	22,034,264,555,520	29,685,706,653,696	410,261,310	1,501,591,666	0	0
em-p-ihep51	20260626161554023000000	18	23,201,775,542,272	23,201,882,787,840	14,674,270,137,278	25,154,938,761,216	25,945,969,811,456	22,034,264,555,520	29,685,706,653,696	487,727,818	2,128,450,452	0	0
em-p-ihep51	20260626161604030000000	27	23,201,775,693,824	23,202,165,919,744	14,686,693,511,630	25,154,938,761,216	25,945,969,811,456	22,034,264,555,520	29,685,706,653,696	424,104,546	1,522,361,639	0	0
em-p-ihep51	20260626161614032000000	29	23,201,773,391,872	23,201,881,853,952	14,685,633,830,229	25,154,938,761,216	25,945,969,811,456	22,034,264,555,520	29,685,706,653,696	382,168,577	1,612,015,250	0	0
em-p-ihep51	20260626161624042000000	27	23,201,780,359,168	23,201,960,775,680	14,685,815,721,275	25,154,938,761,216	25,945,969,811,456	22,034,264,555,520	29,685,706,653,696	825,087,446	1,598,628,646	0	0
em-p-ihep51	20260626161634037000000	19	23,201,774,473,216	23,202,358,644,736	14,687,231,684,456	25,154,938,761,216	25,945,969,811,456	22,034,264,555,520	29,685,706,653,696	265,234,593	1,087,279,417	0	0
em-p-ihep51	20260626161644148000000	23	23,201,774,616,576	23,202,046,177,280	14,684,548,202,153	25,154,938,761,216	25,945,969,811,456	22,034,264,555,520	29,685,706,653,696	424,413,356	2,775,204,810	0	0
em-p-ihep51	20260626161654138000000	23	23,201,774,477,312	23,201,931,993,088	14,684,957,251,248	25,154,938,761,216	25,945,969,811,456	22,034,264,555,520	29,685,706,653,696	850,249,734	2,409,895,807	0	0
em-p-ihep51	20260626161704183000000	22	23,201,773,453,312	23,201,930,948,608	14,686,989,286,303	25,154,938,761,216	25,945,969,811,456	22,034,264,555,520	29,685,706,653,696	640,024,608	1,577,699,007	0	0
em-p-ihep51	20260626161714193000000	21	23,201,774,424,064	23,201,944,354,816	14,677,538,507,780	25,154,938,761,216	25,945,969,811,456	22,034,264,555,520	29,685,706,653,696	318,650,638	2,179,010,369	0	0
em-p-ihep51	20260626161724181000000	17	23,201,774,424,064	23,201,935,839,232	14,678,844,058,609	25,154,938,761,216	25,945,969,811,456	22,034,264,555,520	29,685,706,653,696	838,113,000	1,801,327,080	0	0
em-p-ihep51	20260626161734190000000	16	23,201,828,794,368	23,201,981,788,160	14,674,143,572,668	25,154,938,761,216	25,945,969,811,456	22,034,264,555,520	29,685,706,653,696	736,001,715	1,374,910,325	0	0
em-p-ihep51	20260626161744205000000	13	23,201,830,035,456	23,202,009,264,128	14,660,008,975,215	25,154,938,761,216	25,945,969,811,456	22,034,264,555,520	29,685,706,653,696	600,252,177	1,479,014,816	0	0
em-p-ihep51	20260626161754290000000	12	23,201,828,847,616	23,201,982,070,784	14,659,473,128,026	25,154,938,761,216	25,945,969,811,456	22,034,264,555,520	29,685,706,653,696	529,096,242	1,304,106,167	0	0
em-p-ihep51	20260626161804314000000	11	23,201,831,718,912	23,201,987,813,376	14,658,817,077,886	25,154,938,761,216	25,945,969,811,456	22,034,264,555,520	29,685,706,653,696	423,230,931	877,267,056	385,024	0
em-p-ihep51	20260626161814399000000	14	23,201,839,988,736	23,201,998,331,904	14,657,668,456,791	25,154,938,761,216	25,945,969,811,456	22,034,264,555,520	29,685,706,653,696	381,860,635	1,383,610,063	0	0
em-p-ihep51	20260626161824412000000	11	23,201,843,396,608	23,202,005,655,552	14,658,201,388,234	25,154,938,761,216	25,945,969,811,456	22,034,264,555,520	29,685,706,653,696	370,654,887	1,133,752,027	0	0
em-p-ihep51	20260626161834498000000	10	23,201,843,396,608	23,202,001,313,792	14,657,934,770,253	25,154,938,761,216	25,945,969,811,456	22,034,264,555,520	29,685,706,653,696	328,495,937	1,759,105,901	0	0
em-p-ihep51	20260626161844511000000	13	23,201,842,479,104	23,201,998,839,808	14,656,625,512,323	25,154,938,761,216	25,945,969,811,456	22,034,264,555,520	29,685,706,653,696	895,803,757	2,013,533,253	0	0
em-p-ihep51	20260626161854527000000	13	23,201,845,993,472	23,202,028,797,952	14,670,329,138,383	25,154,938,761,216	25,945,969,811,456	22,034,264,555,520	29,685,706,653,696	399,227,446	1,092,767,859	0	0
em-p-ihep51	20260626161904538000000	20	23,201,842,483,200	23,202,026,389,504	14,669,069,165,525	25,154,938,761,216	25,945,969,811,456	22,034,264,555,520	29,685,706,653,696	373,951,860	1,363,986,032	0	0
em-p-ihep51	20260626161914570000000	23	23,201,845,809,152	23,202,101,760,000	14,686,244,467,385	25,154,938,761,216	25,945,969,811,456	22,034,264,555,520	29,685,706,653,696	636,621,835	2,132,467,093	0	0
em-p-ihep51	20260626161924550000000	21	23,201,836,646,400	23,202,603,491,328	14,672,414,896,170	25,154,938,761,216	25,945,969,811,456	22,034,264,555,520	29,685,706,653,696	292,598,529	2,822,807,858	0	0
em-p-ihep51	20260626161934547000000	14	23,201,832,153,088	23,202,144,034,816	14,673,362,570,080	25,154,938,761,216	25,945,969,811,456	22,034,264,555,520	29,685,706,653,696	274,899,747	1,092,482,130	0	0
em-p-ihep51	20260626161944565000000	13	23,201,829,777,408	23,201,983,639,552	14,668,757,815,478	25,154,938,761,216	25,945,969,811,456	22,034,264,555,520	29,685,706,653,696	837,499,244	1,196,880,420	0	0
em-p-ihep51	20260626161954547000000	13	23,201,832,206,336	23,201,983,348,736	14,660,107,496,074	25,154,938,761,216	25,945,969,811,456	22,034,264,555,520	29,685,706,653,696	506,962,859	1,562,233,435	0	0
em-p-ihep51	20260626162004619000000	25	23,201,840,521,216	23,202,082,852,864	14,671,494,434,826	25,154,938,761,216	25,945,969,811,456	22,034,264,555,520	29,685,706,653,696	759,381,072	2,169,389,707	0	0
em-p-ihep51	20260626162014595000000	38	23,201,849,307,136	23,201,988,542,464	14,695,174,740,770	25,154,938,761,216	25,945,969,811,456	22,034,264,555,520	29,685,706,653,696	903,200,846	1,532,008,854	0	0
em-p-ihep51	20260626162024635000000	26	23,201,851,158,528	23,201,986,461,696	14,673,349,026,331	25,154,938,761,216	25,945,969,811,456	22,034,264,555,520	29,685,706,653,696	950,127,751	1,219,175,297	0	0
em-p-ihep51	20260626162034641000000	29	23,201,849,212,928	23,202,002,153,472	14,677,746,012,537	25,154,938,761,216	25,945,969,811,456	22,034,264,555,520	29,685,706,653,696	574,587,435	1,022,042,648	69,632	0
em-p-ihep51	20260626162044734000000	24	23,201,848,725,504	23,201,987,674,112	14,663,866,733,983	25,154,938,761,216	25,945,969,811,456	22,034,264,555,520	29,685,706,653,696	857,158,921	1,324,565,152	0	0
em-p-ihep51	20260626162054837000000	22	23,201,830,420,480	23,202,153,955,328	14,658,924,934,096	25,154,938,761,216	25,945,969,811,456	22,034,264,555,520	29,685,706,653,696	634,543,753	1,552,489,069	0	0
em-p-ihep51	20260626162104925000000	21	23,201,834,061,824	23,201,994,391,552	14,663,070,998,694	25,154,938,761,216	25,945,969,811,456	22,034,264,555,520	29,685,706,653,696	931,536,874	1,634,290,600	0	0
em-p-ihep51	20260626162115037000000	20	23,201,963,761,664	23,202,034,290,688	14,673,386,406,000	25,154,938,761,216	25,945,969,811,456	22,034,264,555,520	29,685,706,653,696	699,285,290	3,559,178,411	0	0
em-p-ihep51	20260626162125037000000	25	23,201,969,524,736	23,202,096,865,280	14,672,045,111,126	25,154,938,761,216	25,945,969,811,456	22,034,264,555,520	29,685,706,653,696	421,853,332	1,625,498,812	0	0
em-p-ihep51	20260626162135135000000	21	23,202,005,811,200	23,202,429,026,304	14,662,200,992,641	25,154,938,761,216	25,945,969,811,456	22,034,264,555,520	29,685,706,653,696	635,766,072	2,289,407,586	0	0
em-p-ihep51	20260626162145133000000	22	23,202,026,278,912	23,202,146,906,112	14,666,168,059,622	25,154,938,761,216	25,945,969,811,456	22,034,264,555,520	29,685,706,653,696	869,339,598	3,240,203,072	0	0
em-p-ihep51	20260626162155220000000	19	23,202,038,591,488	23,202,130,112,512	14,655,726,188,122	25,154,938,761,216	25,945,969,811,456	22,034,264,555,520	29,685,706,653,696	482,773,685	1,519,803,153	0	0
em-p-ihep51	20260626162205309000000	16	23,202,048,675,840	23,202,148,315,136	14,658,599,462,745	25,154,938,761,216	25,945,969,811,456	22,034,264,555,520	29,685,706,653,696	913,238,947	1,088,298,519	0	0
em-p-ihep51	20260626162215412000000	23	23,202,053,693,440	23,202,145,648,640	14,661,500,090,757	25,154,938,761,216	25,945,969,811,456	22,034,264,555,520	29,685,706,653,696	993,064,405	2,673,920,463	0	0
em-p-ihep51	20260626162225406000000	22	23,202,058,604,544	23,202,131,206,144	14,663,438,754,237	25,154,938,761,216	25,945,969,811,456	22,034,264,555,520	29,685,706,653,696	746,630,853	1,387,170,509	0	0
em-p-ihep51	20260626162235496000000	15	23,202,060,136,448	23,202,130,771,968	14,656,059,586,090	25,154,938,761,216	25,945,969,811,456	22,034,264,555,520	29,685,706,653,696	557,158,658	2,263,253,696	0	0
em-p-ihep51	20260626162245610000000	16	23,202,059,780,096	23,202,607,697,920	14,661,747,571,930	25,154,938,761,216	25,945,969,811,456	22,034,264,555,520	29,685,706,653,696	836,941,249	2,135,785,212	0	0
em-p-ihep51	20260626162255667000000	16	23,202,061,541,376	23,202,126,127,104	14,654,910,149,116	25,154,938,761,216	25,945,969,811,456	22,034,264,555,520	29,685,706,653,696	826,870,928	2,190,514,394	0	0
em-p-ihep51	20260626162305741000000	15	23,202,061,373,440	23,202,124,951,552	14,659,702,239,844	25,154,938,761,216	25,945,969,811,456	22,034,264,555,520	29,685,706,653,696	1,088,923,991	1,493,013,646	0	0
em-p-ihep51	20260626162315851000000	10	23,202,066,345,984	23,202,122,559,488	14,656,154,583,807	25,154,938,761,216	25,945,969,811,456	22,034,264,555,520	29,685,706,653,696	332,057,732	1,735,900,325	0	0
em-p-ihep51	20260626162325928000000	11	23,202,067,128,320	23,202,132,254,720	14,654,640,349,601	25,154,938,761,216	25,945,969,811,456	22,034,264,555,520	29,685,706,653,696	627,051,418	1,594,089,883	0	0
em-p-ihep51	20260626162336028000000	10	23,202,067,648,512	23,202,118,070,272	14,657,727,746,465	25,154,938,761,216	25,945,969,811,456	22,034,264,555,520	29,685,706,653,696	559,276,153	1,560,731,454	0	0
em-p-ihep51	20260626162346017000000	14	23,202,068,054,016	23,202,118,569,984	14,656,306,898,369	25,154,938,761,216	25,945,969,811,456	22,034,264,555,520	29,685,706,653,696	356,564,605	1,309,471,495	0	0
em-p-ihep51	20260626162356029000000	12	23,202,067,943,424	23,202,550,050,816	14,654,316,933,823	25,154,938,761,216	25,945,969,811,456	22,034,264,555,520	29,685,706,653,696	1,018,197,355	2,252,839,183	0	0
em-p-ihep51	20260626162406118000000	13	23,202,070,179,840	23,202,119,401,472	14,656,620,186,942	25,154,938,761,216	25,945,969,811,456	22,034,264,555,520	29,685,706,653,696	766,688,522	2,328,380,117	0	0
em-p-ihep51	20260626162416205000000	14	23,202,128,678,912	23,202,156,392,448	14,670,503,842,491	25,154,938,761,216	25,945,969,811,456	22,034,264,555,520	29,685,706,653,696	463,585,933	1,290,801,237	0	0
em-p-ihep51	20260626162426328000000	16	23,202,126,168,064	23,202,146,304,000	14,652,478,925,885	25,154,938,761,216	25,945,969,811,456	22,034,264,555,520	29,685,706,653,696	221,136,696	1,710,756,319	0	0
em-p-ihep51	20260626162436295000000	14	23,202,126,966,784	23,202,154,876,928	14,657,387,862,364	25,154,938,761,216	25,945,969,811,456	22,034,264,555,520	29,685,706,653,696	210,679,238	1,943,501,402	0	0
em-p-ihep51	20260626162446386000000	13	23,202,126,995,456	23,202,137,374,720	14,655,913,416,352	25,154,938,761,216	25,945,969,811,456	22,034,264,555,520	29,685,706,653,696	351,012,205	866,122,405	0	0
em-p-ihep51	20260626162456465000000	12	23,202,127,171,584	23,202,140,975,104	14,659,755,583,907	25,154,938,761,216	25,945,969,811,456	22,034,264,555,520	29,685,706,653,696	306,912,607	658,606,906	0	0
em-p-ihep51	20260626162506493000000	18	23,202,136,588,288	23,202,373,832,704	14,660,911,921,053	25,154,938,761,216	25,945,969,811,456	22,034,264,555,520	29,685,706,653,696	569,784,374	1,404,645,935	0	0
em-p-ihep51	20260626162516580000000	18	23,199,670,595,584	23,198,960,467,968	14,684,389,061,120	25,154,938,761,216	25,945,969,811,456	22,034,264,555,520	29,685,706,653,696	620,159,478	2,011,360,167	0	0
em-p-ihep51	20260626162526707000000	24	23,197,410,570,240	23,197,416,968,192	14,669,996,220,614	25,154,938,761,216	25,945,969,811,456	22,034,264,555,520	29,685,706,653,696	586,344,697	2,391,461,066	0	0
em-p-ihep51	20260626162536683000000	24	23,197,688,520,704	23,197,495,865,344	14,656,429,743,638	25,154,938,761,216	25,945,969,811,456	22,034,264,555,520	29,685,706,653,696	663,647,112	1,760,540,130	0	0
em-p-ihep51	20260626162546770000000	15	23,197,800,546,304	23,197,804,961,792	14,657,868,693,153	25,154,938,761,216	25,945,969,811,456	22,034,264,555,520	29,685,706,653,696	572,394,220	1,594,527,442	0	0
em-p-ihep51	20260626162556791000000	17	23,197,799,669,760	23,197,804,326,912	14,661,240,989,342	25,154,938,761,216	25,945,969,811,456	22,034,264,555,520	29,685,706,653,696	611,036,953	1,382,501,935	503,808	0
em-p-ihep51	20260626162606900000000	20	23,197,804,699,648	23,197,806,448,640	14,665,063,551,531	25,154,938,761,216	25,945,969,811,456	22,034,264,555,520	29,685,706,653,696	652,496,122	1,484,554,498	0	0
em-p-ihep51	20260626162616910000000	24	23,199,998,967,808	23,200,030,490,624	14,665,576,957,573	25,154,938,761,216	25,945,969,811,456	22,034,264,555,520	29,685,706,653,696	552,469,923	1,014,216,009	0	0
em-p-ihep51	20260626162626914000000	18	23,199,988,830,208	23,200,024,100,864	14,660,115,882,267	25,154,938,761,216	25,945,969,811,456	22,034,264,555,520	29,685,706,653,696	301,489,614	2,094,425,373	0	0
em-p-ihep51	20260626162636901000000	23	23,199,994,703,872	23,200,054,915,072	14,663,521,608,130	25,154,938,761,216	25,945,969,811,456	22,034,264,555,520	29,685,706,653,696	183,598,754	1,359,767,629	0	0
em-p-ihep51	20260626162646900000000	23	23,199,993,962,496	23,200,304,402,432	14,655,965,341,001	25,154,938,761,216	25,945,969,811,456	22,034,264,555,520	29,685,706,653,696	438,070,916	1,348,458,849	0	0
em-p-ihep51	20260626162656999000000	16	23,199,998,910,464	23,200,052,752,384	14,656,400,420,029	25,154,938,761,216	25,945,969,811,456	22,034,264,555,520	29,685,706,653,696	433,674,428	1,777,761,289	0	0
em-p-ihep51	20260626162707114000000	19	23,199,997,014,016	23,200,063,717,376	14,661,745,894,334	25,154,938,761,216	25,945,969,811,456	22,034,264,555,520	29,685,706,653,696	863,970,670	1,307,237,400	0	0
em-p-ihep51	20260626162717106000000	13	23,199,997,018,112	23,200,066,494,464	14,657,224,141,119	25,154,938,761,216	25,945,969,811,456	22,034,264,555,520	29,685,706,653,696	545,465,851	1,914,185,364	0	0
em-p-ihep51	20260626162727206000000	15	23,199,997,370,368	23,200,057,729,024	14,657,728,793,420	25,154,938,761,216	25,945,969,811,456	22,034,264,555,520	29,685,706,653,696	466,566,414	1,187,619,915	0	0
em-p-ihep51	20260626162737308000000	15	23,200,008,503,296	23,200,068,976,640	14,661,672,856,217	25,154,938,761,216	25,945,969,811,456	22,034,264,555,520	29,685,706,653,696	611,277,197	1,798,842,988	0	0
em-p-ihep51	20260626162747323000000	14	23,200,008,556,544	23,200,070,328,320	14,663,746,673,359	25,154,938,761,216	25,945,969,811,456	22,034,264,555,520	29,685,706,653,696	664,859,445	1,442,923,236	0	0
em-p-ihep51	20260626162757417000000	17	23,200,007,684,096	23,200,528,371,712	14,668,568,281,970	25,154,938,761,216	25,945,969,811,456	22,034,264,555,520	29,685,706,653,696	578,750,956	1,190,481,029	0	0
em-p-ihep51	20260626162807495000000	16	23,200,005,570,560	23,200,066,965,504	14,674,310,623,126	25,154,938,761,216	25,945,969,811,456	22,034,264,555,520	29,685,706,653,696	342,447,122	1,463,344,310	0	0
em-p-ihep51	20260626162817592000000	12	23,200,025,583,616	23,200,080,588,800	14,654,927,016,691	25,154,938,761,216	25,945,969,811,456	22,034,264,555,520	29,685,706,653,696	532,236,170	1,489,908,813	0	0
em-p-ihep51	20260626162827687000000	13	23,200,025,649,152	23,200,610,062,336	14,652,951,563,594	25,154,938,761,216	25,945,969,811,456	22,034,264,555,520	29,685,706,653,696	632,121,171	1,774,557,190	0	0
em-p-ihep51	20260626162837785000000	12	23,200,025,923,584	23,200,082,939,904	14,654,565,565,659	25,154,938,761,216	25,945,969,811,456	22,034,264,555,520	29,685,706,653,696	600,560,185	1,092,192,764	0	0
em-p-ihep51	20260626162847897000000	14	23,200,024,797,184	23,200,079,814,656	14,660,306,923,825	25,154,938,761,216	25,945,969,811,456	22,034,264,555,520	29,685,706,653,696	412,770,548	1,315,138,663	0	0
em-p-ihep51	20260626162857972000000	14	23,200,024,690,688	23,200,148,971,520	14,658,869,798,926	25,154,938,761,216	25,945,969,811,456	22,034,264,555,520	29,685,706,653,696	345,222,423	647,175,994	0	0
em-p-ihep51	20260626162908073000000	17	23,201,880,879,104	23,201,955,352,576	14,669,938,737,670	25,154,938,761,216	25,945,969,811,456	22,034,264,555,520	29,685,706,653,696	319,869,265	1,987,693,962	0	0
em-p-ihep51	20260626162918078000000	19	23,194,971,680,768	23,195,119,411,200	14,672,136,306,594	25,154,938,761,216	25,945,969,811,456	22,034,264,555,520	29,685,706,653,696	625,554,940	2,424,437,372	0	0
em-p-ihep51	20260626162928189000000	21	23,194,974,109,696	23,195,109,666,816	14,656,045,690,392	25,154,938,761,216	25,945,969,811,456	22,034,264,555,520	29,685,706,653,696	379,878,619	1,384,590,986	0	0
em-p-ihep51	20260626162938203000000	14	23,194,974,519,296	23,195,191,357,440	14,654,912,579,643	25,154,938,761,216	25,945,969,811,456	22,034,264,555,520	29,685,706,653,696	393,844,840	1,438,010,929	0	0
em-p-ihep51	20260626162948302000000	14	23,194,974,412,800	23,195,096,068,096	14,660,073,865,224	25,154,938,761,216	25,945,969,811,456	22,034,264,555,520	29,685,706,653,696	604,949,776	1,731,891,191	0	0
em-p-ihep51	20260626162958304000000	16	23,194,974,658,560	23,195,096,469,504	14,656,256,577,757	25,154,938,761,216	25,945,969,811,456	22,034,264,555,520	29,685,706,653,696	636,480,774	1,155,441,013	0	0
em-p-ihep51	20260626163008346000000	22	23,194,987,372,544	23,195,134,861,312	14,673,994,924,534	25,154,938,761,216	25,945,969,811,456	22,034,264,555,520	29,685,706,653,696	607,745,966	2,764,114,079	0	0
em-p-ihep51	20260626163018420000000	33	23,196,444,004,352	23,196,722,761,728	14,671,786,253,466	25,154,938,761,216	25,945,969,811,456	22,034,264,555,520	29,685,706,653,696	1,401,220,301	4,240,737,335	0	0
em-p-ihep51	20260626163028524000000	20	23,196,438,249,472	23,196,553,662,464	14,662,473,513,372	25,154,938,761,216	25,945,969,811,456	22,034,264,555,520	29,685,706,653,696	931,009,000	2,022,724,186	0	0
em-p-ihep51	20260626163038511000000	21	23,196,439,601,152	23,196,552,658,944	14,665,487,551,268	25,154,938,761,216	25,945,969,811,456	22,034,264,555,520	29,685,706,653,696	383,286,933	1,427,861,969	0	0
em-p-ihep51	20260626163048585000000	19	23,196,437,225,472	23,196,709,679,104	14,662,600,182,603	25,154,938,761,216	25,945,969,811,456	22,034,264,555,520	29,685,706,653,696	996,337,508	2,226,364,353	0	0
em-p-ihep51	20260626163058645000000	25	23,196,443,381,760	23,196,470,689,792	14,670,523,076,440	25,154,938,761,216	25,945,969,811,456	22,034,264,555,520	29,685,706,653,696	826,474,089	2,327,425,419	0	0
em-p-ihep51	20260626163108625000000	23	23,196,447,285,248	23,196,474,134,528	14,668,348,221,683	25,154,938,761,216	25,945,969,811,456	22,034,264,555,520	29,685,706,653,696	1,416,811,613	2,559,863,091	0	0
em-p-ihep51	20260626163118719000000	21	23,196,957,339,648	23,197,345,382,400	14,662,596,160,090	25,154,938,761,216	25,945,969,811,456	22,034,264,555,520	29,685,706,653,696	442,050,107	2,026,692,976	0	0
em-p-ihep51	20260626163128808000000	18	23,196,957,753,344	23,197,000,732,672	14,657,585,255,580	25,154,938,761,216	25,945,969,811,456	22,034,264,555,520	29,685,706,653,696	255,787,740	1,503,531,500	0	0
em-p-ihep51	20260626163138896000000	21	23,196,956,704,768	23,196,988,866,560	14,659,082,113,364	25,154,938,761,216	25,945,969,811,456	22,034,264,555,520	29,685,706,653,696	724,639,617	1,637,355,824	0	0
em-p-ihep51	20260626163148997000000	24	23,196,943,728,640	23,196,973,776,896	14,658,589,631,366	25,154,938,761,216	25,945,969,811,456	22,034,264,555,520	29,685,706,653,696	509,019,617	1,148,859,633	36,864	0
em-p-ihep51	20260626163158996000000	22	23,196,941,516,800	23,196,976,558,080	14,659,770,871,222	25,154,938,761,216	25,945,969,811,456	22,034,264,555,520	29,685,706,653,696	485,105,372	1,496,727,241	0	0
em-p-ihep51	20260626163209094000000	22	23,196,946,497,536	23,196,992,905,216	14,667,719,090,213	25,154,938,761,216	25,945,969,811,456	22,034,264,555,520	29,685,706,653,696	628,603,794	1,204,224,919	0	0
em-p-ihep51	20260626163219095000000	31	23,196,952,330,240	23,197,123,424,256	14,657,478,785,655	25,154,938,761,216	25,945,969,811,456	22,034,264,555,520	29,685,706,653,696	410,335,729	3,922,302,797	0	0
em-p-ihep51	20260626163229220000000	28	23,196,945,215,488	23,197,415,809,024	14,664,331,304,087	25,154,938,761,216	25,945,969,811,456	22,034,264,555,520	29,685,706,653,696	390,035,039	1,454,663,930	0	0
em-p-ihep51	20260626163239285000000	27	23,196,945,489,920	23,196,962,541,568	14,655,106,093,776	25,154,938,761,216	25,945,969,811,456	22,034,264,555,520	29,685,706,653,696	745,569,439	2,029,964,110	0	0
em-p-ihep51	20260626163249317000000	25	23,196,950,183,936	23,196,944,166,912	14,656,459,158,907	25,154,938,761,216	25,945,969,811,456	22,034,264,555,520	29,685,706,653,696	494,676,081	1,414,445,954	98,304	0
em-p-ihep51	20260626163259302000000	23	23,196,946,624,512	23,197,345,439,744	14,659,878,558,590	25,154,938,761,216	25,945,969,811,456	22,034,264,555,520	29,685,706,653,696	527,919,982	2,016,177,084	0	0
em-p-ihep51	20260626163309328000000	24	23,196,946,513,920	23,196,942,884,864	14,666,205,810,289	25,154,938,761,216	25,945,969,811,456	22,034,264,555,520	29,685,706,653,696	729,633,043	1,461,106,065	0	0
em-p-ihep51	20260626163319313000000	24	23,196,949,168,128	23,196,945,174,528	14,658,944,078,143	25,154,938,761,216	25,945,969,811,456	22,034,264,555,520	29,685,706,653,696	585,507,930	1,980,148,351	0	0
em-p-ihep51	20260626163329402000000	17	23,196,950,925,312	23,196,949,446,656	14,652,292,088,940	25,154,938,761,216	25,945,969,811,456	22,034,264,555,520	29,685,706,653,696	633,897,810	1,904,955,682	0	0
em-p-ihep51	20260626163339509000000	18	23,196,944,879,616	23,196,943,986,688	14,661,058,978,119	25,154,938,761,216	25,945,969,811,456	22,034,264,555,520	29,685,706,653,696	445,996,197	902,733,261	139,264	0
em-p-ihep51	20260626163349505000000	20	23,196,944,769,024	23,196,938,895,360	14,672,339,862,178	25,154,938,761,216	25,945,969,811,456	22,034,264,555,520	29,685,706,653,696	313,803,914	2,126,466,925	0	0
em-p-ihep51	20260626163359500000000	22	23,196,946,120,704	23,196,939,923,456	14,660,250,014,028	25,154,938,761,216	25,945,969,811,456	22,034,264,555,520	29,685,706,653,696	431,161,978	1,850,355,127	0	0
em-p-ihep51	20260626163409618000000	24	23,196,950,970,368	23,196,964,741,120	14,673,622,501,612	25,154,938,761,216	25,945,969,811,456	22,034,264,555,520	29,685,706,653,696	1,254,135,634	3,065,552,854	0	0
em-p-ihep51	20260626163419663000000	24	23,196,971,679,744	23,197,148,950,528	14,675,534,292,658	25,154,938,761,216	25,945,969,811,456	22,034,264,555,520	29,685,706,653,696	663,555,087	3,440,027,621	4,096	0
em-p-ihep51	20260626163429777000000	25	23,198,329,200,640	23,198,320,435,200	14,662,302,882,439	25,154,938,761,216	25,945,969,811,456	22,034,264,555,520	29,685,706,653,696	603,818,777	1,907,321,448	45,056	0
em-p-ihep51	20260626163439815000000	15	23,198,326,325,248	23,198,633,259,008	14,661,308,725,369	25,154,938,761,216	25,945,969,811,456	22,034,264,555,520	29,685,706,653,696	427,415,888	1,252,528,544	0	0
em-p-ihep51	20260626163449811000000	19	23,198,325,280,768	23,198,317,060,096	14,660,809,355,885	25,154,938,761,216	25,945,969,811,456	22,034,264,555,520	29,685,706,653,696	320,899,653	1,293,220,956	0	0
em-p-ihep51	20260626163459790000000	19	23,198,328,795,136	23,198,317,891,584	14,670,162,207,243	25,154,938,761,216	25,945,969,811,456	22,034,264,555,520	29,685,706,653,696	843,407,812	1,993,888,937	0	0
em-p-ihep51	20260626163509815000000	22	23,198,333,591,552	23,198,325,633,024	14,669,734,539,648	25,154,938,761,216	25,945,969,811,456	22,034,264,555,520	29,685,706,653,696	443,895,154	1,278,383,427	0	0
em-p-ihep51	20260626163519913000000	19	23,198,325,440,512	23,198,316,273,664	14,674,225,890,398	25,154,938,761,216	25,945,969,811,456	22,034,264,555,520	29,685,706,653,696	358,915,038	2,256,074,420	0	0
em-p-ihep51	20260626163530016000000	21	23,198,324,502,528	23,198,314,582,016	14,670,490,329,695	25,154,938,761,216	25,945,969,811,456	22,034,264,555,520	29,685,706,653,696	540,129,432	1,647,009,926	102,400	0
em-p-ihep51	20260626163540124000000	19	23,198,324,621,312	23,198,315,069,440	14,660,075,636,773	25,154,938,761,216	25,945,969,811,456	22,034,264,555,520	29,685,706,653,696	484,955,451	1,370,991,394	0	0
em-p-ihep51	20260626163550193000000	19	23,198,323,859,456	23,198,478,000,128	14,662,461,876,071	25,154,938,761,216	25,945,969,811,456	22,034,264,555,520	29,685,706,653,696	816,368,872	2,297,431,589	0	0
em-p-ihep51	20260626163600211000000	24	23,198,325,878,784	23,198,360,510,464	14,667,600,960,239	25,154,938,761,216	25,945,969,811,456	22,034,264,555,520	29,685,706,653,696	867,581,105	2,079,609,213	0	0
em-p-ihep51	20260626163610222000000	29	23,198,367,145,984	23,198,555,885,568	14,679,006,088,486	25,154,938,761,216	25,945,969,811,456	22,034,264,555,520	29,685,706,653,696	698,079,533	3,264,993,548	0	0
em-p-ihep51	20260626163620239000000	27	23,198,372,917,248	23,198,470,148,096	14,673,674,553,780	25,154,938,761,216	25,945,969,811,456	22,034,264,555,520	29,685,706,653,696	411,161,488	2,432,241,024	0	0
em-p-ihep51	20260626163630245000000	29	23,198,370,897,920	23,198,406,184,960	14,672,140,439,570	25,154,938,761,216	25,945,969,811,456	22,034,264,555,520	29,685,706,653,696	421,699,975	1,055,747,650	0	0
em-p-ihep51	20260626163640343000000	21	23,198,370,897,920	23,198,406,631,424	14,673,699,011,746	25,154,938,761,216	25,945,969,811,456	22,034,264,555,520	29,685,706,653,696	684,786,156	1,586,393,144	0	0
em-p-ihep51	20260626163650353000000	29	23,199,094,648,832	23,199,547,523,072	14,679,033,896,943	25,154,938,761,216	25,945,969,811,456	22,034,264,555,520	29,685,706,653,696	485,017,437	1,805,435,278	0	0
em-p-ihep51	20260626163700358000000	28	23,199,103,934,464	23,199,142,076,416	14,672,313,244,319	25,154,938,761,216	25,945,969,811,456	22,034,264,555,520	29,685,706,653,696	711,429,617	1,444,271,974	0	0
em-p-ihep51	20260626163710360000000	26	23,199,098,036,224	23,199,346,753,536	14,674,710,135,573	25,154,938,761,216	25,945,969,811,456	22,034,264,555,520	29,685,706,653,696	827,789,814	2,227,382,802	0	0
em-p-ihep51	20260626163720447000000	18	23,199,099,113,472	23,199,169,990,656	14,661,806,504,203	25,154,938,761,216	25,945,969,811,456	22,034,264,555,520	29,685,706,653,696	605,123,133	1,974,131,261	0	0
em-p-ihep51	20260626163730533000000	13	23,199,097,507,840	23,199,145,725,952	14,665,705,898,257	25,154,938,761,216	25,945,969,811,456	22,034,264,555,520	29,685,706,653,696	748,063,478	1,911,945,214	0	0
em-p-ihep51	20260626163740622000000	19	23,199,086,817,280	23,199,135,268,864	14,660,797,754,909	25,154,938,761,216	25,945,969,811,456	22,034,264,555,520	29,685,706,653,696	803,559,456	1,559,601,286	4,096	0
em-p-ihep51	20260626163750715000000	21	23,199,091,302,400	23,199,140,298,752	14,656,714,206,219	25,154,938,761,216	25,945,969,811,456	22,034,264,555,520	29,685,706,653,696	538,512,049	1,987,072,767	0	0
em-p-ihep51	20260626163800814000000	19	23,199,091,195,904	23,199,580,774,400	14,661,387,652,222	25,154,938,761,216	25,945,969,811,456	22,034,264,555,520	29,685,706,653,696	515,464,877	1,095,616,470	0	0
em-p-ihep51	20260626163810909000000	21	23,199,092,891,648	23,199,484,596,224	14,668,856,211,011	25,154,938,761,216	25,945,969,811,456	22,034,264,555,520	29,685,706,653,696	558,961,298	2,264,989,061	0	0
em-p-ihep51	20260626163821012000000	22	23,199,134,941,184	23,199,175,249,920	14,667,996,952,507	25,154,938,761,216	25,945,969,811,456	22,034,264,555,520	29,685,706,653,696	465,418,441	2,745,929,494	0	0
em-p-ihep51	20260626163831105000000	17	23,198,970,634,240	23,199,465,164,800	14,654,530,345,980	25,154,938,761,216	25,945,969,811,456	22,034,264,555,520	29,685,706,653,696	995,787,392	2,324,894,195	0	0
em-p-ihep51	20260626163841189000000	16	23,198,969,446,400	23,199,012,384,768	14,662,430,599,822	25,154,938,761,216	25,945,969,811,456	22,034,264,555,520	29,685,706,653,696	511,204,050	1,099,774,543	0	0
em-p-ihep51	20260626163851277000000	19	23,198,969,774,080	23,199,012,536,320	14,659,582,467,412	25,154,938,761,216	25,945,969,811,456	22,034,264,555,520	29,685,706,653,696	363,420,115	1,705,514,249	0	0
em-p-ihep51	20260626163901366000000	15	23,198,969,720,832	23,199,007,043,584	14,657,575,615,486	25,154,938,761,216	25,945,969,811,456	22,034,264,555,520	29,685,706,653,696	533,992,951	1,857,173,842	0	0
em-p-ihep51	20260626163911478000000	19	23,198,968,516,608	23,199,000,637,440	14,667,272,796,554	25,154,938,761,216	25,945,969,811,456	22,034,264,555,520	29,685,706,653,696	707,658,457	1,907,564,893	0	0
em-p-ihep51	20260626163921475000000	22	23,198,969,102,336	23,199,039,479,808	14,674,968,350,517	25,154,938,761,216	25,945,969,811,456	22,034,264,555,520	29,685,706,653,696	644,563,073	2,226,088,870	12,288	0
em-p-ihep51	20260626163931566000000	20	23,198,970,290,176	23,199,080,218,624	14,659,682,057,549	25,154,938,761,216	25,945,969,811,456	22,034,264,555,520	29,685,706,653,696	707,304,954	1,603,599,187	0	0
em-p-ihep51	20260626163941650000000	21	23,198,970,343,424	23,199,602,208,768	14,664,205,110,721	25,154,938,761,216	25,945,969,811,456	22,034,264,555,520	29,685,706,653,696	340,499,141	1,283,887,234	0	0
em-p-ihep51	20260626163951737000000	18	23,198,966,779,904	23,199,051,960,320	14,660,412,080,725	25,154,938,761,216	25,945,969,811,456	22,034,264,555,520	29,685,706,653,696	814,035,853	2,512,631,406	0	0
em-p-ihep51	20260626164001855000000	20	23,198,968,188,928	23,199,216,947,200	14,659,128,814,398	25,154,938,761,216	25,945,969,811,456	22,034,264,555,520	29,685,706,653,696	1,090,872,591	3,178,933,379	0	0
em-p-ihep51	20260626164011839000000	34	23,198,975,475,712	23,199,527,768,064	14,694,737,026,114	25,154,938,761,216	25,945,969,811,456	22,034,264,555,520	29,685,706,653,696	918,887,767	3,347,641,544	0	0
em-p-ihep51	20260626164021862000000	36	23,198,981,640,192	23,199,066,951,680	14,684,721,830,546	25,154,938,761,216	25,945,969,811,456	22,034,264,555,520	29,685,706,653,696	709,177,915	1,932,302,517	0	0
em-p-ihep51	20260626164031870000000	27	23,198,979,047,424	23,199,063,498,752	14,673,778,697,296	25,154,938,761,216	25,945,969,811,456	22,034,264,555,520	29,685,706,653,696	647,171,918	1,310,477,947	12,288	0
em-p-ihep51	20260626164041927000000	31	23,199,106,318,336	23,199,260,495,872	14,681,392,199,799	25,154,938,761,216	25,945,969,811,456	22,034,264,555,520	29,685,706,653,696	481,330,227	1,487,830,334	49,152	0
em-p-ihep51	20260626164051910000000	31	23,199,103,963,136	23,199,240,732,672	14,683,615,831,623	25,154,938,761,216	25,945,969,811,456	22,034,264,555,520	29,685,706,653,696	924,458,303	1,703,387,775	16,384	0
em-p-ihep51	20260626164101924000000	36	23,199,118,409,728	23,199,532,548,096	14,670,116,478,185	25,154,938,761,216	25,945,969,811,456	22,034,264,555,520	29,685,706,653,696	464,160,892	1,717,786,279	0	0
em-p-ihep51	20260626164111947000000	38	23,199,106,723,840	23,199,295,442,944	14,681,016,421,349	25,154,938,761,216	25,945,969,811,456	22,034,264,555,520	29,685,706,653,696	727,337,971	3,192,306,080	0	0
em-p-ihep51	20260626164122033000000	32	23,199,623,090,176	23,199,743,991,808	14,670,953,307,501	25,154,938,761,216	25,945,969,811,456	22,034,264,555,520	29,685,706,653,696	516,495,157	2,339,185,893	0	0
em-p-ihep51	20260626164132043000000	33	23,199,625,527,296	23,199,745,142,784	14,664,972,064,042	25,154,938,761,216	25,945,969,811,456	22,034,264,555,520	29,685,706,653,696	771,966,486	1,907,639,372	0	0
em-p-ihep51	20260626164142042000000	30	23,199,622,094,848	23,199,789,223,936	14,662,365,664,096	25,154,938,761,216	25,945,969,811,456	22,034,264,555,520	29,685,706,653,696	814,022,812	1,191,796,675	0	0
em-p-ihep51	20260626164152160000000	26	23,199,620,030,464	23,199,740,592,128	14,666,621,753,462	25,154,938,761,216	25,945,969,811,456	22,034,264,555,520	29,685,706,653,696	505,391,307	1,288,823,383	0	0
em-p-ihep51	20260626164202236000000	25	23,199,629,697,024	23,199,748,911,104	14,662,056,862,484	25,154,938,761,216	25,945,969,811,456	22,034,264,555,520	29,685,706,653,696	448,798,134	940,772,445	0	0
em-p-ihep51	20260626164212230000000	20	23,199,622,463,488	23,199,729,061,888	14,664,907,879,256	25,154,938,761,216	25,945,969,811,456	22,034,264,555,520	29,685,706,653,696	613,060,264	1,716,195,556	0	0
em-p-ihep51	20260626164222313000000	17	23,199,620,087,808	23,200,166,739,968	14,662,714,917,454	25,154,938,761,216	25,945,969,811,456	22,034,264,555,520	29,685,706,653,696	508,517,729	1,206,662,884	0	0
em-p-ihep51	20260626164232403000000	20	23,199,622,266,880	23,199,728,140,288	14,660,757,266,218	25,154,938,761,216	25,945,969,811,456	22,034,264,555,520	29,685,706,653,696	531,173,196	1,755,300,954	0	0
em-p-ihep51	20260626164242497000000	17	23,199,621,242,880	23,199,726,190,592	14,660,337,777,522	25,154,938,761,216	25,945,969,811,456	22,034,264,555,520	29,685,706,653,696	614,073,854	2,978,702,427	12,288	0
em-p-ihep51	20260626164252577000000	20	23,199,621,197,824	23,199,728,205,824	14,657,483,857,953	25,154,938,761,216	25,945,969,811,456	22,034,264,555,520	29,685,706,653,696	347,615,134	2,385,915,589	0	0
em-p-ihep51	20260626164302600000000	17	23,199,621,328,896	23,199,726,641,152	14,659,177,891,255	25,154,938,761,216	25,945,969,811,456	22,034,264,555,520	29,685,706,653,696	604,081,572	1,929,602,334	0	0
em-p-ihep51	20260626164312684000000	16	23,199,616,581,632	23,199,721,943,040	14,660,589,729,691	25,154,938,761,216	25,945,969,811,456	22,034,264,555,520	29,685,706,653,696	524,627,940	1,926,081,243	0	0
em-p-ihep51	20260626164322792000000	20	23,199,617,552,384	23,199,786,561,536	14,662,294,952,585	25,154,938,761,216	25,945,969,811,456	22,034,264,555,520	29,685,706,653,696	944,491,828	2,158,597,131	0	0
em-p-ihep51	20260626164332864000000	15	23,199,616,364,544	23,199,735,144,448	14,656,516,166,054	25,154,938,761,216	25,945,969,811,456	22,034,264,555,520	29,685,706,653,696	1,033,239,986	1,620,906,391	0	0
em-p-ihep51	20260626164342959000000	20	23,199,618,797,568	23,199,726,768,128	14,662,611,576,249	25,154,938,761,216	25,945,969,811,456	22,034,264,555,520	29,685,706,653,696	879,571,946	1,935,420,361	0	0
em-p-ihep51	20260626164353056000000	18	23,199,620,042,752	23,199,728,365,568	14,656,382,177,081	25,154,938,761,216	25,945,969,811,456	22,034,264,555,520	29,685,706,653,696	725,972,233	1,658,602,866	0	0
em-p-ihep51	20260626164403147000000	23	23,199,619,055,616	23,199,735,132,160	14,658,787,595,079	25,154,938,761,216	25,945,969,811,456	22,034,264,555,520	29,685,706,653,696	559,960,556	2,713,857,585	0	0
em-p-ihep51	20260626164413236000000	18	23,199,619,112,960	23,199,728,144,384	14,672,217,788,946	25,154,938,761,216	25,945,969,811,456	22,034,264,555,520	29,685,706,653,696	441,251,497	1,244,730,872	0	0
em-p-ihep51	20260626164423336000000	21	23,199,625,105,408	23,199,762,219,008	14,659,988,616,787	25,154,938,761,216	25,945,969,811,456	22,034,264,555,520	29,685,706,653,696	431,101,863	1,657,757,073	16,384	0
em-p-ihep51	20260626164433338000000	20	23,199,621,328,896	23,199,737,364,480	14,658,764,668,184	25,154,938,761,216	25,945,969,811,456	22,034,264,555,520	29,685,706,653,696	325,643,475	1,187,213,603	8,192	0
em-p-ihep51	20260626164443334000000	23	23,199,618,076,672	23,199,879,385,088	14,659,843,285,691	25,154,938,761,216	25,945,969,811,456	22,034,264,555,520	29,685,706,653,696	428,428,958	2,690,406,185	0	0
em-p-ihep51	20260626164453417000000	17	23,199,617,032,192	23,199,724,101,632	14,665,300,438,754	25,154,938,761,216	25,945,969,811,456	22,034,264,555,520	29,685,706,653,696	683,380,741	1,679,738,741	0	0
em-p-ihep51	20260626164503530000000	25	23,199,619,354,624	23,199,722,893,312	14,666,124,879,506	25,154,938,761,216	25,945,969,811,456	22,034,264,555,520	29,685,706,653,696	604,406,966	1,453,754,232	0	0
em-p-ihep51	20260626164513539000000	30	23,199,633,809,408	23,199,744,397,312	14,683,817,222,773	25,154,938,761,216	25,945,969,811,456	22,034,264,555,520	29,685,706,653,696	812,662,425	1,339,633,129	0	0
em-p-ihep51	20260626164523544000000	21	23,199,633,489,920	23,199,651,065,856	14,661,202,420,038	25,154,938,761,216	25,945,969,811,456	22,034,264,555,520	29,685,706,653,696	778,319,195	2,420,276,207	0	0
em-p-ihep51	20260626164533533000000	22	23,199,634,784,256	23,199,670,444,032	14,672,071,294,310	25,154,938,761,216	25,945,969,811,456	22,034,264,555,520	29,685,706,653,696	557,244,756	2,058,358,834	0	0
em-p-ihep51	20260626164543539000000	19	23,199,642,243,072	23,199,671,115,776	14,661,920,007,003	25,154,938,761,216	25,945,969,811,456	22,034,264,555,520	29,685,706,653,696	529,890,325	1,561,985,783	0	0
em-p-ihep51	20260626164553644000000	15	23,199,639,982,080	23,199,661,883,392	14,664,785,891,951	25,154,938,761,216	25,945,969,811,456	22,034,264,555,520	29,685,706,653,696	419,300,172	1,462,244,795	0	0
em-p-ihep51	20260626164603725000000	20	23,199,641,059,328	23,199,665,782,784	14,664,258,044,679	25,154,938,761,216	25,945,969,811,456	22,034,264,555,520	29,685,706,653,696	597,235,148	1,220,834,639	0	0
em-p-ihep51	20260626164613747000000	18	23,200,138,080,256	23,200,716,398,592	14,669,379,942,485	25,154,938,761,216	25,945,969,811,456	22,034,264,555,520	29,685,706,653,696	467,346,307	1,013,078,849	0	0
em-p-ihep51	20260626164623840000000	22	23,200,146,190,336	23,200,131,694,592	14,665,644,718,155	25,154,938,761,216	25,945,969,811,456	22,034,264,555,520	29,685,706,653,696	698,229,148	987,492,054	0	0
em-p-ihep51	20260626164633928000000	18	23,200,147,161,088	23,200,137,592,832	14,663,547,341,903	25,154,938,761,216	25,945,969,811,456	22,034,264,555,520	29,685,706,653,696	661,967,685	664,612,279	0	0
em-p-ihep51	20260626164644020000000	22	23,200,145,973,248	23,200,134,176,768	14,663,842,053,245	25,154,938,761,216	25,945,969,811,456	22,034,264,555,520	29,685,706,653,696	387,255,416	871,171,691	0	0
em-p-ihep51	20260626164654024000000	22	23,200,143,872,000	23,200,151,027,712	14,665,177,156,446	25,154,938,761,216	25,945,969,811,456	22,034,264,555,520	29,685,706,653,696	963,037,946	1,574,835,354	0	0
em-p-ihep51	20260626164704114000000	14	23,200,143,929,344	23,200,133,623,808	14,659,625,652,915	25,154,938,761,216	25,945,969,811,456	22,034,264,555,520	29,685,706,653,696	240,801,695	1,198,326,649	0	0
em-p-ihep51	20260626164714209000000	19	23,200,146,251,776	23,200,134,455,296	14,664,677,051,931	25,154,938,761,216	25,945,969,811,456	22,034,264,555,520	29,685,706,653,696	486,268,471	1,402,183,508	0	0
em-p-ihep51	20260626164724307000000	12	23,200,134,324,224	23,200,145,874,944	14,660,506,379,953	25,154,938,761,216	25,945,969,811,456	22,034,264,555,520	29,685,706,653,696	272,412,567	1,351,092,314	0	0
em-p-ihep51	20260626164734320000000	17	23,200,133,029,888	23,200,120,209,408	14,662,152,231,731	25,154,938,761,216	25,945,969,811,456	22,034,264,555,520	29,685,706,653,696	715,118,709	1,290,838,095	0	0
em-p-ihep51	20260626164744418000000	17	23,200,133,124,096	23,200,120,160,256	14,661,439,431,511	25,154,938,761,216	25,945,969,811,456	22,034,264,555,520	29,685,706,653,696	505,884,126	1,054,147,144	0	0
em-p-ihep51	20260626164754407000000	15	23,200,133,017,600	23,200,583,606,272	14,660,559,022,117	25,154,938,761,216	25,945,969,811,456	22,034,264,555,520	29,685,706,653,696	482,980,764	1,023,042,582	0	0
em-p-ihep51	20260626164804420000000	9	23,200,133,328,896	23,200,118,460,416	14,659,163,256,497	25,154,938,761,216	25,945,969,811,456	22,034,264,555,520	29,685,706,653,696	537,482,130	940,533,683	0	0
em-p-ihep51	20260626164814522000000	17	23,200,134,299,648	23,200,131,665,920	14,664,798,913,701	25,154,938,761,216	25,945,969,811,456	22,034,264,555,520	29,685,706,653,696	277,247,694	1,107,861,861	0	0
em-p-ihep51	20260626164824519000000	16	23,200,134,193,152	23,200,138,764,288	14,666,640,023,313	25,154,938,761,216	25,945,969,811,456	22,034,264,555,520	29,685,706,653,696	446,268,073	1,417,695,420	0	0
em-p-ihep51	20260626164834523000000	21	23,200,134,303,744	23,200,157,597,696	14,663,089,692,953	25,154,938,761,216	25,945,969,811,456	22,034,264,555,520	29,685,706,653,696	857,465,913	1,286,179,613	0	0
em-p-ihep51	20260626164844566000000	20	23,200,127,176,704	23,200,135,376,896	14,666,538,537,790	25,154,938,761,216	25,945,969,811,456	22,034,264,555,520	29,685,706,653,696	639,644,356	1,141,015,631	0	0
em-p-ihep51	20260626164854544000000	17	23,200,129,335,296	23,200,133,890,048	14,664,911,625,623	25,154,938,761,216	25,945,969,811,456	22,034,264,555,520	29,685,706,653,696	567,806,604	902,933,963	0	0
em-p-ihep51	20260626164904552000000	14	23,200,130,686,976	23,200,137,609,216	14,658,851,520,504	25,154,938,761,216	25,945,969,811,456	22,034,264,555,520	29,685,706,653,696	289,329,430	1,133,779,519	0	0
em-p-ihep51	20260626164914570000000	17	23,200,131,854,336	23,200,508,325,888	14,675,105,957,860	25,154,938,761,216	25,945,969,811,456	22,034,264,555,520	29,685,706,653,696	513,197,777	2,422,876,479	0	0
em-p-ihep51	20260626164924671000000	15	23,200,133,173,248	23,200,131,522,560	14,663,221,542,298	25,154,938,761,216	25,945,969,811,456	22,034,264,555,520	29,685,706,653,696	332,850,915	1,975,817,289	0	0
em-p-ihep51	20260626164934774000000	14	23,200,133,173,248	23,200,223,641,600	14,656,837,904,202	25,154,938,761,216	25,945,969,811,456	22,034,264,555,520	29,685,706,653,696	339,357,683	924,512,486	0	0
em-p-ihep51	20260626164944776000000	19	23,200,133,337,088	23,200,235,241,472	14,671,261,683,581	25,154,938,761,216	25,945,969,811,456	22,034,264,555,520	29,685,706,653,696	236,296,584	1,263,687,785	0	0
em-p-ihep51	20260626164954872000000	15	23,200,133,230,592	23,200,210,583,552	14,660,741,256,777	25,154,938,761,216	25,945,969,811,456	22,034,264,555,520	29,685,706,653,696	418,542,852	940,610,246	0	0
em-p-ihep51	20260626165004979000000	19	23,200,134,418,432	23,200,209,829,888	14,667,982,696,503	25,154,938,761,216	25,945,969,811,456	22,034,264,555,520	29,685,706,653,696	619,936,094	1,808,978,373	0	0
em-p-ihep51	20260626165015012000000	27	23,200,137,658,368	23,200,549,343,232	14,681,142,822,474	25,154,938,761,216	25,945,969,811,456	22,034,264,555,520	29,685,706,653,696	1,202,611,762	1,819,485,294	0	0
em-p-ihep51	20260626165025086000000	22	23,200,134,627,328	23,200,191,930,368	14,665,656,897,009	25,154,938,761,216	25,945,969,811,456	22,034,264,555,520	29,685,706,653,696	1,119,546,333	1,601,247,836	0	0
em-p-ihep51	20260626165035187000000	20	23,200,138,788,864	23,200,199,737,344	14,663,566,470,719	25,154,938,761,216	25,945,969,811,456	22,034,264,555,520	29,685,706,653,696	445,225,148	660,694,469	0	0
em-p-ihep51	20260626165045207000000	20	23,200,137,945,088	23,200,395,972,608	14,672,496,346,138	25,154,938,761,216	25,945,969,811,456	22,034,264,555,520	29,685,706,653,696	387,729,976	1,484,620,766	0	0
em-p-ihep51	20260626165055220000000	23	23,200,140,042,240	23,200,198,729,728	14,667,917,698,494	25,154,938,761,216	25,945,969,811,456	22,034,264,555,520	29,685,706,653,696	657,643,010	1,834,129,147	0	0
em-p-ihep51	20260626165105212000000	22	23,200,140,042,240	23,200,198,815,744	14,662,000,204,638	25,154,938,761,216	25,945,969,811,456	22,034,264,555,520	29,685,706,653,696	679,105,255	1,516,045,784	0	0
em-p-ihep51	20260626165115255000000	21	23,200,313,769,984	23,200,308,391,936	14,672,450,569,958	25,154,938,761,216	25,945,969,811,456	22,034,264,555,520	29,685,706,653,696	758,669,199	2,242,201,517	0	0
em-p-ihep51	20260626165125261000000	20	23,200,310,419,456	23,200,821,219,328	14,677,435,870,383	25,154,938,761,216	25,945,969,811,456	22,034,264,555,520	29,685,706,653,696	520,041,844	1,692,903,275	0	0
em-p-ihep51	20260626165135293000000	16	23,200,308,043,776	23,200,731,467,776	14,665,616,422,596	25,154,938,761,216	25,945,969,811,456	22,034,264,555,520	29,685,706,653,696	323,759,026	2,007,893,321	0	0
em-p-ihep51	20260626165145289000000	20	23,200,310,390,784	23,200,373,436,416	14,675,723,659,935	25,154,938,761,216	25,945,969,811,456	22,034,264,555,520	29,685,706,653,696	488,209,597	1,704,122,889	8,192	0
em-p-ihep51	20260626165155276000000	17	23,200,304,451,584	23,200,888,033,280	14,667,475,014,262	25,154,938,761,216	25,945,969,811,456	22,034,264,555,520	29,685,706,653,696	470,361,207	966,242,291	0	0
em-p-ihep51	20260626165205280000000	15	23,200,309,526,528	23,200,374,153,216	14,664,344,639,418	25,154,938,761,216	25,945,969,811,456	22,034,264,555,520	29,685,706,653,696	442,663,881	864,588,157	0	0
em-p-ihep51	20260626165215288000000	17	23,200,310,607,872	23,200,376,524,800	14,664,229,755,442	25,154,938,761,216	25,945,969,811,456	22,034,264,555,520	29,685,706,653,696	509,052,686	1,095,698,475	98,304	0
em-p-ihep51	20260626165225310000000	16	23,200,312,766,464	23,200,374,419,456	14,671,450,507,029	25,154,938,761,216	25,945,969,811,456	22,034,264,555,520	29,685,706,653,696	790,272,767	1,568,868,542	0	0
em-p-ihep51	20260626165235400000000	15	23,200,315,195,392	23,200,357,765,120	14,667,020,887,310	25,154,938,761,216	25,945,969,811,456	22,034,264,555,520	29,685,706,653,696	640,338,499	1,464,916,449	0	0
em-p-ihep51	20260626165245411000000	13	23,200,314,118,144	23,200,361,099,264	14,668,250,370,900	25,154,938,761,216	25,945,969,811,456	22,034,264,555,520	29,685,706,653,696	554,727,464	949,856,318	0	0
em-p-ihep51	20260626165255435000000	17	23,200,312,180,736	23,200,357,900,288	14,661,886,179,425	25,154,938,761,216	25,945,969,811,456	22,034,264,555,520	29,685,706,653,696	541,917,899	1,013,441,363	0	0
em-p-ihep51	20260626165305529000000	13	23,200,312,184,832	23,200,363,810,816	14,668,901,084,973	25,154,938,761,216	25,945,969,811,456	22,034,264,555,520	29,685,706,653,696	803,705,750	1,061,216,952	0	0
em-p-ihep51	20260626165315621000000	17	23,200,313,155,584	23,200,342,720,512	14,668,087,755,698	25,154,938,761,216	25,945,969,811,456	22,034,264,555,520	29,685,706,653,696	465,372,296	2,070,842,404	0	0
em-p-ihep51	20260626165325628000000	14	23,212,189,913,088	23,209,921,351,680	14,693,258,272,064	25,154,938,761,216	25,945,969,811,456	22,034,264,555,520	29,685,706,653,696	641,487,887	1,949,862,100	0	0
em-p-ihep51	20260626165335628000000	14	23,234,521,268,224	23,232,558,940,160	14,724,655,071,065	25,154,938,761,216	25,945,969,811,456	22,034,264,555,520	29,685,706,653,696	623,985,131	1,124,679,369	0	0
em-p-ihep51	20260626165345729000000	14	23,260,557,803,520	23,258,920,087,552	14,734,812,296,775	25,154,938,761,216	25,945,969,811,456	22,034,264,555,520	29,685,706,653,696	647,367,649	1,077,913,786	0	0
em-p-ihep51	20260626165355842000000	14	23,274,597,646,336	23,274,650,402,816	14,742,633,649,287	25,154,938,761,216	25,945,969,811,456	22,034,264,555,520	29,685,706,653,696	632,372,010	1,473,271,939	0	0
em-p-ihep51	20260626165405860000000	12	23,272,463,286,272	23,272,948,129,792	14,725,549,321,529	25,154,938,761,216	25,945,969,811,456	22,034,264,555,520	29,685,706,653,696	683,096,172	1,976,809,449	0	0
em-p-ihep51	20260626165415877000000	13	23,262,097,096,704	23,262,150,172,672	14,715,623,192,208	25,154,938,761,216	25,945,969,811,456	22,034,264,555,520	29,685,706,653,696	755,543,924	1,152,551,216	0	0
em-p-ihep51	20260626165425971000000	16	23,213,358,460,928	23,213,402,427,392	14,667,334,967,981	25,154,938,761,216	25,945,969,811,456	22,034,264,555,520	29,685,706,653,696	626,815,142	1,079,088,607	0	0
em-p-ihep51	20260626165436087000000	17	23,213,359,812,608	23,213,403,820,032	14,663,708,713,328	25,154,938,761,216	25,945,969,811,456	22,034,264,555,520	29,685,706,653,696	699,530,789	917,279,764	0	0
em-p-ihep51	20260626165446096000000	15	23,213,361,864,704	23,213,452,464,128	14,667,780,134,539	25,154,938,761,216	25,945,969,811,456	22,034,264,555,520	29,685,706,653,696	363,472,435	1,024,668,882	0	0
em-p-ihep51	20260626165456105000000	15	23,213,362,028,544	23,213,400,993,792	14,666,210,630,950	25,154,938,761,216	25,945,969,811,456	22,034,264,555,520	29,685,706,653,696	128,318,559	951,361,589	0	0
em-p-ihep51	20260626165506118000000	19	23,217,191,497,728	23,216,926,257,152	14,725,659,557,302	25,154,938,761,216	25,945,969,811,456	22,034,264,555,520	29,685,706,653,696	350,723,931	763,337,311	0	0
em-p-ihep51	20260626165516132000000	18	23,244,348,968,960	23,244,376,895,488	14,743,234,026,284	25,154,938,761,216	25,945,969,811,456	22,034,264,555,520	29,685,706,653,696	181,686,238	1,647,267,618	0	0
em-p-ihep51	20260626165526138000000	18	23,271,683,629,056	23,271,875,694,592	14,744,582,340,951	25,154,938,761,216	25,945,969,811,456	22,034,264,555,520	29,685,706,653,696	502,124,609	1,763,797,928	0	0
em-p-ihep51	20260626165536140000000	18	23,268,685,176,832	23,273,560,436,736	14,700,830,638,453	25,154,938,761,216	25,945,969,811,456	22,034,264,555,520	29,685,706,653,696	277,017,782	724,441,672	0	0
em-p-ihep51	20260626165546232000000	11	23,241,636,499,456	23,245,387,472,896	14,665,289,756,304	25,154,938,761,216	25,945,969,811,456	22,034,264,555,520	29,685,706,653,696	343,164,168	728,964,109	0	0
em-p-ihep51	20260626165556265000000	17	23,216,582,590,464	23,216,696,479,744	14,663,943,127,493	25,154,938,761,216	25,945,969,811,456	22,034,264,555,520	29,685,706,653,696	345,009,086	788,225,243	0	0
em-p-ihep51	20260626165606274000000	19	23,216,582,381,568	23,216,666,714,112	14,669,203,964,356	25,154,938,761,216	25,945,969,811,456	22,034,264,555,520	29,685,706,653,696	444,460,998	988,008,290	0	0
em-p-ihep51	20260626165616274000000	20	23,216,582,668,288	23,216,670,670,848	14,677,363,426,046	25,154,938,761,216	25,945,969,811,456	22,034,264,555,520	29,685,706,653,696	428,518,627	962,788,120	0	0
em-p-ihep51	20260626165626355000000	17	23,216,582,668,288	23,216,666,963,968	14,667,909,538,500	25,154,938,761,216	25,945,969,811,456	22,034,264,555,520	29,685,706,653,696	633,567,866	1,400,867,862	0	0
em-p-ihep51	20260626165636343000000	18	23,216,586,072,064	23,216,670,113,792	14,671,534,837,096	25,154,938,761,216	25,945,969,811,456	22,034,264,555,520	29,685,706,653,696	237,854,114	1,347,970,377	0	0
em-p-ihep51	20260626165646440000000	20	23,216,690,696,192	23,216,776,101,888	14,666,443,072,243	25,154,938,761,216	25,945,969,811,456	22,034,264,555,520	29,685,706,653,696	330,143,590	1,456,691,497	0	0
em-p-ihep51	20260626165656548000000	18	23,216,689,750,016	23,216,776,577,024	14,668,235,573,861	25,154,938,761,216	25,945,969,811,456	22,034,264,555,520	29,685,706,653,696	539,177,588	1,091,530,205	0	0
em-p-ihep51	20260626165706564000000	18	23,216,689,676,288	23,217,459,609,600	14,668,071,977,633	25,154,938,761,216	25,945,969,811,456	22,034,264,555,520	29,685,706,653,696	217,461,269	2,439,961,608	0	0
em-p-ihep51	20260626165716580000000	17	23,216,690,884,608	23,216,778,932,224	14,664,144,782,043	25,154,938,761,216	25,945,969,811,456	22,034,264,555,520	29,685,706,653,696	154,241,106	1,456,006,950	0	0
em-p-ihep51	20260626165726580000000	15	23,216,690,999,296	23,216,777,273,344	14,672,601,811,149	25,154,938,761,216	25,945,969,811,456	22,034,264,555,520	29,685,706,653,696	213,858,090	1,241,134,664	0	0
em-p-ihep51	20260626165736603000000	14	23,216,690,888,704	23,216,833,331,200	14,675,876,186,136	25,154,938,761,216	25,945,969,811,456	22,034,264,555,520	29,685,706,653,696	281,215,684	785,758,913	0	0
em-p-ihep51	20260626165746589000000	13	23,216,691,970,048	23,216,819,879,936	14,666,272,002,774	25,154,938,761,216	25,945,969,811,456	22,034,264,555,520	29,685,706,653,696	170,540,894	798,061,693	0	0
em-p-ihep51	20260626165756687000000	10	23,216,691,863,552	23,216,780,394,496	14,669,902,005,193	25,154,938,761,216	25,945,969,811,456	22,034,264,555,520	29,685,706,653,696	169,074,508	678,669,920	0	0
em-p-ihep51	20260626165806693000000	12	23,216,692,137,984	23,216,752,504,832	14,671,679,279,555	25,154,938,761,216	25,945,969,811,456	22,034,264,555,520	29,685,706,653,696	330,137,239	1,373,536,616	0	0
em-p-ihep51	20260626165816682000000	19	23,216,693,219,328	23,217,159,385,088	14,664,121,473,741	25,154,938,761,216	25,945,969,811,456	22,034,264,555,520	29,685,706,653,696	538,281,443	1,521,600,998	0	0
em-p-ihep51	20260626165826794000000	12	23,216,693,383,168	23,216,760,463,360	14,664,965,823,369	25,154,938,761,216	25,945,969,811,456	22,034,264,555,520	29,685,706,653,696	351,322,648	1,261,075,503	0	0
em-p-ihep51	20260626165836791000000	9	23,216,693,276,672	23,216,799,199,232	14,663,692,861,709	25,154,938,761,216	25,945,969,811,456	22,034,264,555,520	29,685,706,653,696	392,239,298	1,122,184,888	0	0
em-p-ihep51	20260626165846883000000	15	23,216,693,407,744	23,216,764,948,480	14,658,842,313,239	25,154,938,761,216	25,945,969,811,456	22,034,264,555,520	29,685,706,653,696	583,992,922	1,045,209,931	0	0
em-p-ihep51	20260626165856980000000	14	23,216,693,571,584	23,216,754,253,824	14,666,311,357,646	25,154,938,761,216	25,945,969,811,456	22,034,264,555,520	29,685,706,653,696	152,624,428	599,763,138	0	0
em-p-ihep51	20260626165906999000000	14	23,216,693,465,088	23,216,754,262,016	14,671,026,768,840	25,154,938,761,216	25,945,969,811,456	22,034,264,555,520	29,685,706,653,696	706,478,330	1,419,763,157	0	0
em-p-ihep51	20260626165916995000000	19	23,216,683,962,368	23,216,744,857,600	14,680,947,856,276	25,154,938,761,216	25,945,969,811,456	22,034,264,555,520	29,685,706,653,696	704,916,943	1,618,580,100	0	0
em-p-ihep51	20260626165927083000000	14	23,217,479,299,072	23,217,543,790,592	14,665,924,919,708	25,154,938,761,216	25,945,969,811,456	22,034,264,555,520	29,685,706,653,696	430,842,946	1,772,056,402	0	0
em-p-ihep51	20260626165937215000000	20	23,217,480,486,912	23,217,582,735,360	14,665,851,007,473	25,154,938,761,216	25,945,969,811,456	22,034,264,555,520	29,685,706,653,696	504,825,019	1,436,720,966	0	0
em-p-ihep51	20260626165947272000000	12	23,217,480,765,440	23,217,622,433,792	14,664,088,138,458	25,154,938,761,216	25,945,969,811,456	22,034,264,555,520	29,685,706,653,696	533,746,049	962,723,387	0	0
em-p-ihep51	20260626165957350000000	13	23,217,480,658,944	23,217,627,336,704	14,672,192,031,210	25,154,938,761,216	25,945,969,811,456	22,034,264,555,520	29,685,706,653,696	671,295,506	777,851,600	0	0
em-p-ihep51	20260626170007433000000	25	23,217,487,847,424	23,217,637,900,288	14,687,332,979,576	25,154,938,761,216	25,945,969,811,456	22,034,264,555,520	29,685,706,653,696	435,525,134	2,051,775,824	0	0
em-p-ihep51	20260626170017385000000	32	23,217,103,917,056	23,217,970,839,552	14,713,755,429,115	25,154,938,761,216	25,945,969,811,456	22,034,264,555,520	29,685,706,653,696	942,709,428	2,127,843,778	0	0
em-p-ihep51	20260626170027396000000	25	23,216,833,458,176	23,217,105,833,984	14,681,738,341,009	25,154,938,761,216	25,945,969,811,456	22,034,264,555,520	29,685,706,653,696	517,360,246	2,735,788,373	0	0
em-p-ihep51	20260626170037389000000	23	23,217,059,622,912	23,217,227,911,168	14,688,660,362,610	25,154,938,761,216	25,945,969,811,456	22,034,264,555,520	29,685,706,653,696	545,743,405	1,074,865,478	0	0
em-p-ihep51	20260626170047424000000	19	23,217,059,651,584	23,217,148,145,664	14,669,739,208,088	25,154,938,761,216	25,945,969,811,456	22,034,264,555,520	29,685,706,653,696	598,341,128	1,789,704,743	0	0
em-p-ihep51	20260626170057516000000	19	23,217,059,815,424	23,217,148,227,584	14,681,913,880,301	25,154,938,761,216	25,945,969,811,456	22,034,264,555,520	29,685,706,653,696	637,065,771	1,727,988,463	0	0
em-p-ihep51	20260626170107613000000	21	23,217,323,655,168	23,217,441,501,184	14,686,655,971,347	25,154,938,761,216	25,945,969,811,456	22,034,264,555,520	29,685,706,653,696	771,312,283	1,322,833,294	0	0
em-p-ihep51	20260626170117634000000	26	23,217,734,643,712	23,217,826,803,712	14,685,745,934,688	25,154,938,761,216	25,945,969,811,456	22,034,264,555,520	29,685,706,653,696	408,216,892	2,130,680,797	0	0
em-p-ihep51	20260626170127646000000	21	23,217,723,846,656	23,217,812,533,248	14,676,911,139,526	25,154,938,761,216	25,945,969,811,456	22,034,264,555,520	29,685,706,653,696	773,334,708	1,890,921,474	0	0
em-p-ihep51	20260626170137713000000	19	23,217,723,891,712	23,218,613,829,632	14,668,573,108,004	25,154,938,761,216	25,945,969,811,456	22,034,264,555,520	29,685,706,653,696	420,049,688	1,139,969,226	0	0
em-p-ihep51	20260626170147797000000	16	23,217,723,891,712	23,217,745,801,216	14,667,053,733,918	25,154,938,761,216	25,945,969,811,456	22,034,264,555,520	29,685,706,653,696	455,708,719	1,171,021,557	0	0
em-p-ihep51	20260626170157883000000	15	23,217,729,126,400	23,217,751,449,600	14,670,283,549,137	25,154,938,761,216	25,945,969,811,456	22,034,264,555,520	29,685,706,653,696	295,440,203	890,431,723	0	0
em-p-ihep51	20260626170207976000000	15	23,217,750,503,424	23,217,781,587,968	14,672,748,356,033	25,154,938,761,216	25,945,969,811,456	22,034,264,555,520	29,685,706,653,696	522,367,648	1,681,300,143	0	0
em-p-ihep51	20260626170218063000000	15	23,217,751,748,608	23,217,799,475,200	14,667,152,281,038	25,154,938,761,216	25,945,969,811,456	22,034,264,555,520	29,685,706,653,696	790,865,823	1,764,134,178	0	0
em-p-ihep51	20260626170228137000000	13	23,217,750,827,008	23,217,782,452,224	14,671,236,013,440	25,154,938,761,216	25,945,969,811,456	22,034,264,555,520	29,685,706,653,696	443,746,391	1,621,441,515	0	0
em-p-ihep51	20260626170238142000000	14	23,217,752,178,688	23,217,779,060,736	14,669,604,529,615	25,154,938,761,216	25,945,969,811,456	22,034,264,555,520	29,685,706,653,696	535,124,933	1,026,968,024	0	0
em-p-ihep51	20260626170248221000000	13	23,217,752,072,192	23,218,238,820,352	14,674,088,744,019	25,154,938,761,216	25,945,969,811,456	22,034,264,555,520	29,685,706,653,696	423,461,049	1,425,307,909	0	0
em-p-ihep51	20260626170258327000000	9	23,217,750,884,352	23,217,775,013,888	14,666,009,219,749	25,154,938,761,216	25,945,969,811,456	22,034,264,555,520	29,685,706,653,696	271,298,304	678,301,793	0	0
em-p-ihep51	20260626170308400000000	9	23,217,750,884,352	23,217,775,149,056	14,672,316,903,347	25,154,938,761,216	25,945,969,811,456	22,034,264,555,520	29,685,706,653,696	376,115,336	1,407,757,931	0	0
em-p-ihep51	20260626170318475000000	13	23,217,752,268,800	23,217,941,065,728	14,669,140,902,940	25,154,938,761,216	25,945,969,811,456	22,034,264,555,520	29,685,706,653,696	201,579,107	2,658,449,325	0	0
em-p-ihep51	20260626170328554000000	13	23,217,754,398,720	23,217,942,630,400	14,666,964,335,844	25,154,938,761,216	25,945,969,811,456	22,034,264,555,520	29,685,706,653,696	204,463,084	1,973,412,904	0	0
em-p-ihep51	20260626170338627000000	12	23,217,753,104,384	23,217,778,511,872	14,665,168,617,930	25,154,938,761,216	25,945,969,811,456	22,034,264,555,520	29,685,706,653,696	541,231,614	1,725,900,924	0	0
em-p-ihep51	20260626170348730000000	9	23,217,753,268,224	23,217,781,800,960	14,666,927,838,108	25,154,938,761,216	25,945,969,811,456	22,034,264,555,520	29,685,706,653,696	274,204,278	1,115,452,005	0	0
em-p-ihep51	20260626170358810000000	14	23,217,770,967,040	23,217,842,950,144	14,661,557,413,662	25,154,938,761,216	25,945,969,811,456	22,034,264,555,520	29,685,706,653,696	217,986,604	1,018,987,394	0	0
em-p-ihep51	20260626170408891000000	11	23,218,043,625,472	23,218,070,831,104	14,671,342,149,723	25,154,938,761,216	25,945,969,811,456	22,034,264,555,520	29,685,706,653,696	435,998,091	1,364,819,156	0	0
em-p-ihep51	20260626170418903000000	13	23,218,043,576,320	23,218,071,060,480	14,679,603,402,624	25,154,938,761,216	25,945,969,811,456	22,034,264,555,520	29,685,706,653,696	336,622,109	1,128,650,611	0	0
em-p-ihep51	20260626170428998000000	13	23,218,266,386,432	23,218,302,472,192	14,662,684,443,673	25,154,938,761,216	25,945,969,811,456	22,034,264,555,520	29,685,706,653,696	313,843,166	893,103,275	0	0
em-p-ihep51	20260626170439077000000	10	23,218,265,198,592	23,218,698,563,584	14,658,943,036,269	25,154,938,761,216	25,945,969,811,456	22,034,264,555,520	29,685,706,653,696	227,087,294	1,245,228,770	0	0
em-p-ihep51	20260626170449185000000	11	23,218,266,279,936	23,218,307,420,160	14,663,246,220,931	25,154,938,761,216	25,945,969,811,456	22,034,264,555,520	29,685,706,653,696	292,025,364	1,451,870,524	0	0
em-p-ihep51	20260626170459268000000	12	23,218,263,904,256	23,218,343,497,728	14,662,910,347,087	25,154,938,761,216	25,945,969,811,456	22,034,264,555,520	29,685,706,653,696	522,799,302	1,687,069,396	0	0
em-p-ihep51	20260626170509311000000	22	23,218,269,495,296	23,218,883,272,704	14,675,700,416,242	25,154,938,761,216	25,945,969,811,456	22,034,264,555,520	29,685,706,653,696	611,659,413	1,326,488,420	0	0
em-p-ihep51	20260626170519395000000	26	23,218,266,152,960	23,218,433,183,744	14,674,036,217,140	25,154,938,761,216	25,945,969,811,456	22,034,264,555,520	29,685,706,653,696	552,529,730	2,375,563,715	0	0
em-p-ihep51	20260626170529401000000	25	23,218,268,528,640	23,218,470,166,528	14,668,343,934,284	25,154,938,761,216	25,945,969,811,456	22,034,264,555,520	29,685,706,653,696	459,982,669	2,104,543,804	0	0
em-p-ihep51	20260626170539391000000	19	23,218,273,251,328	23,218,347,945,984	14,662,673,681,464	25,154,938,761,216	25,945,969,811,456	22,034,264,555,520	29,685,706,653,696	320,067,296	1,067,886,065	0	0
em-p-ihep51	20260626170549476000000	12	23,218,273,415,168	23,218,333,806,592	14,664,357,907,807	25,154,938,761,216	25,945,969,811,456	22,034,264,555,520	29,685,706,653,696	342,667,853	1,209,980,381	0	0
em-p-ihep51	20260626170559567000000	16	23,218,273,308,672	23,218,333,765,632	14,665,178,974,979	25,154,938,761,216	25,945,969,811,456	22,034,264,555,520	29,685,706,653,696	525,703,228	690,847,308	0	0
em-p-ihep51	20260626170609662000000	19	23,224,434,798,592	23,223,394,639,872	14,688,527,455,918	25,154,938,761,216	25,945,969,811,456	22,034,264,555,520	29,685,706,653,696	689,080,287	2,105,965,814	0	0
em-p-ihep51	20260626170619751000000	16	23,216,192,294,912	23,216,863,481,856	14,666,377,465,580	25,154,938,761,216	25,945,969,811,456	22,034,264,555,520	29,685,706,653,696	604,014,755	2,627,114,694	0	0
em-p-ihep51	20260626170629764000000	13	23,216,992,182,272	23,217,052,807,168	14,662,120,425,740	25,154,938,761,216	25,945,969,811,456	22,034,264,555,520	29,685,706,653,696	460,130,559	2,424,840,203	0	0
em-p-ihep51	20260626170639845000000	12	23,216,988,585,984	23,217,049,190,400	14,662,125,057,622	25,154,938,761,216	25,945,969,811,456	22,034,264,555,520	29,685,706,653,696	453,298,062	1,548,563,687	0	0
em-p-ihep51	20260626170649845000000	15	23,216,988,749,824	23,217,052,319,744	14,669,364,761,062	25,154,938,761,216	25,945,969,811,456	22,034,264,555,520	29,685,706,653,696	207,693,182	643,693,185	0	0
em-p-ihep51	20260626170659843000000	11	23,216,988,643,328	23,217,076,600,832	14,658,772,401,919	25,154,938,761,216	25,945,969,811,456	22,034,264,555,520	29,685,706,653,696	180,145,426	918,077,226	0	0
em-p-ihep51	20260626170709944000000	9	23,216,988,536,832	23,217,050,808,320	14,670,750,751,431	25,154,938,761,216	25,945,969,811,456	22,034,264,555,520	29,685,706,653,696	377,774,857	1,206,521,551	0	0
em-p-ihep51	20260626170719953000000	11	23,216,988,536,832	23,217,051,455,488	14,660,887,464,448	25,154,938,761,216	25,945,969,811,456	22,034,264,555,520	29,685,706,653,696	197,195,089	1,770,255,804	0	0
em-p-ihep51	20260626170730042000000	11	23,216,989,777,920	23,217,484,804,096	14,661,088,957,688	25,154,938,761,216	25,945,969,811,456	22,034,264,555,520	29,685,706,653,696	636,744,473	1,554,550,505	0	0
em-p-ihep51	20260626170740133000000	12	23,216,987,512,832	23,217,048,207,360	14,664,298,274,748	25,154,938,761,216	25,945,969,811,456	22,034,264,555,520	29,685,706,653,696	416,992,197	1,596,661,635	0	0
em-p-ihep51	20260626170750224000000	11	23,216,986,406,912	23,217,049,899,008	14,660,124,268,752	25,154,938,761,216	25,945,969,811,456	22,034,264,555,520	29,685,706,653,696	403,916,691	1,319,169,683	0	0
em-p-ihep51	20260626170800303000000	8	23,216,986,812,416	23,217,537,282,048	14,660,628,242,779	25,154,938,761,216	25,945,969,811,456	22,034,264,555,520	29,685,706,653,696	206,760,619	1,016,228,878	0	0
em-p-ihep51	20260626170810385000000	11	23,218,244,853,760	23,217,946,398,720	14,672,416,673,507	25,154,938,761,216	25,945,969,811,456	22,034,264,555,520	29,685,706,653,696	199,379,521	1,039,797,997	0	0
em-p-ihep51	20260626170820466000000	11	23,218,244,747,264	23,218,310,979,584	14,660,165,956,379	25,154,938,761,216	25,945,969,811,456	22,034,264,555,520	29,685,706,653,696	411,809,936	1,292,759,049	0	0
em-p-ihep51	20260626170830470000000	8	23,218,244,911,104	23,218,310,742,016	14,661,345,525,410	25,154,938,761,216	25,945,969,811,456	22,034,264,555,520	29,685,706,653,696	402,892,556	637,297,838	0	0
em-p-ihep51	20260626170840555000000	11	23,218,244,911,104	23,218,327,203,840	14,663,650,262,725	25,154,938,761,216	25,945,969,811,456	22,034,264,555,520	29,685,706,653,696	323,694,045	1,159,445,089	0	0
em-p-ihep51	20260626170850644000000	13	23,218,243,727,360	23,218,301,100,032	14,661,054,734,945	25,154,938,761,216	25,945,969,811,456	22,034,264,555,520	29,685,706,653,696	727,198,256	987,815,741	0	0
em-p-ihep51	20260626170900655000000	12	23,218,243,891,200	23,218,306,080,768	14,660,231,627,545	25,154,938,761,216	25,945,969,811,456	22,034,264,555,520	29,685,706,653,696	295,750,615	1,327,726,044	0	0
em-p-ihep51	20260626170910741000000	14	23,218,243,784,704	23,218,612,961,280	14,672,030,874,896	25,154,938,761,216	25,945,969,811,456	22,034,264,555,520	29,685,706,653,696	600,664,448	2,200,667,320	0	0
em-p-ihep51	20260626170920737000000	12	23,218,243,678,208	23,218,280,472,576	14,660,746,184,146	25,154,938,761,216	25,945,969,811,456	22,034,264,555,520	29,685,706,653,696	606,125,793	2,288,939,778	0	0
em-p-ihep51	20260626170930720000000	10	23,218,245,189,632	23,218,282,086,400	14,657,688,367,964	25,154,938,761,216	25,945,969,811,456	22,034,264,555,520	29,685,706,653,696	368,844,956	1,331,240,672	0	0
em-p-ihep51	20260626170940804000000	11	23,218,244,300,800	23,218,280,071,168	14,661,512,826,342	25,154,938,761,216	25,945,969,811,456	22,034,264,555,520	29,685,706,653,696	383,243,309	1,623,056,395	0	0
em-p-ihep51	20260626170950811000000	10	23,218,244,272,128	23,218,407,690,240	14,660,180,042,635	25,154,938,761,216	25,945,969,811,456	22,034,264,555,520	29,685,706,653,696	406,027,009	1,907,304,901	0	0
em-p-ihep51	20260626171000907000000	10	23,218,244,169,728	23,218,389,647,360	14,658,426,209,684	25,154,938,761,216	25,945,969,811,456	22,034,264,555,520	29,685,706,653,696	341,442,361	498,432,867	0	0
em-p-ihep51	20260626171010950000000	37	23,218,266,849,280	23,218,469,318,656	14,691,265,140,430	25,154,938,761,216	25,945,969,811,456	22,034,264,555,520	29,685,706,653,696	651,232,204	2,555,195,422	0	0
em-p-ihep51	20260626171021043000000	21	23,218,257,330,176	23,218,374,377,472	14,676,140,278,670	25,154,938,761,216	25,945,969,811,456	22,034,264,555,520	29,685,706,653,696	698,258,576	1,824,266,659	0	0
em-p-ihep51	20260626171031139000000	18	23,218,266,009,600	23,218,308,534,272	14,665,851,931,327	25,154,938,761,216	25,945,969,811,456	22,034,264,555,520	29,685,706,653,696	363,980,420	2,200,945,562	0	0
em-p-ihep51	20260626171041213000000	16	23,218,264,821,760	23,218,298,667,008	14,664,594,783,551	25,154,938,761,216	25,945,969,811,456	22,034,264,555,520	29,685,706,653,696	453,933,382	1,910,079,562	0	0
em-p-ihep51	20260626171051247000000	16	23,218,264,715,264	23,218,678,874,112	14,665,539,441,982	25,154,938,761,216	25,945,969,811,456	22,034,264,555,520	29,685,706,653,696	584,267,936	1,876,514,100	0	0
em-p-ihep51	20260626171101230000000	16	23,218,262,339,584	23,218,296,594,432	14,662,572,969,418	25,154,938,761,216	25,945,969,811,456	22,034,264,555,520	29,685,706,653,696	304,990,929	1,313,593,201	0	0
em-p-ihep51	20260626171111335000000	16	23,220,726,435,840	23,220,763,205,632	14,674,588,316,111	25,154,938,761,216	25,945,969,811,456	22,034,264,555,520	29,685,706,653,696	688,075,125	1,985,247,767	0	0
em-p-ihep51	20260626171121330000000	21	23,222,319,665,152	23,222,434,988,032	14,665,520,941,648	25,154,938,761,216	25,945,969,811,456	22,034,264,555,520	29,685,706,653,696	661,443,591	2,589,422,422	0	0
em-p-ihep51	20260626171131440000000	19	23,222,323,257,344	23,222,360,145,920	14,664,931,836,610	25,154,938,761,216	25,945,969,811,456	22,034,264,555,520	29,685,706,653,696	342,856,661	3,134,673,461	0	0
em-p-ihep51	20260626171141460000000	19	23,222,323,421,184	23,222,362,877,952	14,666,660,713,010	25,154,938,761,216	25,945,969,811,456	22,034,264,555,520	29,685,706,653,696	269,211,136	1,618,851,664	0	0
em-p-ihep51	20260626171151484000000	16	23,222,322,286,592	23,222,361,788,416	14,661,630,964,248	25,154,938,761,216	25,945,969,811,456	22,034,264,555,520	29,685,706,653,696	563,327,514	2,057,609,951	0	0
em-p-ihep51	20260626171201474000000	16	23,222,329,204,736	23,222,393,962,496	14,662,796,720,013	25,154,938,761,216	25,945,969,811,456	22,034,264,555,520	29,685,706,653,696	469,800,738	2,446,295,948	0	0
em-p-ihep51	20260626171211509000000	12	23,222,326,824,960	23,222,366,498,816	14,666,132,313,900	25,154,938,761,216	25,945,969,811,456	22,034,264,555,520	29,685,706,653,696	582,642,198	1,813,227,281	0	0
em-p-ihep51	20260626171221484000000	11	23,222,326,464,512	23,222,368,522,240	14,661,733,859,894	25,154,938,761,216	25,945,969,811,456	22,034,264,555,520	29,685,706,653,696	277,693,512	944,147,869	0	0
em-p-ihep51	20260626171231515000000	13	23,222,308,540,416	23,222,842,884,096	14,658,606,034,035	25,154,938,761,216	25,945,969,811,456	22,034,264,555,520	29,685,706,653,696	900,106,432	1,698,946,443	4,096	0
em-p-ihep51	20260626171241486000000	12	23,222,309,781,504	23,222,349,160,448	14,659,442,728,361	25,154,938,761,216	25,945,969,811,456	22,034,264,555,520	29,685,706,653,696	321,121,090	824,526,846	0	0
em-p-ihep51	20260626171251590000000	9	23,222,308,593,664	23,222,348,066,816	14,660,381,454,560	25,154,938,761,216	25,945,969,811,456	22,034,264,555,520	29,685,706,653,696	389,432,855	1,123,152,130	0	0
em-p-ihep51	20260626171301576000000	10	23,222,308,827,136	23,222,348,271,616	14,661,839,261,648	25,154,938,761,216	25,945,969,811,456	22,034,264,555,520	29,685,706,653,696	416,934,943	1,333,178,299	0	0
em-p-ihep51	20260626171311680000000	13	23,222,310,989,824	23,222,677,835,776	14,665,416,284,012	25,154,938,761,216	25,945,969,811,456	22,034,264,555,520	29,685,706,653,696	386,042,475	944,548,483	0	0
em-p-ihep51	20260626171321679000000	12	23,222,310,883,328	23,222,350,995,456	14,658,503,327,287	25,154,938,761,216	25,945,969,811,456	22,034,264,555,520	29,685,706,653,696	113,942,527	1,866,619,935	0	0
em-p-ihep51	20260626171331775000000	11	23,222,311,047,168	23,222,347,161,600	14,661,765,630,710	25,154,938,761,216	25,945,969,811,456	22,034,264,555,520	29,685,706,653,696	190,396,182	1,299,007,488	0	0
em-p-ihep51	20260626171341871000000	10	23,222,309,859,328	23,222,350,340,096	14,656,221,226,022	25,154,938,761,216	25,945,969,811,456	22,034,264,555,520	29,685,706,653,696	197,902,436	468,713,406	0	0
em-p-ihep51	20260626171351965000000	11	23,222,309,859,328	23,222,349,524,992	14,660,429,169,649	25,154,938,761,216	25,945,969,811,456	22,034,264,555,520	29,685,706,653,696	183,126,322	424,476,577	0	0
em-p-ihep51	20260626171402074000000	11	23,222,310,940,672	23,222,350,757,888	14,667,079,841,403	25,154,938,761,216	25,945,969,811,456	22,034,264,555,520	29,685,706,653,696	116,716,062	1,199,333,644	0	0
em-p-ihep51	20260626171412155000000	13	23,222,342,111,232	23,222,382,186,496	14,677,589,888,675	25,154,938,761,216	25,945,969,811,456	22,034,264,555,520	29,685,706,653,696	184,462,973	657,491,415	0	0
em-p-ihep51	20260626171422161000000	14	23,224,322,088,960	23,224,830,423,040	14,666,051,811,658	25,154,938,761,216	25,945,969,811,456	22,034,264,555,520	29,685,706,653,696	464,723,553	1,336,255,624	0	0
em-p-ihep51	20260626171432250000000	13	23,224,321,982,464	23,224,402,419,712	14,664,645,634,131	25,154,938,761,216	25,945,969,811,456	22,034,264,555,520	29,685,706,653,696	324,640,526	1,549,231,340	0	0
em-p-ihep51	20260626171442343000000	15	23,224,321,875,968	23,224,400,666,624	14,666,456,109,437	25,154,938,761,216	25,945,969,811,456	22,034,264,555,520	29,685,706,653,696	677,216,309	1,846,671,090	0	0
em-p-ihep51	20260626171452427000000	17	23,224,322,039,808	23,224,406,503,424	14,680,689,240,819	25,154,938,761,216	25,945,969,811,456	22,034,264,555,520	29,685,706,653,696	571,778,556	1,144,956,474	0	0
em-p-ihep51	20260626171502447000000	14	23,224,323,284,992	23,224,397,729,792	14,687,886,911,272	25,154,938,761,216	25,945,969,811,456	22,034,264,555,520	29,685,706,653,696	955,505,384	1,130,397,999	0	0
em-p-ihep51	20260626171512465000000	24	23,224,515,383,296	23,224,598,061,056	14,700,040,086,482	25,154,938,761,216	25,945,969,811,456	22,034,264,555,520	29,685,706,653,696	622,309,306	1,755,037,998	0	0
em-p-ihep51	20260626171522454000000	16	23,224,516,734,976	23,224,597,151,744	14,705,872,191,597	25,154,938,761,216	25,945,969,811,456	22,034,264,555,520	29,685,706,653,696	680,164,645	1,693,279,304	0	0
em-p-ihep51	20260626171532551000000	18	23,227,621,437,440	23,227,700,162,560	14,712,288,309,775	25,154,938,761,216	25,945,969,811,456	22,034,264,555,520	29,685,706,653,696	349,731,768	1,075,410,976	0	0
em-p-ihep51	20260626171542637000000	14	23,227,790,086,144	23,227,875,127,296	14,710,150,836,016	25,154,938,761,216	25,945,969,811,456	22,034,264,555,520	29,685,706,653,696	359,206,804	1,498,092,356	0	0
em-p-ihep51	20260626171552715000000	13	23,227,789,979,648	23,227,875,143,680	14,709,297,739,806	25,154,938,761,216	25,945,969,811,456	22,034,264,555,520	29,685,706,653,696	326,185,578	758,183,166	0	0
em-p-ihep51	20260626171602729000000	16	23,227,795,558,400	23,227,904,393,216	14,712,438,506,544	25,154,938,761,216	25,945,969,811,456	22,034,264,555,520	29,685,706,653,696	257,919,721	1,448,489,646	0	0
em-p-ihep51	20260626171612731000000	14	23,227,915,059,200	23,228,112,760,832	14,664,904,164,169	25,154,938,761,216	25,945,969,811,456	22,034,264,555,520	29,685,706,653,696	747,078,055	3,240,217,244	0	0
em-p-ihep51	20260626171622726000000	17	23,227,915,210,752	23,227,962,265,600	14,663,801,054,410	25,154,938,761,216	25,945,969,811,456	22,034,264,555,520	29,685,706,653,696	326,426,501	1,175,528,279	0	0
em-p-ihep51	20260626171632832000000	12	23,227,915,210,752	23,227,956,076,544	14,664,917,399,465	25,154,938,761,216	25,945,969,811,456	22,034,264,555,520	29,685,706,653,696	783,603,678	1,285,688,416	0	0
em-p-ihep51	20260626171642815000000	16	23,227,914,022,912	23,227,978,715,136	14,664,431,710,213	25,154,938,761,216	25,945,969,811,456	22,034,264,555,520	29,685,706,653,696	246,017,777	1,058,414,140	0	0
em-p-ihep51	20260626171652933000000	14	23,227,914,022,912	23,227,955,625,984	14,662,230,926,674	25,154,938,761,216	25,945,969,811,456	22,034,264,555,520	29,685,706,653,696	390,278,518	1,071,111,584	0	0
em-p-ihep51	20260626171702918000000	10	23,227,915,374,592	23,227,956,822,016	14,660,824,101,881	25,154,938,761,216	25,945,969,811,456	22,034,264,555,520	29,685,706,653,696	381,956,999	677,878,547	0	0
em-p-ihep51	20260626171713029000000	10	23,227,912,998,912	23,228,439,683,072	14,666,273,815,852	25,154,938,761,216	25,945,969,811,456	22,034,264,555,520	29,685,706,653,696	792,720,636	1,030,228,699	0	0
em-p-ihep51	20260626171723004000000	15	23,227,909,500,928	23,227,948,810,240	14,659,161,717,784	25,154,938,761,216	25,945,969,811,456	22,034,264,555,520	29,685,706,653,696	354,220,654	2,026,722,318	0	0
em-p-ihep51	20260626171733103000000	13	23,227,910,803,456	23,227,949,993,984	14,662,957,057,666	25,154,938,761,216	25,945,969,811,456	22,034,264,555,520	29,685,706,653,696	219,557,716	1,441,611,613	0	0
em-p-ihep51	20260626171743093000000	11	23,227,910,696,960	23,227,955,552,256	14,661,001,641,514	25,154,938,761,216	25,945,969,811,456	22,034,264,555,520	29,685,706,653,696	211,675,475	743,614,914	0	0
em-p-ihep51	20260626171753179000000	12	23,227,910,860,800	23,228,172,709,888	14,664,706,201,650	25,154,938,761,216	25,945,969,811,456	22,034,264,555,520	29,685,706,653,696	449,059,462	1,225,438,260	0	0
em-p-ihep51	20260626171803254000000	11	23,224,690,606,080	23,224,729,903,104	14,655,645,940,807	25,154,938,761,216	25,945,969,811,456	22,034,264,555,520	29,685,706,653,696	196,780,007	879,634,880	0	0
em-p-ihep51	20260626171813331000000	11	23,224,690,499,584	23,224,745,295,872	14,668,391,674,972	25,154,938,761,216	25,945,969,811,456	22,034,264,555,520	29,685,706,653,696	390,638,153	847,680,142	0	0
em-p-ihep51	20260626171823413000000	11	23,224,690,663,424	23,224,783,441,920	14,657,127,525,536	25,154,938,761,216	25,945,969,811,456	22,034,264,555,520	29,685,706,653,696	533,387,876	1,260,384,259	0	0
em-p-ihep51	20260626171833490000000	8	23,224,688,181,248	23,224,740,044,800	14,657,219,391,417	25,154,938,761,216	25,945,969,811,456	22,034,264,555,520	29,685,706,653,696	140,528,464	442,433,546	0	0
em-p-ihep51	20260626171843584000000	11	23,224,688,181,248	23,224,740,429,824	14,659,399,279,014	25,154,938,761,216	25,945,969,811,456	22,034,264,555,520	29,685,706,653,696	187,627,902	562,556,131	0	0
em-p-ihep51	20260626171853665000000	12	23,224,688,357,376	23,224,737,239,040	14,660,261,187,386	25,154,938,761,216	25,945,969,811,456	22,034,264,555,520	29,685,706,653,696	580,814,118	1,588,700,223	0	0
em-p-ihep51	20260626171903749000000	8	23,224,688,521,216	23,224,743,915,520	14,659,341,720,491	25,154,938,761,216	25,945,969,811,456	22,034,264,555,520	29,685,706,653,696	311,536,781	1,110,838,496	0	0
em-p-ihep51	20260626171913844000000	11	23,224,688,414,720	23,224,745,000,960	14,670,594,450,153	25,154,938,761,216	25,945,969,811,456	22,034,264,555,520	29,685,706,653,696	551,284,307	2,560,743,134	0	0
em-p-ihep51	20260626171923947000000	11	23,225,187,262,464	23,225,236,144,128	14,666,641,925,285	25,154,938,761,216	25,945,969,811,456	22,034,264,555,520	29,685,706,653,696	310,366,017	1,156,077,763	0	0
em-p-ihep51	20260626171934034000000	10	23,225,189,314,560	23,225,315,221,504	14,661,523,884,767	25,154,938,761,216	25,945,969,811,456	22,034,264,555,520	29,685,706,653,696	719,600,902	1,072,730,414	0	0
em-p-ihep51	20260626171944116000000	12	23,225,189,703,680	23,225,280,659,456	14,667,028,739,633	25,154,938,761,216	25,945,969,811,456	22,034,264,555,520	29,685,706,653,696	332,470,444	806,981,496	0	0
em-p-ihep51	20260626171954208000000	12	23,225,193,218,048	23,225,379,495,936	14,668,845,980,371	25,154,938,761,216	25,945,969,811,456	22,034,264,555,520	29,685,706,653,696	474,890,742	809,900,037	0	0
em-p-ihep51	20260626172004304000000	19	23,225,209,823,232	23,225,687,306,240	14,674,819,276,110	25,154,938,761,216	25,945,969,811,456	22,034,264,555,520	29,685,706,653,696	445,641,934	2,191,140,773	0	0
em-p-ihep51	20260626172014302000000	28	23,227,326,033,920	23,227,670,630,400	14,711,505,743,238	25,154,938,761,216	25,945,969,811,456	22,034,264,555,520	29,685,706,653,696	778,317,155	2,868,996,151	0	0
em-p-ihep51	20260626172024393000000	21	23,230,392,897,536	23,230,711,812,096	14,672,648,514,715	25,154,938,761,216	25,945,969,811,456	22,034,264,555,520	29,685,706,653,696	623,967,628	2,684,776,273	0	0
em-p-ihep51	20260626172034515000000	19	23,230,399,238,144	23,230,558,347,264	14,677,972,964,998	25,154,938,761,216	25,945,969,811,456	22,034,264,555,520	29,685,706,653,696	639,352,442	1,510,971,435	0	0
em-p-ihep51	20260626172044576000000	15	23,230,399,238,144	23,230,496,067,584	14,671,111,823,275	25,154,938,761,216	25,945,969,811,456	22,034,264,555,520	29,685,706,653,696	508,585,279	855,588,267	0	0
em-p-ihep51	20260626172054680000000	16	23,230,397,997,056	23,230,492,258,304	14,669,940,743,118	25,154,938,761,216	25,945,969,811,456	22,034,264,555,520	29,685,706,653,696	441,905,950	786,363,994	0	0
em-p-ihep51	20260626172104701000000	19	23,230,401,622,016	23,230,489,993,216	14,667,428,414,877	25,154,938,761,216	25,945,969,811,456	22,034,264,555,520	29,685,706,653,696	678,048,905	991,332,268	0	0
em-p-ihep51	20260626172114703000000	20	23,230,400,577,536	23,230,639,378,432	14,681,723,107,389	25,154,938,761,216	25,945,969,811,456	22,034,264,555,520	29,685,706,653,696	546,803,051	1,650,911,020	0	0
em-p-ihep51	20260626172124777000000	19	23,230,400,851,968	23,230,472,138,752	14,684,118,106,268	25,154,938,761,216	25,945,969,811,456	22,034,264,555,520	29,685,706,653,696	488,762,000	1,534,202,087	0	0
em-p-ihep51	20260626172134867000000	18	23,230,399,684,608	23,230,470,209,536	14,675,712,196,979	25,154,938,761,216	25,945,969,811,456	22,034,264,555,520	29,685,706,653,696	676,191,158	968,561,798	0	0
em-p-ihep51	20260626172144877000000	15	23,230,397,665,280	23,230,466,068,480	14,682,455,777,697	25,154,938,761,216	25,945,969,811,456	22,034,264,555,520	29,685,706,653,696	551,811,395	1,342,917,485	0	0
em-p-ihep51	20260626172154884000000	18	23,230,396,477,440	23,230,482,718,720	14,677,172,066,189	25,154,938,761,216	25,945,969,811,456	22,034,264,555,520	29,685,706,653,696	229,905,410	1,030,284,247	0	0
em-p-ihep51	20260626172204970000000	11	23,230,397,825,024	23,230,461,804,544	14,675,376,687,194	25,154,938,761,216	25,945,969,811,456	22,034,264,555,520	29,685,706,653,696	469,992,842	726,008,730	0	0
em-p-ihep51	20260626172215056000000	14	23,230,383,853,568	23,230,439,661,568	14,673,773,844,138	25,154,938,761,216	25,945,969,811,456	22,034,264,555,520	29,685,706,653,696	713,723,553	1,182,247,072	0	0
em-p-ihep51	20260626172225176000000	13	23,230,383,747,072	23,230,436,339,712	14,680,108,625,386	25,154,938,761,216	25,945,969,811,456	22,034,264,555,520	29,685,706,653,696	611,052,380	707,477,981	0	0
em-p-ihep51	20260626172235240000000	10	23,230,382,592,000	23,230,634,663,936	14,671,452,867,894	25,154,938,761,216	25,945,969,811,456	22,034,264,555,520	29,685,706,653,696	255,376,246	2,156,853,246	0	0
em-p-ihep51	20260626172245327000000	10	23,230,383,640,576	23,230,437,289,984	14,678,946,982,033	25,154,938,761,216	25,945,969,811,456	22,034,264,555,520	29,685,706,653,696	544,667,609	1,277,857,228	0	0
em-p-ihep51	20260626172255405000000	9	23,230,383,804,416	23,230,436,421,632	14,674,714,404,868	25,154,938,761,216	25,945,969,811,456	22,034,264,555,520	29,685,706,653,696	465,369,897	694,493,981	0	0
em-p-ihep51	20260626172305495000000	12	23,230,382,886,912	23,230,901,190,656	14,675,741,239,474	25,154,938,761,216	25,945,969,811,456	22,034,264,555,520	29,685,706,653,696	429,774,328	1,107,235,553	0	0
em-p-ihep51	20260626172315581000000	10	23,230,385,115,136	23,230,436,159,488	14,678,930,959,913	25,154,938,761,216	25,945,969,811,456	22,034,264,555,520	29,685,706,653,696	549,971,448	1,920,879,783	0	0
em-p-ihep51	20260626172325676000000	12	23,230,386,356,224	23,230,435,741,696	14,679,091,057,647	25,154,938,761,216	25,945,969,811,456	22,034,264,555,520	29,685,706,653,696	528,763,327	1,124,057,220	0	0
em-p-ihep51	20260626172335769000000	9	23,230,386,249,728	23,230,435,319,808	14,677,116,772,913	25,154,938,761,216	25,945,969,811,456	22,034,264,555,520	29,685,706,653,696	412,355,842	647,102,380	0	0
em-p-ihep51	20260626172345876000000	10	23,230,386,143,232	23,230,972,428,288	14,678,077,973,658	25,154,938,761,216	25,945,969,811,456	22,034,264,555,520	29,685,706,653,696	507,276,594	848,697,076	0	0
em-p-ihep51	20260626172355970000000	12	23,229,887,852,544	23,229,937,741,824	14,675,620,714,709	25,154,938,761,216	25,945,969,811,456	22,034,264,555,520	29,685,706,653,696	333,070,888	588,419,189	0	0
em-p-ihep51	20260626172405956000000	13	23,229,349,912,576	23,229,397,405,696	14,680,892,933,719	25,154,938,761,216	25,945,969,811,456	22,034,264,555,520	29,685,706,653,696	394,677,245	1,153,861,446	0	0
em-p-ihep51	20260626172416035000000	14	23,229,350,993,920	23,229,387,579,392	14,685,972,714,762	25,154,938,761,216	25,945,969,811,456	22,034,264,555,520	29,685,706,653,696	270,093,086	1,016,103,651	0	0
em-p-ihep51	20260626172426012000000	15	23,229,349,806,080	23,229,422,956,544	14,679,545,990,325	25,154,938,761,216	25,945,969,811,456	22,034,264,555,520	29,685,706,653,696	392,597,559	1,047,216,200	0	0
em-p-ihep51	20260626172436031000000	14	23,229,349,806,080	23,229,488,869,376	14,675,774,516,807	25,154,938,761,216	25,945,969,811,456	22,034,264,555,520	29,685,706,653,696	350,768,385	1,105,740,026	0	0
em-p-ihep51	20260626172446129000000	12	23,229,349,806,080	23,229,424,132,096	14,678,050,047,793	25,154,938,761,216	25,945,969,811,456	22,034,264,555,520	29,685,706,653,696	231,499,639	705,141,367	0	0
em-p-ihep51	20260626172456264000000	13	23,229,349,806,080	23,229,827,158,016	14,673,317,612,396	25,154,938,761,216	25,945,969,811,456	22,034,264,555,520	29,685,706,653,696	123,603,333	402,913,843	0	0
em-p-ihep51	20260626172506298000000	16	23,229,352,509,440	23,229,426,470,912	14,683,528,503,149	25,154,938,761,216	25,945,969,811,456	22,034,264,555,520	29,685,706,653,696	448,366,690	776,716,059	0	0
em-p-ihep51	20260626172516426000000	19	23,229,354,127,360	23,229,469,249,536	14,666,516,036,307	25,154,938,761,216	25,945,969,811,456	22,034,264,555,520	29,685,706,653,696	193,760,194	1,102,304,568	0	0
em-p-ihep51	20260626172526502000000	14	23,228,548,714,496	23,228,621,176,832	14,650,787,468,564	25,154,938,761,216	25,945,969,811,456	22,034,264,555,520	29,685,706,653,696	274,641,766	795,103,317	0	0
em-p-ihep51	20260626172536506000000	15	23,228,552,118,272	23,228,665,098,240	14,650,733,848,218	25,154,938,761,216	25,945,969,811,456	22,034,264,555,520	29,685,706,653,696	166,608,994	472,706,064	0	0
em-p-ihep51	20260626172546604000000	15	23,228,552,445,952	23,228,623,650,816	14,649,401,336,997	25,154,938,761,216	25,945,969,811,456	22,034,264,555,520	29,685,706,653,696	595,251,804	1,518,050,598	0	0
em-p-ihep51	20260626172556699000000	15	23,228,553,420,800	23,228,627,865,600	14,653,145,960,269	25,154,938,761,216	25,945,969,811,456	22,034,264,555,520	29,685,706,653,696	264,821,264	1,225,375,316	0	0
em-p-ihep51	20260626172606791000000	16	23,225,544,482,816	23,225,658,736,640	14,702,755,628,443	25,154,938,761,216	25,945,969,811,456	22,034,264,555,520	29,685,706,653,696	503,592,846	1,131,659,306	0	0
em-p-ihep51	20260626172616884000000	17	23,251,181,563,904	23,250,887,159,808	14,720,943,355,498	25,154,938,761,216	25,945,969,811,456	22,034,264,555,520	29,685,706,653,696	534,112,656	839,337,926	0	0
em-p-ihep51	20260626172626981000000	17	23,276,829,614,080	23,276,315,906,048	14,725,596,648,670	25,154,938,761,216	25,945,969,811,456	22,034,264,555,520	29,685,706,653,696	225,762,022	497,534,561	0	0
em-p-ihep51	20260626172637076000000	15	23,277,711,736,832	23,277,774,995,456	14,686,432,887,919	25,154,938,761,216	25,945,969,811,456	22,034,264,555,520	29,685,706,653,696	159,538,942	424,046,866	0	0
em-p-ihep51	20260626172647205000000	14	23,242,919,092,224	23,242,984,456,192	14,650,268,503,364	25,154,938,761,216	25,945,969,811,456	22,034,264,555,520	29,685,706,653,696	317,228,934	696,434,793	0	0
em-p-ihep51	20260626172657172000000	13	23,225,586,106,368	23,225,651,478,528	14,651,222,737,665	25,154,938,761,216	25,945,969,811,456	22,034,264,555,520	29,685,706,653,696	439,782,034	695,098,977	0	0
em-p-ihep51	20260626172707277000000	15	23,236,068,155,392	23,235,617,525,760	14,720,300,801,177	25,154,938,761,216	25,945,969,811,456	22,034,264,555,520	29,685,706,653,696	341,440,568	585,437,689	0	0
em-p-ihep51	20260626172717360000000	12	23,245,540,913,152	23,247,227,158,528	14,645,694,891,389	25,154,938,761,216	25,945,969,811,456	22,034,264,555,520	29,685,706,653,696	269,744,503	1,525,886,795	0	0
em-p-ihep51	20260626172727443000000	12	23,223,972,028,416	23,224,214,609,920	14,648,402,602,496	25,154,938,761,216	25,945,969,811,456	22,034,264,555,520	29,685,706,653,696	314,356,056	3,163,404,162	0	0
em-p-ihep51	20260626172737532000000	12	23,223,969,619,968	23,224,037,949,440	14,651,542,230,796	25,154,938,761,216	25,945,969,811,456	22,034,264,555,520	29,685,706,653,696	474,500,310	778,633,359	0	0
em-p-ihep51	20260626172747622000000	17	23,223,970,656,256	23,224,039,170,048	14,651,161,823,881	25,154,938,761,216	25,945,969,811,456	22,034,264,555,520	29,685,706,653,696	425,024,558	809,209,241	0	0
em-p-ihep51	20260626172757698000000	13	23,224,217,255,936	23,224,288,759,808	14,646,015,501,611	25,154,938,761,216	25,945,969,811,456	22,034,264,555,520	29,685,706,653,696	152,486,222	460,350,038	0	0
em-p-ihep51	20260626172807782000000	11	23,224,218,501,120	23,224,265,449,472	14,660,060,180,322	25,154,938,761,216	25,945,969,811,456	22,034,264,555,520	29,685,706,653,696	198,372,838	455,760,173	0	0
em-p-ihep51	20260626172817872000000	14	23,224,219,582,464	23,224,266,895,360	14,646,295,958,031	25,154,938,761,216	25,945,969,811,456	22,034,264,555,520	29,685,706,653,696	166,289,212	499,931,983	0	0
em-p-ihep51	20260626172827952000000	9	23,224,219,475,968	23,224,311,808,000	14,643,659,989,412	25,154,938,761,216	25,945,969,811,456	22,034,264,555,520	29,685,706,653,696	153,838,138	415,127,365	0	0
em-p-ihep51	20260626172838023000000	9	23,224,219,639,808	23,224,261,853,184	14,643,545,472,082	25,154,938,761,216	25,945,969,811,456	22,034,264,555,520	29,685,706,653,696	168,647,734	815,026,099	0	0
em-p-ihep51	20260626172848126000000	10	23,224,218,451,968	23,224,260,665,344	14,646,337,164,034	25,154,938,761,216	25,945,969,811,456	22,034,264,555,520	29,685,706,653,696	188,502,433	1,049,653,591	0	0
em-p-ihep51	20260626172858224000000	8	23,224,626,380,800	23,224,730,386,432	14,646,135,012,997	25,154,938,761,216	25,945,969,811,456	22,034,264,555,520	29,685,706,653,696	546,729,342	888,812,571	0	0
em-p-ihep51	20260626172908310000000	12	23,224,625,197,056	23,224,747,528,192	14,654,164,425,731	25,154,938,761,216	25,945,969,811,456	22,034,264,555,520	29,685,706,653,696	287,518,756	1,406,187,098	0	0
em-p-ihep51	20260626172918389000000	13	23,224,626,548,736	23,224,724,697,088	14,660,221,717,554	25,154,938,761,216	25,945,969,811,456	22,034,264,555,520	29,685,706,653,696	502,634,375	1,262,478,389	0	0
em-p-ihep51	20260626172928465000000	10	23,224,627,523,584	23,224,727,052,288	14,643,955,213,405	25,154,938,761,216	25,945,969,811,456	22,034,264,555,520	29,685,706,653,696	145,793,446	790,610,188	0	0
em-p-ihep51	20260626172938539000000	10	23,224,629,305,344	23,225,204,862,976	14,645,266,356,074	25,154,938,761,216	25,945,969,811,456	22,034,264,555,520	29,685,706,653,696	170,134,637	566,451,818	0	0
em-p-ihep51	20260626172948557000000	14	23,224,629,305,344	23,224,730,505,216	14,653,870,389,583	25,154,938,761,216	25,945,969,811,456	22,034,264,555,520	29,685,706,653,696	376,245,138	657,318,399	0	0
em-p-ihep51	20260626172958653000000	12	23,224,628,117,504	23,224,740,589,568	14,647,138,266,765	25,154,938,761,216	25,945,969,811,456	22,034,264,555,520	29,685,706,653,696	553,232,113	1,006,993,479	0	0
em-p-ihep51	20260626173008671000000	29	23,225,693,167,616	23,225,873,096,704	14,676,049,624,907	25,154,938,761,216	25,945,969,811,456	22,034,264,555,520	29,685,706,653,696	712,473,558	2,845,430,557	0	0
em-p-ihep51	20260626173018707000000	28	23,225,676,066,816	23,225,974,267,904	14,670,735,816,996	25,154,938,761,216	25,945,969,811,456	22,034,264,555,520	29,685,706,653,696	963,806,028	3,585,016,900	0	0
em-p-ihep51	20260626173028705000000	28	23,225,670,029,312	23,225,852,522,496	14,660,058,306,384	25,154,938,761,216	25,945,969,811,456	22,034,264,555,520	29,685,706,653,696	771,175,383	1,913,615,924	0	0
em-p-ihep51	20260626173038699000000	33	23,225,666,727,936	23,225,959,366,656	14,651,484,325,146	25,154,938,761,216	25,945,969,811,456	22,034,264,555,520	29,685,706,653,696	317,545,375	1,134,981,662	0	0
em-p-ihep51	20260626173048801000000	24	23,225,663,397,888	23,225,965,518,848	14,649,677,342,714	25,154,938,761,216	25,945,969,811,456	22,034,264,555,520	29,685,706,653,696	653,514,013	1,770,600,846	0	0
em-p-ihep51	20260626173058900000000	24	23,225,665,667,072	23,225,842,405,376	14,659,720,715,927	25,154,938,761,216	25,945,969,811,456	22,034,264,555,520	29,685,706,653,696	259,462,536	2,317,044,567	0	0
em-p-ihep51	20260626173108923000000	29	23,225,663,877,120	23,225,840,291,840	14,659,101,073,296	25,154,938,761,216	25,945,969,811,456	22,034,264,555,520	29,685,706,653,696	468,114,682	1,161,992,293	0	0
em-p-ihep51	20260626173119014000000	27	23,225,724,715,008	23,225,921,757,184	14,660,512,973,550	25,154,938,761,216	25,945,969,811,456	22,034,264,555,520	29,685,706,653,696	266,969,473	1,612,371,482	0	0
em-p-ihep51	20260626173129013000000	30	23,226,199,310,336	23,226,293,448,704	14,697,231,567,925	25,154,938,761,216	25,945,969,811,456	22,034,264,555,520	29,685,706,653,696	410,524,586	1,906,940,091	0	0
em-p-ihep51	20260626173139032000000	31	23,244,849,111,040	23,243,652,386,816	14,725,197,665,781	25,154,938,761,216	25,945,969,811,456	22,034,264,555,520	29,685,706,653,696	440,965,468	1,708,796,146	0	0
em-p-ihep51	20260626173149041000000	28	23,265,745,707,008	23,265,833,775,104	14,723,025,476,606	25,154,938,761,216	25,945,969,811,456	22,034,264,555,520	29,685,706,653,696	287,579,265	2,918,632,949	0	0
em-p-ihep51	20260626173159035000000	22	23,282,355,556,352	23,282,437,468,160	14,724,808,747,065	25,154,938,761,216	25,945,969,811,456	22,034,264,555,520	29,685,706,653,696	315,328,905	1,073,970,460	0	0
em-p-ihep51	20260626173209150000000	26	23,250,388,742,144	23,251,607,265,280	14,653,876,094,734	25,154,938,761,216	25,945,969,811,456	22,034,264,555,520	29,685,706,653,696	430,334,960	1,171,083,752	0	0
em-p-ihep51	20260626173219144000000	24	23,220,656,263,168	23,220,717,326,336	14,646,038,772,675	25,154,938,761,216	25,945,969,811,456	22,034,264,555,520	29,685,706,653,696	589,195,467	1,125,307,897	0	0
em-p-ihep51	20260626173229231000000	19	23,220,664,258,560	23,220,727,689,216	14,642,224,710,901	25,154,938,761,216	25,945,969,811,456	22,034,264,555,520	29,685,706,653,696	431,092,257	770,259,226	0	0
em-p-ihep51	20260626173239310000000	11	23,220,665,778,176	23,220,726,792,192	14,643,213,830,805	25,154,938,761,216	25,945,969,811,456	22,034,264,555,520	29,685,706,653,696	318,354,331	637,194,081	0	0
em-p-ihep51	20260626173249377000000	13	23,221,149,212,672	23,221,615,521,792	14,642,264,984,717	25,154,938,761,216	25,945,969,811,456	22,034,264,555,520	29,685,706,653,696	349,195,797	2,059,400,049	0	0
em-p-ihep51	20260626173259472000000	11	23,221,149,442,048	23,221,226,758,144	14,638,552,780,466	25,154,938,761,216	25,945,969,811,456	22,034,264,555,520	29,685,706,653,696	222,732,493	2,184,864,532	0	0
em-p-ihep51	20260626173309565000000	12	23,221,157,441,536	23,221,207,060,480	14,646,643,907,141	25,154,938,761,216	25,945,969,811,456	22,034,264,555,520	29,685,706,653,696	285,360,055	974,572,915	0	0
em-p-ihep51	20260626173319663000000	12	23,221,160,955,904	23,221,211,676,672	14,642,019,591,296	25,154,938,761,216	25,945,969,811,456	22,034,264,555,520	29,685,706,653,696	158,081,538	1,122,867,569	0	0
em-p-ihep51	20260626173329755000000	14	23,221,161,267,200	23,221,207,859,200	14,643,829,357,371	25,154,938,761,216	25,945,969,811,456	22,034,264,555,520	29,685,706,653,696	161,124,084	932,598,056	0	0
em-p-ihep51	20260626173339846000000	11	23,221,161,160,704	23,221,241,507,840	14,638,998,971,575	25,154,938,761,216	25,945,969,811,456	22,034,264,555,520	29,685,706,653,696	334,395,927	727,061,119	0	0
em-p-ihep51	20260626173349930000000	12	23,221,159,976,960	23,221,242,490,880	14,642,444,416,722	25,154,938,761,216	25,945,969,811,456	22,034,264,555,520	29,685,706,653,696	188,926,738	722,333,574	0	0
em-p-ihep51	20260626173400041000000	14	23,221,171,908,608	23,221,250,711,552	14,644,029,379,740	25,154,938,761,216	25,945,969,811,456	22,034,264,555,520	29,685,706,653,696	126,140,757	531,282,860	0	0
em-p-ihep51	20260626173410077000000	16	23,221,453,049,856	23,221,550,120,960	14,655,400,622,661	25,154,938,761,216	25,945,969,811,456	22,034,264,555,520	29,685,706,653,696	202,292,603	1,297,674,306	0	0
em-p-ihep51	20260626173420165000000	19	23,221,454,372,864	23,221,520,396,288	14,661,090,644,296	25,154,938,761,216	25,945,969,811,456	22,034,264,555,520	29,685,706,653,696	619,631,543	2,221,322,893	0	0
em-p-ihep51	20260626173430166000000	15	23,221,458,427,904	23,221,631,504,384	14,642,100,072,373	25,154,938,761,216	25,945,969,811,456	22,034,264,555,520	29,685,706,653,696	632,325,249	2,680,400,962	0	0
em-p-ihep51	20260626173440259000000	13	23,221,457,100,800	23,221,572,075,520	14,642,778,543,150	25,154,938,761,216	25,945,969,811,456	22,034,264,555,520	29,685,706,653,696	140,982,828	1,270,153,131	0	0
em-p-ihep51	20260626173450360000000	14	23,221,452,513,280	23,221,516,562,432	14,645,183,707,412	25,154,938,761,216	25,945,969,811,456	22,034,264,555,520	29,685,706,653,696	171,583,470	1,222,993,640	0	0
em-p-ihep51	20260626173500360000000	13	23,221,452,406,784	23,221,519,613,952	14,643,580,397,259	25,154,938,761,216	25,945,969,811,456	22,034,264,555,520	29,685,706,653,696	140,359,278	572,931,604	0	0
em-p-ihep51	20260626173510377000000	20	23,221,459,599,360	23,221,524,496,384	14,657,834,064,305	25,154,938,761,216	25,945,969,811,456	22,034,264,555,520	29,685,706,653,696	435,061,008	1,057,128,306	0	0
em-p-ihep51	20260626173520393000000	21	23,221,457,432,576	23,222,172,053,504	14,647,310,536,568	25,154,938,761,216	25,945,969,811,456	22,034,264,555,520	29,685,706,653,696	378,621,187	2,730,111,316	0	0
em-p-ihep51	20260626173530476000000	17	23,221,461,434,368	23,221,526,155,264	14,651,797,961,132	25,154,938,761,216	25,945,969,811,456	22,034,264,555,520	29,685,706,653,696	647,346,542	1,574,617,243	0	0
em-p-ihep51	20260626173540563000000	16	23,221,465,870,336	23,221,530,894,336	14,645,906,244,257	25,154,938,761,216	25,945,969,811,456	22,034,264,555,520	29,685,706,653,696	571,837,068	1,385,583,199	0	0
em-p-ihep51	20260626173550573000000	16	23,221,466,361,856	23,221,549,076,480	14,645,305,010,325	25,154,938,761,216	25,945,969,811,456	22,034,264,555,520	29,685,706,653,696	271,716,085	1,367,545,420	0	0
em-p-ihep51	20260626173600675000000	21	23,221,465,067,520	23,221,527,437,312	14,654,596,038,792	25,154,938,761,216	25,945,969,811,456	22,034,264,555,520	29,685,706,653,696	455,905,815	1,473,282,700	0	0
em-p-ihep51	20260626173610778000000	22	23,221,691,076,608	23,221,750,448,128	14,653,161,821,377	25,154,938,761,216	25,945,969,811,456	22,034,264,555,520	29,685,706,653,696	556,563,064	1,185,881,660	0	0
em-p-ihep51	20260626173620784000000	17	23,224,762,220,544	23,224,855,781,376	14,645,443,289,014	25,154,938,761,216	25,945,969,811,456	22,034,264,555,520	29,685,706,653,696	587,064,936	2,129,957,454	0	0
em-p-ihep51	20260626173630866000000	15	23,224,762,802,176	23,224,829,317,120	14,648,849,564,949	25,154,938,761,216	25,945,969,811,456	22,034,264,555,520	29,685,706,653,696	436,609,717	2,143,704,027	0	0
em-p-ihep51	20260626173640865000000	16	23,224,761,507,840	23,224,828,485,632	14,655,477,710,980	25,154,938,761,216	25,945,969,811,456	22,034,264,555,520	29,685,706,653,696	473,038,145	729,910,642	0	0
em-p-ihep51	20260626173650880000000	18	23,224,760,107,008	23,224,827,228,160	14,642,776,369,520	25,154,938,761,216	25,945,969,811,456	22,034,264,555,520	29,685,706,653,696	285,866,114	729,764,713	0	0
em-p-ihep51	20260626173700882000000	11	23,224,767,561,728	23,225,305,145,344	14,643,689,243,321	25,154,938,761,216	25,945,969,811,456	22,034,264,555,520	29,685,706,653,696	441,276,773	834,703,297	0	0
em-p-ihep51	20260626173710892000000	15	23,224,940,580,864	23,225,006,698,496	14,659,152,952,463	25,154,938,761,216	25,945,969,811,456	22,034,264,555,520	29,685,706,653,696	284,481,673	1,053,137,962	0	0
em-p-ihep51	20260626173720898000000	12	23,225,134,071,808	23,225,201,053,696	14,640,109,954,007	25,154,938,761,216	25,945,969,811,456	22,034,264,555,520	29,685,706,653,696	198,465,150	1,370,028,463	0	0
em-p-ihep51	20260626173730899000000	10	23,225,152,753,664	23,225,234,575,360	14,643,928,738,229	25,154,938,761,216	25,945,969,811,456	22,034,264,555,520	29,685,706,653,696	461,028,317	703,908,206	0	0
em-p-ihep51	20260626173740904000000	11	23,225,282,396,160	23,225,349,869,568	14,645,496,089,196	25,154,938,761,216	25,945,969,811,456	22,034,264,555,520	29,685,706,653,696	371,587,404	610,990,053	0	0
em-p-ihep51	20260626173750912000000	11	23,225,282,289,664	23,225,347,928,064	14,646,230,606,566	25,154,938,761,216	25,945,969,811,456	22,034,264,555,520	29,685,706,653,696	332,635,433	772,710,710	0	0
em-p-ihep51	20260626173800998000000	13	23,225,283,891,200	23,225,352,290,304	14,639,629,233,530	25,154,938,761,216	25,945,969,811,456	22,034,264,555,520	29,685,706,653,696	257,685,374	579,956,600	0	0
em-p-ihep51	20260626173811088000000	12	23,225,352,400,896	23,225,444,638,720	14,657,339,038,416	25,154,938,761,216	25,945,969,811,456	22,034,264,555,520	29,685,706,653,696	319,619,751	581,242,778	0	0
em-p-ihep51	20260626173821177000000	11	23,225,359,589,376	23,225,427,460,096	14,644,211,177,263	25,154,938,761,216	25,945,969,811,456	22,034,264,555,520	29,685,706,653,696	143,330,125	742,739,747	0	0
em-p-ihep51	20260626173831269000000	13	23,225,361,670,144	23,225,430,011,904	14,639,859,547,331	25,154,938,761,216	25,945,969,811,456	22,034,264,555,520	29,685,706,653,696	363,262,914	1,291,012,082	0	0
em-p-ihep51	20260626173841287000000	13	23,225,354,772,480	23,225,890,177,024	14,641,557,521,292	25,154,938,761,216	25,945,969,811,456	22,034,264,555,520	29,685,706,653,696	225,128,772	1,252,034,481	0	0
em-p-ihep51	20260626173851371000000	11	23,225,352,585,216	23,225,428,869,120	14,642,177,615,288	25,154,938,761,216	25,945,969,811,456	22,034,264,555,520	29,685,706,653,696	195,124,484	2,436,660,911	0	0
em-p-ihep51	20260626173901461000000	10	23,225,353,936,896	23,225,400,369,152	14,643,263,943,084	25,154,938,761,216	25,945,969,811,456	22,034,264,555,520	29,685,706,653,696	151,991,722	486,911,403	0	0
em-p-ihep51	20260626173911562000000	18	23,225,365,815,296	23,225,422,729,216	14,654,367,734,051	25,154,938,761,216	25,945,969,811,456	22,034,264,555,520	29,685,706,653,696	298,435,330	1,447,084,920	0	0
em-p-ihep51	20260626173921672000000	12	23,225,360,957,440	23,225,956,573,184	14,643,441,110,093	25,154,938,761,216	25,945,969,811,456	22,034,264,555,520	29,685,706,653,696	418,371,196	1,739,623,000	0	0
em-p-ihep51	20260626173931657000000	13	23,225,364,197,376	23,225,417,338,880	14,645,596,063,864	25,154,938,761,216	25,945,969,811,456	22,034,264,555,520	29,685,706,653,696	193,367,308	795,477,217	0	0
em-p-ihep51	20260626173941671000000	13	23,225,363,390,464	23,225,414,176,768	14,645,901,310,457	25,154,938,761,216	25,945,969,811,456	22,034,264,555,520	29,685,706,653,696	488,139,806	1,043,139,214	0	0
em-p-ihep51	20260626173951758000000	13	23,225,403,953,152	23,225,469,718,528	14,643,992,157,018	25,154,938,761,216	25,945,969,811,456	22,034,264,555,520	29,685,706,653,696	533,531,682	1,468,318,729	0	0
em-p-ihep51	20260626174001763000000	13	23,225,405,194,240	23,225,453,527,040	14,645,104,086,963	25,154,938,761,216	25,945,969,811,456	22,034,264,555,520	29,685,706,653,696	531,091,708	1,390,302,363	0	0
em-p-ihep51	20260626174011816000000	28	23,225,414,623,232	23,225,575,944,192	14,703,003,941,538	25,154,938,761,216	25,945,969,811,456	22,034,264,555,520	29,685,706,653,696	616,445,499	1,523,678,674	0	0
em-p-ihep51	20260626174021821000000	23	23,225,409,953,792	23,225,636,806,656	14,654,423,830,852	25,154,938,761,216	25,945,969,811,456	22,034,264,555,520	29,685,706,653,696	574,200,817	2,595,855,435	0	0
em-p-ihep51	20260626174031837000000	17	23,226,070,966,272	23,226,205,724,672	14,663,999,175,909	25,154,938,761,216	25,945,969,811,456	22,034,264,555,520	29,685,706,653,696	336,304,600	572,101,266	0	0
em-p-ihep51	20260626174041862000000	22	23,226,041,126,912	23,226,176,106,496	14,651,091,250,656	25,154,938,761,216	25,945,969,811,456	22,034,264,555,520	29,685,706,653,696	307,155,581	779,804,822	0	0
em-p-ihep51	20260626174051886000000	22	23,226,032,955,392	23,226,164,289,536	14,653,177,074,766	25,154,938,761,216	25,945,969,811,456	22,034,264,555,520	29,685,706,653,696	416,310,357	1,118,220,518	0	0
em-p-ihep51	20260626174101922000000	25	23,226,036,461,568	23,226,378,240,000	14,649,384,202,599	25,154,938,761,216	25,945,969,811,456	22,034,264,555,520	29,685,706,653,696	531,290,260	1,301,646,797	0	0
em-p-ihep51	20260626174111911000000	26	23,226,038,259,712	23,226,199,961,600	14,659,926,569,956	25,154,938,761,216	25,945,969,811,456	22,034,264,555,520	29,685,706,653,696	455,039,260	2,765,984,873	0	0
em-p-ihep51	20260626174121924000000	28	23,228,606,640,128	23,228,744,515,584	14,652,513,228,175	25,154,938,761,216	25,945,969,811,456	22,034,264,555,520	29,685,706,653,696	206,953,796	2,533,221,609	0	0
em-p-ihep51	20260626174131924000000	23	23,228,598,329,344	23,228,934,504,448	14,649,869,471,392	25,154,938,761,216	25,945,969,811,456	22,034,264,555,520	29,685,706,653,696	254,828,272	1,418,770,414	0	0
em-p-ihep51	20260626174141959000000	30	23,228,597,231,616	23,228,914,343,936	14,656,536,682,295	25,154,938,761,216	25,945,969,811,456	22,034,264,555,520	29,685,706,653,696	128,374,265	2,228,096,357	0	0
em-p-ihep51	20260626174151996000000	36	23,228,595,388,416	23,228,729,065,472	14,656,530,014,806	25,154,938,761,216	25,945,969,811,456	22,034,264,555,520	29,685,706,653,696	160,367,255	1,001,263,292	0	0
em-p-ihep51	20260626174202034000000	28	23,228,605,300,736	23,228,751,810,560	14,653,876,581,405	25,154,938,761,216	25,945,969,811,456	22,034,264,555,520	29,685,706,653,696	159,972,368	760,511,885	0	0
em-p-ihep51	20260626174212033000000	29	23,228,596,482,048	23,228,720,140,288	14,658,604,690,238	25,154,938,761,216	25,945,969,811,456	22,034,264,555,520	29,685,706,653,696	415,395,314	2,232,990,760	0	0
em-p-ihep51	20260626174222037000000	26	23,228,594,388,992	23,228,720,914,432	14,652,871,084,487	25,154,938,761,216	25,945,969,811,456	22,034,264,555,520	29,685,706,653,696	246,318,858	1,507,536,020	0	0
em-p-ihep51	20260626174232043000000	22	23,228,595,560,448	23,228,731,957,248	14,652,556,306,711	25,154,938,761,216	25,945,969,811,456	22,034,264,555,520	29,685,706,653,696	140,885,493	1,063,874,639	0	0
em-p-ihep51	20260626174242039000000	21	23,228,593,475,584	23,229,094,096,896	14,653,608,859,343	25,154,938,761,216	25,945,969,811,456	22,034,264,555,520	29,685,706,653,696	422,969,282	2,417,501,904	0	0
em-p-ihep51	20260626174252081000000	24	23,228,595,097,600	23,228,721,221,632	14,654,087,607,109	25,154,938,761,216	25,945,969,811,456	22,034,264,555,520	29,685,706,653,696	235,331,214	2,137,410,987	0	0
em-p-ihep51	20260626174302077000000	20	23,228,594,216,960	23,228,720,246,784	14,656,757,639,186	25,154,938,761,216	25,945,969,811,456	22,034,264,555,520	29,685,706,653,696	225,424,444	795,709,864	0	0
em-p-ihep51	20260626174312081000000	23	23,228,596,830,208	23,228,760,723,456	14,662,014,202,069	25,154,938,761,216	25,945,969,811,456	22,034,264,555,520	29,685,706,653,696	438,459,421	845,386,410	0	0
em-p-ihep51	20260626174322080000000	21	23,228,594,819,072	23,228,717,494,272	14,659,586,066,590	25,154,938,761,216	25,945,969,811,456	22,034,264,555,520	29,685,706,653,696	152,167,246	2,957,875,004	0	0
em-p-ihep51	20260626174332089000000	13	23,231,340,150,784	23,231,531,876,352	14,673,303,191,633	25,154,938,761,216	25,945,969,811,456	22,034,264,555,520	29,685,706,653,696	315,583,514	770,942,044	0	0
em-p-ihep51	20260626174342112000000	25	23,235,668,041,728	23,235,779,485,696	14,680,110,934,067	25,154,938,761,216	25,945,969,811,456	22,034,264,555,520	29,685,706,653,696	376,947,311	877,280,628	0	0
em-p-ihep51	20260626174352139000000	23	23,235,669,118,976	23,235,775,610,880	14,681,341,262,626	25,154,938,761,216	25,945,969,811,456	22,034,264,555,520	29,685,706,653,696	460,209,437	873,538,621	0	0
em-p-ihep51	20260626174402146000000	23	23,235,670,310,912	23,235,777,097,728	14,682,758,181,574	25,154,938,761,216	25,945,969,811,456	22,034,264,555,520	29,685,706,653,696	168,322,674	926,732,488	0	0
em-p-ihep51	20260626174412181000000	24	23,235,676,454,912	23,236,268,855,296	14,693,731,597,728	25,154,938,761,216	25,945,969,811,456	22,034,264,555,520	29,685,706,653,696	327,010,264	1,742,759,517	0	0
em-p-ihep51	20260626174422187000000	27	23,237,026,926,592	23,237,105,549,312	14,695,736,118,282	25,154,938,761,216	25,945,969,811,456	22,034,264,555,520	29,685,706,653,696	515,233,131	976,399,320	0	0
em-p-ihep51	20260626174432166000000	23	23,237,030,371,328	23,237,106,089,984	14,683,455,621,790	25,154,938,761,216	25,945,969,811,456	22,034,264,555,520	29,685,706,653,696	166,666,842	475,912,819	0	0
em-p-ihep51	20260626174442195000000	21	23,237,030,420,480	23,237,106,040,832	14,676,398,798,511	25,154,938,761,216	25,945,969,811,456	22,034,264,555,520	29,685,706,653,696	238,373,100	613,422,923	0	0
em-p-ihep51	20260626174452261000000	19	23,237,029,777,408	23,237,109,501,952	14,688,955,112,338	25,154,938,761,216	25,945,969,811,456	22,034,264,555,520	29,685,706,653,696	466,107,199	664,051,779	0	0
em-p-ihep51	20260626174502337000000	29	23,237,040,209,920	23,237,116,538,880	14,688,765,678,457	25,154,938,761,216	25,945,969,811,456	22,034,264,555,520	29,685,706,653,696	498,144,953	861,207,327	0	0
em-p-ihep51	20260626174512362000000	37	23,237,078,245,376	23,237,423,837,184	14,679,467,778,851	25,154,938,761,216	25,945,969,811,456	22,034,264,555,520	29,685,706,653,696	253,148,743	1,042,412,421	0	0
em-p-ihep51	20260626174522317000000	32	23,228,980,858,880	23,229,074,329,600	14,663,324,737,404	25,154,938,761,216	25,945,969,811,456	22,034,264,555,520	29,685,706,653,696	573,488,384	2,767,140,109	0	0
em-p-ihep51	20260626174532364000000	32	23,228,981,858,304	23,229,050,220,544	14,656,479,812,788	25,154,938,761,216	25,945,969,811,456	22,034,264,555,520	29,685,706,653,696	687,169,636	1,619,416,282	0	0
em-p-ihep51	20260626174542342000000	28	23,228,974,755,840	23,229,057,720,320	14,656,190,818,768	25,154,938,761,216	25,945,969,811,456	22,034,264,555,520	29,685,706,653,696	462,308,674	1,265,513,707	0	0
em-p-ihep51	20260626174552349000000	24	23,228,973,408,256	23,229,139,853,312	14,654,832,816,239	25,154,938,761,216	25,945,969,811,456	22,034,264,555,520	29,685,706,653,696	250,407,018	476,070,907	0	0
em-p-ihep51	20260626174602366000000	26	23,228,965,281,792	23,229,023,768,576	14,655,646,913,722	25,154,938,761,216	25,945,969,811,456	22,034,264,555,520	29,685,706,653,696	504,831,995	1,287,434,152	0	0
em-p-ihep51	20260626174612366000000	26	23,228,968,902,656	23,229,011,267,584	14,661,774,869,177	25,154,938,761,216	25,945,969,811,456	22,034,264,555,520	29,685,706,653,696	404,257,398	578,564,227	0	0
em-p-ihep51	20260626174622394000000	26	23,229,999,165,440	23,230,071,648,256	14,655,053,929,423	25,154,938,761,216	25,945,969,811,456	22,034,264,555,520	29,685,706,653,696	211,185,202	593,455,846	0	0
em-p-ihep51	20260626174632412000000	24	23,229,995,724,800	23,230,043,955,200	14,654,459,351,481	25,154,938,761,216	25,945,969,811,456	22,034,264,555,520	29,685,706,653,696	251,675,927	528,571,587	0	0
em-p-ihep51	20260626174642436000000	24	23,229,992,591,360	23,230,039,216,128	14,649,632,071,063	25,154,938,761,216	25,945,969,811,456	22,034,264,555,520	29,685,706,653,696	343,068,375	612,977,508	0	0
em-p-ihep51	20260626174652525000000	19	23,229,992,755,200	23,230,084,710,400	14,653,357,810,498	25,154,938,761,216	25,945,969,811,456	22,034,264,555,520	29,685,706,653,696	532,077,059	1,275,345,336	0	0
em-p-ihep51	20260626174702552000000	17	23,229,991,555,072	23,230,038,097,920	14,649,560,744,840	25,154,938,761,216	25,945,969,811,456	22,034,264,555,520	29,685,706,653,696	397,786,098	1,126,768,442	0	0
em-p-ihep51	20260626174712646000000	15	23,229,990,367,232	23,230,084,907,008	14,660,497,416,202	25,154,938,761,216	25,945,969,811,456	22,034,264,555,520	29,685,706,653,696	245,779,484	614,710,575	0	0
em-p-ihep51	20260626174722732000000	15	23,229,990,367,232	23,230,035,709,952	14,652,187,170,366	25,154,938,761,216	25,945,969,811,456	22,034,264,555,520	29,685,706,653,696	385,339,646	1,263,213,259	0	0
em-p-ihep51	20260626174732731000000	18	23,229,991,424,000	23,230,477,561,856	14,645,722,985,153	25,154,938,761,216	25,945,969,811,456	22,034,264,555,520	29,685,706,653,696	213,563,853	830,391,291	0	0
em-p-ihep51	20260626174742850000000	19	23,229,991,587,840	23,230,036,930,560	14,655,525,084,285	25,154,938,761,216	25,945,969,811,456	22,034,264,555,520	29,685,706,653,696	367,585,136	837,514,589	0	0
em-p-ihep51	20260626174752944000000	21	23,229,991,481,344	23,230,067,200,000	14,656,070,862,867	25,154,938,761,216	25,945,969,811,456	22,034,264,555,520	29,685,706,653,696	267,778,151	659,162,193	0	0
em-p-ihep51	20260626174803034000000	19	23,229,992,669,184	23,230,395,723,776	14,650,410,803,867	25,154,938,761,216	25,945,969,811,456	22,034,264,555,520	29,685,706,653,696	573,341,205	874,498,089	0	0
em-p-ihep51	20260626174813054000000	18	23,229,993,598,976	23,230,056,914,944	14,651,766,782,746	25,154,938,761,216	25,945,969,811,456	22,034,264,555,520	29,685,706,653,696	386,474,257	1,122,841,264	0	0
em-p-ihep51	20260626174823157000000	16	23,229,991,759,872	23,230,055,202,816	14,660,082,396,919	25,154,938,761,216	25,945,969,811,456	22,034,264,555,520	29,685,706,653,696	336,793,598	1,275,200,851	0	0
em-p-ihep51	20260626174833297000000	19	23,229,992,763,392	23,230,377,095,168	14,654,213,795,523	25,154,938,761,216	25,945,969,811,456	22,034,264,555,520	29,685,706,653,696	270,994,844	938,785,250	0	0
em-p-ihep51	20260626174843265000000	16	23,229,993,459,712	23,230,221,619,200	14,658,214,401,073	25,154,938,761,216	25,945,969,811,456	22,034,264,555,520	29,685,706,653,696	641,431,713	2,068,502,912	0	0
em-p-ihep51	20260626174853358000000	18	23,229,994,668,032	23,230,060,199,936	14,665,800,650,336	25,154,938,761,216	25,945,969,811,456	22,034,264,555,520	29,685,706,653,696	348,944,594	837,499,292	0	0
em-p-ihep51	20260626174903381000000	17	23,229,992,914,944	23,230,059,642,880	14,660,385,452,298	25,154,938,761,216	25,945,969,811,456	22,034,264,555,520	29,685,706,653,696	304,620,147	864,068,694	0	0
em-p-ihep51	20260626174913408000000	20	23,229,992,914,944	23,230,064,992,256	14,667,003,709,752	25,154,938,761,216	25,945,969,811,456	22,034,264,555,520	29,685,706,653,696	343,109,024	1,072,266,371	0	0
em-p-ihep51	20260626174923483000000	19	23,230,058,729,472	23,230,139,580,416	14,666,114,703,919	25,154,938,761,216	25,945,969,811,456	22,034,264,555,520	29,685,706,653,696	171,051,092	1,146,922,051	0	0
em-p-ihep51	20260626174933603000000	21	23,230,058,704,896	23,230,130,794,496	14,660,009,671,782	25,154,938,761,216	25,945,969,811,456	22,034,264,555,520	29,685,706,653,696	370,192,148	1,151,955,127	90,112	0
em-p-ihep51	20260626174943684000000	20	23,230,058,868,736	23,230,517,710,848	14,664,313,448,318	25,154,938,761,216	25,945,969,811,456	22,034,264,555,520	29,685,706,653,696	233,446,703	991,019,065	16,384	0
em-p-ihep51	20260626174953681000000	17	23,229,790,408,704	23,229,864,845,312	14,645,807,125,686	25,154,938,761,216	25,945,969,811,456	22,034,264,555,520	29,685,706,653,696	310,548,856	695,322,145	0	0
em-p-ihep51	20260626175003702000000	23	23,230,069,575,680	23,230,183,055,360	14,655,239,350,855	25,154,938,761,216	25,945,969,811,456	22,034,264,555,520	29,685,706,653,696	395,499,897	1,268,516,188	0	0
em-p-ihep51	20260626175013713000000	28	23,230,540,201,984	23,230,941,646,848	14,663,870,910,721	25,154,938,761,216	25,945,969,811,456	22,034,264,555,520	29,685,706,653,696	590,803,631	1,040,399,026	0	0
em-p-ihep51	20260626175023717000000	23	23,230,541,778,944	23,230,851,719,168	14,651,802,617,566	25,154,938,761,216	25,945,969,811,456	22,034,264,555,520	29,685,706,653,696	423,754,356	1,907,569,212	0	0
em-p-ihep51	20260626175033789000000	27	23,230,538,215,424	23,230,861,619,200	14,649,626,309,928	25,154,938,761,216	25,945,969,811,456	22,034,264,555,520	29,685,706,653,696	479,241,306	2,429,806,832	0	0
em-p-ihep51	20260626175043817000000	21	23,230,535,696,384	23,230,724,255,744	14,650,522,041,521	25,154,938,761,216	25,945,969,811,456	22,034,264,555,520	29,685,706,653,696	298,239,520	1,100,349,214	0	0
em-p-ihep51	20260626175053825000000	19	23,230,534,512,640	23,230,685,954,048	14,649,010,399,978	25,154,938,761,216	25,945,969,811,456	22,034,264,555,520	29,685,706,653,696	227,487,739	586,347,994	0	0
em-p-ihep51	20260626175103867000000	21	23,230,538,027,008	23,230,688,677,888	14,646,009,158,673	25,154,938,761,216	25,945,969,811,456	22,034,264,555,520	29,685,706,653,696	296,793,578	1,298,416,540	0	0
em-p-ihep51	20260626175113843000000	23	23,231,545,040,896	23,231,799,562,240	14,658,060,186,669	25,154,938,761,216	25,945,969,811,456	22,034,264,555,520	29,685,706,653,696	400,751,570	1,743,777,957	0	0
em-p-ihep51	20260626175123938000000	19	23,231,542,525,952	23,231,968,903,168	14,655,245,919,366	25,154,938,761,216	25,945,969,811,456	22,034,264,555,520	29,685,706,653,696	567,740,060	1,596,971,675	0	0
em-p-ihep51	20260626175134035000000	20	23,231,542,415,360	23,231,623,700,480	14,646,849,769,131	25,154,938,761,216	25,945,969,811,456	22,034,264,555,520	29,685,706,653,696	474,394,082	960,300,785	0	0
em-p-ihep51	20260626175144133000000	20	23,231,543,767,040	23,231,626,715,136	14,654,150,340,452	25,154,938,761,216	25,945,969,811,456	22,034,264,555,520	29,685,706,653,696	404,282,722	663,497,879	0	0
em-p-ihep51	20260626175154248000000	19	23,231,544,311,808	23,232,064,593,920	14,640,996,571,019	25,154,938,761,216	25,945,969,811,456	22,034,264,555,520	29,685,706,653,696	235,187,880	481,656,306	0	0
em-p-ihep51	20260626175204238000000	14	23,231,548,796,928	23,231,629,910,016	14,646,079,036,842	25,154,938,761,216	25,945,969,811,456	22,034,264,555,520	29,685,706,653,696	308,121,088	687,357,120	0	0
em-p-ihep51	20260626175214335000000	19	23,231,546,580,992	23,231,625,650,176	14,644,776,076,486	25,154,938,761,216	25,945,969,811,456	22,034,264,555,520	29,685,706,653,696	555,238,732	787,982,471	0	0
em-p-ihep51	20260626175224330000000	20	23,231,544,193,024	23,231,621,251,072	14,646,263,544,409	25,154,938,761,216	25,945,969,811,456	22,034,264,555,520	29,685,706,653,696	419,164,258	1,031,266,353	0	0
em-p-ihep51	20260626175234423000000	19	23,231,546,511,360	23,231,626,379,264	14,644,365,480,923	25,154,938,761,216	25,945,969,811,456	22,034,264,555,520	29,685,706,653,696	293,721,552	1,266,493,793	0	0
em-p-ihep51	20260626175244504000000	19	23,231,547,486,208	23,231,614,971,904	14,649,684,468,683	25,154,938,761,216	25,945,969,811,456	22,034,264,555,520	29,685,706,653,696	673,759,318	989,282,227	0	0
em-p-ihep51	20260626175254525000000	15	23,231,547,924,480	23,231,609,049,088	14,642,112,119,552	25,154,938,761,216	25,945,969,811,456	22,034,264,555,520	29,685,706,653,696	225,009,623	553,157,766	0	0
em-p-ihep51	20260626175304630000000	19	23,231,549,059,072	23,231,688,650,752	14,645,914,431,186	25,154,938,761,216	25,945,969,811,456	22,034,264,555,520	29,685,706,653,696	325,610,686	591,646,356	0	0
em-p-ihep51	20260626175314625000000	16	23,231,546,634,240	23,231,612,198,912	14,642,047,457,941	25,154,938,761,216	25,945,969,811,456	22,034,264,555,520	29,685,706,653,696	435,849,777	1,024,236,243	0	0
em-p-ihep51	20260626175324720000000	17	23,231,546,523,648	23,231,674,966,016	14,641,863,775,091	25,154,938,761,216	25,945,969,811,456	22,034,264,555,520	29,685,706,653,696	194,798,246	984,932,081	0	0
em-p-ihep51	20260626175334745000000	18	23,231,545,499,648	23,231,889,399,808	14,644,963,306,021	25,154,938,761,216	25,945,969,811,456	22,034,264,555,520	29,685,706,653,696	156,201,716	920,523,142	0	0
em-p-ihep51	20260626175344833000000	19	23,231,544,700,928	23,231,609,503,744	14,640,821,609,621	25,154,938,761,216	25,945,969,811,456	22,034,264,555,520	29,685,706,653,696	397,262,594	929,398,258	0	0
em-p-ihep51	20260626175354935000000	18	23,231,542,558,720	23,231,609,257,984	14,649,872,972,895	25,154,938,761,216	25,945,969,811,456	22,034,264,555,520	29,685,706,653,696	147,120,886	969,475,902	0	0
em-p-ihep51	20260626175404931000000	17	23,231,542,558,720	23,231,656,148,992	14,648,888,645,337	25,154,938,761,216	25,945,969,811,456	22,034,264,555,520	29,685,706,653,696	265,714,012	1,298,371,653	0	0
em-p-ihep51	20260626175414934000000	19	23,231,542,452,224	23,231,603,630,080	14,657,128,160,231	25,154,938,761,216	25,945,969,811,456	22,034,264,555,520	29,685,706,653,696	256,607,466	716,042,494	0	0
em-p-ihep51	20260626175425024000000	13	23,231,542,345,728	23,231,602,982,912	14,646,189,160,976	25,154,938,761,216	25,945,969,811,456	22,034,264,555,520	29,685,706,653,696	151,854,716	504,213,873	0	0
em-p-ihep51	20260626175435057000000	22	23,231,589,363,712	23,231,688,101,888	14,647,773,561,939	25,154,938,761,216	25,945,969,811,456	22,034,264,555,520	29,685,706,653,696	326,182,055	733,081,072	0	0
em-p-ihep51	20260626175445153000000	20	23,231,591,256,064	23,232,299,929,600	14,645,061,310,661	25,154,938,761,216	25,945,969,811,456	22,034,264,555,520	29,685,706,653,696	148,211,153	2,087,005,930	0	0
em-p-ihep51	20260626175455245000000	14	23,231,659,671,552	23,231,719,899,136	14,650,093,533,498	25,154,938,761,216	25,945,969,811,456	22,034,264,555,520	29,685,706,653,696	159,818,535	476,831,534	0	0
em-p-ihep51	20260626175505358000000	25	23,231,661,940,736	23,231,722,270,720	14,655,107,539,080	25,154,938,761,216	25,945,969,811,456	22,034,264,555,520	29,685,706,653,696	366,206,322	752,516,620	0	0
em-p-ihep51	20260626175515397000000	26	23,231,663,075,328	23,231,748,747,264	14,663,625,685,612	25,154,938,761,216	25,945,969,811,456	22,034,264,555,520	29,685,706,653,696	128,972,232	1,179,359,530	0	0
em-p-ihep51	20260626175525385000000	22	23,231,668,371,456	23,231,754,096,640	14,648,188,612,726	25,154,938,761,216	25,945,969,811,456	22,034,264,555,520	29,685,706,653,696	531,635,712	1,662,039,152	0	0
em-p-ihep51	20260626175535379000000	22	23,231,669,723,136	23,231,724,810,240	14,647,949,991,160	25,154,938,761,216	25,945,969,811,456	22,034,264,555,520	29,685,706,653,696	502,752,675	720,184,671	0	0
em-p-ihep51	20260626175545466000000	19	23,231,667,642,368	23,231,739,060,224	14,648,343,811,804	25,154,938,761,216	25,945,969,811,456	22,034,264,555,520	29,685,706,653,696	173,411,815	483,163,227	0	0
em-p-ihep51	20260626175555489000000	22	23,231,664,078,848	23,231,719,038,976	14,650,955,461,124	25,154,938,761,216	25,945,969,811,456	22,034,264,555,520	29,685,706,653,696	162,168,102	357,641,106	0	0
em-p-ihep51	20260626175605487000000	24	23,231,665,659,904	23,231,718,412,288	14,648,008,868,055	25,154,938,761,216	25,945,969,811,456	22,034,264,555,520	29,685,706,653,696	226,312,534	594,233,348	0	0
em-p-ihep51	20260626175615482000000	21	23,231,735,996,416	23,231,720,882,176	14,646,232,048,103	25,154,938,761,216	25,945,969,811,456	22,034,264,555,520	29,685,706,653,696	446,059,403	617,476,122	0	0
em-p-ihep51	20260626175625574000000	18	23,232,767,578,112	23,232,828,432,384	14,648,607,079,422	25,154,938,761,216	25,945,969,811,456	22,034,264,555,520	29,685,706,653,696	359,464,687	757,879,903	0	0
em-p-ihep51	20260626175635682000000	19	23,232,768,548,864	23,232,824,827,904	14,642,721,695,426	25,154,938,761,216	25,945,969,811,456	22,034,264,555,520	29,685,706,653,696	355,446,628	867,786,152	0	0
em-p-ihep51	20260626175645674000000	19	23,232,768,712,704	23,232,824,840,192	14,642,574,055,542	25,154,938,761,216	25,945,969,811,456	22,034,264,555,520	29,685,706,653,696	306,494,116	1,093,148,016	0	0
em-p-ihep51	20260626175655752000000	15	23,232,768,606,208	23,232,835,280,896	14,641,750,333,863	25,154,938,761,216	25,945,969,811,456	22,034,264,555,520	29,685,706,653,696	226,797,737	528,534,665	0	0
em-p-ihep51	20260626175705787000000	14	23,232,767,639,552	23,232,824,295,424	14,650,522,412,779	25,154,938,761,216	25,945,969,811,456	22,034,264,555,520	29,685,706,653,696	201,673,494	361,889,215	0	0
em-p-ihep51	20260626175715789000000	20	23,232,769,961,984	23,232,824,709,120	14,647,187,742,958	25,154,938,761,216	25,945,969,811,456	22,034,264,555,520	29,685,706,653,696	151,842,718	894,263,912	0	0
em-p-ihep51	20260626175725875000000	15	23,232,767,803,392	23,232,839,311,360	14,645,583,623,488	25,154,938,761,216	25,945,969,811,456	22,034,264,555,520	29,685,706,653,696	119,292,493	851,967,194	0	0
em-p-ihep51	20260626175735889000000	16	23,232,768,884,736	23,233,263,587,328	14,644,994,086,322	25,154,938,761,216	25,945,969,811,456	22,034,264,555,520	29,685,706,653,696	161,460,215	331,535,774	0	0
em-p-ihep51	20260626175745899000000	15	23,232,769,048,576	23,232,825,368,576	14,646,847,264,101	25,154,938,761,216	25,945,969,811,456	22,034,264,555,520	29,685,706,653,696	174,227,179	493,378,020	0	0
em-p-ihep51	20260626175755915000000	14	23,232,793,272,320	23,232,849,915,904	14,646,225,777,754	25,154,938,761,216	25,945,969,811,456	22,034,264,555,520	29,685,706,653,696	112,090,720	549,568,981	0	0
em-p-ihep51	20260626175806017000000	17	23,232,791,871,488	23,233,355,964,416	14,653,828,319,327	25,154,938,761,216	25,945,969,811,456	22,034,264,555,520	29,685,706,653,696	180,630,986	853,158,135	0	0
em-p-ihep51	20260626175816016000000	17	23,232,791,871,488	23,232,865,669,120	14,645,029,195,103	25,154,938,761,216	25,945,969,811,456	22,034,264,555,520	29,685,706,653,696	167,195,284	992,802,700	0	0
em-p-ihep51	20260626175826110000000	15	23,232,790,958,080	23,232,855,449,600	14,647,798,338,337	25,154,938,761,216	25,945,969,811,456	22,034,264,555,520	29,685,706,653,696	234,353,721	540,419,363	0	0
em-p-ihep51	20260626175836118000000	15	23,232,790,851,584	23,233,162,235,904	14,651,526,820,809	25,154,938,761,216	25,945,969,811,456	22,034,264,555,520	29,685,706,653,696	458,840,899	664,089,856	0	0
em-p-ihep51	20260626175846202000000	17	23,232,792,092,672	23,232,855,334,912	14,638,318,388,195	25,154,938,761,216	25,945,969,811,456	22,034,264,555,520	29,685,706,653,696	230,614,926	577,842,553	0	0
em-p-ihep51	20260626175856229000000	14	23,232,931,205,120	23,232,999,391,232	14,645,769,836,540	25,154,938,761,216	25,945,969,811,456	22,034,264,555,520	29,685,706,653,696	133,286,589	308,005,853	0	0
em-p-ihep51	20260626175906330000000	18	23,232,932,286,464	23,233,000,054,784	14,643,969,548,775	25,154,938,761,216	25,945,969,811,456	22,034,264,555,520	29,685,706,653,696	229,860,361	1,295,450,398	0	0
em-p-ihep51	20260626175916434000000	19	23,232,931,020,800	23,233,389,989,888	14,653,339,663,736	25,154,938,761,216	25,945,969,811,456	22,034,264,555,520	29,685,706,653,696	500,134,943	2,169,927,072	0	0
em-p-ihep51	20260626175926438000000	18	23,232,931,151,872	23,233,002,229,760	14,643,097,603,619	25,154,938,761,216	25,945,969,811,456	22,034,264,555,520	29,685,706,653,696	372,234,536	2,321,690,221	0	0
em-p-ihep51	20260626175936421000000	20	23,232,932,233,216	23,233,072,345,088	14,638,593,054,422	25,154,938,761,216	25,945,969,811,456	22,034,264,555,520	29,685,706,653,696	433,433,499	1,600,773,789	0	0
em-p-ihep51	20260626175946433000000	19	23,232,933,478,400	23,233,153,482,752	14,647,230,996,132	25,154,938,761,216	25,945,969,811,456	22,034,264,555,520	29,685,706,653,696	725,076,796	836,072,629	0	0
em-p-ihep51	20260626175956451000000	14	23,232,933,478,400	23,233,008,783,360	14,641,581,766,084	25,154,938,761,216	25,945,969,811,456	22,034,264,555,520	29,685,706,653,696	345,245,262	613,091,111	0	0
