HOST	TIME	CPU	MEMORY_RESIDENT	MEMORY_TOTAL_RESIDENT	MEMORY_USED	MEMORY_ALLOCATION_LIMIT	MEMORY_SIZE	DISK_USED	DISK_SIZE	NETWORK_IN	NETWORK_OUT	SWAP_IN	SWAP_OUT
em-p-ihep51	20260624080001049000000	12	23,138,680,778,752	23,138,848,894,976	14,708,037,507,261	25,154,938,761,216	25,945,969,811,456	22,034,264,555,520	29,685,706,653,696	226,578,682	586,241,866	0	0
em-p-ihep51	20260624080011113000000	41	23,136,611,856,384	23,136,776,544,256	14,762,221,802,187	25,154,938,761,216	25,945,969,811,456	22,034,264,555,520	29,685,706,653,696	599,644,264	3,491,689,861	0	0
em-p-ihep51	20260624080021084000000	31	23,135,021,072,384	23,135,707,787,264	14,748,010,671,322	25,154,938,761,216	25,945,969,811,456	22,034,264,555,520	29,685,706,653,696	555,064,069	2,595,195,898	0	0
em-p-ihep51	20260624080031106000000	29	23,135,524,294,656	23,135,865,303,040	14,742,151,889,317	25,154,938,761,216	25,945,969,811,456	22,034,264,555,520	29,685,706,653,696	464,320,126	1,463,007,871	0	0
em-p-ihep51	20260624080041109000000	21	23,135,525,666,816	23,135,692,431,360	14,733,225,966,258	25,154,938,761,216	25,945,969,811,456	22,034,264,555,520	29,685,706,653,696	436,331,969	881,717,061	0	0
em-p-ihep51	20260624080051223000000	21	23,135,522,353,152	23,135,797,850,112	14,721,699,643,635	25,154,938,761,216	25,945,969,811,456	22,034,264,555,520	29,685,706,653,696	353,528,202	2,507,466,291	0	0
em-p-ihep51	20260624080101257000000	21	23,135,523,672,064	23,135,694,397,440	14,720,095,689,465	25,154,938,761,216	25,945,969,811,456	22,034,264,555,520	29,685,706,653,696	270,586,286	2,032,718,999	0	0
em-p-ihep51	20260624080111315000000	21	23,135,523,565,568	23,135,693,840,384	14,731,893,615,039	25,154,938,761,216	25,945,969,811,456	22,034,264,555,520	29,685,706,653,696	439,379,351	930,702,818	0	0
em-p-ihep51	20260624080121280000000	19	23,135,522,377,728	23,135,683,948,544	14,724,975,016,233	25,154,938,761,216	25,945,969,811,456	22,034,264,555,520	29,685,706,653,696	184,687,872	711,528,245	0	0
em-p-ihep51	20260624080131286000000	18	23,135,522,377,728	23,135,683,956,736	14,731,109,726,665	25,154,938,761,216	25,945,969,811,456	22,034,264,555,520	29,685,706,653,696	132,278,812	587,550,863	0	0
em-p-ihep51	20260624080141279000000	20	23,135,506,132,992	23,135,721,861,120	14,725,883,939,831	25,154,938,761,216	25,945,969,811,456	22,034,264,555,520	29,685,706,653,696	173,123,590	1,900,168,450	0	0
em-p-ihep51	20260624080151324000000	18	23,135,503,618,048	23,135,665,143,808	14,723,038,882,358	25,154,938,761,216	25,945,969,811,456	22,034,264,555,520	29,685,706,653,696	170,678,679	1,183,413,367	0	0
em-p-ihep51	20260624080201301000000	15	23,135,504,584,704	23,136,283,500,544	14,717,732,658,785	25,154,938,761,216	25,945,969,811,456	22,034,264,555,520	29,685,706,653,696	273,685,624	661,176,730	0	0
em-p-ihep51	20260624080211404000000	19	23,135,505,936,384	23,135,661,371,392	14,729,152,830,525	25,154,938,761,216	25,945,969,811,456	22,034,264,555,520	29,685,706,653,696	223,451,027	1,040,908,665	0	0
em-p-ihep51	20260624080221402000000	16	23,135,505,829,888	23,135,659,556,864	14,726,110,513,080	25,154,938,761,216	25,945,969,811,456	22,034,264,555,520	29,685,706,653,696	186,441,896	1,054,078,641	0	0
em-p-ihep51	20260624080231523000000	15	23,135,508,156,416	23,135,667,343,360	14,719,182,474,217	25,154,938,761,216	25,945,969,811,456	22,034,264,555,520	29,685,706,653,696	215,937,676	772,149,070	0	0
em-p-ihep51	20260624080241529000000	15	23,135,510,663,168	23,135,663,882,240	14,722,479,638,574	25,154,938,761,216	25,945,969,811,456	22,034,264,555,520	29,685,706,653,696	168,286,715	493,389,292	0	0
em-p-ihep51	20260624080251606000000	17	23,135,514,066,944	23,135,667,449,856	14,720,091,425,399	25,154,938,761,216	25,945,969,811,456	22,034,264,555,520	29,685,706,653,696	208,895,330	590,373,266	0	0
em-p-ihep51	20260624080301698000000	15	23,135,515,418,624	23,135,757,135,872	14,722,129,211,665	25,154,938,761,216	25,945,969,811,456	22,034,264,555,520	29,685,706,653,696	108,567,906	425,827,053	0	0
em-p-ihep51	20260624080311707000000	16	23,135,515,688,960	23,135,937,830,912	14,719,733,360,896	25,154,938,761,216	25,945,969,811,456	22,034,264,555,520	29,685,706,653,696	160,002,717	1,261,574,387	0	0
em-p-ihep51	20260624080321711000000	13	23,135,515,754,496	23,135,747,653,632	14,713,328,112,562	25,154,938,761,216	25,945,969,811,456	22,034,264,555,520	29,685,706,653,696	115,993,509	1,144,568,170	0	0
em-p-ihep51	20260624080331716000000	10	23,135,516,725,248	23,135,747,923,968	14,712,342,609,378	25,154,938,761,216	25,945,969,811,456	22,034,264,555,520	29,685,706,653,696	131,580,336	680,748,417	0	0
em-p-ihep51	20260624080341716000000	10	23,135,514,435,584	23,135,766,532,096	14,716,999,866,516	25,154,938,761,216	25,945,969,811,456	22,034,264,555,520	29,685,706,653,696	238,727,024	2,336,305,288	0	0
em-p-ihep51	20260624080351730000000	12	23,135,513,489,408	23,135,744,790,528	14,714,547,951,971	25,154,938,761,216	25,945,969,811,456	22,034,264,555,520	29,685,706,653,696	250,116,191	1,815,302,852	0	0
em-p-ihep51	20260624080401724000000	12	23,135,513,382,912	23,135,744,360,448	14,712,789,822,195	25,154,938,761,216	25,945,969,811,456	22,034,264,555,520	29,685,706,653,696	180,255,608	709,070,923	0	0
em-p-ihep51	20260624080411752000000	15	23,135,513,276,416	23,135,788,994,560	14,711,672,192,771	25,154,938,761,216	25,945,969,811,456	22,034,264,555,520	29,685,706,653,696	190,613,646	611,855,334	0	0
em-p-ihep51	20260624080421839000000	11	23,135,513,440,256	23,136,178,999,296	14,714,139,830,263	25,154,938,761,216	25,945,969,811,456	22,034,264,555,520	29,685,706,653,696	171,742,394	483,429,243	0	0
em-p-ihep51	20260624080431913000000	12	23,135,514,517,504	23,135,743,049,728	14,710,571,779,659	25,154,938,761,216	25,945,969,811,456	22,034,264,555,520	29,685,706,653,696	163,228,889	500,057,155	0	0
em-p-ihep51	20260624080441919000000	12	23,135,512,145,920	23,135,740,493,824	14,710,669,900,358	25,154,938,761,216	25,945,969,811,456	22,034,264,555,520	29,685,706,653,696	185,716,838	702,145,277	0	0
em-p-ihep51	20260624080452040000000	12	23,135,509,770,240	23,135,743,602,688	14,710,600,577,375	25,154,938,761,216	25,945,969,811,456	22,034,264,555,520	29,685,706,653,696	387,213,536	816,872,070	0	0
em-p-ihep51	20260624080502134000000	12	23,135,511,121,920	23,135,741,366,272	14,709,851,271,730	25,154,938,761,216	25,945,969,811,456	22,034,264,555,520	29,685,706,653,696	166,400,470	1,025,546,167	0	0
em-p-ihep51	20260624080512115000000	20	23,136,249,806,848	23,136,440,766,464	14,733,179,826,190	25,154,938,761,216	25,945,969,811,456	22,034,264,555,520	29,685,706,653,696	273,267,653	1,295,273,056	0	0
em-p-ihep51	20260624080522145000000	17	23,136,268,722,176	23,136,460,734,464	14,733,663,501,290	25,154,938,761,216	25,945,969,811,456	22,034,264,555,520	29,685,706,653,696	397,533,705	850,695,686	0	0
em-p-ihep51	20260624080532171000000	16	23,136,269,803,520	23,136,958,349,312	14,723,578,388,393	25,154,938,761,216	25,945,969,811,456	22,034,264,555,520	29,685,706,653,696	201,537,251	928,865,154	0	0
em-p-ihep51	20260624080542140000000	19	23,136,271,048,704	23,136,463,339,520	14,719,556,157,740	25,154,938,761,216	25,945,969,811,456	22,034,264,555,520	29,685,706,653,696	283,098,288	862,483,767	0	0
em-p-ihep51	20260624080552147000000	14	23,139,905,126,400	23,139,801,264,128	14,734,790,702,078	25,154,938,761,216	25,945,969,811,456	22,034,264,555,520	29,685,706,653,696	206,389,408	590,533,454	0	0
em-p-ihep51	20260624080602206000000	15	23,136,300,584,960	23,137,148,436,480	14,719,328,888,140	25,154,938,761,216	25,945,969,811,456	22,034,264,555,520	29,685,706,653,696	267,649,936	740,719,895	0	0
em-p-ihep51	20260624080612239000000	17	23,133,866,618,880	23,134,071,451,648	14,723,071,276,705	25,154,938,761,216	25,945,969,811,456	22,034,264,555,520	29,685,706,653,696	270,005,780	837,828,849	0	0
em-p-ihep51	20260624080622308000000	14	23,133,866,889,216	23,134,057,103,360	14,717,065,523,217	25,154,938,761,216	25,945,969,811,456	22,034,264,555,520	29,685,706,653,696	267,910,582	1,008,177,116	0	0
em-p-ihep51	20260624080632421000000	14	23,133,866,889,216	23,134,055,186,432	14,715,492,430,355	25,154,938,761,216	25,945,969,811,456	22,034,264,555,520	29,685,706,653,696	338,167,412	1,001,528,766	0	0
em-p-ihep51	20260624080642495000000	15	23,133,867,970,560	23,134,074,687,488	14,728,538,422,862	25,154,938,761,216	25,945,969,811,456	22,034,264,555,520	29,685,706,653,696	192,371,180	695,845,624	0	0
em-p-ihep51	20260624080652581000000	9	23,133,868,134,400	23,134,053,376,000	14,713,395,609,699	25,154,938,761,216	25,945,969,811,456	22,034,264,555,520	29,685,706,653,696	379,851,102	957,129,005	0	0
em-p-ihep51	20260624080702654000000	7	23,133,870,456,832	23,134,057,451,520	14,724,760,588,236	25,154,938,761,216	25,945,969,811,456	22,034,264,555,520	29,685,706,653,696	406,888,566	671,921,625	0	0
em-p-ihep51	20260624080712736000000	10	23,133,870,350,336	23,134,057,480,192	14,717,679,430,004	25,154,938,761,216	25,945,969,811,456	22,034,264,555,520	29,685,706,653,696	124,648,804	573,363,714	0	0
em-p-ihep51	20260624080722827000000	7	23,133,870,436,352	23,134,497,349,632	14,719,219,639,138	25,154,938,761,216	25,945,969,811,456	22,034,264,555,520	29,685,706,653,696	429,045,913	1,467,870,621	0	0
em-p-ihep51	20260624080732905000000	8	23,133,869,834,240	23,134,037,495,808	14,718,728,433,802	25,154,938,761,216	25,945,969,811,456	22,034,264,555,520	29,685,706,653,696	139,812,597	1,252,219,398	0	0
em-p-ihep51	20260624080743004000000	6	23,133,869,834,240	23,134,033,117,184	14,721,199,011,388	25,154,938,761,216	25,945,969,811,456	22,034,264,555,520	29,685,706,653,696	144,498,016	805,227,496	0	0
em-p-ihep51	20260624080753088000000	9	23,133,870,915,584	23,134,584,168,448	14,721,894,644,138	25,154,938,761,216	25,945,969,811,456	22,034,264,555,520	29,685,706,653,696	152,828,687	1,203,114,827	0	0
em-p-ihep51	20260624080803165000000	6	23,133,871,079,424	23,134,034,706,432	14,721,002,444,917	25,154,938,761,216	25,945,969,811,456	22,034,264,555,520	29,685,706,653,696	197,627,288	586,336,962	0	0
em-p-ihep51	20260624080813249000000	7	23,133,870,972,928	23,134,023,065,600	14,718,412,602,451	25,154,938,761,216	25,945,969,811,456	22,034,264,555,520	29,685,706,653,696	259,810,348	613,695,657	0	0
em-p-ihep51	20260624080823329000000	7	23,133,870,866,432	23,134,021,148,672	14,719,410,372,428	25,154,938,761,216	25,945,969,811,456	22,034,264,555,520	29,685,706,653,696	366,785,807	522,397,715	0	0
em-p-ihep51	20260624080833432000000	7	23,133,872,107,520	23,134,465,134,592	14,709,509,623,521	25,154,938,761,216	25,945,969,811,456	22,034,264,555,520	29,685,706,653,696	137,118,267	529,605,234	0	0
em-p-ihep51	20260624080843430000000	12	23,133,870,919,680	23,134,021,427,200	14,706,388,038,740	25,154,938,761,216	25,945,969,811,456	22,034,264,555,520	29,685,706,653,696	177,400,477	749,511,022	0	0
em-p-ihep51	20260624080853527000000	9	23,133,869,789,184	23,134,020,218,880	14,711,210,808,602	25,154,938,761,216	25,945,969,811,456	22,034,264,555,520	29,685,706,653,696	159,457,646	613,958,822	0	0
em-p-ihep51	20260624080903627000000	11	23,133,869,953,024	23,134,022,115,328	14,707,321,533,993	25,154,938,761,216	25,945,969,811,456	22,034,264,555,520	29,685,706,653,696	156,491,799	1,626,530,367	0	0
em-p-ihep51	20260624080913637000000	12	23,133,870,112,768	23,134,020,706,304	14,710,638,894,947	25,154,938,761,216	25,945,969,811,456	22,034,264,555,520	29,685,706,653,696	165,636,862	1,500,577,143	0	0
em-p-ihep51	20260624080923648000000	11	23,133,871,194,112	23,134,036,234,240	14,711,139,471,767	25,154,938,761,216	25,945,969,811,456	22,034,264,555,520	29,685,706,653,696	210,677,183	875,145,703	0	0
em-p-ihep51	20260624080933719000000	8	23,133,888,573,440	23,134,380,097,536	14,706,592,896,915	25,154,938,761,216	25,945,969,811,456	22,034,264,555,520	29,685,706,653,696	257,891,916	1,881,699,118	0	0
em-p-ihep51	20260624080943748000000	10	23,133,888,888,832	23,134,064,840,704	14,709,453,252,601	25,154,938,761,216	25,945,969,811,456	22,034,264,555,520	29,685,706,653,696	165,813,457	1,482,982,597	0	0
em-p-ihep51	20260624080953729000000	11	23,133,889,052,672	23,134,056,128,512	14,714,568,455,345	25,154,938,761,216	25,945,969,811,456	22,034,264,555,520	29,685,706,653,696	198,390,228	788,033,809	0	0
em-p-ihep51	20260624081003771000000	12	23,133,893,812,224	23,134,059,159,552	14,714,084,611,951	25,154,938,761,216	25,945,969,811,456	22,034,264,555,520	29,685,706,653,696	401,952,813	1,556,903,549	0	0
em-p-ihep51	20260624081013760000000	27	23,133,895,360,512	23,134,516,518,912	14,744,551,875,737	25,154,938,761,216	25,945,969,811,456	22,034,264,555,520	29,685,706,653,696	498,690,581	1,982,827,483	0	0
em-p-ihep51	20260624081023757000000	15	23,133,891,964,928	23,134,061,764,608	14,715,404,628,078	25,154,938,761,216	25,945,969,811,456	22,034,264,555,520	29,685,706,653,696	320,688,896	2,647,161,748	0	0
em-p-ihep51	20260624081033772000000	17	23,133,891,969,024	23,134,060,269,568	14,718,948,351,330	25,154,938,761,216	25,945,969,811,456	22,034,264,555,520	29,685,706,653,696	271,426,502	1,987,062,019	0	0
em-p-ihep51	20260624081043789000000	17	23,134,027,526,144	23,134,196,383,744	14,714,661,111,205	25,154,938,761,216	25,945,969,811,456	22,034,264,555,520	29,685,706,653,696	267,944,696	1,786,059,573	0	0
em-p-ihep51	20260624081053798000000	20	23,134,161,768,448	23,134,366,846,976	14,724,257,989,416	25,154,938,761,216	25,945,969,811,456	22,034,264,555,520	29,685,706,653,696	248,491,924	1,776,457,028	0	0
em-p-ihep51	20260624081103797000000	22	23,134,177,497,088	23,134,511,198,208	14,718,239,809,293	25,154,938,761,216	25,945,969,811,456	22,034,264,555,520	29,685,706,653,696	251,684,316	3,459,635,435	0	0
em-p-ihep51	20260624081113900000000	21	23,134,177,898,496	23,134,349,627,392	14,722,008,547,136	25,154,938,761,216	25,945,969,811,456	22,034,264,555,520	29,685,706,653,696	272,504,442	1,239,959,826	0	0
em-p-ihep51	20260624081123998000000	20	23,134,249,533,440	23,134,685,863,936	14,714,049,753,544	25,154,938,761,216	25,945,969,811,456	22,034,264,555,520	29,685,706,653,696	216,237,427	1,146,310,894	0	0
em-p-ihep51	20260624081134003000000	19	23,134,248,509,440	23,134,399,602,688	14,718,487,477,864	25,154,938,761,216	25,945,969,811,456	22,034,264,555,520	29,685,706,653,696	176,566,947	1,129,011,815	0	0
em-p-ihep51	20260624081144000000000	16	23,134,246,039,552	23,134,397,292,544	14,715,075,241,745	25,154,938,761,216	25,945,969,811,456	22,034,264,555,520	29,685,706,653,696	165,172,634	1,510,711,759	0	0
em-p-ihep51	20260624081154094000000	15	23,134,246,039,552	23,134,396,207,104	14,714,141,127,833	25,154,938,761,216	25,945,969,811,456	22,034,264,555,520	29,685,706,653,696	247,201,237	1,980,196,487	0	0
em-p-ihep51	20260624081204180000000	14	23,134,257,823,744	23,134,423,592,960	14,714,118,786,967	25,154,938,761,216	25,945,969,811,456	22,034,264,555,520	29,685,706,653,696	245,830,349	1,568,170,361	0	0
em-p-ihep51	20260624081214262000000	11	23,134,256,889,856	23,134,413,275,136	14,713,623,106,562	25,154,938,761,216	25,945,969,811,456	22,034,264,555,520	29,685,706,653,696	209,715,150	883,537,405	0	0
em-p-ihep51	20260624081224342000000	13	23,134,594,433,024	23,134,752,796,672	14,725,190,231,314	25,154,938,761,216	25,945,969,811,456	22,034,264,555,520	29,685,706,653,696	126,677,740	740,643,486	0	0
em-p-ihep51	20260624081234429000000	9	23,134,611,898,368	23,135,252,459,520	14,714,175,492,277	25,154,938,761,216	25,945,969,811,456	22,034,264,555,520	29,685,706,653,696	99,515,585	617,019,168	0	0
em-p-ihep51	20260624081244519000000	11	23,134,611,898,368	23,134,775,693,312	14,718,207,547,511	25,154,938,761,216	25,945,969,811,456	22,034,264,555,520	29,685,706,653,696	182,323,060	618,523,195	0	0
em-p-ihep51	20260624081254596000000	9	23,134,608,228,352	23,134,764,539,904	14,712,973,811,349	25,154,938,761,216	25,945,969,811,456	22,034,264,555,520	29,685,706,653,696	176,308,438	570,278,753	0	0
em-p-ihep51	20260624081304608000000	10	23,134,612,987,904	23,134,853,402,624	14,714,998,714,438	25,154,938,761,216	25,945,969,811,456	22,034,264,555,520	29,685,706,653,696	134,659,274	1,234,234,815	0	0
em-p-ihep51	20260624081314688000000	11	23,134,622,715,904	23,134,854,955,008	14,713,194,798,197	25,154,938,761,216	25,945,969,811,456	22,034,264,555,520	29,685,706,653,696	123,211,666	1,323,425,796	0	0
em-p-ihep51	20260624081324772000000	9	23,134,622,609,408	23,134,850,932,736	14,708,892,824,627	25,154,938,761,216	25,945,969,811,456	22,034,264,555,520	29,685,706,653,696	189,953,009	1,104,057,133	0	0
em-p-ihep51	20260624081334837000000	7	23,134,621,421,568	23,134,849,941,504	14,715,346,590,400	25,154,938,761,216	25,945,969,811,456	22,034,264,555,520	29,685,706,653,696	102,435,356	382,301,176	0	0
em-p-ihep51	20260624081344931000000	7	23,134,622,502,912	23,135,295,905,792	14,713,228,093,491	25,154,938,761,216	25,945,969,811,456	22,034,264,555,520	29,685,706,653,696	140,177,929	525,878,012	0	0
em-p-ihep51	20260624081354991000000	6	23,134,622,842,880	23,134,879,735,808	14,711,251,774,145	25,154,938,761,216	25,945,969,811,456	22,034,264,555,520	29,685,706,653,696	97,175,679	1,698,746,572	0	0
em-p-ihep51	20260624081405081000000	7	23,134,622,703,616	23,134,851,129,344	14,715,652,618,030	25,154,938,761,216	25,945,969,811,456	22,034,264,555,520	29,685,706,653,696	109,067,347	900,792,950	0	0
em-p-ihep51	20260624081415174000000	7	23,134,622,990,336	23,134,851,833,856	14,713,406,054,886	25,154,938,761,216	25,945,969,811,456	22,034,264,555,520	29,685,706,653,696	114,558,911	851,968,127	0	0
em-p-ihep51	20260624081425255000000	7	23,134,621,904,896	23,134,875,537,408	14,712,761,214,058	25,154,938,761,216	25,945,969,811,456	22,034,264,555,520	29,685,706,653,696	134,899,929	759,373,706	0	0
em-p-ihep51	20260624081435339000000	7	23,134,624,227,328	23,134,868,242,432	14,713,614,748,854	25,154,938,761,216	25,945,969,811,456	22,034,264,555,520	29,685,706,653,696	208,237,726	1,108,784,705	0	0
em-p-ihep51	20260624081445421000000	7	23,134,624,227,328	23,134,803,992,576	14,714,394,197,709	25,154,938,761,216	25,945,969,811,456	22,034,264,555,520	29,685,706,653,696	225,972,391	1,257,095,730	0	0
em-p-ihep51	20260624081455527000000	8	23,134,625,308,672	23,134,819,713,024	14,709,576,249,706	25,154,938,761,216	25,945,969,811,456	22,034,264,555,520	29,685,706,653,696	414,585,563	801,033,301	0	0
em-p-ihep51	20260624081505607000000	12	23,134,624,165,888	23,134,816,927,744	14,717,392,845,839	25,154,938,761,216	25,945,969,811,456	22,034,264,555,520	29,685,706,653,696	450,322,182	927,792,494	0	0
em-p-ihep51	20260624081515698000000	14	23,134,612,320,256	23,134,790,574,080	14,726,509,508,658	25,154,938,761,216	25,945,969,811,456	22,034,264,555,520	29,685,706,653,696	360,589,321	782,285,110	0	0
em-p-ihep51	20260624081525783000000	14	23,134,613,671,936	23,134,792,548,352	14,721,008,913,225	25,154,938,761,216	25,945,969,811,456	22,034,264,555,520	29,685,706,653,696	464,902,283	668,984,703	0	0
em-p-ihep51	20260624081535871000000	12	23,134,613,565,440	23,134,805,909,504	14,713,858,661,722	25,154,938,761,216	25,945,969,811,456	22,034,264,555,520	29,685,706,653,696	114,371,748	512,798,786	0	0
em-p-ihep51	20260624081545961000000	9	23,134,613,729,280	23,134,791,065,600	14,713,822,753,753	25,154,938,761,216	25,945,969,811,456	22,034,264,555,520	29,685,706,653,696	143,628,399	1,125,646,271	0	0
em-p-ihep51	20260624081556074000000	12	23,134,613,622,784	23,134,805,839,872	14,717,349,323,642	25,154,938,761,216	25,945,969,811,456	22,034,264,555,520	29,685,706,653,696	226,861,794	1,222,516,407	0	0
em-p-ihep51	20260624081606145000000	14	23,134,613,516,288	23,134,804,213,760	14,718,446,722,364	25,154,938,761,216	25,945,969,811,456	22,034,264,555,520	29,685,706,653,696	258,374,241	903,972,334	0	0
em-p-ihep51	20260624081616227000000	12	23,134,613,516,288	23,134,809,280,512	14,714,945,235,485	25,154,938,761,216	25,945,969,811,456	22,034,264,555,520	29,685,706,653,696	200,660,775	461,213,097	0	0
em-p-ihep51	20260624081626293000000	11	23,134,613,516,288	23,134,806,142,976	14,719,523,986,504	25,154,938,761,216	25,945,969,811,456	22,034,264,555,520	29,685,706,653,696	202,806,517	579,975,674	0	0
em-p-ihep51	20260624081636366000000	14	23,134,614,757,376	23,134,804,865,024	14,715,823,680,647	25,154,938,761,216	25,945,969,811,456	22,034,264,555,520	29,685,706,653,696	106,378,514	417,512,995	0	0
em-p-ihep51	20260624081646481000000	14	23,134,613,745,664	23,134,804,324,352	14,717,073,569,130	25,154,938,761,216	25,945,969,811,456	22,034,264,555,520	29,685,706,653,696	299,544,747	875,617,807	0	0
em-p-ihep51	20260624081656526000000	13	23,134,615,519,232	23,134,807,789,568	14,712,529,105,478	25,154,938,761,216	25,945,969,811,456	22,034,264,555,520	29,685,706,653,696	131,539,764	482,840,630	0	0
em-p-ihep51	20260624081706613000000	10	23,134,615,576,576	23,134,805,008,384	14,713,433,208,898	25,154,938,761,216	25,945,969,811,456	22,034,264,555,520	29,685,706,653,696	116,433,967	531,093,802	0	0
em-p-ihep51	20260624081716696000000	10	23,134,615,470,080	23,134,805,037,056	14,712,547,904,013	25,154,938,761,216	25,945,969,811,456	22,034,264,555,520	29,685,706,653,696	109,188,224	1,135,565,442	0	0
em-p-ihep51	20260624081726787000000	10	23,134,615,633,920	23,135,344,054,272	14,713,324,912,243	25,154,938,761,216	25,945,969,811,456	22,034,264,555,520	29,685,706,653,696	187,696,284	1,006,783,199	0	0
em-p-ihep51	20260624081736887000000	9	23,134,621,995,008	23,134,856,179,712	14,711,616,156,362	25,154,938,761,216	25,945,969,811,456	22,034,264,555,520	29,685,706,653,696	135,461,748	411,726,625	0	0
em-p-ihep51	20260624081746962000000	9	23,134,617,911,296	23,134,955,364,352	14,710,018,234,892	25,154,938,761,216	25,945,969,811,456	22,034,264,555,520	29,685,706,653,696	150,181,412	1,340,488,568	0	0
em-p-ihep51	20260624081757067000000	7	23,134,619,197,440	23,134,783,500,288	14,713,499,806,731	25,154,938,761,216	25,945,969,811,456	22,034,264,555,520	29,685,706,653,696	115,824,613	937,420,176	0	0
em-p-ihep51	20260624081807133000000	10	23,134,620,172,288	23,134,813,790,208	14,714,112,863,439	25,154,938,761,216	25,945,969,811,456	22,034,264,555,520	29,685,706,653,696	164,660,560	525,200,664	0	0
em-p-ihep51	20260624081817132000000	9	23,134,619,525,120	23,134,772,301,824	14,711,184,524,813	25,154,938,761,216	25,945,969,811,456	22,034,264,555,520	29,685,706,653,696	127,575,896	534,046,531	0	0
em-p-ihep51	20260624081827221000000	8	23,134,618,558,464	23,134,771,748,864	14,712,896,741,019	25,154,938,761,216	25,945,969,811,456	22,034,264,555,520	29,685,706,653,696	121,606,190	509,305,846	0	0
em-p-ihep51	20260624081837300000000	8	23,134,619,832,320	23,135,169,392,640	14,707,636,451,213	25,154,938,761,216	25,945,969,811,456	22,034,264,555,520	29,685,706,653,696	105,228,873	1,824,613,827	0	0
em-p-ihep51	20260624081847372000000	7	23,134,619,803,648	23,134,775,705,600	14,713,559,281,949	25,154,938,761,216	25,945,969,811,456	22,034,264,555,520	29,685,706,653,696	143,456,507	1,941,995,271	0	0
em-p-ihep51	20260624081857439000000	6	23,134,618,779,648	23,134,771,343,360	14,711,657,239,687	25,154,938,761,216	25,945,969,811,456	22,034,264,555,520	29,685,706,653,696	168,451,272	402,754,418	0	0
em-p-ihep51	20260624081907522000000	11	23,134,617,862,144	23,134,770,511,872	14,716,881,096,414	25,154,938,761,216	25,945,969,811,456	22,034,264,555,520	29,685,706,653,696	146,398,198	1,172,771,384	0	0
em-p-ihep51	20260624081917597000000	8	23,134,617,862,144	23,134,815,072,256	14,710,538,627,713	25,154,938,761,216	25,945,969,811,456	22,034,264,555,520	29,685,706,653,696	129,705,556	535,657,556	0	0
em-p-ihep51	20260624081927712000000	12	23,134,618,943,488	23,134,791,483,392	14,715,654,523,857	25,154,938,761,216	25,945,969,811,456	22,034,264,555,520	29,685,706,653,696	228,246,338	1,035,706,714	0	0
em-p-ihep51	20260624081937801000000	11	23,134,618,185,728	23,134,790,488,064	14,716,827,182,912	25,154,938,761,216	25,945,969,811,456	22,034,264,555,520	29,685,706,653,696	117,171,373	938,977,387	0	0
em-p-ihep51	20260624081947904000000	9	23,134,618,185,728	23,134,791,671,808	14,712,114,254,574	25,154,938,761,216	25,945,969,811,456	22,034,264,555,520	29,685,706,653,696	139,394,997	509,496,709	0	0
em-p-ihep51	20260624081957963000000	10	23,134,616,997,888	23,134,929,371,136	14,713,504,652,538	25,154,938,761,216	25,945,969,811,456	22,034,264,555,520	29,685,706,653,696	116,729,682	955,173,001	0	0
em-p-ihep51	20260624082008060000000	17	23,134,677,549,056	23,134,852,837,376	14,751,702,979,651	25,154,938,761,216	25,945,969,811,456	22,034,264,555,520	29,685,706,653,696	340,888,564	1,935,850,953	0	0
em-p-ihep51	20260624082018166000000	20	23,150,071,943,168	23,150,255,198,208	14,762,534,692,411	25,154,938,761,216	25,945,969,811,456	22,034,264,555,520	29,685,706,653,696	492,573,366	1,142,443,779	0	0
em-p-ihep51	20260624082028245000000	13	23,150,957,023,232	23,151,138,332,672	14,752,509,275,900	25,154,938,761,216	25,945,969,811,456	22,034,264,555,520	29,685,706,653,696	124,312,089	459,552,609	0	0
em-p-ihep51	20260624082038334000000	13	23,150,984,597,504	23,151,160,745,984	14,758,220,004,654	25,154,938,761,216	25,945,969,811,456	22,034,264,555,520	29,685,706,653,696	132,006,814	495,127,895	0	0
em-p-ihep51	20260624082048418000000	13	23,150,983,409,664	23,151,162,290,176	14,751,399,897,504	25,154,938,761,216	25,945,969,811,456	22,034,264,555,520	29,685,706,653,696	346,322,025	1,174,158,657	0	0
em-p-ihep51	20260624082058482000000	13	23,150,984,761,344	23,151,163,453,440	14,767,421,303,653	25,154,938,761,216	25,945,969,811,456	22,034,264,555,520	29,685,706,653,696	150,605,628	906,169,716	0	0
em-p-ihep51	20260624082108568000000	13	23,173,367,414,784	23,173,565,579,264	14,790,772,091,960	25,154,938,761,216	25,945,969,811,456	22,034,264,555,520	29,685,706,653,696	367,020,454	944,784,009	0	0
em-p-ihep51	20260624082118656000000	15	23,173,725,806,592	23,174,264,303,616	14,794,463,644,056	25,154,938,761,216	25,945,969,811,456	22,034,264,555,520	29,685,706,653,696	401,316,686	1,618,176,990	0	0
em-p-ihep51	20260624082128757000000	17	23,173,725,806,592	23,173,906,071,552	14,792,002,828,584	25,154,938,761,216	25,945,969,811,456	22,034,264,555,520	29,685,706,653,696	172,109,151	2,331,926,387	0	0
em-p-ihep51	20260624082138779000000	18	23,173,724,618,752	23,173,901,516,800	14,793,325,066,772	25,154,938,761,216	25,945,969,811,456	22,034,264,555,520	29,685,706,653,696	372,529,557	750,900,423	0	0
em-p-ihep51	20260624082148794000000	17	23,174,514,266,112	23,174,706,728,960	14,779,905,451,035	25,154,938,761,216	25,945,969,811,456	22,034,264,555,520	29,685,706,653,696	159,068,694	576,628,822	0	0
em-p-ihep51	20260624082158788000000	12	23,185,543,233,536	23,184,960,110,592	14,785,838,954,905	25,154,938,761,216	25,945,969,811,456	22,034,264,555,520	29,685,706,653,696	267,949,209	490,958,842	0	0
em-p-ihep51	20260624082208866000000	14	23,185,545,936,896	23,185,726,222,336	14,793,686,288,863	25,154,938,761,216	25,945,969,811,456	22,034,264,555,520	29,685,706,653,696	300,133,350	903,063,847	0	0
em-p-ihep51	20260624082218965000000	11	23,186,764,283,904	23,186,952,478,720	14,785,669,468,879	25,154,938,761,216	25,945,969,811,456	22,034,264,555,520	29,685,706,653,696	321,254,352	573,264,440	0	0
em-p-ihep51	20260624082229089000000	8	23,192,835,108,864	23,193,008,066,560	14,792,888,342,732	25,154,938,761,216	25,945,969,811,456	22,034,264,555,520	29,685,706,653,696	111,054,530	529,609,042	0	0
em-p-ihep51	20260624082239129000000	12	23,192,275,673,088	23,192,434,524,160	14,786,785,781,664	25,154,938,761,216	25,945,969,811,456	22,034,264,555,520	29,685,706,653,696	280,135,202	755,886,154	0	0
em-p-ihep51	20260624082249220000000	12	23,194,055,946,240	23,194,213,294,080	14,785,649,472,292	25,154,938,761,216	25,945,969,811,456	22,034,264,555,520	29,685,706,653,696	202,327,990	1,344,263,028	0	0
em-p-ihep51	20260624082259329000000	10	23,204,516,990,976	23,204,694,388,736	14,795,471,799,392	25,154,938,761,216	25,945,969,811,456	22,034,264,555,520	29,685,706,653,696	522,592,650	929,795,234	0	0
em-p-ihep51	20260624082309400000000	10	23,198,367,109,120	23,199,117,991,936	14,795,993,299,744	25,154,938,761,216	25,945,969,811,456	22,034,264,555,520	29,685,706,653,696	127,118,836	460,208,190	0	0
em-p-ihep51	20260624082319500000000	11	23,194,908,393,472	23,194,552,029,184	14,793,308,808,203	25,154,938,761,216	25,945,969,811,456	22,034,264,555,520	29,685,706,653,696	99,868,287	432,296,893	0	0
em-p-ihep51	20260624082329494000000	10	23,197,279,236,096	23,197,601,193,984	14,798,943,468,881	25,154,938,761,216	25,945,969,811,456	22,034,264,555,520	29,685,706,653,696	236,884,751	636,667,140	0	0
em-p-ihep51	20260624082339605000000	12	23,197,980,372,992	23,198,078,529,536	14,796,351,124,484	25,154,938,761,216	25,945,969,811,456	22,034,264,555,520	29,685,706,653,696	139,288,254	590,914,960	0	0
em-p-ihep51	20260624082349607000000	12	23,193,442,361,344	23,193,681,088,512	14,783,372,252,761	25,154,938,761,216	25,945,969,811,456	22,034,264,555,520	29,685,706,653,696	171,715,554	584,401,965	0	0
em-p-ihep51	20260624082359700000000	10	23,195,029,762,048	23,195,187,437,568	14,795,838,680,815	25,154,938,761,216	25,945,969,811,456	22,034,264,555,520	29,685,706,653,696	251,467,498	712,764,375	0	0
em-p-ihep51	20260624082409812000000	13	23,197,795,774,464	23,197,930,844,160	14,787,246,177,655	25,154,938,761,216	25,945,969,811,456	22,034,264,555,520	29,685,706,653,696	263,283,449	1,434,526,324	0	0
em-p-ihep51	20260624082419900000000	11	23,183,971,373,056	23,182,316,494,848	14,774,203,253,086	25,154,938,761,216	25,945,969,811,456	22,034,264,555,520	29,685,706,653,696	149,346,846	1,029,342,706	0	0
em-p-ihep51	20260624082429974000000	7	23,199,619,465,216	23,195,887,415,296	14,793,543,299,347	25,154,938,761,216	25,945,969,811,456	22,034,264,555,520	29,685,706,653,696	237,131,346	555,994,016	0	0
em-p-ihep51	20260624082440067000000	8	23,206,052,962,304	23,206,100,148,224	14,794,408,775,541	25,154,938,761,216	25,945,969,811,456	22,034,264,555,520	29,685,706,653,696	207,747,493	513,248,417	0	0
em-p-ihep51	20260624082450167000000	10	23,206,190,997,504	23,206,384,181,248	14,790,907,822,169	25,154,938,761,216	25,945,969,811,456	22,034,264,555,520	29,685,706,653,696	193,157,727	606,291,751	0	0
em-p-ihep51	20260624082500282000000	10	23,206,191,083,520	23,206,804,017,152	14,768,794,813,477	25,154,938,761,216	25,945,969,811,456	22,034,264,555,520	29,685,706,653,696	149,891,998	1,484,684,013	0	0
em-p-ihep51	20260624082510373000000	13	23,206,192,418,816	23,206,370,185,216	14,776,718,039,578	25,154,938,761,216	25,945,969,811,456	22,034,264,555,520	29,685,706,653,696	231,309,738	1,522,978,948	0	0
em-p-ihep51	20260624082520462000000	13	23,206,192,418,816	23,206,360,305,664	14,770,670,608,984	25,154,938,761,216	25,945,969,811,456	22,034,264,555,520	29,685,706,653,696	213,459,320	678,764,456	0	0
em-p-ihep51	20260624082530546000000	13	23,204,256,387,072	23,204,419,678,208	14,763,223,285,306	25,154,938,761,216	25,945,969,811,456	22,034,264,555,520	29,685,706,653,696	259,728,068	996,988,348	0	0
em-p-ihep51	20260624082540637000000	14	23,204,255,363,072	23,204,423,651,328	14,762,136,843,595	25,154,938,761,216	25,945,969,811,456	22,034,264,555,520	29,685,706,653,696	144,599,586	1,019,896,676	0	0
em-p-ihep51	20260624082550720000000	15	23,204,255,256,576	23,204,418,031,616	14,758,497,768,458	25,154,938,761,216	25,945,969,811,456	22,034,264,555,520	29,685,706,653,696	287,240,275	724,029,133	0	0
em-p-ihep51	20260624082600817000000	15	23,204,255,256,576	23,204,439,007,232	14,762,262,501,334	25,154,938,761,216	25,945,969,811,456	22,034,264,555,520	29,685,706,653,696	135,265,289	465,854,941	0	0
em-p-ihep51	20260624082610816000000	14	23,204,255,420,416	23,204,429,258,752	14,765,105,362,461	25,154,938,761,216	25,945,969,811,456	22,034,264,555,520	29,685,706,653,696	260,381,091	561,897,825	0	0
em-p-ihep51	20260624082620904000000	18	23,183,502,192,640	23,183,676,112,896	14,713,775,089,184	25,154,938,761,216	25,945,969,811,456	22,034,264,555,520	29,685,706,653,696	127,572,264	458,206,201	0	0
em-p-ihep51	20260624082630996000000	14	23,173,697,187,840	23,173,868,224,512	14,712,561,004,457	25,154,938,761,216	25,945,969,811,456	22,034,264,555,520	29,685,706,653,696	125,367,054	285,894,615	0	0
em-p-ihep51	20260624082641097000000	14	23,170,872,410,112	23,171,053,596,672	14,710,618,250,753	25,154,938,761,216	25,945,969,811,456	22,034,264,555,520	29,685,706,653,696	280,600,377	685,835,906	0	0
em-p-ihep51	20260624082651083000000	11	23,170,412,863,488	23,170,587,308,032	14,707,066,870,520	25,154,938,761,216	25,945,969,811,456	22,034,264,555,520	29,685,706,653,696	218,373,818	1,013,901,707	0	0
em-p-ihep51	20260624082701165000000	8	23,170,413,133,824	23,170,585,083,904	14,710,418,705,309	25,154,938,761,216	25,945,969,811,456	22,034,264,555,520	29,685,706,653,696	124,594,511	1,045,031,651	0	0
em-p-ihep51	20260624082711245000000	9	23,170,413,027,328	23,171,055,374,336	14,710,467,835,533	25,154,938,761,216	25,945,969,811,456	22,034,264,555,520	29,685,706,653,696	187,091,995	350,005,923	0	0
em-p-ihep51	20260624082721258000000	7	23,170,413,191,168	23,170,572,431,360	14,711,743,983,969	25,154,938,761,216	25,945,969,811,456	22,034,264,555,520	29,685,706,653,696	157,694,977	1,209,649,814	0	0
em-p-ihep51	20260624082731342000000	9	23,170,412,670,976	23,170,580,721,664	14,708,929,488,927	25,154,938,761,216	25,945,969,811,456	22,034,264,555,520	29,685,706,653,696	348,013,995	931,909,439	0	0
em-p-ihep51	20260624082741427000000	7	23,170,472,919,040	23,170,632,208,384	14,707,144,891,284	25,154,938,761,216	25,945,969,811,456	22,034,264,555,520	29,685,706,653,696	181,375,983	546,456,720	0	0
em-p-ihep51	20260624082751508000000	8	23,170,472,763,392	23,171,021,213,696	14,707,631,165,678	25,154,938,761,216	25,945,969,811,456	22,034,264,555,520	29,685,706,653,696	268,484,727	514,224,817	0	0
em-p-ihep51	20260624082801606000000	10	23,170,473,844,736	23,170,627,502,080	14,709,475,773,016	25,154,938,761,216	25,945,969,811,456	22,034,264,555,520	29,685,706,653,696	251,136,853	535,698,273	0	0
em-p-ihep51	20260624082811687000000	13	23,170,474,274,816	23,170,628,997,120	14,715,599,254,564	25,154,938,761,216	25,945,969,811,456	22,034,264,555,520	29,685,706,653,696	308,365,993	946,661,475	0	0
em-p-ihep51	20260624082821782000000	11	23,170,474,196,992	23,171,021,803,520	14,708,577,181,389	25,154,938,761,216	25,945,969,811,456	22,034,264,555,520	29,685,706,653,696	144,636,354	1,930,628,306	0	0
em-p-ihep51	20260624082831873000000	6	23,170,472,980,480	23,170,791,366,656	14,710,394,111,195	25,154,938,761,216	25,945,969,811,456	22,034,264,555,520	29,685,706,653,696	192,243,365	1,601,312,808	0	0
em-p-ihep51	20260624082841959000000	6	23,170,472,873,984	23,170,615,881,728	14,705,579,516,397	25,154,938,761,216	25,945,969,811,456	22,034,264,555,520	29,685,706,653,696	154,927,445	440,778,769	0	0
em-p-ihep51	20260624082852048000000	7	23,170,471,686,144	23,171,096,969,216	14,708,749,554,463	25,154,938,761,216	25,945,969,811,456	22,034,264,555,520	29,685,706,653,696	275,738,066	449,082,871	0	0
em-p-ihep51	20260624082902133000000	7	23,170,471,686,144	23,170,665,041,920	14,708,515,590,347	25,154,938,761,216	25,945,969,811,456	22,034,264,555,520	29,685,706,653,696	190,731,477	758,218,791	0	0
em-p-ihep51	20260624082912244000000	11	23,170,473,041,920	23,170,661,720,064	14,717,996,395,372	25,154,938,761,216	25,945,969,811,456	22,034,264,555,520	29,685,706,653,696	144,205,473	735,019,146	0	0
em-p-ihep51	20260624082922301000000	7	23,170,472,935,424	23,170,647,257,088	14,704,601,049,606	25,154,938,761,216	25,945,969,811,456	22,034,264,555,520	29,685,706,653,696	191,889,714	482,400,558	0	0
em-p-ihep51	20260624082932403000000	9	23,170,473,369,600	23,170,647,822,336	14,710,738,046,534	25,154,938,761,216	25,945,969,811,456	22,034,264,555,520	29,685,706,653,696	276,707,659	1,225,484,239	0	0
em-p-ihep51	20260624082942507000000	7	23,170,472,181,760	23,170,657,955,840	14,708,313,491,700	25,154,938,761,216	25,945,969,811,456	22,034,264,555,520	29,685,706,653,696	291,931,639	1,145,016,176	0	0
em-p-ihep51	20260624082952514000000	11	23,170,473,263,104	23,170,649,169,920	14,710,854,994,429	25,154,938,761,216	25,945,969,811,456	22,034,264,555,520	29,685,706,653,696	263,586,412	1,029,731,492	0	0
em-p-ihep51	20260624083002601000000	14	23,170,480,484,352	23,170,652,114,944	14,721,996,594,310	25,154,938,761,216	25,945,969,811,456	22,034,264,555,520	29,685,706,653,696	362,426,000	1,385,244,978	0	0
em-p-ihep51	20260624083012626000000	25	23,170,481,610,752	23,171,113,156,608	14,745,913,950,743	25,154,938,761,216	25,945,969,811,456	22,034,264,555,520	29,685,706,653,696	683,704,537	1,837,309,000	0	0
em-p-ihep51	20260624083022646000000	20	23,170,481,504,256	23,170,643,066,880	14,720,132,728,662	25,154,938,761,216	25,945,969,811,456	22,034,264,555,520	29,685,706,653,696	501,376,879	1,053,446,563	0	0
em-p-ihep51	20260624083032738000000	18	23,170,479,239,168	23,170,643,599,360	14,712,096,522,767	25,154,938,761,216	25,945,969,811,456	22,034,264,555,520	29,685,706,653,696	220,934,457	478,463,450	0	0
em-p-ihep51	20260624083042759000000	15	23,170,475,020,288	23,170,636,988,416	14,712,511,561,935	25,154,938,761,216	25,945,969,811,456	22,034,264,555,520	29,685,706,653,696	305,254,206	1,612,179,632	32,768	0
em-p-ihep51	20260624083052858000000	13	23,170,475,991,040	23,170,662,912,000	14,713,917,379,444	25,154,938,761,216	25,945,969,811,456	22,034,264,555,520	29,685,706,653,696	233,399,943	683,606,006	0	0
em-p-ihep51	20260624083102862000000	16	23,170,475,991,040	23,170,642,067,456	14,706,818,390,784	25,154,938,761,216	25,945,969,811,456	22,034,264,555,520	29,685,706,653,696	228,768,309	1,104,135,764	16,384	0
em-p-ihep51	20260624083112955000000	17	23,170,477,068,288	23,170,658,349,056	14,715,926,322,635	25,154,938,761,216	25,945,969,811,456	22,034,264,555,520	29,685,706,653,696	323,179,830	963,706,951	0	0
em-p-ihep51	20260624083123067000000	13	23,170,475,884,544	23,170,641,870,848	14,712,489,794,465	25,154,938,761,216	25,945,969,811,456	22,034,264,555,520	29,685,706,653,696	270,949,314	2,758,011,691	0	0
em-p-ihep51	20260624083133139000000	18	23,170,471,464,960	23,170,635,177,984	14,714,525,047,180	25,154,938,761,216	25,945,969,811,456	22,034,264,555,520	29,685,706,653,696	220,055,834	500,670,524	0	0
em-p-ihep51	20260624083143228000000	16	23,170,470,387,712	23,170,632,982,528	14,712,225,020,280	25,154,938,761,216	25,945,969,811,456	22,034,264,555,520	29,685,706,653,696	186,664,449	542,051,499	0	0
em-p-ihep51	20260624083153242000000	13	23,170,475,675,648	23,170,638,659,584	14,711,940,754,016	25,154,938,761,216	25,945,969,811,456	22,034,264,555,520	29,685,706,653,696	169,698,861	409,456,064	0	0
em-p-ihep51	20260624083203267000000	13	23,170,480,431,104	23,170,669,834,240	14,707,626,416,494	25,154,938,761,216	25,945,969,811,456	22,034,264,555,520	29,685,706,653,696	174,971,128	432,908,164	0	0
em-p-ihep51	20260624083213351000000	14	23,169,943,498,752	23,170,105,851,904	14,713,722,414,081	25,154,938,761,216	25,945,969,811,456	22,034,264,555,520	29,685,706,653,696	241,881,388	884,302,856	0	0
em-p-ihep51	20260624083223460000000	13	23,169,943,392,256	23,170,105,860,096	14,705,974,075,084	25,154,938,761,216	25,945,969,811,456	22,034,264,555,520	29,685,706,653,696	170,606,142	1,002,471,552	0	0
em-p-ihep51	20260624083233446000000	10	23,169,946,787,840	23,170,111,418,368	14,711,035,510,805	25,154,938,761,216	25,945,969,811,456	22,034,264,555,520	29,685,706,653,696	301,158,401	1,107,788,024	0	0
em-p-ihep51	20260624083243530000000	13	23,169,942,622,208	23,170,246,803,456	14,713,247,651,409	25,154,938,761,216	25,945,969,811,456	22,034,264,555,520	29,685,706,653,696	382,080,695	1,620,148,833	0	0
em-p-ihep51	20260624083253547000000	11	23,169,944,719,360	23,170,108,010,496	14,704,431,599,706	25,154,938,761,216	25,945,969,811,456	22,034,264,555,520	29,685,706,653,696	306,832,437	1,065,337,161	0	0
em-p-ihep51	20260624083303643000000	12	23,169,944,883,200	23,170,108,583,936	14,707,892,223,026	25,154,938,761,216	25,945,969,811,456	22,034,264,555,520	29,685,706,653,696	299,948,017	616,710,313	0	0
em-p-ihep51	20260624083313642000000	14	23,169,944,776,704	23,170,109,476,864	14,714,123,546,719	25,154,938,761,216	25,945,969,811,456	22,034,264,555,520	29,685,706,653,696	173,741,411	839,848,776	0	0
em-p-ihep51	20260624083323732000000	13	23,169,944,670,208	23,170,168,033,280	14,707,796,430,781	25,154,938,761,216	25,945,969,811,456	22,034,264,555,520	29,685,706,653,696	219,937,074	495,999,298	0	0
em-p-ihep51	20260624083333753000000	10	23,169,944,670,208	23,170,170,822,656	14,707,785,858,090	25,154,938,761,216	25,945,969,811,456	22,034,264,555,520	29,685,706,653,696	217,849,618	495,511,933	0	0
em-p-ihep51	20260624083343738000000	10	23,169,943,482,368	23,170,174,275,584	14,708,060,057,191	25,154,938,761,216	25,945,969,811,456	22,034,264,555,520	29,685,706,653,696	309,910,948	1,292,852,320	0	0
em-p-ihep51	20260624083353833000000	7	23,169,944,834,048	23,170,176,536,576	14,705,505,584,572	25,154,938,761,216	25,945,969,811,456	22,034,264,555,520	29,685,706,653,696	317,901,023	856,115,792	0	0
em-p-ihep51	20260624083403831000000	8	23,169,955,151,872	23,170,181,029,888	14,709,323,310,418	25,154,938,761,216	25,945,969,811,456	22,034,264,555,520	29,685,706,653,696	149,506,002	813,143,964	0	0
em-p-ihep51	20260624083413848000000	11	23,169,956,233,216	23,170,172,944,384	14,714,888,349,554	25,154,938,761,216	25,945,969,811,456	22,034,264,555,520	29,685,706,653,696	134,208,214	496,629,147	0	0
em-p-ihep51	20260624083423858000000	10	23,169,956,397,056	23,170,580,271,104	14,712,747,323,114	25,154,938,761,216	25,945,969,811,456	22,034,264,555,520	29,685,706,653,696	250,416,169	550,869,095	0	0
em-p-ihep51	20260624083433918000000	10	23,169,958,723,584	23,170,122,989,568	14,704,840,040,975	25,154,938,761,216	25,945,969,811,456	22,034,264,555,520	29,685,706,653,696	137,475,593	321,746,144	0	0
em-p-ihep51	20260624083443936000000	10	23,169,965,752,320	23,170,128,273,408	14,710,473,847,029	25,154,938,761,216	25,945,969,811,456	22,034,264,555,520	29,685,706,653,696	181,254,156	422,319,605	0	0
em-p-ihep51	20260624083454035000000	13	23,169,966,997,504	23,170,129,571,840	14,710,339,742,792	25,154,938,761,216	25,945,969,811,456	22,034,264,555,520	29,685,706,653,696	372,605,862	762,252,186	0	0
em-p-ihep51	20260624083504045000000	11	23,169,968,238,592	23,170,631,864,320	14,708,443,885,918	25,154,938,761,216	25,945,969,811,456	22,034,264,555,520	29,685,706,653,696	241,159,010	1,044,539,442	0	0
em-p-ihep51	20260624083514161000000	15	23,169,969,741,824	23,170,134,319,104	14,714,893,043,008	25,154,938,761,216	25,945,969,811,456	22,034,264,555,520	29,685,706,653,696	352,370,581	2,860,742,083	0	0
em-p-ihep51	20260624083524249000000	13	23,169,968,553,984	23,170,131,804,160	14,719,708,109,956	25,154,938,761,216	25,945,969,811,456	22,034,264,555,520	29,685,706,653,696	284,131,993	1,046,508,413	0	0
em-p-ihep51	20260624083534341000000	14	23,169,969,905,664	23,170,136,260,608	14,709,247,699,681	25,154,938,761,216	25,945,969,811,456	22,034,264,555,520	29,685,706,653,696	327,947,640	491,550,979	0	0
em-p-ihep51	20260624083544430000000	14	23,169,971,957,760	23,170,154,749,952	14,711,316,260,660	25,154,938,761,216	25,945,969,811,456	22,034,264,555,520	29,685,706,653,696	481,178,486	787,709,605	0	0
em-p-ihep51	20260624083554449000000	11	23,169,970,774,016	23,170,136,236,032	14,713,747,578,584	25,154,938,761,216	25,945,969,811,456	22,034,264,555,520	29,685,706,653,696	611,836,636	760,102,785	0	0
em-p-ihep51	20260624083604544000000	13	23,169,969,586,176	23,170,135,048,192	14,712,406,118,853	25,154,938,761,216	25,945,969,811,456	22,034,264,555,520	29,685,706,653,696	376,378,319	552,301,805	0	0
em-p-ihep51	20260624083614555000000	12	23,169,970,937,856	23,170,578,350,080	14,715,009,352,411	25,154,938,761,216	25,945,969,811,456	22,034,264,555,520	29,685,706,653,696	368,465,509	757,931,100	0	0
em-p-ihep51	20260624083624561000000	12	23,169,970,827,264	23,170,166,472,704	14,711,874,558,681	25,154,938,761,216	25,945,969,811,456	22,034,264,555,520	29,685,706,653,696	339,779,739	1,706,628,042	0	0
em-p-ihep51	20260624083634576000000	13	23,169,971,908,608	23,170,278,703,104	14,725,859,125,741	25,154,938,761,216	25,945,969,811,456	22,034,264,555,520	29,685,706,653,696	530,000,755	2,700,433,289	0	0
em-p-ihep51	20260624083644585000000	15	23,169,958,854,656	23,170,101,735,424	14,719,712,807,557	25,154,938,761,216	25,945,969,811,456	22,034,264,555,520	29,685,706,653,696	362,817,207	555,771,218	0	0
em-p-ihep51	20260624083654595000000	13	23,169,959,583,744	23,170,112,835,584	14,713,661,806,083	25,154,938,761,216	25,945,969,811,456	22,034,264,555,520	29,685,706,653,696	248,735,340	529,745,214	0	0
em-p-ihep51	20260624083704601000000	9	23,169,960,935,424	23,170,110,382,080	14,719,520,557,549	25,154,938,761,216	25,945,969,811,456	22,034,264,555,520	29,685,706,653,696	400,645,900	496,438,347	0	0
em-p-ihep51	20260624083714623000000	13	23,169,959,747,584	23,170,110,664,704	14,727,406,996,491	25,154,938,761,216	25,945,969,811,456	22,034,264,555,520	29,685,706,653,696	237,367,401	718,839,530	0	0
em-p-ihep51	20260624083724716000000	11	23,169,960,828,928	23,170,275,184,640	14,721,625,928,686	25,154,938,761,216	25,945,969,811,456	22,034,264,555,520	29,685,706,653,696	243,986,274	1,229,946,636	0	0
em-p-ihep51	20260624083734809000000	10	23,169,961,836,544	23,170,125,684,736	14,720,823,529,741	25,154,938,761,216	25,945,969,811,456	22,034,264,555,520	29,685,706,653,696	552,719,852	565,731,430	0	0
em-p-ihep51	20260624083744830000000	8	23,169,961,730,048	23,170,122,522,624	14,720,850,428,082	25,154,938,761,216	25,945,969,811,456	22,034,264,555,520	29,685,706,653,696	258,741,148	921,706,846	12,288	0
em-p-ihep51	20260624083754851000000	9	23,169,961,623,552	23,170,120,990,720	14,722,529,802,427	25,154,938,761,216	25,945,969,811,456	22,034,264,555,520	29,685,706,653,696	239,725,356	860,613,863	0	0
em-p-ihep51	20260624083804943000000	10	23,169,961,787,392	23,170,142,212,096	14,712,647,053,899	25,154,938,761,216	25,945,969,811,456	22,034,264,555,520	29,685,706,653,696	323,718,767	749,022,658	0	0
em-p-ihep51	20260624083815041000000	9	23,169,963,139,072	23,170,179,756,032	14,716,169,165,416	25,154,938,761,216	25,945,969,811,456	22,034,264,555,520	29,685,706,653,696	117,186,702	710,380,393	0	0
em-p-ihep51	20260624083825035000000	9	23,169,963,032,576	23,170,156,974,080	14,716,416,343,600	25,154,938,761,216	25,945,969,811,456	22,034,264,555,520	29,685,706,653,696	216,381,124	451,109,689	0	0
em-p-ihep51	20260624083835117000000	9	23,169,962,921,984	23,170,140,762,112	14,710,412,381,343	25,154,938,761,216	25,945,969,811,456	22,034,264,555,520	29,685,706,653,696	158,731,672	391,372,811	0	0
em-p-ihep51	20260624083845138000000	12	23,169,964,273,664	23,170,159,112,192	14,713,890,952,949	25,154,938,761,216	25,945,969,811,456	22,034,264,555,520	29,685,706,653,696	178,992,383	405,753,883	0	0
em-p-ihep51	20260624083855227000000	9	23,169,963,171,840	23,170,140,172,288	14,710,389,082,961	25,154,938,761,216	25,945,969,811,456	22,034,264,555,520	29,685,706,653,696	150,076,829	400,204,624	0	0
em-p-ihep51	20260624083905326000000	10	23,169,963,065,344	23,170,140,160,000	14,713,510,831,438	25,154,938,761,216	25,945,969,811,456	22,034,264,555,520	29,685,706,653,696	144,334,774	1,228,555,389	0	0
em-p-ihep51	20260624083915319000000	11	23,169,961,877,504	23,170,574,000,128	14,712,270,004,286	25,154,938,761,216	25,945,969,811,456	22,034,264,555,520	29,685,706,653,696	158,255,365	924,803,693	0	0
em-p-ihep51	20260624083925339000000	8	23,169,963,229,184	23,170,135,048,192	14,711,115,725,699	25,154,938,761,216	25,945,969,811,456	22,034,264,555,520	29,685,706,653,696	521,160,621	1,125,795,370	0	0
em-p-ihep51	20260624083935337000000	13	23,169,964,310,528	23,170,394,763,264	14,708,204,371,166	25,154,938,761,216	25,945,969,811,456	22,034,264,555,520	29,685,706,653,696	166,632,791	388,326,284	0	0
em-p-ihep51	20260624083945432000000	11	23,169,962,471,424	23,170,136,911,872	14,710,025,900,368	25,154,938,761,216	25,945,969,811,456	22,034,264,555,520	29,685,706,653,696	322,865,172	642,206,869	0	0
em-p-ihep51	20260624083955551000000	11	23,169,961,410,560	23,170,144,714,752	14,710,665,580,111	25,154,938,761,216	25,945,969,811,456	22,034,264,555,520	29,685,706,653,696	168,697,787	358,652,538	0	0
em-p-ihep51	20260624084005619000000	15	23,169,956,814,848	23,170,127,384,576	14,724,592,219,700	25,154,938,761,216	25,945,969,811,456	22,034,264,555,520	29,685,706,653,696	422,242,320	1,187,541,616	0	0
em-p-ihep51	20260624084015720000000	28	23,170,177,761,280	23,170,589,519,872	14,759,488,914,846	25,154,938,761,216	25,945,969,811,456	22,034,264,555,520	29,685,706,653,696	338,682,590	1,127,166,426	0	0
em-p-ihep51	20260624084025816000000	16	23,170,324,303,872	23,170,925,645,824	14,728,081,979,447	25,154,938,761,216	25,945,969,811,456	22,034,264,555,520	29,685,706,653,696	276,168,938	1,743,882,384	0	0
em-p-ihep51	20260624084035897000000	18	23,170,324,467,712	23,170,489,401,344	14,719,913,415,725	25,154,938,761,216	25,945,969,811,456	22,034,264,555,520	29,685,706,653,696	196,458,019	1,329,052,309	0	0
em-p-ihep51	20260624084045894000000	15	23,170,322,092,032	23,170,485,456,896	14,722,893,050,923	25,154,938,761,216	25,945,969,811,456	22,034,264,555,520	29,685,706,653,696	388,191,882	1,251,955,734	0	0
em-p-ihep51	20260624084055991000000	18	23,170,320,797,696	23,170,482,438,144	14,717,801,281,532	25,154,938,761,216	25,945,969,811,456	22,034,264,555,520	29,685,706,653,696	370,422,684	665,687,247	0	0
em-p-ihep51	20260624084106124000000	18	23,170,322,038,784	23,170,530,529,280	14,717,446,347,466	25,154,938,761,216	25,945,969,811,456	22,034,264,555,520	29,685,706,653,696	405,949,110	861,189,107	0	0
em-p-ihep51	20260624084116109000000	15	23,170,322,038,784	23,170,467,057,664	14,712,703,394,913	25,154,938,761,216	25,945,969,811,456	22,034,264,555,520	29,685,706,653,696	242,654,777	438,959,574	0	0
em-p-ihep51	20260624084126199000000	13	23,170,323,013,632	23,170,468,229,120	14,715,416,567,180	25,154,938,761,216	25,945,969,811,456	22,034,264,555,520	29,685,706,653,696	257,329,629	839,233,756	0	0
em-p-ihep51	20260624084136286000000	15	23,170,326,528,000	23,170,473,000,960	14,715,187,758,311	25,154,938,761,216	25,945,969,811,456	22,034,264,555,520	29,685,706,653,696	125,524,114	939,562,947	0	0
em-p-ihep51	20260624084146314000000	13	23,170,326,691,840	23,170,520,154,112	14,714,298,828,078	25,154,938,761,216	25,945,969,811,456	22,034,264,555,520	29,685,706,653,696	274,720,124	1,565,716,974	0	0
em-p-ihep51	20260624084156403000000	12	23,170,326,691,840	23,170,472,407,040	14,712,747,256,991	25,154,938,761,216	25,945,969,811,456	22,034,264,555,520	29,685,706,653,696	298,838,498	1,446,891,843	0	0
em-p-ihep51	20260624084206499000000	17	23,170,333,655,040	23,170,478,489,600	14,721,227,949,308	25,154,938,761,216	25,945,969,811,456	22,034,264,555,520	29,685,706,653,696	389,615,358	1,500,899,497	0	0
em-p-ihep51	20260624084216594000000	20	23,170,335,010,816	23,171,020,517,376	14,727,270,203,825	25,154,938,761,216	25,945,969,811,456	22,034,264,555,520	29,685,706,653,696	313,056,036	1,257,133,893	0	0
em-p-ihep51	20260624084226597000000	20	23,168,053,075,968	23,170,515,787,776	14,726,617,005,262	25,154,938,761,216	25,945,969,811,456	22,034,264,555,520	29,685,706,653,696	139,696,250	434,852,332	0	0
em-p-ihep51	20260624084236681000000	13	23,169,881,374,720	23,170,026,659,840	14,731,406,713,849	25,154,938,761,216	25,945,969,811,456	22,034,264,555,520	29,685,706,653,696	311,629,019	656,828,947	0	0
em-p-ihep51	20260624084246769000000	12	23,164,087,091,200	23,164,234,596,352	14,720,498,806,390	25,154,938,761,216	25,945,969,811,456	22,034,264,555,520	29,685,706,653,696	263,727,221	444,581,472	0	0
em-p-ihep51	20260624084256866000000	10	23,164,085,903,360	23,164,262,944,768	14,709,105,965,093	25,154,938,761,216	25,945,969,811,456	22,034,264,555,520	29,685,706,653,696	164,763,088	360,372,951	0	0
em-p-ihep51	20260624084306950000000	12	23,164,087,148,544	23,164,256,317,440	14,715,177,277,204	25,154,938,761,216	25,945,969,811,456	22,034,264,555,520	29,685,706,653,696	129,406,184	832,701,977	0	0
em-p-ihep51	20260624084317021000000	10	23,164,084,936,704	23,164,244,946,944	14,711,647,727,562	25,154,938,761,216	25,945,969,811,456	22,034,264,555,520	29,685,706,653,696	250,656,057	817,565,605	0	0
em-p-ihep51	20260624084327134000000	8	23,164,084,830,208	23,164,527,828,992	14,709,652,036,846	25,154,938,761,216	25,945,969,811,456	22,034,264,555,520	29,685,706,653,696	142,991,509	888,897,622	0	0
em-p-ihep51	20260624084337219000000	10	23,164,083,539,968	23,164,332,449,792	14,714,198,997,472	25,154,938,761,216	25,945,969,811,456	22,034,264,555,520	29,685,706,653,696	384,856,017	872,362,315	0	0
em-p-ihep51	20260624084347292000000	11	23,164,083,814,400	23,164,328,017,920	14,712,836,042,298	25,154,938,761,216	25,945,969,811,456	22,034,264,555,520	29,685,706,653,696	188,606,119	472,724,032	0	0
em-p-ihep51	20260624084357360000000	12	23,164,083,814,400	23,164,328,013,824	14,712,450,903,721	25,154,938,761,216	25,945,969,811,456	22,034,264,555,520	29,685,706,653,696	128,738,144	863,788,301	0	0
em-p-ihep51	20260624084407462000000	10	23,164,083,707,904	23,164,862,742,528	14,714,753,373,011	25,154,938,761,216	25,945,969,811,456	22,034,264,555,520	29,685,706,653,696	146,343,662	822,128,894	0	0
em-p-ihep51	20260624084417537000000	13	23,164,081,352,704	23,164,327,215,104	14,716,883,411,507	25,154,938,761,216	25,945,969,811,456	22,034,264,555,520	29,685,706,653,696	138,628,331	396,180,758	0	0
em-p-ihep51	20260624084427627000000	10	23,164,081,352,704	23,164,327,354,368	14,713,299,684,894	25,154,938,761,216	25,945,969,811,456	22,034,264,555,520	29,685,706,653,696	231,153,821	784,407,782	0	0
em-p-ihep51	20260624084437718000000	10	23,164,084,588,544	23,164,385,726,464	14,713,742,387,510	25,154,938,761,216	25,945,969,811,456	22,034,264,555,520	29,685,706,653,696	230,142,121	968,565,258	0	0
em-p-ihep51	20260624084447735000000	13	23,164,082,356,224	23,164,503,617,536	14,716,816,980,380	25,154,938,761,216	25,945,969,811,456	22,034,264,555,520	29,685,706,653,696	473,638,383	2,987,238,944	0	0
em-p-ihep51	20260624084457729000000	13	23,164,082,323,456	23,164,332,244,992	14,713,588,152,090	25,154,938,761,216	25,945,969,811,456	22,034,264,555,520	29,685,706,653,696	332,202,750	935,654,652	0	0
em-p-ihep51	20260624084507828000000	16	23,164,083,675,136	23,164,329,582,592	14,730,306,307,768	25,154,938,761,216	25,945,969,811,456	22,034,264,555,520	29,685,706,653,696	500,569,414	1,224,378,031	0	0
em-p-ihep51	20260624084517916000000	15	23,164,083,568,640	23,164,336,844,800	14,723,129,404,784	25,154,938,761,216	25,945,969,811,456	22,034,264,555,520	29,685,706,653,696	365,298,761	662,306,291	0	0
em-p-ihep51	20260624084528004000000	17	23,164,084,539,392	23,164,319,604,736	14,716,697,374,661	25,154,938,761,216	25,945,969,811,456	22,034,264,555,520	29,685,706,653,696	456,991,545	643,097,867	0	0
em-p-ihep51	20260624084538090000000	15	23,164,086,001,664	23,164,323,479,552	14,714,457,598,841	25,154,938,761,216	25,945,969,811,456	22,034,264,555,520	29,685,706,653,696	357,719,614	694,246,182	0	0
em-p-ihep51	20260624084548172000000	17	23,164,959,985,664	23,164,665,810,944	14,724,792,933,408	25,154,938,761,216	25,945,969,811,456	22,034,264,555,520	29,685,706,653,696	215,949,135	546,724,506	0	0
em-p-ihep51	20260624084558181000000	16	23,172,639,313,920	23,172,901,089,280	14,728,945,232,936	25,154,938,761,216	25,945,969,811,456	22,034,264,555,520	29,685,706,653,696	116,024,195	287,691,955	0	0
em-p-ihep51	20260624084608268000000	16	23,164,129,038,336	23,164,365,058,048	14,725,407,819,711	25,154,938,761,216	25,945,969,811,456	22,034,264,555,520	29,685,706,653,696	259,534,934	1,058,080,862	0	0
em-p-ihep51	20260624084618330000000	15	23,159,391,395,840	23,159,540,215,808	14,715,214,163,958	25,154,938,761,216	25,945,969,811,456	22,034,264,555,520	29,685,706,653,696	259,127,052	1,603,252,907	0	0
em-p-ihep51	20260624084628438000000	12	23,159,391,395,840	23,159,543,459,840	14,715,298,139,826	25,154,938,761,216	25,945,969,811,456	22,034,264,555,520	29,685,706,653,696	144,156,575	424,398,241	0	0
em-p-ihep51	20260624084638512000000	15	23,159,389,020,160	23,159,542,284,288	14,716,389,713,303	25,154,938,761,216	25,945,969,811,456	22,034,264,555,520	29,685,706,653,696	162,073,488	475,416,000	0	0
em-p-ihep51	20260624084648528000000	14	23,159,389,184,000	23,159,539,163,136	14,714,162,476,044	25,154,938,761,216	25,945,969,811,456	22,034,264,555,520	29,685,706,653,696	182,375,441	633,847,020	0	0
em-p-ihep51	20260624084658606000000	13	23,159,389,347,840	23,159,546,773,504	14,716,465,488,534	25,154,938,761,216	25,945,969,811,456	22,034,264,555,520	29,685,706,653,696	165,245,102	528,657,934	0	0
em-p-ihep51	20260624084708614000000	15	23,159,386,972,160	23,159,555,477,504	14,722,133,450,572	25,154,938,761,216	25,945,969,811,456	22,034,264,555,520	29,685,706,653,696	163,645,517	911,787,866	0	0
em-p-ihep51	20260624084718699000000	13	23,159,390,482,432	23,159,551,393,792	14,719,296,041,318	25,154,938,761,216	25,945,969,811,456	22,034,264,555,520	29,685,706,653,696	119,383,895	463,451,392	0	0
em-p-ihep51	20260624084728708000000	13	23,165,490,601,984	23,165,265,223,680	14,760,510,680,502	25,154,938,761,216	25,945,969,811,456	22,034,264,555,520	29,685,706,653,696	128,996,432	1,081,813,183	0	0
em-p-ihep51	20260624084738718000000	12	23,199,955,308,544	23,200,142,626,816	14,793,457,553,677	25,154,938,761,216	25,945,969,811,456	22,034,264,555,520	29,685,706,653,696	213,767,192	1,617,404,407	0	0
em-p-ihep51	20260624084748795000000	12	23,200,885,526,528	23,201,059,569,664	14,789,381,937,204	25,154,938,761,216	25,945,969,811,456	22,034,264,555,520	29,685,706,653,696	179,301,873	1,211,066,017	0	0
em-p-ihep51	20260624084758802000000	13	23,201,624,006,656	23,201,796,747,264	14,784,061,257,282	25,154,938,761,216	25,945,969,811,456	22,034,264,555,520	29,685,706,653,696	162,276,888	562,454,937	0	0
em-p-ihep51	20260624084808808000000	14	23,191,325,257,728	23,196,453,736,448	14,737,679,663,754	25,154,938,761,216	25,945,969,811,456	22,034,264,555,520	29,685,706,653,696	283,759,900	1,017,777,451	0	0
em-p-ihep51	20260624084818895000000	13	23,160,950,210,560	23,168,344,752,128	14,713,045,737,130	25,154,938,761,216	25,945,969,811,456	22,034,264,555,520	29,685,706,653,696	154,855,921	370,984,765	0	0
em-p-ihep51	20260624084828964000000	12	23,149,173,563,392	23,149,342,343,168	14,712,051,113,748	25,154,938,761,216	25,945,969,811,456	22,034,264,555,520	29,685,706,653,696	185,522,967	561,891,778	0	0
em-p-ihep51	20260624084839060000000	9	23,149,174,702,080	23,149,338,550,272	14,717,369,322,273	25,154,938,761,216	25,945,969,811,456	22,034,264,555,520	29,685,706,653,696	313,335,031	516,065,797	0	0
em-p-ihep51	20260624084849171000000	12	23,149,173,514,240	23,149,335,232,512	14,713,883,394,078	25,154,938,761,216	25,945,969,811,456	22,034,264,555,520	29,685,706,653,696	345,946,989	1,423,806,830	0	0
em-p-ihep51	20260624084859256000000	12	23,149,174,595,584	23,149,346,373,632	14,719,813,708,465	25,154,938,761,216	25,945,969,811,456	22,034,264,555,520	29,685,706,653,696	239,052,912	995,264,517	0	0
em-p-ihep51	20260624084909336000000	21	23,149,178,269,696	23,149,341,003,776	14,727,224,420,734	25,154,938,761,216	25,945,969,811,456	22,034,264,555,520	29,685,706,653,696	382,056,845	1,533,512,245	0	0
em-p-ihep51	20260624084919435000000	11	23,149,178,302,464	23,149,517,635,584	14,717,642,250,423	25,154,938,761,216	25,945,969,811,456	22,034,264,555,520	29,685,706,653,696	240,847,113	2,117,455,656	0	0
em-p-ihep51	20260624084929525000000	14	23,149,177,241,600	23,149,648,900,096	14,716,203,557,488	25,154,938,761,216	25,945,969,811,456	22,034,264,555,520	29,685,706,653,696	163,909,506	537,286,640	0	0
em-p-ihep51	20260624084939674000000	15	23,147,522,871,296	23,147,825,848,320	14,741,920,903,844	25,154,938,761,216	25,945,969,811,456	22,034,264,555,520	29,685,706,653,696	183,449,926	422,935,422	0	0
em-p-ihep51	20260624084949705000000	15	23,152,361,611,264	23,152,501,977,088	14,719,027,354,173	25,154,938,761,216	25,945,969,811,456	22,034,264,555,520	29,685,706,653,696	225,396,642	645,525,266	0	0
em-p-ihep51	20260624084959799000000	15	23,142,408,011,776	23,142,548,320,256	14,724,181,760,394	25,154,938,761,216	25,945,969,811,456	22,034,264,555,520	29,685,706,653,696	222,196,246	466,988,702	0	0
em-p-ihep51	20260624085009838000000	27	23,142,413,627,392	23,142,762,770,432	14,739,419,482,476	25,154,938,761,216	25,945,969,811,456	22,034,264,555,520	29,685,706,653,696	470,490,495	2,234,773,176	0	0
em-p-ihep51	20260624085019832000000	20	23,142,412,333,056	23,142,918,565,888	14,729,385,096,534	25,154,938,761,216	25,945,969,811,456	22,034,264,555,520	29,685,706,653,696	305,018,306	1,465,094,754	0	0
em-p-ihep51	20260624085029841000000	17	23,142,413,574,144	23,142,533,701,632	14,730,174,767,461	25,154,938,761,216	25,945,969,811,456	22,034,264,555,520	29,685,706,653,696	510,673,648	893,628,729	0	0
em-p-ihep51	20260624085039858000000	16	23,142,412,279,808	23,142,536,650,752	14,736,002,348,465	25,154,938,761,216	25,945,969,811,456	22,034,264,555,520	29,685,706,653,696	165,340,150	350,594,292	0	0
em-p-ihep51	20260624085049957000000	20	23,142,406,664,192	23,142,528,831,488	14,730,207,580,607	25,154,938,761,216	25,945,969,811,456	22,034,264,555,520	29,685,706,653,696	252,244,462	580,712,893	0	0
em-p-ihep51	20260624085100053000000	19	23,142,406,828,032	23,142,528,872,448	14,724,914,225,617	25,154,938,761,216	25,945,969,811,456	22,034,264,555,520	29,685,706,653,696	215,138,631	471,194,242	0	0
em-p-ihep51	20260624085110150000000	18	23,142,404,665,344	23,142,523,252,736	14,739,356,711,400	25,154,938,761,216	25,945,969,811,456	22,034,264,555,520	29,685,706,653,696	451,189,620	1,046,542,794	0	0
em-p-ihep51	20260624085120252000000	19	23,142,403,481,600	23,142,941,167,616	14,734,546,825,704	25,154,938,761,216	25,945,969,811,456	22,034,264,555,520	29,685,706,653,696	501,733,483	715,304,037	0	0
em-p-ihep51	20260624085130338000000	15	23,142,403,645,440	23,142,521,393,152	14,719,797,265,900	25,154,938,761,216	25,945,969,811,456	22,034,264,555,520	29,685,706,653,696	518,772,739	971,178,804	0	0
em-p-ihep51	20260624085140437000000	15	23,142,405,697,536	23,142,529,253,376	14,719,408,957,736	25,154,938,761,216	25,945,969,811,456	22,034,264,555,520	29,685,706,653,696	454,536,966	1,681,698,844	0	0
em-p-ihep51	20260624085150438000000	24	23,142,414,430,208	23,142,541,164,544	14,716,041,373,971	25,154,938,761,216	25,945,969,811,456	22,034,264,555,520	29,685,706,653,696	428,333,449	1,255,869,559	0	0
em-p-ihep51	20260624085200560000000	18	23,142,416,949,248	23,142,539,366,400	14,719,019,244,542	25,154,938,761,216	25,945,969,811,456	22,034,264,555,520	29,685,706,653,696	454,076,430	1,045,751,416	0	0
em-p-ihep51	20260624085210553000000	27	23,142,425,985,024	23,142,545,395,712	14,728,316,491,168	25,154,938,761,216	25,945,969,811,456	22,034,264,555,520	29,685,706,653,696	354,129,657	809,262,046	0	0
em-p-ihep51	20260624085220640000000	22	23,142,419,329,024	23,142,539,419,648	14,722,071,468,905	25,154,938,761,216	25,945,969,811,456	22,034,264,555,520	29,685,706,653,696	532,311,111	1,117,290,433	0	0
em-p-ihep51	20260624085230670000000	26	23,142,418,743,296	23,143,036,645,376	14,722,922,389,099	25,154,938,761,216	25,945,969,811,456	22,034,264,555,520	29,685,706,653,696	382,012,700	934,046,087	0	0
em-p-ihep51	20260624085240765000000	19	23,142,416,523,264	23,142,535,872,512	14,715,934,269,099	25,154,938,761,216	25,945,969,811,456	22,034,264,555,520	29,685,706,653,696	472,434,456	1,345,102,327	0	0
em-p-ihep51	20260624085250849000000	18	23,142,416,687,104	23,142,628,265,984	14,714,545,386,458	25,154,938,761,216	25,945,969,811,456	22,034,264,555,520	29,685,706,653,696	448,599,151	1,294,343,528	0	0
em-p-ihep51	20260624085300946000000	15	23,142,416,580,608	23,142,597,275,648	14,711,227,517,200	25,154,938,761,216	25,945,969,811,456	22,034,264,555,520	29,685,706,653,696	566,925,329	1,116,741,497	0	0
em-p-ihep51	20260624085310952000000	21	23,142,417,645,568	23,142,740,512,768	14,724,347,578,192	25,154,938,761,216	25,945,969,811,456	22,034,264,555,520	29,685,706,653,696	330,660,771	2,885,239,445	0	0
em-p-ihep51	20260624085321041000000	15	23,142,417,776,640	23,142,590,509,056	14,715,677,584,189	25,154,938,761,216	25,945,969,811,456	22,034,264,555,520	29,685,706,653,696	282,859,892	1,830,413,247	0	0
em-p-ihep51	20260624085331164000000	17	23,142,421,291,008	23,142,597,951,488	14,712,620,358,838	25,154,938,761,216	25,945,969,811,456	22,034,264,555,520	29,685,706,653,696	474,492,231	1,232,297,238	0	0
em-p-ihep51	20260624085341230000000	20	23,142,421,184,512	23,142,689,382,400	14,719,520,091,401	25,154,938,761,216	25,945,969,811,456	22,034,264,555,520	29,685,706,653,696	247,936,210	520,034,082	0	0
em-p-ihep51	20260624085351333000000	22	23,142,421,348,352	23,142,655,102,976	14,714,898,032,872	25,154,938,761,216	25,945,969,811,456	22,034,264,555,520	29,685,706,653,696	331,386,273	1,136,860,047	0	0
em-p-ihep51	20260624085401417000000	16	23,142,423,781,376	23,142,655,840,256	14,716,268,523,270	25,154,938,761,216	25,945,969,811,456	22,034,264,555,520	29,685,706,653,696	170,591,078	313,282,460	0	0
em-p-ihep51	20260624085411436000000	16	23,142,423,674,880	23,142,656,970,752	14,717,749,283,821	25,154,938,761,216	25,945,969,811,456	22,034,264,555,520	29,685,706,653,696	278,226,405	759,538,905	0	0
em-p-ihep51	20260624085421526000000	13	23,142,423,674,880	23,142,653,534,208	14,714,375,925,297	25,154,938,761,216	25,945,969,811,456	22,034,264,555,520	29,685,706,653,696	194,340,177	725,298,678	0	0
em-p-ihep51	20260624085431559000000	15	23,142,426,972,160	23,142,656,421,888	14,716,498,814,333	25,154,938,761,216	25,945,969,811,456	22,034,264,555,520	29,685,706,653,696	195,047,159	1,261,462,394	0	0
em-p-ihep51	20260624085441582000000	22	23,142,425,886,720	23,142,653,431,808	14,721,775,164,966	25,154,938,761,216	25,945,969,811,456	22,034,264,555,520	29,685,706,653,696	233,108,189	636,483,704	0	0
em-p-ihep51	20260624085451643000000	17	23,142,428,659,712	23,142,675,648,512	14,709,981,519,250	25,154,938,761,216	25,945,969,811,456	22,034,264,555,520	29,685,706,653,696	272,645,413	1,023,627,856	0	0
em-p-ihep51	20260624085501739000000	14	23,142,435,577,856	23,142,661,890,048	14,716,866,409,611	25,154,938,761,216	25,945,969,811,456	22,034,264,555,520	29,685,706,653,696	149,244,488	484,826,220	0	0
em-p-ihep51	20260624085511744000000	16	23,142,434,492,416	23,142,655,082,496	14,730,745,913,423	25,154,938,761,216	25,945,969,811,456	22,034,264,555,520	29,685,706,653,696	234,630,918	699,990,200	0	0
em-p-ihep51	20260624085521749000000	20	23,142,435,733,504	23,142,662,115,328	14,713,124,233,537	25,154,938,761,216	25,945,969,811,456	22,034,264,555,520	29,685,706,653,696	253,540,299	601,553,816	0	0
em-p-ihep51	20260624085531762000000	21	23,142,432,174,080	23,142,655,758,336	14,713,717,340,013	25,154,938,761,216	25,945,969,811,456	22,034,264,555,520	29,685,706,653,696	263,088,200	677,224,362	0	0
em-p-ihep51	20260624085541789000000	21	23,142,434,746,368	23,142,674,092,032	14,716,231,107,441	25,154,938,761,216	25,945,969,811,456	22,034,264,555,520	29,685,706,653,696	279,610,825	840,200,765	0	0
em-p-ihep51	20260624085551799000000	14	23,142,435,106,816	23,142,657,167,360	14,712,807,211,045	25,154,938,761,216	25,945,969,811,456	22,034,264,555,520	29,685,706,653,696	308,991,051	1,157,774,727	0	0
em-p-ihep51	20260624085601816000000	22	23,142,437,974,016	23,143,138,623,488	14,711,336,954,931	25,154,938,761,216	25,945,969,811,456	22,034,264,555,520	29,685,706,653,696	327,434,318	910,226,165	0	0
em-p-ihep51	20260624085611822000000	18	23,142,425,083,904	23,142,587,219,968	14,720,618,626,186	25,154,938,761,216	25,945,969,811,456	22,034,264,555,520	29,685,706,653,696	501,803,150	871,684,753	0	0
em-p-ihep51	20260624085621830000000	22	23,142,419,759,104	23,142,579,830,784	14,711,063,971,916	25,154,938,761,216	25,945,969,811,456	22,034,264,555,520	29,685,706,653,696	414,071,260	697,793,622	0	0
em-p-ihep51	20260624085631831000000	17	23,142,420,729,856	23,142,595,690,496	14,714,053,410,614	25,154,938,761,216	25,945,969,811,456	22,034,264,555,520	29,685,706,653,696	194,704,620	714,381,697	0	0
em-p-ihep51	20260624085641824000000	25	23,142,424,240,128	23,142,557,466,624	14,718,150,041,420	25,154,938,761,216	25,945,969,811,456	22,034,264,555,520	29,685,706,653,696	171,250,868	464,694,676	0	0
em-p-ihep51	20260624085651932000000	19	23,142,430,072,832	23,142,555,815,936	14,717,602,347,109	25,154,938,761,216	25,945,969,811,456	22,034,264,555,520	29,685,706,653,696	153,917,553	411,973,989	0	0
em-p-ihep51	20260624085701915000000	16	23,142,430,072,832	23,142,563,700,736	14,711,746,282,548	25,154,938,761,216	25,945,969,811,456	22,034,264,555,520	29,685,706,653,696	148,661,201	462,861,742	0	0
em-p-ihep51	20260624085711933000000	15	23,142,429,966,336	23,142,722,572,288	14,715,354,211,319	25,154,938,761,216	25,945,969,811,456	22,034,264,555,520	29,685,706,653,696	151,371,376	1,158,206,533	0	0
em-p-ihep51	20260624085722032000000	13	23,142,430,130,176	23,142,568,919,040	14,710,870,282,950	25,154,938,761,216	25,945,969,811,456	22,034,264,555,520	29,685,706,653,696	369,559,311	1,159,182,389	0	0
em-p-ihep51	20260624085732134000000	13	23,142,432,182,272	23,142,611,054,592	14,709,699,765,529	25,154,938,761,216	25,945,969,811,456	22,034,264,555,520	29,685,706,653,696	440,740,899	673,402,473	0	0
em-p-ihep51	20260624085742216000000	11	23,142,434,230,272	23,142,613,733,376	14,710,788,066,751	25,154,938,761,216	25,945,969,811,456	22,034,264,555,520	29,685,706,653,696	296,527,627	624,185,092	0	0
em-p-ihep51	20260624085752318000000	14	23,142,434,123,776	23,142,599,081,984	14,713,072,121,869	25,154,938,761,216	25,945,969,811,456	22,034,264,555,520	29,685,706,653,696	249,998,658	565,821,730	0	0
em-p-ihep51	20260624085802325000000	17	23,142,434,017,280	23,142,590,873,600	14,717,596,284,468	25,154,938,761,216	25,945,969,811,456	22,034,264,555,520	29,685,706,653,696	208,071,475	688,446,785	0	0
em-p-ihep51	20260624085812335000000	29	23,142,443,679,744	23,142,601,011,200	14,736,862,089,101	25,154,938,761,216	25,945,969,811,456	22,034,264,555,520	29,685,706,653,696	303,344,440	1,128,865,256	0	0
em-p-ihep51	20260624085822364000000	33	23,142,446,559,232	23,143,295,107,072	14,730,644,727,384	25,154,938,761,216	25,945,969,811,456	22,034,264,555,520	29,685,706,653,696	335,013,615	2,939,013,304	0	0
em-p-ihep51	20260624085832351000000	35	23,142,450,962,432	23,142,605,479,936	14,735,630,380,423	25,154,938,761,216	25,945,969,811,456	22,034,264,555,520	29,685,706,653,696	219,811,398	1,144,730,527	0	0
em-p-ihep51	20260624085842392000000	35	23,142,452,297,728	23,142,603,313,152	14,734,488,157,985	25,154,938,761,216	25,945,969,811,456	22,034,264,555,520	29,685,706,653,696	285,226,490	1,241,568,290	0	0
em-p-ihep51	20260624085852354000000	24	23,142,448,803,840	23,143,073,607,680	14,731,565,473,247	25,154,938,761,216	25,945,969,811,456	22,034,264,555,520	29,685,706,653,696	210,650,353	1,002,037,212	0	0
em-p-ihep51	20260624085902350000000	15	23,142,448,967,680	23,142,597,865,472	14,732,561,045,947	25,154,938,761,216	25,945,969,811,456	22,034,264,555,520	29,685,706,653,696	157,152,001	1,465,374,327	0	0
em-p-ihep51	20260624085912476000000	14	23,142,445,297,664	23,142,597,664,768	14,717,511,951,103	25,154,938,761,216	25,945,969,811,456	22,034,264,555,520	29,685,706,653,696	201,826,589	868,536,490	0	0
em-p-ihep51	20260624085922563000000	12	23,142,442,921,984	23,142,593,060,864	14,715,412,621,827	25,154,938,761,216	25,945,969,811,456	22,034,264,555,520	29,685,706,653,696	263,122,385	558,328,479	0	0
em-p-ihep51	20260624085932645000000	12	23,142,445,084,672	23,142,885,269,504	14,718,083,140,103	25,154,938,761,216	25,945,969,811,456	22,034,264,555,520	29,685,706,653,696	172,950,030	428,959,744	0	0
em-p-ihep51	20260624085942665000000	16	23,142,445,248,512	23,142,594,813,952	14,711,389,772,039	25,154,938,761,216	25,945,969,811,456	22,034,264,555,520	29,685,706,653,696	231,652,394	819,571,951	0	0
em-p-ihep51	20260624085952765000000	18	23,142,447,517,696	23,142,601,187,328	14,720,319,504,735	25,154,938,761,216	25,945,969,811,456	22,034,264,555,520	29,685,706,653,696	267,497,057	767,672,999	0	0
em-p-ihep51	20260624090002898000000	19	23,142,462,697,472	23,143,044,812,800	14,722,019,022,186	25,154,938,761,216	25,945,969,811,456	22,034,264,555,520	29,685,706,653,696	248,358,505	1,643,568,741	0	0
em-p-ihep51	20260624090012909000000	38	23,143,427,719,168	23,143,569,055,744	14,784,374,122,689	25,154,938,761,216	25,945,969,811,456	22,034,264,555,520	29,685,706,653,696	701,499,114	2,125,115,937	0	0
em-p-ihep51	20260624090022898000000	27	23,143,978,012,672	23,144,119,607,296	14,756,192,474,417	25,154,938,761,216	25,945,969,811,456	22,034,264,555,520	29,685,706,653,696	654,106,157	1,194,804,027	0	0
em-p-ihep51	20260624090032926000000	24	23,143,999,590,400	23,144,123,539,456	14,769,047,723,894	25,154,938,761,216	25,945,969,811,456	22,034,264,555,520	29,685,706,653,696	256,864,178	673,461,039	0	0
em-p-ihep51	20260624090042938000000	23	23,143,999,483,904	23,144,143,269,888	14,763,873,750,197	25,154,938,761,216	25,945,969,811,456	22,034,264,555,520	29,685,706,653,696	288,588,122	736,660,980	0	0
em-p-ihep51	20260624090052921000000	19	23,143,986,683,904	23,144,131,424,256	14,769,746,637,808	25,154,938,761,216	25,945,969,811,456	22,034,264,555,520	29,685,706,653,696	315,588,164	1,063,782,222	0	0
em-p-ihep51	20260624090102941000000	23	23,143,983,128,576	23,144,166,129,664	14,747,193,962,444	25,154,938,761,216	25,945,969,811,456	22,034,264,555,520	29,685,706,653,696	434,343,499	2,348,038,928	0	0
em-p-ihep51	20260624090112950000000	18	23,143,983,247,360	23,144,146,751,488	14,727,128,591,751	25,154,938,761,216	25,945,969,811,456	22,034,264,555,520	29,685,706,653,696	318,570,067	1,456,559,126	0	0
em-p-ihep51	20260624090122967000000	12	23,143,983,247,360	23,144,121,126,912	14,725,370,969,955	25,154,938,761,216	25,945,969,811,456	22,034,264,555,520	29,685,706,653,696	160,977,858	1,298,207,548	0	0
em-p-ihep51	20260624090132969000000	14	23,143,984,488,448	23,144,125,710,336	14,723,167,991,708	25,154,938,761,216	25,945,969,811,456	22,034,264,555,520	29,685,706,653,696	325,770,486	1,290,914,590	0	0
em-p-ihep51	20260624090142976000000	17	23,143,987,896,320	23,144,131,563,520	14,716,351,200,730	25,154,938,761,216	25,945,969,811,456	22,034,264,555,520	29,685,706,653,696	368,204,180	1,680,126,893	0	0
em-p-ihep51	20260624090153075000000	11	23,143,990,763,520	23,144,133,087,232	14,714,507,066,483	25,154,938,761,216	25,945,969,811,456	22,034,264,555,520	29,685,706,653,696	328,137,744	730,704,174	0	0
em-p-ihep51	20260624090203174000000	12	23,143,988,981,760	23,144,130,879,488	14,714,982,405,902	25,154,938,761,216	25,945,969,811,456	22,034,264,555,520	29,685,706,653,696	201,348,874	543,001,488	0	0
em-p-ihep51	20260624090213180000000	14	23,143,997,190,144	23,144,137,445,376	14,717,360,310,543	25,154,938,761,216	25,945,969,811,456	22,034,264,555,520	29,685,706,653,696	215,273,560	786,757,399	0	0
em-p-ihep51	20260624090223279000000	9	23,143,996,170,240	23,144,635,518,976	14,718,777,748,421	25,154,938,761,216	25,945,969,811,456	22,034,264,555,520	29,685,706,653,696	274,388,254	693,316,358	0	0
em-p-ihep51	20260624090233288000000	12	23,144,089,210,880	23,144,426,201,088	14,716,495,303,107	25,154,938,761,216	25,945,969,811,456	22,034,264,555,520	29,685,706,653,696	382,349,229	1,374,123,417	0	0
em-p-ihep51	20260624090243331000000	16	23,144,094,625,792	23,144,234,418,176	14,724,295,281,766	25,154,938,761,216	25,945,969,811,456	22,034,264,555,520	29,685,706,653,696	321,562,333	1,960,222,027	0	0
em-p-ihep51	20260624090253314000000	14	23,144,095,600,640	23,144,731,811,840	14,716,898,847,396	25,154,938,761,216	25,945,969,811,456	22,034,264,555,520	29,685,706,653,696	157,704,737	1,008,282,624	0	0
em-p-ihep51	20260624090303347000000	16	23,144,095,494,144	23,144,238,034,944	14,730,907,543,308	25,154,938,761,216	25,945,969,811,456	22,034,264,555,520	29,685,706,653,696	273,092,594	1,096,928,301	0	0
em-p-ihep51	20260624090313346000000	23	23,144,096,653,312	23,144,249,561,088	14,722,011,003,037	25,154,938,761,216	25,945,969,811,456	22,034,264,555,520	29,685,706,653,696	202,623,277	728,271,385	0	0
em-p-ihep51	20260624090323349000000	17	23,144,096,870,400	23,144,234,541,056	14,719,253,655,748	25,154,938,761,216	25,945,969,811,456	22,034,264,555,520	29,685,706,653,696	308,653,100	521,012,985	0	0
em-p-ihep51	20260624090333452000000	12	23,144,094,666,752	23,144,267,579,392	14,715,424,532,325	25,154,938,761,216	25,945,969,811,456	22,034,264,555,520	29,685,706,653,696	237,964,483	575,759,648	0	0
em-p-ihep51	20260624090343551000000	15	23,144,544,841,728	23,144,739,287,040	14,717,449,489,711	25,154,938,761,216	25,945,969,811,456	22,034,264,555,520	29,685,706,653,696	286,524,146	689,914,452	0	0
em-p-ihep51	20260624090353667000000	8	23,144,543,653,888	23,144,720,809,984	14,718,934,782,438	25,154,938,761,216	25,945,969,811,456	22,034,264,555,520	29,685,706,653,696	301,070,130	574,326,157	0	0
em-p-ihep51	20260624090403735000000	10	23,144,543,576,064	23,145,101,012,992	14,719,421,970,396	25,154,938,761,216	25,945,969,811,456	22,034,264,555,520	29,685,706,653,696	207,429,968	1,132,761,798	0	0
em-p-ihep51	20260624090413832000000	14	23,144,544,841,728	23,144,720,863,232	14,726,523,175,943	25,154,938,761,216	25,945,969,811,456	22,034,264,555,520	29,685,706,653,696	301,930,610	2,626,761,158	0	0
em-p-ihep51	20260624090423933000000	13	23,144,543,653,888	23,144,719,577,088	14,725,336,217,348	25,154,938,761,216	25,945,969,811,456	22,034,264,555,520	29,685,706,653,696	355,970,795	1,142,974,821	0	0
em-p-ihep51	20260624090434018000000	11	23,144,541,388,800	23,144,718,503,936	14,722,179,287,178	25,154,938,761,216	25,945,969,811,456	22,034,264,555,520	29,685,706,653,696	360,833,450	579,564,555	0	0
em-p-ihep51	20260624090444117000000	10	23,144,535,511,040	23,144,738,025,472	14,714,914,468,547	25,154,938,761,216	25,945,969,811,456	22,034,264,555,520	29,685,706,653,696	250,645,932	682,392,685	0	0
em-p-ihep51	20260624090454213000000	10	23,144,534,323,200	23,144,711,479,296	14,715,119,453,484	25,154,938,761,216	25,945,969,811,456	22,034,264,555,520	29,685,706,653,696	297,133,023	635,484,851	0	0
em-p-ihep51	20260624090504310000000	11	23,144,535,674,880	23,144,712,802,304	14,712,095,104,890	25,154,938,761,216	25,945,969,811,456	22,034,264,555,520	29,685,706,653,696	335,501,336	669,224,570	0	0
em-p-ihep51	20260624090514343000000	29	23,144,545,755,136	23,144,721,190,912	14,724,676,955,450	25,154,938,761,216	25,945,969,811,456	22,034,264,555,520	29,685,706,653,696	405,838,728	827,186,597	0	0
em-p-ihep51	20260624090524364000000	15	23,144,543,272,960	23,144,726,196,224	14,722,499,495,082	25,154,938,761,216	25,945,969,811,456	22,034,264,555,520	29,685,706,653,696	286,071,538	1,134,310,268	0	0
em-p-ihep51	20260624090534403000000	17	23,144,545,595,392	23,144,721,719,296	14,722,284,225,259	25,154,938,761,216	25,945,969,811,456	22,034,264,555,520	29,685,706,653,696	269,357,182	1,031,231,039	0	0
em-p-ihep51	20260624090544383000000	15	23,144,552,615,936	23,144,739,852,288	14,717,314,653,276	25,154,938,761,216	25,945,969,811,456	22,034,264,555,520	29,685,706,653,696	215,590,355	1,327,558,275	0	0
em-p-ihep51	20260624090554378000000	15	23,144,549,408,768	23,144,937,021,440	14,724,739,364,897	25,154,938,761,216	25,945,969,811,456	22,034,264,555,520	29,685,706,653,696	339,449,667	599,055,299	0	0
em-p-ihep51	20260624090604497000000	19	23,144,551,567,360	23,144,728,920,064	14,716,836,207,676	25,154,938,761,216	25,945,969,811,456	22,034,264,555,520	29,685,706,653,696	147,973,903	511,646,346	0	0
em-p-ihep51	20260624090614584000000	24	23,144,554,217,472	23,144,730,087,424	14,726,259,818,694	25,154,938,761,216	25,945,969,811,456	22,034,264,555,520	29,685,706,653,696	390,075,084	782,530,209	0	0
em-p-ihep51	20260624090624627000000	23	23,144,552,923,136	23,144,728,289,280	14,721,753,752,627	25,154,938,761,216	25,945,969,811,456	22,034,264,555,520	29,685,706,653,696	224,364,332	808,228,983	0	0
em-p-ihep51	20260624090634620000000	27	23,144,561,565,696	23,144,735,449,088	14,732,820,954,438	25,154,938,761,216	25,945,969,811,456	22,034,264,555,520	29,685,706,653,696	440,229,220	1,412,974,695	0	0
em-p-ihep51	20260624090644647000000	27	23,144,555,638,784	23,144,741,949,440	14,732,542,134,776	25,154,938,761,216	25,945,969,811,456	22,034,264,555,520	29,685,706,653,696	517,405,847	639,233,213	0	0
em-p-ihep51	20260624090654746000000	20	23,144,545,148,928	23,144,732,483,584	14,723,097,728,772	25,154,938,761,216	25,945,969,811,456	22,034,264,555,520	29,685,706,653,696	358,987,349	1,385,136,750	0	0
em-p-ihep51	20260624090704834000000	18	23,144,547,307,520	23,144,950,784,000	14,724,371,349,885	25,154,938,761,216	25,945,969,811,456	22,034,264,555,520	29,685,706,653,696	284,298,096	1,236,245,340	0	0
em-p-ihep51	20260624090714836000000	15	23,144,547,471,360	23,144,762,589,184	14,722,090,012,076	25,154,938,761,216	25,945,969,811,456	22,034,264,555,520	29,685,706,653,696	445,338,681	960,947,203	0	0
em-p-ihep51	20260624090724967000000	12	23,144,548,446,208	23,144,705,683,456	14,715,124,841,118	25,154,938,761,216	25,945,969,811,456	22,034,264,555,520	29,685,706,653,696	424,628,865	1,015,964,704	0	0
em-p-ihep51	20260624090734965000000	14	23,144,548,446,208	23,144,715,264,000	14,720,321,863,107	25,154,938,761,216	25,945,969,811,456	22,034,264,555,520	29,685,706,653,696	376,418,026	709,792,219	0	0
em-p-ihep51	20260624090745061000000	17	23,144,549,527,552	23,144,709,599,232	14,724,693,886,848	25,154,938,761,216	25,945,969,811,456	22,034,264,555,520	29,685,706,653,696	592,716,492	1,230,060,300	0	0
em-p-ihep51	20260624090755150000000	19	23,144,559,419,392	23,144,716,460,032	14,725,157,424,326	25,154,938,761,216	25,945,969,811,456	22,034,264,555,520	29,685,706,653,696	169,514,646	620,607,737	0	0
em-p-ihep51	20260624090805158000000	15	23,144,559,312,896	23,144,713,015,296	14,711,898,038,780	25,154,938,761,216	25,945,969,811,456	22,034,264,555,520	29,685,706,653,696	215,673,233	580,911,233	0	0
em-p-ihep51	20260624090815275000000	9	23,144,557,047,808	23,145,110,507,520	14,715,878,186,043	25,154,938,761,216	25,945,969,811,456	22,034,264,555,520	29,685,706,653,696	231,920,236	733,509,152	0	0
em-p-ihep51	20260624090825377000000	11	23,144,559,022,080	23,144,976,699,392	14,715,794,437,280	25,154,938,761,216	25,945,969,811,456	22,034,264,555,520	29,685,706,653,696	256,670,198	1,551,895,710	0	0
em-p-ihep51	20260624090835477000000	16	23,144,559,595,520	23,144,713,011,200	14,723,184,037,012	25,154,938,761,216	25,945,969,811,456	22,034,264,555,520	29,685,706,653,696	288,464,864	2,185,067,263	0	0
em-p-ihep51	20260624090845482000000	16	23,144,559,759,360	23,144,718,426,112	14,720,235,669,233	25,154,938,761,216	25,945,969,811,456	22,034,264,555,520	29,685,706,653,696	218,533,085	689,749,381	0	0
em-p-ihep51	20260624090855595000000	13	23,144,558,465,024	23,144,709,521,408	14,721,575,333,834	25,154,938,761,216	25,945,969,811,456	22,034,264,555,520	29,685,706,653,696	438,344,728	745,105,244	0	0
em-p-ihep51	20260624090905588000000	16	23,144,560,787,456	23,144,712,138,752	14,721,636,869,634	25,154,938,761,216	25,945,969,811,456	22,034,264,555,520	29,685,706,653,696	153,032,844	1,109,074,663	0	0
em-p-ihep51	20260624090915668000000	11	23,144,560,951,296	23,144,711,372,800	14,715,567,326,621	25,154,938,761,216	25,945,969,811,456	22,034,264,555,520	29,685,706,653,696	187,651,626	534,512,419	0	0
em-p-ihep51	20260624090925678000000	11	23,144,561,926,144	23,144,717,975,552	14,716,240,620,605	25,154,938,761,216	25,945,969,811,456	22,034,264,555,520	29,685,706,653,696	137,371,773	381,331,407	0	0
em-p-ihep51	20260624090935777000000	11	23,144,565,870,592	23,144,717,430,784	14,716,608,271,130	25,154,938,761,216	25,945,969,811,456	22,034,264,555,520	29,685,706,653,696	149,722,246	588,160,194	0	0
em-p-ihep51	20260624090945867000000	13	23,144,566,034,432	23,144,718,241,792	14,720,944,448,173	25,154,938,761,216	25,945,969,811,456	22,034,264,555,520	29,685,706,653,696	308,696,063	1,198,744,176	0	0
em-p-ihep51	20260624090955966000000	15	23,144,565,927,936	23,144,762,097,664	14,720,147,608,478	25,154,938,761,216	25,945,969,811,456	22,034,264,555,520	29,685,706,653,696	127,255,327	907,119,936	0	0
em-p-ihep51	20260624091006005000000	30	23,144,577,187,840	23,144,721,342,464	14,734,963,904,439	25,154,938,761,216	25,945,969,811,456	22,034,264,555,520	29,685,706,653,696	568,759,116	1,822,801,650	0	0
em-p-ihep51	20260624091016083000000	27	23,144,577,409,024	23,144,711,512,064	14,743,810,923,664	25,154,938,761,216	25,945,969,811,456	22,034,264,555,520	29,685,706,653,696	491,179,493	1,377,732,554	0	0
em-p-ihep51	20260624091026087000000	20	23,144,576,221,184	23,144,708,435,968	14,723,930,393,844	25,154,938,761,216	25,945,969,811,456	22,034,264,555,520	29,685,706,653,696	423,814,675	1,315,513,870	0	0
em-p-ihep51	20260624091036088000000	17	23,144,576,004,096	23,144,821,161,984	14,720,497,716,349	25,154,938,761,216	25,945,969,811,456	22,034,264,555,520	29,685,706,653,696	227,054,136	950,006,732	0	0
em-p-ihep51	20260624091046090000000	17	23,144,571,584,512	23,144,720,027,648	14,717,759,731,515	25,154,938,761,216	25,945,969,811,456	22,034,264,555,520	29,685,706,653,696	216,043,911	1,339,503,638	0	0
em-p-ihep51	20260624091056176000000	13	23,144,575,037,440	23,144,712,044,544	14,720,049,184,255	25,154,938,761,216	25,945,969,811,456	22,034,264,555,520	29,685,706,653,696	412,261,328	1,693,944,037	0	0
em-p-ihep51	20260624091106174000000	15	23,144,575,234,048	23,144,733,786,112	14,721,188,731,070	25,154,938,761,216	25,945,969,811,456	22,034,264,555,520	29,685,706,653,696	233,499,165	2,805,253,349	0	0
em-p-ihep51	20260624091116275000000	15	23,144,577,581,056	23,144,713,019,392	14,716,288,575,171	25,154,938,761,216	25,945,969,811,456	22,034,264,555,520	29,685,706,653,696	446,709,151	2,343,843,673	0	0
em-p-ihep51	20260624091126367000000	14	23,144,577,470,464	23,144,713,011,200	14,720,095,052,336	25,154,938,761,216	25,945,969,811,456	22,034,264,555,520	29,685,706,653,696	208,423,842	1,292,221,365	0	0
em-p-ihep51	20260624091136480000000	14	23,144,578,822,144	23,144,710,950,912	14,722,768,396,617	25,154,938,761,216	25,945,969,811,456	22,034,264,555,520	29,685,706,653,696	145,482,314	1,113,690,109	0	0
em-p-ihep51	20260624091146545000000	15	23,144,638,455,808	23,144,787,222,528	14,721,151,231,397	25,154,938,761,216	25,945,969,811,456	22,034,264,555,520	29,685,706,653,696	334,281,965	1,423,269,485	0	0
em-p-ihep51	20260624091156554000000	13	23,144,637,272,064	23,144,810,500,096	14,718,280,318,095	25,154,938,761,216	25,945,969,811,456	22,034,264,555,520	29,685,706,653,696	180,273,740	1,217,267,146	0	0
em-p-ihep51	20260624091206565000000	14	23,144,637,431,808	23,144,812,838,912	14,721,031,801,129	25,154,938,761,216	25,945,969,811,456	22,034,264,555,520	29,685,706,653,696	755,261,926	1,873,965,773	0	0
em-p-ihep51	20260624091216590000000	16	23,144,637,595,648	23,145,298,419,712	14,719,291,312,584	25,154,938,761,216	25,945,969,811,456	22,034,264,555,520	29,685,706,653,696	405,038,322	1,346,595,857	0	0
em-p-ihep51	20260624091226610000000	13	23,144,634,359,808	23,144,809,332,736	14,717,744,930,532	25,154,938,761,216	25,945,969,811,456	22,034,264,555,520	29,685,706,653,696	401,068,556	1,335,009,859	0	0
em-p-ihep51	20260624091236598000000	12	23,144,630,960,128	23,144,827,482,112	14,723,857,342,327	25,154,938,761,216	25,945,969,811,456	22,034,264,555,520	29,685,706,653,696	277,745,955	1,084,493,548	0	0
em-p-ihep51	20260624091246685000000	11	23,144,630,853,632	23,144,788,885,504	14,713,950,574,545	25,154,938,761,216	25,945,969,811,456	22,034,264,555,520	29,685,706,653,696	220,968,394	872,799,978	0	0
em-p-ihep51	20260624091256721000000	9	23,144,630,747,136	23,145,266,384,896	14,719,649,457,411	25,154,938,761,216	25,945,969,811,456	22,034,264,555,520	29,685,706,653,696	190,254,667	470,401,456	0	0
em-p-ihep51	20260624091306713000000	11	23,144,628,535,296	23,144,785,772,544	14,718,239,711,740	25,154,938,761,216	25,945,969,811,456	22,034,264,555,520	29,685,706,653,696	404,835,558	763,613,116	0	0
em-p-ihep51	20260624091316726000000	12	23,144,628,428,800	23,144,783,114,240	14,723,721,703,718	25,154,938,761,216	25,945,969,811,456	22,034,264,555,520	29,685,706,653,696	378,753,172	525,031,668	0	0
em-p-ihep51	20260624091326715000000	9	23,144,616,554,496	23,144,780,664,832	14,716,684,645,517	25,154,938,761,216	25,945,969,811,456	22,034,264,555,520	29,685,706,653,696	387,803,091	739,621,311	0	0
em-p-ihep51	20260624091336851000000	10	23,144,615,530,496	23,144,773,087,232	14,715,394,057,754	25,154,938,761,216	25,945,969,811,456	22,034,264,555,520	29,685,706,653,696	700,199,402	996,473,587	0	0
em-p-ihep51	20260624091346921000000	13	23,144,615,424,000	23,144,773,632,000	14,716,332,417,400	25,154,938,761,216	25,945,969,811,456	22,034,264,555,520	29,685,706,653,696	629,750,981	862,140,642	0	0
em-p-ihep51	20260624091357018000000	10	23,144,615,858,176	23,144,846,336,000	14,717,152,811,998	25,154,938,761,216	25,945,969,811,456	22,034,264,555,520	29,685,706,653,696	384,572,950	1,585,672,848	0	0
em-p-ihep51	20260624091407017000000	10	23,144,616,022,016	23,144,856,776,704	14,715,925,240,007	25,154,938,761,216	25,945,969,811,456	22,034,264,555,520	29,685,706,653,696	456,581,449	1,984,019,202	0	0
em-p-ihep51	20260624091417112000000	11	23,144,614,887,424	23,144,841,539,584	14,717,484,937,445	25,154,938,761,216	25,945,969,811,456	22,034,264,555,520	29,685,706,653,696	251,352,814	524,832,387	0	0
em-p-ihep51	20260624091427203000000	10	23,144,618,401,792	23,144,843,689,984	14,717,532,761,385	25,154,938,761,216	25,945,969,811,456	22,034,264,555,520	29,685,706,653,696	356,210,624	949,580,958	0	0
em-p-ihep51	20260624091437285000000	12	23,144,618,459,136	23,144,843,927,552	14,713,512,370,803	25,154,938,761,216	25,945,969,811,456	22,034,264,555,520	29,685,706,653,696	691,359,355	868,611,046	0	0
em-p-ihep51	20260624091447301000000	13	23,144,617,271,296	23,144,779,862,016	14,722,795,103,363	25,154,938,761,216	25,945,969,811,456	22,034,264,555,520	29,685,706,653,696	397,024,796	645,158,593	0	0
em-p-ihep51	20260624091457392000000	12	23,144,617,164,800	23,144,775,131,136	14,718,151,596,199	25,154,938,761,216	25,945,969,811,456	22,034,264,555,520	29,685,706,653,696	212,841,896	567,316,271	0	0
em-p-ihep51	20260624091507397000000	28	23,144,628,457,472	23,145,159,757,824	14,730,700,900,770	25,154,938,761,216	25,945,969,811,456	22,034,264,555,520	29,685,706,653,696	545,074,689	1,705,549,694	0	0
em-p-ihep51	20260624091517512000000	14	23,144,629,747,712	23,144,950,870,016	14,727,393,024,440	25,154,938,761,216	25,945,969,811,456	22,034,264,555,520	29,685,706,653,696	368,664,159	1,917,798,854	0	0
em-p-ihep51	20260624091527588000000	14	23,144,631,263,232	23,144,789,209,088	14,728,533,454,123	25,154,938,761,216	25,945,969,811,456	22,034,264,555,520	29,685,706,653,696	267,534,948	1,018,683,421	0	0
em-p-ihep51	20260624091537682000000	13	23,144,631,156,736	23,144,789,569,536	14,722,015,223,906	25,154,938,761,216	25,945,969,811,456	22,034,264,555,520	29,685,706,653,696	306,029,602	790,183,124	0	0
em-p-ihep51	20260624091547779000000	15	23,144,626,405,376	23,144,795,983,872	14,723,835,884,104	25,154,938,761,216	25,945,969,811,456	22,034,264,555,520	29,685,706,653,696	390,416,384	716,460,034	0	0
em-p-ihep51	20260624091557872000000	15	23,144,625,381,376	23,144,786,530,304	14,722,229,784,077	25,154,938,761,216	25,945,969,811,456	22,034,264,555,520	29,685,706,653,696	159,510,635	339,013,134	0	0
em-p-ihep51	20260624091607968000000	14	23,144,624,185,344	23,144,782,163,968	14,727,495,176,398	25,154,938,761,216	25,945,969,811,456	22,034,264,555,520	29,685,706,653,696	385,372,388	650,391,086	0	0
em-p-ihep51	20260624091618064000000	14	23,144,625,160,192	23,144,765,599,744	14,720,352,526,409	25,154,938,761,216	25,945,969,811,456	22,034,264,555,520	29,685,706,653,696	305,467,965	1,095,887,000	0	0
em-p-ihep51	20260624091628078000000	14	23,144,625,324,032	23,145,193,152,512	14,723,802,854,077	25,154,938,761,216	25,945,969,811,456	22,034,264,555,520	29,685,706,653,696	119,457,575	820,833,578	0	0
em-p-ihep51	20260624091638187000000	13	23,144,624,164,864	23,144,750,989,312	14,720,664,688,243	25,154,938,761,216	25,945,969,811,456	22,034,264,555,520	29,685,706,653,696	147,223,734	1,210,392,182	0	0
em-p-ihep51	20260624091648177000000	14	23,144,627,032,064	23,144,787,677,184	14,715,975,300,063	25,154,938,761,216	25,945,969,811,456	22,034,264,555,520	29,685,706,653,696	273,279,669	1,112,884,743	0	0
em-p-ihep51	20260624091658281000000	11	23,144,626,925,568	23,144,788,295,680	14,719,934,946,696	25,154,938,761,216	25,945,969,811,456	22,034,264,555,520	29,685,706,653,696	236,452,863	716,891,903	0	0
em-p-ihep51	20260624091708263000000	11	23,144,626,819,072	23,144,773,971,968	14,728,282,580,871	25,154,938,761,216	25,945,969,811,456	22,034,264,555,520	29,685,706,653,696	135,365,389	506,105,886	0	0
em-p-ihep51	20260624091718368000000	11	23,144,625,795,072	23,144,773,345,280	14,717,861,943,628	25,154,938,761,216	25,945,969,811,456	22,034,264,555,520	29,685,706,653,696	270,811,077	549,456,000	0	0
em-p-ihep51	20260624091728387000000	13	23,144,628,056,064	23,145,004,347,392	14,720,582,416,712	25,154,938,761,216	25,945,969,811,456	22,034,264,555,520	29,685,706,653,696	176,935,996	904,937,869	0	0
em-p-ihep51	20260624091738481000000	14	23,144,625,582,080	23,144,764,727,296	14,721,587,527,198	25,154,938,761,216	25,945,969,811,456	22,034,264,555,520	29,685,706,653,696	242,522,792	1,521,013,707	0	0
em-p-ihep51	20260624091748593000000	14	23,144,620,994,560	23,144,736,616,448	14,724,058,024,119	25,154,938,761,216	25,945,969,811,456	22,034,264,555,520	29,685,706,653,696	224,578,700	635,201,839	0	0
em-p-ihep51	20260624091758589000000	13	23,144,620,888,064	23,144,741,392,384	14,721,007,098,144	25,154,938,761,216	25,945,969,811,456	22,034,264,555,520	29,685,706,653,696	327,992,940	1,019,438,811	0	0
em-p-ihep51	20260624091808661000000	12	23,144,621,965,312	23,144,744,153,088	14,724,903,716,103	25,154,938,761,216	25,945,969,811,456	22,034,264,555,520	29,685,706,653,696	302,049,289	1,164,392,532	0	0
em-p-ihep51	20260624091818793000000	14	23,144,624,021,504	23,144,758,501,376	14,723,721,858,494	25,154,938,761,216	25,945,969,811,456	22,034,264,555,520	29,685,706,653,696	357,375,259	946,662,795	0	0
em-p-ihep51	20260624091828774000000	10	23,144,624,291,840	23,144,747,282,432	14,715,139,920,089	25,154,938,761,216	25,945,969,811,456	22,034,264,555,520	29,685,706,653,696	143,217,225	412,660,788	0	0
em-p-ihep51	20260624091838872000000	12	23,144,625,156,096	23,144,747,335,680	14,725,935,665,339	25,154,938,761,216	25,945,969,811,456	22,034,264,555,520	29,685,706,653,696	356,458,642	715,295,985	0	0
em-p-ihep51	20260624091848873000000	16	23,144,620,625,920	23,145,222,397,952	14,723,647,677,722	25,154,938,761,216	25,945,969,811,456	22,034,264,555,520	29,685,706,653,696	258,171,352	656,923,052	0	0
em-p-ihep51	20260624091858964000000	11	23,144,623,329,280	23,144,746,278,912	14,718,866,570,665	25,154,938,761,216	25,945,969,811,456	22,034,264,555,520	29,685,706,653,696	129,208,932	384,312,509	0	0
em-p-ihep51	20260624091909061000000	15	23,144,626,733,056	23,144,750,161,920	14,727,225,740,007	25,154,938,761,216	25,945,969,811,456	22,034,264,555,520	29,685,706,653,696	172,233,358	1,151,002,947	0	0
em-p-ihep51	20260624091919159000000	12	23,144,626,626,560	23,144,747,200,512	14,722,298,025,275	25,154,938,761,216	25,945,969,811,456	22,034,264,555,520	29,685,706,653,696	290,624,640	585,150,898	0	0
em-p-ihep51	20260624091929154000000	13	23,144,625,385,472	23,145,143,902,208	14,715,777,691,553	25,154,938,761,216	25,945,969,811,456	22,034,264,555,520	29,685,706,653,696	325,739,425	1,332,308,495	0	0
em-p-ihep51	20260624091939243000000	9	23,144,625,549,312	23,144,749,199,360	14,718,676,640,184	25,154,938,761,216	25,945,969,811,456	22,034,264,555,520	29,685,706,653,696	367,141,881	1,786,320,183	0	0
em-p-ihep51	20260624091949330000000	10	23,144,624,177,152	23,144,917,884,928	14,718,739,421,547	25,154,938,761,216	25,945,969,811,456	22,034,264,555,520	29,685,706,653,696	368,441,084	2,427,514,519	0	0
em-p-ihep51	20260624091959464000000	7	23,144,627,929,088	23,144,787,193,856	14,717,038,510,967	25,154,938,761,216	25,945,969,811,456	22,034,264,555,520	29,685,706,653,696	194,084,791	819,399,538	0	0
em-p-ihep51	20260624092009425000000	26	23,144,637,042,688	23,144,749,535,232	14,757,979,709,307	25,154,938,761,216	25,945,969,811,456	22,034,264,555,520	29,685,706,653,696	607,566,320	1,633,235,979	0	0
em-p-ihep51	20260624092019432000000	19	23,144,634,671,104	23,144,748,941,312	14,737,792,040,900	25,154,938,761,216	25,945,969,811,456	22,034,264,555,520	29,685,706,653,696	311,648,320	718,025,721	0	0
em-p-ihep51	20260624092029529000000	17	23,144,847,855,616	23,144,964,608,000	14,736,886,797,926	25,154,938,761,216	25,945,969,811,456	22,034,264,555,520	29,685,706,653,696	216,346,238	881,843,573	0	0
em-p-ihep51	20260624092039617000000	15	23,144,847,638,528	23,144,963,973,120	14,726,968,398,770	25,154,938,761,216	25,945,969,811,456	22,034,264,555,520	29,685,706,653,696	258,108,714	585,655,512	0	0
em-p-ihep51	20260624092049690000000	12	23,144,847,806,464	23,144,965,615,616	14,720,597,433,321	25,154,938,761,216	25,945,969,811,456	22,034,264,555,520	29,685,706,653,696	588,406,081	1,906,407,741	0	0
em-p-ihep51	20260624092059808000000	14	23,144,849,965,056	23,144,967,106,560	14,722,721,228,582	25,154,938,761,216	25,945,969,811,456	22,034,264,555,520	29,685,706,653,696	698,024,261	1,724,242,815	0	0
em-p-ihep51	20260624092109815000000	21	23,144,835,764,224	23,145,492,074,496	14,735,341,948,719	25,154,938,761,216	25,945,969,811,456	22,034,264,555,520	29,685,706,653,696	555,614,857	1,673,255,807	0	0
em-p-ihep51	20260624092119820000000	17	23,144,835,928,064	23,144,952,877,056	14,736,022,072,555	25,154,938,761,216	25,945,969,811,456	22,034,264,555,520	29,685,706,653,696	592,468,339	848,514,256	0	0
em-p-ihep51	20260624092129946000000	15	23,144,837,009,408	23,144,955,060,224	14,722,973,794,875	25,154,938,761,216	25,945,969,811,456	22,034,264,555,520	29,685,706,653,696	141,198,207	857,479,308	0	0
em-p-ihep51	20260624092140013000000	15	23,144,836,902,912	23,145,010,442,240	14,722,198,356,596	25,154,938,761,216	25,945,969,811,456	22,034,264,555,520	29,685,706,653,696	668,043,775	1,231,303,206	0	0
em-p-ihep51	20260624092150106000000	13	23,144,842,301,440	23,145,443,160,064	14,718,726,761,632	25,154,938,761,216	25,945,969,811,456	22,034,264,555,520	29,685,706,653,696	489,086,932	945,926,414	0	0
em-p-ihep51	20260624092200199000000	10	23,144,842,412,032	23,145,006,612,480	14,719,013,158,724	25,154,938,761,216	25,945,969,811,456	22,034,264,555,520	29,685,706,653,696	506,053,066	857,533,480	0	0
em-p-ihep51	20260624092210297000000	13	23,144,843,988,992	23,145,006,571,520	14,733,350,793,934	25,154,938,761,216	25,945,969,811,456	22,034,264,555,520	29,685,706,653,696	472,910,299	1,502,001,539	0	0
em-p-ihep51	20260624092220395000000	14	23,144,846,692,352	23,145,015,123,968	14,730,724,470,707	25,154,938,761,216	25,945,969,811,456	22,034,264,555,520	29,685,706,653,696	346,876,009	1,271,213,962	0	0
em-p-ihep51	20260624092230485000000	13	23,144,846,856,192	23,145,010,819,072	14,722,995,732,125	25,154,938,761,216	25,945,969,811,456	22,034,264,555,520	29,685,706,653,696	359,067,199	1,083,862,710	0	0
em-p-ihep51	20260624092240580000000	13	23,144,846,749,696	23,144,976,101,376	14,727,350,230,631	25,154,938,761,216	25,945,969,811,456	22,034,264,555,520	29,685,706,653,696	518,949,435	758,240,393	0	0
em-p-ihep51	20260624092250573000000	10	23,144,846,749,696	23,144,972,595,200	14,721,736,742,497	25,154,938,761,216	25,945,969,811,456	22,034,264,555,520	29,685,706,653,696	580,751,565	1,514,973,130	0	0
em-p-ihep51	20260624092300672000000	11	23,144,846,913,536	23,144,997,040,128	14,723,756,149,540	25,154,938,761,216	25,945,969,811,456	22,034,264,555,520	29,685,706,653,696	625,528,533	913,846,049	0	0
em-p-ihep51	20260624092310699000000	15	23,144,847,917,056	23,144,972,197,888	14,727,346,282,337	25,154,938,761,216	25,945,969,811,456	22,034,264,555,520	29,685,706,653,696	193,961,605	1,739,750,863	0	0
em-p-ihep51	20260624092320669000000	14	23,144,845,512,704	23,144,974,454,784	14,725,865,943,641	25,154,938,761,216	25,945,969,811,456	22,034,264,555,520	29,685,706,653,696	400,406,017	1,286,863,205	0	0
em-p-ihep51	20260624092330674000000	10	23,144,847,831,040	23,144,974,495,744	14,722,204,027,451	25,154,938,761,216	25,945,969,811,456	22,034,264,555,520	29,685,706,653,696	391,603,316	1,190,657,109	0	0
em-p-ihep51	20260624092340692000000	11	23,144,846,659,584	23,145,155,014,656	14,721,623,494,211	25,154,938,761,216	25,945,969,811,456	22,034,264,555,520	29,685,706,653,696	160,444,830	1,227,537,620	0	0
em-p-ihep51	20260624092350772000000	14	23,144,839,532,544	23,144,963,452,928	14,718,862,412,812	25,154,938,761,216	25,945,969,811,456	22,034,264,555,520	29,685,706,653,696	199,508,923	1,231,834,847	0	0
em-p-ihep51	20260624092400796000000	16	23,144,839,696,384	23,145,047,941,120	14,723,167,658,129	25,154,938,761,216	25,945,969,811,456	22,034,264,555,520	29,685,706,653,696	142,755,193	622,722,077	0	0
em-p-ihep51	20260624092410887000000	16	23,144,839,589,888	23,145,218,412,544	14,727,069,110,977	25,154,938,761,216	25,945,969,811,456	22,034,264,555,520	29,685,706,653,696	332,349,939	1,327,718,641	0	0
em-p-ihep51	20260624092420894000000	15	23,144,833,691,648	23,145,042,259,968	14,719,556,375,028	25,154,938,761,216	25,945,969,811,456	22,034,264,555,520	29,685,706,653,696	342,612,075	735,103,896	0	0
em-p-ihep51	20260624092430992000000	9	23,146,982,649,856	23,146,979,414,016	14,731,261,939,026	25,154,938,761,216	25,945,969,811,456	22,034,264,555,520	29,685,706,653,696	308,445,475	947,593,347	0	0
em-p-ihep51	20260624092440994000000	12	23,154,691,981,312	23,154,901,000,192	14,736,190,540,816	25,154,938,761,216	25,945,969,811,456	22,034,264,555,520	29,685,706,653,696	267,724,860	608,813,523	0	0
em-p-ihep51	20260624092451019000000	14	23,155,869,454,336	23,156,087,001,088	14,745,219,406,906	25,154,938,761,216	25,945,969,811,456	22,034,264,555,520	29,685,706,653,696	435,494,175	1,026,679,316	0	0
em-p-ihep51	20260624092501109000000	13	23,155,869,618,176	23,156,079,239,168	14,740,166,848,576	25,154,938,761,216	25,945,969,811,456	22,034,264,555,520	29,685,706,653,696	273,046,018	1,368,198,767	0	0
em-p-ihep51	20260624092511178000000	15	23,155,874,320,384	23,156,084,113,408	14,755,575,623,923	25,154,938,761,216	25,945,969,811,456	22,034,264,555,520	29,685,706,653,696	228,809,885	1,720,830,726	0	0
em-p-ihep51	20260624092521284000000	13	23,155,875,667,968	23,156,455,256,064	14,725,222,042,989	25,154,938,761,216	25,945,969,811,456	22,034,264,555,520	29,685,706,653,696	275,423,117	871,189,986	0	0
em-p-ihep51	20260624092531287000000	13	23,146,332,880,896	23,146,454,335,488	14,725,915,588,074	25,154,938,761,216	25,945,969,811,456	22,034,264,555,520	29,685,706,653,696	163,440,647	446,206,684	0	0
em-p-ihep51	20260624092541305000000	13	23,146,335,207,424	23,146,457,038,848	14,718,551,511,298	25,154,938,761,216	25,945,969,811,456	22,034,264,555,520	29,685,706,653,696	331,769,228	635,335,823	0	0
em-p-ihep51	20260624092551392000000	15	23,146,335,100,928	23,146,461,442,048	14,727,519,106,787	25,154,938,761,216	25,945,969,811,456	22,034,264,555,520	29,685,706,653,696	404,388,350	692,348,810	0	0
em-p-ihep51	20260624092601407000000	16	23,146,335,264,768	23,146,452,873,216	14,726,892,609,085	25,154,938,761,216	25,945,969,811,456	22,034,264,555,520	29,685,706,653,696	302,342,970	517,898,339	0	0
em-p-ihep51	20260624092611495000000	15	23,146,337,591,296	23,146,455,252,992	14,733,496,590,244	25,154,938,761,216	25,945,969,811,456	22,034,264,555,520	29,685,706,653,696	359,945,283	695,646,678	0	0
em-p-ihep51	20260624092621500000000	16	23,146,338,672,640	23,146,457,452,544	14,728,858,936,394	25,154,938,761,216	25,945,969,811,456	22,034,264,555,520	29,685,706,653,696	233,769,139	1,029,110,555	0	0
em-p-ihep51	20260624092631601000000	14	23,146,340,024,320	23,146,521,989,120	14,724,763,847,941	25,154,938,761,216	25,945,969,811,456	22,034,264,555,520	29,685,706,653,696	342,107,115	1,488,951,262	0	0
em-p-ihep51	20260624092641599000000	16	23,146,347,479,040	23,146,496,643,072	14,729,141,832,130	25,154,938,761,216	25,945,969,811,456	22,034,264,555,520	29,685,706,653,696	532,515,995	842,952,104	0	0
em-p-ihep51	20260624092651599000000	14	23,146,346,291,200	23,146,503,102,464	14,728,094,355,813	25,154,938,761,216	25,945,969,811,456	22,034,264,555,520	29,685,706,653,696	288,975,093	648,104,775	0	0
em-p-ihep51	20260624092701694000000	9	23,146,347,372,544	23,146,503,761,920	14,724,111,318,053	25,154,938,761,216	25,945,969,811,456	22,034,264,555,520	29,685,706,653,696	259,515,448	655,606,636	0	0
em-p-ihep51	20260624092711807000000	13	23,146,345,426,944	23,146,506,678,272	14,736,647,464,041	25,154,938,761,216	25,945,969,811,456	22,034,264,555,520	29,685,706,653,696	248,314,018	451,360,764	0	0
em-p-ihep51	20260624092721802000000	8	23,152,204,656,640	23,151,858,417,664	14,735,207,501,362	25,154,938,761,216	25,945,969,811,456	22,034,264,555,520	29,685,706,653,696	138,481,404	429,593,827	0	0
em-p-ihep51	20260624092731899000000	7	23,156,616,974,336	23,156,239,409,152	14,740,782,575,714	25,154,938,761,216	25,945,969,811,456	22,034,264,555,520	29,685,706,653,696	274,146,692	686,828,179	0	0
em-p-ihep51	20260624092741998000000	10	23,158,297,006,080	23,158,504,992,768	14,731,515,017,626	25,154,938,761,216	25,945,969,811,456	22,034,264,555,520	29,685,706,653,696	152,895,849	787,266,269	0	0
em-p-ihep51	20260624092752011000000	14	23,154,880,233,472	23,155,049,213,952	14,733,546,365,575	25,154,938,761,216	25,945,969,811,456	22,034,264,555,520	29,685,706,653,696	268,037,098	1,193,239,257	0	0
em-p-ihep51	20260624092802105000000	17	23,154,878,939,136	23,155,053,223,936	14,734,815,879,592	25,154,938,761,216	25,945,969,811,456	22,034,264,555,520	29,685,706,653,696	389,986,091	1,222,811,859	0	0
em-p-ihep51	20260624092812205000000	18	23,155,177,295,872	23,155,398,123,520	14,736,466,889,559	25,154,938,761,216	25,945,969,811,456	22,034,264,555,520	29,685,706,653,696	315,157,107	1,888,758,990	0	0
em-p-ihep51	20260624092822302000000	11	23,155,178,344,448	23,155,345,756,160	14,732,763,664,136	25,154,938,761,216	25,945,969,811,456	22,034,264,555,520	29,685,706,653,696	338,672,301	1,423,918,227	0	0
em-p-ihep51	20260624092832389000000	9	23,155,176,185,856	23,155,342,901,248	14,733,477,593,638	25,154,938,761,216	25,945,969,811,456	22,034,264,555,520	29,685,706,653,696	362,733,868	807,063,490	0	0
em-p-ihep51	20260624092842400000000	13	23,155,166,855,168	23,155,332,464,640	14,727,985,692,532	25,154,938,761,216	25,945,969,811,456	22,034,264,555,520	29,685,706,653,696	451,709,372	1,163,043,895	0	0
em-p-ihep51	20260624092852406000000	10	23,155,166,748,672	23,155,348,615,168	14,732,904,475,356	25,154,938,761,216	25,945,969,811,456	22,034,264,555,520	29,685,706,653,696	326,046,742	1,182,631,813	0	0
em-p-ihep51	20260624092902384000000	9	23,155,715,153,920	23,155,799,601,152	14,727,907,264,583	25,154,938,761,216	25,945,969,811,456	22,034,264,555,520	29,685,706,653,696	594,407,327	1,531,066,066	0	0
em-p-ihep51	20260624092912386000000	12	23,155,768,680,448	23,155,932,622,848	14,731,963,701,875	25,154,938,761,216	25,945,969,811,456	22,034,264,555,520	29,685,706,653,696	476,732,650	1,624,621,465	0	0
em-p-ihep51	20260624092922483000000	9	23,155,768,573,952	23,155,938,512,896	14,732,482,449,217	25,154,938,761,216	25,945,969,811,456	22,034,264,555,520	29,685,706,653,696	309,316,593	1,126,611,869	0	0
em-p-ihep51	20260624092932602000000	8	23,155,767,279,616	23,155,930,443,776	14,734,391,190,987	25,154,938,761,216	25,945,969,811,456	22,034,264,555,520	29,685,706,653,696	358,064,102	965,661,249	0	0
em-p-ihep51	20260624092942697000000	10	23,155,767,443,456	23,155,914,088,448	14,727,341,159,654	25,154,938,761,216	25,945,969,811,456	22,034,264,555,520	29,685,706,653,696	367,805,358	1,244,188,210	0	0
em-p-ihep51	20260624092952795000000	11	23,155,767,336,960	23,155,964,735,488	14,742,966,171,844	25,154,938,761,216	25,945,969,811,456	22,034,264,555,520	29,685,706,653,696	412,677,624	672,593,681	0	0
em-p-ihep51	20260624093002883000000	15	23,155,779,121,152	23,155,931,938,816	14,739,852,895,715	25,154,938,761,216	25,945,969,811,456	22,034,264,555,520	29,685,706,653,696	490,716,264	2,095,649,746	0	0
em-p-ihep51	20260624093012932000000	30	23,155,765,862,400	23,155,898,232,832	14,773,725,729,156	25,154,938,761,216	25,945,969,811,456	22,034,264,555,520	29,685,706,653,696	1,298,155,830	2,938,307,178	0	0
em-p-ihep51	20260624093022926000000	25	23,155,765,702,656	23,155,898,294,272	14,747,242,164,433	25,154,938,761,216	25,945,969,811,456	22,034,264,555,520	29,685,706,653,696	927,622,002	1,868,994,213	0	0
em-p-ihep51	20260624093033015000000	19	23,155,766,673,408	23,156,242,014,208	14,746,125,553,178	25,154,938,761,216	25,945,969,811,456	22,034,264,555,520	29,685,706,653,696	489,746,753	1,468,807,925	73,728	0
em-p-ihep51	20260624093043028000000	14	23,155,767,918,592	23,155,897,221,120	14,739,386,073,232	25,154,938,761,216	25,945,969,811,456	22,034,264,555,520	29,685,706,653,696	518,524,074	1,506,524,791	0	0
em-p-ihep51	20260624093053031000000	13	23,155,767,812,096	23,155,900,293,120	14,735,443,659,425	25,154,938,761,216	25,945,969,811,456	22,034,264,555,520	29,685,706,653,696	404,471,382	1,062,207,398	0	0
em-p-ihep51	20260624093103036000000	13	23,155,769,327,616	23,155,899,772,928	14,733,527,019,511	25,154,938,761,216	25,945,969,811,456	22,034,264,555,520	29,685,706,653,696	379,246,967	963,848,784	0	0
em-p-ihep51	20260624093113056000000	14	23,155,766,931,456	23,156,486,336,512	14,736,666,080,196	25,154,938,761,216	25,945,969,811,456	22,034,264,555,520	29,685,706,653,696	347,231,258	1,808,747,768	0	0
em-p-ihep51	20260624093123135000000	12	23,155,767,975,936	23,155,934,449,664	14,737,001,887,774	25,154,938,761,216	25,945,969,811,456	22,034,264,555,520	29,685,706,653,696	270,802,383	1,584,071,552	0	0
em-p-ihep51	20260624093133160000000	11	23,155,767,975,936	23,155,926,982,656	14,737,169,557,827	25,154,938,761,216	25,945,969,811,456	22,034,264,555,520	29,685,706,653,696	136,895,077	543,489,972	0	0
em-p-ihep51	20260624093143198000000	18	23,155,768,950,784	23,155,933,523,968	14,746,155,533,324	25,154,938,761,216	25,945,969,811,456	22,034,264,555,520	29,685,706,653,696	402,635,949	968,262,381	0	0
em-p-ihep51	20260624093153192000000	21	23,155,766,607,872	23,155,930,312,704	14,732,063,820,598	25,154,938,761,216	25,945,969,811,456	22,034,264,555,520	29,685,706,653,696	375,389,329	1,253,862,760	0	0
em-p-ihep51	20260624093203196000000	18	23,155,770,470,400	23,155,934,150,656	14,736,385,007,973	25,154,938,761,216	25,945,969,811,456	22,034,264,555,520	29,685,706,653,696	587,263,513	1,571,398,225	0	0
em-p-ihep51	20260624093213299000000	15	23,155,770,363,904	23,155,931,455,488	14,737,600,755,440	25,154,938,761,216	25,945,969,811,456	22,034,264,555,520	29,685,706,653,696	317,058,331	1,087,846,348	12,288	0
em-p-ihep51	20260624093223318000000	14	23,155,771,129,856	23,156,215,279,616	14,736,447,073,926	25,154,938,761,216	25,945,969,811,456	22,034,264,555,520	29,685,706,653,696	276,769,522	651,550,974	0	0
em-p-ihep51	20260624093233306000000	16	23,155,770,163,200	23,156,084,731,904	14,737,462,810,919	25,154,938,761,216	25,945,969,811,456	22,034,264,555,520	29,685,706,653,696	430,991,704	2,173,956,011	0	0
em-p-ihep51	20260624093243299000000	11	23,155,771,449,344	23,155,930,308,608	14,735,743,442,138	25,154,938,761,216	25,945,969,811,456	22,034,264,555,520	29,685,706,653,696	432,427,303	1,022,112,637	0	0
em-p-ihep51	20260624093253394000000	9	23,155,771,342,848	23,155,933,630,464	14,734,527,743,474	25,154,938,761,216	25,945,969,811,456	22,034,264,555,520	29,685,706,653,696	219,158,306	664,705,754	0	0
em-p-ihep51	20260624093303507000000	9	23,155,779,342,336	23,155,931,664,384	14,729,754,109,590	25,154,938,761,216	25,945,969,811,456	22,034,264,555,520	29,685,706,653,696	501,863,270	964,101,524	0	0
em-p-ihep51	20260624093313590000000	9	23,155,782,471,680	23,155,939,201,024	14,733,445,986,367	25,154,938,761,216	25,945,969,811,456	22,034,264,555,520	29,685,706,653,696	253,929,571	569,280,548	0	0
em-p-ihep51	20260624093323666000000	11	23,155,960,119,296	23,156,114,845,696	14,734,264,808,624	25,154,938,761,216	25,945,969,811,456	22,034,264,555,520	29,685,706,653,696	162,274,926	1,050,257,435	0	0
em-p-ihep51	20260624093333777000000	13	23,156,022,947,840	23,156,179,312,640	14,732,818,534,147	25,154,938,761,216	25,945,969,811,456	22,034,264,555,520	29,685,706,653,696	303,031,417	1,100,984,124	0	0
em-p-ihep51	20260624093343775000000	12	23,156,023,111,680	23,156,174,962,688	14,733,341,806,985	25,154,938,761,216	25,945,969,811,456	22,034,264,555,520	29,685,706,653,696	190,006,634	600,647,329	0	0
em-p-ihep51	20260624093353887000000	10	23,156,023,005,184	23,156,177,866,752	14,738,713,620,987	25,154,938,761,216	25,945,969,811,456	22,034,264,555,520	29,685,706,653,696	122,365,859	632,703,015	0	0
em-p-ihep51	20260624093403982000000	13	23,156,023,169,024	23,156,193,759,232	14,739,205,577,099	25,154,938,761,216	25,945,969,811,456	22,034,264,555,520	29,685,706,653,696	143,679,332	883,094,969	0	0
em-p-ihep51	20260624093414089000000	12	23,156,023,169,024	23,156,268,371,968	14,738,089,921,025	25,154,938,761,216	25,945,969,811,456	22,034,264,555,520	29,685,706,653,696	146,964,120	700,337,825	0	0
em-p-ihep51	20260624093424071000000	15	23,156,021,981,184	23,156,248,936,448	14,740,311,012,802	25,154,938,761,216	25,945,969,811,456	22,034,264,555,520	29,685,706,653,696	384,286,975	691,546,254	0	0
em-p-ihep51	20260624093434078000000	13	23,156,023,058,432	23,156,248,780,800	14,733,594,212,124	25,154,938,761,216	25,945,969,811,456	22,034,264,555,520	29,685,706,653,696	292,577,242	826,386,955	4,096	0
em-p-ihep51	20260624093444084000000	12	23,156,026,568,704	23,156,277,239,808	14,737,254,349,169	25,154,938,761,216	25,945,969,811,456	22,034,264,555,520	29,685,706,653,696	284,714,477	1,626,740,933	0	0
em-p-ihep51	20260624093454084000000	12	23,156,025,380,864	23,156,254,720,000	14,735,003,825,630	25,154,938,761,216	25,945,969,811,456	22,034,264,555,520	29,685,706,653,696	138,229,894	1,282,942,685	0	0
em-p-ihep51	20260624093504214000000	12	23,156,028,895,232	23,156,258,336,768	14,734,396,048,907	25,154,938,761,216	25,945,969,811,456	22,034,264,555,520	29,685,706,653,696	387,432,127	1,222,579,616	0	0
em-p-ihep51	20260624093514248000000	20	23,156,024,360,960	23,156,254,801,920	14,739,101,942,111	25,154,938,761,216	25,945,969,811,456	22,034,264,555,520	29,685,706,653,696	911,949,308	1,916,518,195	0	0
em-p-ihep51	20260624093524303000000	14	23,156,020,690,944	23,156,255,174,656	14,742,308,713,342	25,154,938,761,216	25,945,969,811,456	22,034,264,555,520	29,685,706,653,696	702,632,182	1,420,178,714	0	0
em-p-ihep51	20260624093534303000000	15	23,156,016,513,024	23,156,235,165,696	14,737,731,863,321	25,154,938,761,216	25,945,969,811,456	22,034,264,555,520	29,685,706,653,696	192,931,535	647,243,519	0	0
em-p-ihep51	20260624093544329000000	17	23,156,015,325,184	23,156,237,275,136	14,740,042,862,161	25,154,938,761,216	25,945,969,811,456	22,034,264,555,520	29,685,706,653,696	276,666,223	751,298,579	0	0
em-p-ihep51	20260624093554366000000	15	23,156,016,406,528	23,156,669,206,528	14,740,459,549,036	25,154,938,761,216	25,945,969,811,456	22,034,264,555,520	29,685,706,653,696	190,859,458	623,875,869	0	0
em-p-ihep51	20260624093604385000000	17	23,156,015,144,960	23,156,569,755,648	14,734,082,760,287	25,154,938,761,216	25,945,969,811,456	22,034,264,555,520	29,685,706,653,696	316,922,923	1,494,198,989	0	0
em-p-ihep51	20260624093614380000000	16	23,156,015,419,392	23,156,362,272,768	14,741,328,067,539	25,154,938,761,216	25,945,969,811,456	22,034,264,555,520	29,685,706,653,696	199,830,470	2,154,207,778	0	0
em-p-ihep51	20260624093624465000000	18	23,156,015,386,624	23,156,263,202,816	14,740,767,781,319	25,154,938,761,216	25,945,969,811,456	22,034,264,555,520	29,685,706,653,696	299,178,804	1,433,181,192	0	0
em-p-ihep51	20260624093634474000000	17	23,156,014,198,784	23,156,922,654,720	14,737,167,137,479	25,154,938,761,216	25,945,969,811,456	22,034,264,555,520	29,685,706,653,696	489,001,156	500,834,395	0	0
em-p-ihep51	20260624093644579000000	17	23,156,018,524,160	23,156,253,790,208	14,741,582,152,483	25,154,938,761,216	25,945,969,811,456	22,034,264,555,520	29,685,706,653,696	411,333,481	660,097,853	0	0
em-p-ihep51	20260624093654670000000	12	23,156,019,605,504	23,156,256,399,360	14,735,547,172,402	25,154,938,761,216	25,945,969,811,456	22,034,264,555,520	29,685,706,653,696	380,636,508	749,166,022	0	0
em-p-ihep51	20260624093704765000000	11	23,156,017,229,824	23,156,256,264,192	14,738,802,285,181	25,154,938,761,216	25,945,969,811,456	22,034,264,555,520	29,685,706,653,696	354,953,145	969,306,034	0	0
em-p-ihep51	20260624093714785000000	15	23,156,019,388,416	23,156,251,279,360	14,738,619,101,387	25,154,938,761,216	25,945,969,811,456	22,034,264,555,520	29,685,706,653,696	236,108,296	623,614,155	0	0
em-p-ihep51	20260624093724878000000	10	23,156,019,658,752	23,156,180,811,776	14,734,242,738,349	25,154,938,761,216	25,945,969,811,456	22,034,264,555,520	29,685,706,653,696	481,424,304	713,765,069	0	0
em-p-ihep51	20260624093734966000000	10	23,156,022,362,112	23,156,190,171,136	14,732,196,285,421	25,154,938,761,216	25,945,969,811,456	22,034,264,555,520	29,685,706,653,696	264,928,518	1,116,172,436	0	0
em-p-ihep51	20260624093745056000000	10	23,156,022,255,616	23,156,500,578,304	14,734,433,754,944	25,154,938,761,216	25,945,969,811,456	22,034,264,555,520	29,685,706,653,696	357,809,747	1,032,059,592	0	0
em-p-ihep51	20260624093755144000000	12	23,156,022,255,616	23,156,200,214,528	14,736,048,082,513	25,154,938,761,216	25,945,969,811,456	22,034,264,555,520	29,685,706,653,696	281,838,742	914,524,569	0	0
em-p-ihep51	20260624093805241000000	12	23,156,024,688,640	23,156,182,372,352	14,738,020,629,435	25,154,938,761,216	25,945,969,811,456	22,034,264,555,520	29,685,706,653,696	176,134,607	578,148,313	0	0
em-p-ihep51	20260624093815330000000	13	23,156,025,663,488	23,156,190,040,064	14,738,308,220,643	25,154,938,761,216	25,945,969,811,456	22,034,264,555,520	29,685,706,653,696	183,581,047	515,764,881	0	0
em-p-ihep51	20260624093825415000000	11	23,156,025,663,488	23,156,191,911,936	14,730,510,621,612	25,154,938,761,216	25,945,969,811,456	22,034,264,555,520	29,685,706,653,696	551,042,980	692,488,440	0	0
em-p-ihep51	20260624093835512000000	11	23,156,027,015,168	23,156,190,986,240	14,738,535,598,471	25,154,938,761,216	25,945,969,811,456	22,034,264,555,520	29,685,706,653,696	317,163,812	626,918,537	0	0
em-p-ihep51	20260624093845612000000	15	23,156,027,338,752	23,156,193,411,072	14,736,585,622,262	25,154,938,761,216	25,945,969,811,456	22,034,264,555,520	29,685,706,653,696	286,135,562	1,149,298,147	0	0
em-p-ihep51	20260624093855707000000	13	23,156,026,150,912	23,156,691,390,464	14,737,573,970,296	25,154,938,761,216	25,945,969,811,456	22,034,264,555,520	29,685,706,653,696	563,484,990	1,469,268,067	0	0
em-p-ihep51	20260624093905812000000	15	23,156,027,502,592	23,156,189,536,256	14,735,843,795,206	25,154,938,761,216	25,945,969,811,456	22,034,264,555,520	29,685,706,653,696	529,584,347	1,573,928,476	0	0
em-p-ihep51	20260624093915901000000	12	23,156,027,396,096	23,156,192,591,872	14,735,611,642,326	25,154,938,761,216	25,945,969,811,456	22,034,264,555,520	29,685,706,653,696	362,566,473	573,389,664	0	0
em-p-ihep51	20260624093925979000000	8	23,156,027,289,600	23,156,191,399,936	14,733,589,336,588	25,154,938,761,216	25,945,969,811,456	22,034,264,555,520	29,685,706,653,696	242,231,153	436,516,776	0	0
em-p-ihep51	20260624093936063000000	11	23,156,026,101,760	23,156,187,975,680	14,731,481,161,068	25,154,938,761,216	25,945,969,811,456	22,034,264,555,520	29,685,706,653,696	812,719,188	651,768,120	0	0
em-p-ihep51	20260624093946153000000	13	23,156,021,518,336	23,156,184,051,712	14,738,066,916,095	25,154,938,761,216	25,945,969,811,456	22,034,264,555,520	29,685,706,653,696	345,008,482	687,114,937	0	0
em-p-ihep51	20260624093956244000000	9	23,156,021,411,840	23,156,176,134,144	14,733,476,602,417	25,154,938,761,216	25,945,969,811,456	22,034,264,555,520	29,685,706,653,696	128,633,936	393,791,780	0	0
em-p-ihep51	20260624094006346000000	17	23,156,028,874,752	23,156,200,767,488	14,754,454,534,952	25,154,938,761,216	25,945,969,811,456	22,034,264,555,520	29,685,706,653,696	611,314,255	1,577,024,360	0	0
em-p-ihep51	20260624094016361000000	25	23,156,029,956,096	23,156,185,071,616	14,774,739,841,881	25,154,938,761,216	25,945,969,811,456	22,034,264,555,520	29,685,706,653,696	619,513,727	1,472,351,821	0	0
em-p-ihep51	20260624094026355000000	21	23,157,298,806,784	23,157,617,422,336	14,752,780,569,450	25,154,938,761,216	25,945,969,811,456	22,034,264,555,520	29,685,706,653,696	396,106,807	2,910,547,844	0	0
em-p-ihep51	20260624094036387000000	20	23,157,297,844,224	23,157,509,410,816	14,745,157,562,579	25,154,938,761,216	25,945,969,811,456	22,034,264,555,520	29,685,706,653,696	532,585,310	1,053,141,816	0	0
em-p-ihep51	20260624094046482000000	15	23,157,301,952,512	23,157,486,493,696	14,735,970,792,790	25,154,938,761,216	25,945,969,811,456	22,034,264,555,520	29,685,706,653,696	583,664,578	1,007,842,093	0	0
em-p-ihep51	20260624094056573000000	17	23,157,302,116,352	23,157,485,731,840	14,738,478,851,343	25,154,938,761,216	25,945,969,811,456	22,034,264,555,520	29,685,706,653,696	473,538,446	737,190,198	0	0
em-p-ihep51	20260624094106582000000	17	23,157,296,279,552	23,157,479,813,120	14,744,217,707,184	25,154,938,761,216	25,945,969,811,456	22,034,264,555,520	29,685,706,653,696	340,788,645	683,810,924	0	0
em-p-ihep51	20260624094116585000000	19	23,157,300,764,672	23,157,721,604,096	14,737,563,194,253	25,154,938,761,216	25,945,969,811,456	22,034,264,555,520	29,685,706,653,696	351,255,233	530,738,364	0	0
em-p-ihep51	20260624094126677000000	12	23,157,299,576,832	23,157,444,419,584	14,736,394,890,413	25,154,938,761,216	25,945,969,811,456	22,034,264,555,520	29,685,706,653,696	275,273,402	652,857,934	0	0
em-p-ihep51	20260624094136766000000	17	23,157,300,928,512	23,157,462,294,528	14,741,061,598,891	25,154,938,761,216	25,945,969,811,456	22,034,264,555,520	29,685,706,653,696	279,646,337	1,066,482,817	0	0
em-p-ihep51	20260624094146876000000	21	23,157,305,352,192	23,157,497,069,568	14,735,944,579,927	25,154,938,761,216	25,945,969,811,456	22,034,264,555,520	29,685,706,653,696	385,712,639	1,424,371,162	0	0
em-p-ihep51	20260624094156867000000	13	23,157,337,034,752	23,157,504,081,920	14,733,456,671,621	25,154,938,761,216	25,945,969,811,456	22,034,264,555,520	29,685,706,653,696	650,531,288	870,961,642	0	0
em-p-ihep51	20260624094206984000000	12	23,157,339,361,280	23,157,483,384,832	14,745,673,437,233	25,154,938,761,216	25,945,969,811,456	22,034,264,555,520	29,685,706,653,696	371,178,204	778,943,715	0	0
em-p-ihep51	20260624094217054000000	13	23,161,758,003,200	23,161,747,480,576	14,750,624,848,004	25,154,938,761,216	25,945,969,811,456	22,034,264,555,520	29,685,706,653,696	661,616,613	769,323,620	0	0
em-p-ihep51	20260624094227148000000	17	23,166,494,584,832	23,166,079,873,024	14,763,738,991,439	25,154,938,761,216	25,945,969,811,456	22,034,264,555,520	29,685,706,653,696	221,212,793	431,733,253	0	0
em-p-ihep51	20260624094237243000000	12	23,177,524,563,968	23,177,668,153,344	14,763,301,114,122	25,154,938,761,216	25,945,969,811,456	22,034,264,555,520	29,685,706,653,696	190,811,589	583,468,273	0	0
em-p-ihep51	20260624094247253000000	13	23,177,524,727,808	23,177,663,934,464	14,743,177,868,918	25,154,938,761,216	25,945,969,811,456	22,034,264,555,520	29,685,706,653,696	315,907,623	709,477,554	0	0
em-p-ihep51	20260624094257353000000	13	23,166,353,043,456	23,166,486,839,296	14,752,988,716,839	25,154,938,761,216	25,945,969,811,456	22,034,264,555,520	29,685,706,653,696	124,573,732	1,081,080,910	0	0
em-p-ihep51	20260624094307344000000	16	23,166,888,198,144	23,167,032,811,520	14,755,466,384,705	25,154,938,761,216	25,945,969,811,456	22,034,264,555,520	29,685,706,653,696	165,663,844	1,557,188,822	0	0
em-p-ihep51	20260624094317448000000	12	23,166,886,903,808	23,167,019,851,776	14,747,575,122,825	25,154,938,761,216	25,945,969,811,456	22,034,264,555,520	29,685,706,653,696	338,439,784	812,470,040	0	0
em-p-ihep51	20260624094327445000000	10	23,166,885,773,312	23,167,016,206,336	14,757,772,732,811	25,154,938,761,216	25,945,969,811,456	22,034,264,555,520	29,685,706,653,696	283,605,817	990,318,821	0	0
em-p-ihep51	20260624094337538000000	11	23,168,277,913,600	23,168,385,712,128	14,766,833,712,167	25,154,938,761,216	25,945,969,811,456	22,034,264,555,520	29,685,706,653,696	254,077,116	546,291,773	0	0
em-p-ihep51	20260624094347730000000	11	23,178,613,997,568	23,178,746,945,536	14,763,205,949,431	25,154,938,761,216	25,945,969,811,456	22,034,264,555,520	29,685,706,653,696	155,645,622	577,152,951	0	0
em-p-ihep51	20260624094357744000000	10	23,168,214,089,728	23,169,738,788,864	14,756,163,855,721	25,154,938,761,216	25,945,969,811,456	22,034,264,555,520	29,685,706,653,696	122,460,011	1,153,609,070	0	0
em-p-ihep51	20260624094407812000000	11	23,165,379,670,016	23,165,516,570,624	14,753,083,349,739	25,154,938,761,216	25,945,969,811,456	22,034,264,555,520	29,685,706,653,696	134,383,937	1,048,290,201	0	0
em-p-ihep51	20260624094417925000000	11	23,166,492,999,680	23,167,030,566,912	14,758,404,354,814	25,154,938,761,216	25,945,969,811,456	22,034,264,555,520	29,685,706,653,696	244,855,875	616,496,624	0	0
em-p-ihep51	20260624094427998000000	11	23,169,994,711,040	23,170,186,473,472	14,771,536,860,368	25,154,938,761,216	25,945,969,811,456	22,034,264,555,520	29,685,706,653,696	270,320,063	1,075,808,838	0	0
em-p-ihep51	20260624094438005000000	18	23,166,301,331,456	23,166,491,103,232	14,753,852,925,781	25,154,938,761,216	25,945,969,811,456	22,034,264,555,520	29,685,706,653,696	282,664,146	995,818,832	0	0
em-p-ihep51	20260624094448119000000	13	23,159,811,436,544	23,160,020,746,240	14,758,264,985,544	25,154,938,761,216	25,945,969,811,456	22,034,264,555,520	29,685,706,653,696	437,375,890	819,582,292	0	0
em-p-ihep51	20260624094458208000000	13	23,159,811,469,312	23,160,141,582,336	14,748,807,909,474	25,154,938,761,216	25,945,969,811,456	22,034,264,555,520	29,685,706,653,696	456,960,306	2,514,504,871	0	0
em-p-ihep51	20260624094508210000000	20	23,159,809,495,040	23,159,999,545,344	14,769,889,115,300	25,154,938,761,216	25,945,969,811,456	22,034,264,555,520	29,685,706,653,696	759,418,728	2,226,464,886	0	0
em-p-ihep51	20260624094518208000000	20	23,155,780,947,968	23,155,958,071,296	14,742,611,990,779	25,154,938,761,216	25,945,969,811,456	22,034,264,555,520	29,685,706,653,696	674,975,517	1,518,782,683	0	0
em-p-ihep51	20260624094528301000000	15	23,155,782,299,648	23,156,010,131,456	14,737,198,245,615	25,154,938,761,216	25,945,969,811,456	22,034,264,555,520	29,685,706,653,696	716,982,278	1,011,485,220	0	0
em-p-ihep51	20260624094538306000000	13	23,155,782,189,056	23,155,919,745,024	14,734,630,644,000	25,154,938,761,216	25,945,969,811,456	22,034,264,555,520	29,685,706,653,696	153,752,922	451,700,716	0	0
em-p-ihep51	20260624094548373000000	12	23,155,783,270,400	23,155,917,549,568	14,735,170,699,045	25,154,938,761,216	25,945,969,811,456	22,034,264,555,520	29,685,706,653,696	473,338,958	1,411,689,716	0	0
em-p-ihep51	20260624094558471000000	14	23,155,784,245,248	23,155,938,643,968	14,737,807,538,089	25,154,938,761,216	25,945,969,811,456	22,034,264,555,520	29,685,706,653,696	178,576,172	910,564,988	0	0
em-p-ihep51	20260624094608572000000	14	23,155,783,057,408	23,155,920,601,088	14,745,673,318,459	25,154,938,761,216	25,945,969,811,456	22,034,264,555,520	29,685,706,653,696	640,925,079	545,036,160	0	0
em-p-ihep51	20260624094618689000000	15	23,155,783,438,336	23,155,899,310,080	14,735,474,702,906	25,154,938,761,216	25,945,969,811,456	22,034,264,555,520	29,685,706,653,696	144,243,836	454,163,613	0	0
em-p-ihep51	20260624094628786000000	15	23,155,783,331,840	23,155,903,184,896	14,736,020,819,902	25,154,938,761,216	25,945,969,811,456	22,034,264,555,520	29,685,706,653,696	194,987,590	543,763,285	0	0
em-p-ihep51	20260624094638794000000	18	23,155,785,412,608	23,155,897,462,784	14,737,134,283,840	25,154,938,761,216	25,945,969,811,456	22,034,264,555,520	29,685,706,653,696	340,613,435	652,809,789	0	0
em-p-ihep51	20260624094648796000000	15	23,155,786,493,952	23,155,911,446,528	14,736,577,712,537	25,154,938,761,216	25,945,969,811,456	22,034,264,555,520	29,685,706,653,696	222,460,405	812,580,020	0	0
em-p-ihep51	20260624094658881000000	10	23,155,787,571,200	23,155,911,380,992	14,732,906,559,006	25,154,938,761,216	25,945,969,811,456	22,034,264,555,520	29,685,706,653,696	178,361,860	551,734,403	0	0
em-p-ihep51	20260624094708963000000	13	23,155,786,276,864	23,155,982,921,728	14,741,227,753,447	25,154,938,761,216	25,945,969,811,456	22,034,264,555,520	29,685,706,653,696	494,871,620	1,275,229,371	0	0
em-p-ihep51	20260624094719054000000	10	23,155,788,832,768	23,155,913,756,672	14,733,203,830,276	25,154,938,761,216	25,945,969,811,456	22,034,264,555,520	29,685,706,653,696	546,373,168	975,153,727	0	0
em-p-ihep51	20260624094729138000000	10	23,155,785,560,064	23,156,075,114,496	14,734,343,719,148	25,154,938,761,216	25,945,969,811,456	22,034,264,555,520	29,685,706,653,696	480,093,316	2,226,010,908	0	0
em-p-ihep51	20260624094739225000000	11	23,155,785,658,368	23,155,939,151,872	14,730,607,460,455	25,154,938,761,216	25,945,969,811,456	22,034,264,555,520	29,685,706,653,696	325,246,199	884,097,903	0	0
em-p-ihep51	20260624094749318000000	9	23,155,785,551,872	23,155,911,946,240	14,733,105,200,294	25,154,938,761,216	25,945,969,811,456	22,034,264,555,520	29,685,706,653,696	281,623,699	700,049,789	0	0
em-p-ihep51	20260624094759410000000	12	23,155,784,364,032	23,155,922,554,880	14,733,370,327,342	25,154,938,761,216	25,945,969,811,456	22,034,264,555,520	29,685,706,653,696	770,942,822	1,166,373,760	0	0
em-p-ihep51	20260624094809497000000	14	23,155,785,445,376	23,155,927,355,392	14,734,240,043,675	25,154,938,761,216	25,945,969,811,456	22,034,264,555,520	29,685,706,653,696	378,552,566	767,221,429	0	0
em-p-ihep51	20260624094819571000000	11	23,155,785,609,216	23,156,335,005,696	14,733,460,697,948	25,154,938,761,216	25,945,969,811,456	22,034,264,555,520	29,685,706,653,696	570,422,516	916,427,201	0	0
em-p-ihep51	20260624094829664000000	10	23,155,786,686,464	23,155,914,092,544	14,733,709,895,509	25,154,938,761,216	25,945,969,811,456	22,034,264,555,520	29,685,706,653,696	291,562,044	608,430,701	0	0
em-p-ihep51	20260624094839751000000	14	23,155,785,502,720	23,155,911,294,976	14,735,051,506,601	25,154,938,761,216	25,945,969,811,456	22,034,264,555,520	29,685,706,653,696	133,028,189	902,945,703	0	0
em-p-ihep51	20260624094849845000000	10	23,155,786,584,064	23,155,916,021,760	14,733,511,911,365	25,154,938,761,216	25,945,969,811,456	22,034,264,555,520	29,685,706,653,696	241,058,232	986,484,729	0	0
em-p-ihep51	20260624094859849000000	13	23,155,786,477,568	23,155,911,593,984	14,732,855,739,842	25,154,938,761,216	25,945,969,811,456	22,034,264,555,520	29,685,706,653,696	129,469,436	541,891,403	0	0
em-p-ihep51	20260624094909838000000	12	23,155,786,477,568	23,155,914,153,984	14,736,794,076,802	25,154,938,761,216	25,945,969,811,456	22,034,264,555,520	29,685,706,653,696	336,360,691	1,347,782,065	0	0
em-p-ihep51	20260624094919925000000	11	23,155,786,641,408	23,155,911,069,696	14,734,068,206,107	25,154,938,761,216	25,945,969,811,456	22,034,264,555,520	29,685,706,653,696	226,424,933	524,005,312	0	0
em-p-ihep51	20260624094930024000000	11	23,155,785,564,160	23,155,927,035,904	14,732,550,136,948	25,154,938,761,216	25,945,969,811,456	22,034,264,555,520	29,685,706,653,696	398,833,659	666,256,775	0	0
em-p-ihep51	20260624094940108000000	9	23,155,784,376,320	23,156,158,955,520	14,731,641,950,884	25,154,938,761,216	25,945,969,811,456	22,034,264,555,520	29,685,706,653,696	159,155,810	408,542,267	0	0
em-p-ihep51	20260624094950183000000	10	23,155,785,650,176	23,156,177,977,344	14,729,156,238,554	25,154,938,761,216	25,945,969,811,456	22,034,264,555,520	29,685,706,653,696	309,570,534	1,193,115,502	0	0
em-p-ihep51	20260624095000317000000	11	23,155,784,540,160	23,155,962,683,392	14,732,725,283,694	25,154,938,761,216	25,945,969,811,456	22,034,264,555,520	29,685,706,653,696	139,085,183	2,217,967,160	0	0
em-p-ihep51	20260624095010300000000	27	23,155,796,160,512	23,155,951,599,616	14,759,659,017,489	25,154,938,761,216	25,945,969,811,456	22,034,264,555,520	29,685,706,653,696	756,282,443	2,172,007,570	0	0
em-p-ihep51	20260624095020283000000	25	23,155,798,474,752	23,155,951,783,936	14,746,756,354,095	25,154,938,761,216	25,945,969,811,456	22,034,264,555,520	29,685,706,653,696	471,887,591	899,946,151	0	0
em-p-ihep51	20260624095030289000000	17	23,155,798,638,592	23,155,959,746,560	14,740,847,357,432	25,154,938,761,216	25,945,969,811,456	22,034,264,555,520	29,685,706,653,696	160,867,877	417,297,919	0	0
em-p-ihep51	20260624095040384000000	13	23,155,797,344,256	23,155,957,018,624	14,736,453,199,454	25,154,938,761,216	25,945,969,811,456	22,034,264,555,520	29,685,706,653,696	175,011,329	481,480,285	0	0
em-p-ihep51	20260624095050484000000	11	23,155,795,021,824	23,155,946,213,376	14,734,463,101,005	25,154,938,761,216	25,945,969,811,456	22,034,264,555,520	29,685,706,653,696	250,987,454	566,602,698	0	0
em-p-ihep51	20260624095100495000000	10	23,155,794,915,328	23,155,946,188,800	14,734,838,441,850	25,154,938,761,216	25,945,969,811,456	22,034,264,555,520	29,685,706,653,696	223,640,515	563,280,213	0	0
em-p-ihep51	20260624095110505000000	14	23,155,794,808,832	23,155,962,228,736	14,745,449,341,017	25,154,938,761,216	25,945,969,811,456	22,034,264,555,520	29,685,706,653,696	548,127,701	1,202,186,891	0	0
em-p-ihep51	20260624095120596000000	17	23,155,794,972,672	23,155,948,404,736	14,744,960,511,222	25,154,938,761,216	25,945,969,811,456	22,034,264,555,520	29,685,706,653,696	496,490,178	964,537,080	0	0
em-p-ihep51	20260624095130694000000	15	23,155,794,862,080	23,155,948,539,904	14,737,575,583,106	25,154,938,761,216	25,945,969,811,456	22,034,264,555,520	29,685,706,653,696	271,632,961	1,105,608,827	0	0
em-p-ihep51	20260624095140778000000	14	23,155,801,956,352	23,155,955,490,816	14,736,564,120,726	25,154,938,761,216	25,945,969,811,456	22,034,264,555,520	29,685,706,653,696	337,593,158	1,114,554,770	0	0
em-p-ihep51	20260624095150870000000	16	23,155,802,120,192	23,155,967,655,936	14,732,315,212,581	25,154,938,761,216	25,945,969,811,456	22,034,264,555,520	29,685,706,653,696	183,523,196	753,965,406	0	0
em-p-ihep51	20260624095200960000000	14	23,155,800,866,816	23,155,955,724,288	14,726,855,295,201	25,154,938,761,216	25,945,969,811,456	22,034,264,555,520	29,685,706,653,696	586,473,177	1,104,512,483	0	0
em-p-ihep51	20260624095211039000000	14	23,155,801,948,160	23,155,956,924,416	14,736,430,131,359	25,154,938,761,216	25,945,969,811,456	22,034,264,555,520	29,685,706,653,696	698,038,676	1,545,315,134	0	0
em-p-ihep51	20260624095221049000000	14	23,155,802,918,912	23,155,974,737,920	14,734,504,293,114	25,154,938,761,216	25,945,969,811,456	22,034,264,555,520	29,685,706,653,696	222,671,431	619,015,757	0	0
em-p-ihep51	20260624095231130000000	14	23,155,802,005,504	23,155,971,198,976	14,726,144,520,760	25,154,938,761,216	25,945,969,811,456	22,034,264,555,520	29,685,706,653,696	186,953,877	667,246,270	0	0
em-p-ihep51	20260624095241221000000	12	23,155,801,899,008	23,156,019,613,696	14,739,385,466,896	25,154,938,761,216	25,945,969,811,456	22,034,264,555,520	29,685,706,653,696	368,391,591	787,025,265	0	0
em-p-ihep51	20260624095251301000000	16	23,155,802,062,848	23,155,955,273,728	14,733,160,274,899	25,154,938,761,216	25,945,969,811,456	22,034,264,555,520	29,685,706,653,696	1,097,405,305	1,900,509,325	0	0
em-p-ihep51	20260624095301391000000	11	23,155,800,768,512	23,156,405,637,120	14,729,245,500,076	25,154,938,761,216	25,945,969,811,456	22,034,264,555,520	29,685,706,653,696	291,626,733	1,341,037,223	0	0
em-p-ihep51	20260624095311472000000	10	23,155,800,662,016	23,155,938,697,216	14,728,404,224,464	25,154,938,761,216	25,945,969,811,456	22,034,264,555,520	29,685,706,653,696	210,615,425	467,765,488	0	0
em-p-ihep51	20260624095321556000000	10	23,155,800,825,856	23,155,939,024,896	14,729,823,935,011	25,154,938,761,216	25,945,969,811,456	22,034,264,555,520	29,685,706,653,696	286,743,440	598,028,930	0	0
em-p-ihep51	20260624095331660000000	17	23,155,856,977,920	23,156,143,063,040	14,740,084,939,873	25,154,938,761,216	25,945,969,811,456	22,034,264,555,520	29,685,706,653,696	182,289,825	1,917,158,143	0	0
em-p-ihep51	20260624095341748000000	15	23,156,211,519,488	23,156,342,808,576	14,733,053,411,219	25,154,938,761,216	25,945,969,811,456	22,034,264,555,520	29,685,706,653,696	144,904,646	844,384,065	0	0
em-p-ihep51	20260624095351844000000	12	23,156,206,661,632	23,156,330,127,360	14,735,232,087,896	25,154,938,761,216	25,945,969,811,456	22,034,264,555,520	29,685,706,653,696	353,981,525	719,132,817	0	0
em-p-ihep51	20260624095401955000000	12	23,156,206,661,632	23,156,329,635,840	14,738,507,777,329	25,154,938,761,216	25,945,969,811,456	22,034,264,555,520	29,685,706,653,696	249,447,690	754,806,284	0	0
em-p-ihep51	20260624095412016000000	16	23,156,206,555,136	23,156,735,766,528	14,748,037,160,082	25,154,938,761,216	25,945,969,811,456	22,034,264,555,520	29,685,706,653,696	153,940,621	969,640,999	0	0
em-p-ihep51	20260624095422097000000	13	23,156,205,367,296	23,156,387,368,960	14,736,568,833,515	25,154,938,761,216	25,945,969,811,456	22,034,264,555,520	29,685,706,653,696	231,085,423	1,400,644,924	0	0
em-p-ihep51	20260624095432161000000	14	23,156,211,531,776	23,156,404,416,512	14,729,346,422,795	25,154,938,761,216	25,945,969,811,456	22,034,264,555,520	29,685,706,653,696	433,959,682	894,500,467	0	0
em-p-ihep51	20260624095442213000000	21	23,156,215,209,984	23,156,792,832,000	14,733,916,039,981	25,154,938,761,216	25,945,969,811,456	22,034,264,555,520	29,685,706,653,696	274,277,315	680,408,152	0	0
em-p-ihep51	20260624095452321000000	21	23,156,223,672,320	23,156,394,205,184	14,731,339,929,877	25,154,938,761,216	25,945,969,811,456	22,034,264,555,520	29,685,706,653,696	235,271,487	650,006,889	0	0
em-p-ihep51	20260624095502316000000	17	23,156,231,942,144	23,156,399,132,672	14,733,445,756,414	25,154,938,761,216	25,945,969,811,456	22,034,264,555,520	29,685,706,653,696	189,451,926	790,627,178	0	0
em-p-ihep51	20260624095512407000000	20	23,156,229,775,360	23,156,396,670,976	14,748,152,750,779	25,154,938,761,216	25,945,969,811,456	22,034,264,555,520	29,685,706,653,696	376,028,832	653,530,132	0	0
em-p-ihep51	20260624095522504000000	18	23,156,227,293,184	23,156,407,816,192	14,735,174,190,379	25,154,938,761,216	25,945,969,811,456	22,034,264,555,520	29,685,706,653,696	261,528,263	704,394,725	0	0
em-p-ihep51	20260624095532529000000	18	23,156,228,263,936	23,156,378,636,288	14,733,814,632,816	25,154,938,761,216	25,945,969,811,456	22,034,264,555,520	29,685,706,653,696	175,727,901	695,430,275	0	0
em-p-ihep51	20260624095542617000000	16	23,156,822,962,176	23,156,970,258,432	14,736,783,818,685	25,154,938,761,216	25,945,969,811,456	22,034,264,555,520	29,685,706,653,696	409,816,547	1,613,913,284	0	0
em-p-ihep51	20260624095552636000000	20	23,156,821,778,432	23,157,515,603,968	14,735,883,235,407	25,154,938,761,216	25,945,969,811,456	22,034,264,555,520	29,685,706,653,696	261,953,453	928,838,449	0	0
em-p-ihep51	20260624095602734000000	18	23,156,821,561,344	23,156,970,352,640	14,731,481,056,924	25,154,938,761,216	25,945,969,811,456	22,034,264,555,520	29,685,706,653,696	213,850,985	542,414,455	0	0
em-p-ihep51	20260624095612823000000	17	23,156,821,454,848	23,156,969,500,672	14,737,828,788,873	25,154,938,761,216	25,945,969,811,456	22,034,264,555,520	29,685,706,653,696	304,322,053	667,917,459	0	0
em-p-ihep51	20260624095622900000000	16	23,156,820,803,584	23,156,959,707,136	14,728,597,619,552	25,154,938,761,216	25,945,969,811,456	22,034,264,555,520	29,685,706,653,696	245,265,630	566,959,697	0	0
em-p-ihep51	20260624095632924000000	19	23,156,820,586,496	23,156,957,392,896	14,733,348,847,896	25,154,938,761,216	25,945,969,811,456	22,034,264,555,520	29,685,706,653,696	522,993,234	973,486,543	0	0
em-p-ihep51	20260624095643020000000	19	23,156,821,934,080	23,156,957,540,352	14,735,766,431,982	25,154,938,761,216	25,945,969,811,456	22,034,264,555,520	29,685,706,653,696	493,559,173	816,021,905	0	0
em-p-ihep51	20260624095653110000000	19	23,156,820,746,240	23,156,956,377,088	14,733,706,531,326	25,154,938,761,216	25,945,969,811,456	22,034,264,555,520	29,685,706,653,696	176,339,361	492,325,580	0	0
em-p-ihep51	20260624095703201000000	12	23,156,825,341,952	23,157,157,163,008	14,730,465,402,664	25,154,938,761,216	25,945,969,811,456	22,034,264,555,520	29,685,706,653,696	165,756,732	1,129,869,832	0	0
em-p-ihep51	20260624095713294000000	13	23,156,826,853,376	23,156,962,381,824	14,733,603,015,562	25,154,938,761,216	25,945,969,811,456	22,034,264,555,520	29,685,706,653,696	390,166,853	1,133,924,759	0	0
em-p-ihep51	20260624095723372000000	12	23,156,824,821,760	23,156,962,643,968	14,727,515,622,372	25,154,938,761,216	25,945,969,811,456	22,034,264,555,520	29,685,706,653,696	315,028,707	555,811,883	0	0
em-p-ihep51	20260624095733396000000	16	23,156,825,788,416	23,156,977,901,568	14,736,047,859,820	25,154,938,761,216	25,945,969,811,456	22,034,264,555,520	29,685,706,653,696	280,903,525	691,549,361	0	0
em-p-ihep51	20260624095743383000000	14	23,156,828,221,440	23,156,967,661,568	14,733,341,085,325	25,154,938,761,216	25,945,969,811,456	22,034,264,555,520	29,685,706,653,696	383,765,845	905,367,612	0	0
em-p-ihep51	20260624095753394000000	17	23,156,830,547,968	23,156,969,062,400	14,735,051,626,714	25,154,938,761,216	25,945,969,811,456	22,034,264,555,520	29,685,706,653,696	327,544,509	591,252,757	0	0
em-p-ihep51	20260624095803485000000	17	23,156,838,985,728	23,157,006,630,912	14,728,145,566,301	25,154,938,761,216	25,945,969,811,456	22,034,264,555,520	29,685,706,653,696	157,157,565	567,798,024	0	0
em-p-ihep51	20260624095813583000000	19	23,156,836,876,288	23,157,602,861,056	14,734,694,509,621	25,154,938,761,216	25,945,969,811,456	22,034,264,555,520	29,685,706,653,696	165,848,647	992,102,300	0	0
em-p-ihep51	20260624095823691000000	18	23,156,837,109,760	23,156,981,436,416	14,732,480,067,700	25,154,938,761,216	25,945,969,811,456	22,034,264,555,520	29,685,706,653,696	273,051,874	2,402,535,118	0	0
em-p-ihep51	20260624095833700000000	13	23,156,837,548,032	23,156,981,747,712	14,725,686,714,251	25,154,938,761,216	25,945,969,811,456	22,034,264,555,520	29,685,706,653,696	271,403,799	1,125,752,373	0	0
em-p-ihep51	20260624095843696000000	13	23,156,829,126,656	23,157,010,653,184	14,728,527,075,925	25,154,938,761,216	25,945,969,811,456	22,034,264,555,520	29,685,706,653,696	446,260,326	1,438,338,029	0	0
em-p-ihep51	20260624095853790000000	15	23,156,829,020,160	23,156,983,402,496	14,736,293,373,032	25,154,938,761,216	25,945,969,811,456	22,034,264,555,520	29,685,706,653,696	262,968,990	658,403,403	0	0
em-p-ihep51	20260624095903798000000	13	23,156,830,269,440	23,156,981,678,080	14,731,455,212,558	25,154,938,761,216	25,945,969,811,456	22,034,264,555,520	29,685,706,653,696	229,439,660	1,136,246,317	0	0
em-p-ihep51	20260624095913899000000	17	23,156,831,350,784	23,156,978,073,600	14,732,215,050,080	25,154,938,761,216	25,945,969,811,456	22,034,264,555,520	29,685,706,653,696	303,578,970	1,422,530,653	0	0
em-p-ihep51	20260624095923987000000	12	23,156,831,244,288	23,157,445,955,584	14,728,725,438,903	25,154,938,761,216	25,945,969,811,456	22,034,264,555,520	29,685,706,653,696	244,125,651	517,732,254	0	0
em-p-ihep51	20260624095933991000000	11	23,156,832,210,944	23,157,014,855,680	14,726,199,712,204	25,154,938,761,216	25,945,969,811,456	22,034,264,555,520	29,685,706,653,696	279,495,894	663,299,795	0	0
em-p-ihep51	20260624095944002000000	12	23,156,834,643,968	23,157,017,128,960	14,727,755,796,047	25,154,938,761,216	25,945,969,811,456	22,034,264,555,520	29,685,706,653,696	428,936,532	1,003,073,756	0	0
em-p-ihep51	20260624095954094000000	12	23,156,834,537,472	23,157,019,893,760	14,731,881,047,561	25,154,938,761,216	25,945,969,811,456	22,034,264,555,520	29,685,706,653,696	342,665,084	1,039,992,043	0	0
em-p-ihep51	20260624100004122000000	21	23,156,844,433,408	23,157,026,701,312	14,742,421,358,769	25,154,938,761,216	25,945,969,811,456	22,034,264,555,520	29,685,706,653,696	590,665,335	2,026,716,441	0	0
em-p-ihep51	20260624100014144000000	31	23,156,839,849,984	23,157,562,097,664	14,783,218,403,265	25,154,938,761,216	25,945,969,811,456	22,034,264,555,520	29,685,706,653,696	835,004,042	1,300,231,978	0	0
em-p-ihep51	20260624100024191000000	24	23,156,838,445,056	23,157,036,089,344	14,745,003,297,673	25,154,938,761,216	25,945,969,811,456	22,034,264,555,520	29,685,706,653,696	654,187,893	1,203,669,357	0	0
em-p-ihep51	20260624100034180000000	25	23,157,559,373,824	23,157,744,398,336	14,743,171,551,732	25,154,938,761,216	25,945,969,811,456	22,034,264,555,520	29,685,706,653,696	464,801,446	976,530,458	0	0
em-p-ihep51	20260624100044177000000	16	23,157,558,349,824	23,157,743,120,384	14,732,301,368,943	25,154,938,761,216	25,945,969,811,456	22,034,264,555,520	29,685,706,653,696	461,931,931	1,076,891,579	0	0
em-p-ihep51	20260624100054274000000	16	23,157,553,647,616	23,157,737,025,536	14,730,358,642,488	25,154,938,761,216	25,945,969,811,456	22,034,264,555,520	29,685,706,653,696	596,481,619	1,061,994,442	0	0
em-p-ihep51	20260624100104367000000	14	23,157,546,606,592	23,158,240,505,856	14,730,173,874,941	25,154,938,761,216	25,945,969,811,456	22,034,264,555,520	29,685,706,653,696	270,108,070	1,371,037,582	0	0
em-p-ihep51	20260624100114368000000	16	23,157,546,790,912	23,157,728,473,088	14,729,081,094,653	25,154,938,761,216	25,945,969,811,456	22,034,264,555,520	29,685,706,653,696	621,414,118	2,585,293,023	0	0
em-p-ihep51	20260624100124474000000	16	23,157,547,872,256	23,157,696,647,168	14,734,513,063,143	25,154,938,761,216	25,945,969,811,456	22,034,264,555,520	29,685,706,653,696	463,948,562	1,398,689,035	0	0
em-p-ihep51	20260624100134476000000	21	23,157,559,181,312	23,157,708,402,688	14,737,035,355,262	25,154,938,761,216	25,945,969,811,456	22,034,264,555,520	29,685,706,653,696	484,953,300	1,066,910,019	0	0
em-p-ihep51	20260624100144577000000	23	23,157,554,319,360	23,157,702,705,152	14,734,123,035,319	25,154,938,761,216	25,945,969,811,456	22,034,264,555,520	29,685,706,653,696	327,095,779	920,835,106	0	0
em-p-ihep51	20260624100154584000000	20	23,157,554,593,792	23,157,704,732,672	14,735,366,573,625	25,154,938,761,216	25,945,969,811,456	22,034,264,555,520	29,685,706,653,696	224,506,400	684,954,441	0	0
em-p-ihep51	20260624100204685000000	18	23,157,552,218,112	23,157,691,052,032	14,738,655,207,969	25,154,938,761,216	25,945,969,811,456	22,034,264,555,520	29,685,706,653,696	412,975,346	944,012,248	0	0
em-p-ihep51	20260624100214682000000	17	23,157,584,220,160	23,157,796,573,184	14,734,244,398,164	25,154,938,761,216	25,945,969,811,456	22,034,264,555,520	29,685,706,653,696	505,786,086	883,716,334	0	0
em-p-ihep51	20260624100224765000000	14	23,157,625,032,704	23,157,905,371,136	14,736,881,395,978	25,154,938,761,216	25,945,969,811,456	22,034,264,555,520	29,685,706,653,696	355,833,883	1,647,666,471	0	0
em-p-ihep51	20260624100234881000000	16	23,157,815,013,376	23,157,934,370,816	14,740,404,941,829	25,154,938,761,216	25,945,969,811,456	22,034,264,555,520	29,685,706,653,696	627,338,466	1,624,415,285	0	0
em-p-ihep51	20260624100244955000000	16	23,157,816,094,720	23,158,342,397,952	14,742,816,968,266	25,154,938,761,216	25,945,969,811,456	22,034,264,555,520	29,685,706,653,696	355,431,749	1,193,880,046	0	0
em-p-ihep51	20260624100255055000000	15	23,157,814,906,880	23,157,918,715,904	14,739,110,578,858	25,154,938,761,216	25,945,969,811,456	22,034,264,555,520	29,685,706,653,696	388,327,684	1,084,713,062	0	0
em-p-ihep51	20260624100305078000000	19	23,157,814,800,384	23,157,918,740,480	14,742,740,452,023	25,154,938,761,216	25,945,969,811,456	22,034,264,555,520	29,685,706,653,696	393,056,129	908,172,665	0	0
em-p-ihep51	20260624100315173000000	18	23,157,813,612,544	23,157,912,428,544	14,745,186,515,257	25,154,938,761,216	25,945,969,811,456	22,034,264,555,520	29,685,706,653,696	347,915,783	1,084,807,895	0	0
em-p-ihep51	20260624100325257000000	16	23,157,835,776,000	23,157,949,087,744	14,727,885,233,817	25,154,938,761,216	25,945,969,811,456	22,034,264,555,520	29,685,706,653,696	384,878,766	792,177,226	0	0
em-p-ihep51	20260624100335368000000	13	23,157,835,669,504	23,157,933,666,304	14,727,155,350,829	25,154,938,761,216	25,945,969,811,456	22,034,264,555,520	29,685,706,653,696	383,536,190	718,144,614	0	0
em-p-ihep51	20260624100345377000000	15	23,157,840,154,624	23,157,938,593,792	14,729,668,760,687	25,154,938,761,216	25,945,969,811,456	22,034,264,555,520	29,685,706,653,696	356,732,012	852,910,600	0	0
em-p-ihep51	20260624100355362000000	13	23,157,838,966,784	23,157,996,339,200	14,731,320,423,719	25,154,938,761,216	25,945,969,811,456	22,034,264,555,520	29,685,706,653,696	881,986,874	1,344,549,182	0	0
em-p-ihep51	20260624100405460000000	13	23,157,840,318,464	23,157,943,967,744	14,732,420,877,849	25,154,938,761,216	25,945,969,811,456	22,034,264,555,520	29,685,706,653,696	395,814,295	1,577,322,889	0	0
em-p-ihep51	20260624100415555000000	16	23,157,840,211,968	23,157,934,501,888	14,737,201,505,107	25,154,938,761,216	25,945,969,811,456	22,034,264,555,520	29,685,706,653,696	293,440,270	1,121,043,700	0	0
em-p-ihep51	20260624100425678000000	17	23,157,847,379,968	23,157,995,921,408	14,737,127,934,845	25,154,938,761,216	25,945,969,811,456	22,034,264,555,520	29,685,706,653,696	500,524,994	900,811,399	0	0
em-p-ihep51	20260624100435645000000	12	23,157,846,515,712	23,158,077,173,760	14,735,653,052,279	25,154,938,761,216	25,945,969,811,456	22,034,264,555,520	29,685,706,653,696	554,261,501	674,726,885	0	0
em-p-ihep51	20260624100445752000000	14	23,157,845,327,872	23,158,068,514,816	14,737,697,426,705	25,154,938,761,216	25,945,969,811,456	22,034,264,555,520	29,685,706,653,696	387,644,515	836,639,385	0	0
em-p-ihep51	20260624100455763000000	13	23,157,845,360,640	23,158,077,329,408	14,736,682,685,159	25,154,938,761,216	25,945,969,811,456	22,034,264,555,520	29,685,706,653,696	623,879,843	1,838,342,005	0	0
em-p-ihep51	20260624100505780000000	17	23,157,845,192,704	23,158,560,321,536	14,738,642,777,457	25,154,938,761,216	25,945,969,811,456	22,034,264,555,520	29,685,706,653,696	821,723,780	1,914,052,140	0	0
em-p-ihep51	20260624100515796000000	15	23,157,844,004,864	23,158,069,833,728	14,741,329,991,908	25,154,938,761,216	25,945,969,811,456	22,034,264,555,520	29,685,706,653,696	491,158,536	711,944,964	0	0
em-p-ihep51	20260624100525891000000	23	23,157,846,167,552	23,157,996,466,176	14,755,942,726,858	25,154,938,761,216	25,945,969,811,456	22,034,264,555,520	29,685,706,653,696	424,101,044	1,158,168,821	0	0
em-p-ihep51	20260624100536003000000	22	23,157,845,360,640	23,158,043,578,368	14,732,977,775,384	25,154,938,761,216	25,945,969,811,456	22,034,264,555,520	29,685,706,653,696	450,093,540	1,555,945,005	0	0
em-p-ihep51	20260624100545989000000	16	23,157,844,152,320	23,158,010,552,320	14,729,002,447,305	25,154,938,761,216	25,945,969,811,456	22,034,264,555,520	29,685,706,653,696	380,054,243	1,113,283,926	0	0
em-p-ihep51	20260624100556017000000	20	23,157,844,393,984	23,157,991,837,696	14,736,634,661,658	25,154,938,761,216	25,945,969,811,456	22,034,264,555,520	29,685,706,653,696	577,301,055	843,640,370	0	0
em-p-ihep51	20260624100606024000000	20	23,157,845,364,736	23,157,993,066,496	14,739,656,378,920	25,154,938,761,216	25,945,969,811,456	22,034,264,555,520	29,685,706,653,696	386,607,508	855,179,320	0	0
em-p-ihep51	20260624100616028000000	19	23,157,851,312,128	23,158,458,839,040	14,739,073,396,510	25,154,938,761,216	25,945,969,811,456	22,034,264,555,520	29,685,706,653,696	287,431,802	926,910,790	0	0
em-p-ihep51	20260624100626120000000	15	23,159,954,415,616	23,159,832,928,256	14,762,033,295,532	25,154,938,761,216	25,945,969,811,456	22,034,264,555,520	29,685,706,653,696	428,969,838	692,179,919	0	0
em-p-ihep51	20260624100636250000000	24	23,161,020,370,944	23,161,171,587,072	14,751,901,645,626	25,154,938,761,216	25,945,969,811,456	22,034,264,555,520	29,685,706,653,696	515,936,861	618,406,807	0	0
em-p-ihep51	20260624100646224000000	19	23,161,016,807,424	23,161,168,302,080	14,731,755,323,854	25,154,938,761,216	25,945,969,811,456	22,034,264,555,520	29,685,706,653,696	196,819,918	716,904,296	0	0
em-p-ihep51	20260624100656327000000	14	23,161,018,159,104	23,161,221,656,576	14,730,769,300,831	25,154,938,761,216	25,945,969,811,456	22,034,264,555,520	29,685,706,653,696	406,144,892	1,447,606,382	0	0
em-p-ihep51	20260624100706341000000	17	23,161,015,566,336	23,161,146,036,224	14,737,102,370,334	25,154,938,761,216	25,945,969,811,456	22,034,264,555,520	29,685,706,653,696	910,664,273	1,531,613,291	0	0
em-p-ihep51	20260624100716444000000	14	23,161,018,322,944	23,161,146,413,056	14,729,321,984,433	25,154,938,761,216	25,945,969,811,456	22,034,264,555,520	29,685,706,653,696	187,305,100	661,104,092	0	0
em-p-ihep51	20260624100726536000000	11	23,161,017,135,104	23,161,548,595,200	14,728,598,333,184	25,154,938,761,216	25,945,969,811,456	22,034,264,555,520	29,685,706,653,696	692,959,140	1,065,759,804	0	0
em-p-ihep51	20260624100736613000000	13	23,161,018,486,784	23,161,139,494,912	14,736,987,352,888	25,154,938,761,216	25,945,969,811,456	22,034,264,555,520	29,685,706,653,696	578,546,242	856,955,452	0	0
em-p-ihep51	20260624100746735000000	17	23,161,017,462,784	23,161,143,787,520	14,743,122,012,414	25,154,938,761,216	25,945,969,811,456	22,034,264,555,520	29,685,706,653,696	367,990,877	853,346,921	0	0
em-p-ihep51	20260624100756821000000	13	23,161,017,356,288	23,161,146,806,272	14,728,763,493,508	25,154,938,761,216	25,945,969,811,456	22,034,264,555,520	29,685,706,653,696	369,904,854	839,137,478	0	0
em-p-ihep51	20260624100806917000000	10	23,161,016,438,784	23,161,141,293,056	14,729,578,528,099	25,154,938,761,216	25,945,969,811,456	22,034,264,555,520	29,685,706,653,696	440,180,722	731,647,512	0	0
em-p-ihep51	20260624100817013000000	10	23,161,017,790,464	23,161,143,115,776	14,722,086,191,704	25,154,938,761,216	25,945,969,811,456	22,034,264,555,520	29,685,706,653,696	397,811,605	1,397,473,904	0	0
em-p-ihep51	20260624100827016000000	13	23,161,017,683,968	23,161,141,649,408	14,730,175,049,321	25,154,938,761,216	25,945,969,811,456	22,034,264,555,520	29,685,706,653,696	380,790,382	1,204,840,837	0	0
em-p-ihep51	20260624100837023000000	14	23,161,016,496,128	23,161,158,385,664	14,730,467,377,937	25,154,938,761,216	25,945,969,811,456	22,034,264,555,520	29,685,706,653,696	214,588,018	604,582,582	0	0
em-p-ihep51	20260624100847031000000	17	23,161,017,847,808	23,161,142,673,408	14,729,753,073,812	25,154,938,761,216	25,945,969,811,456	22,034,264,555,520	29,685,706,653,696	444,866,778	888,492,057	0	0
em-p-ihep51	20260624100857045000000	12	23,161,017,663,488	23,161,523,773,440	14,730,073,144,336	25,154,938,761,216	25,945,969,811,456	22,034,264,555,520	29,685,706,653,696	202,388,996	1,591,593,701	0	0
em-p-ihep51	20260624100907065000000	15	23,161,016,553,472	23,161,188,458,496	14,735,445,362,870	25,154,938,761,216	25,945,969,811,456	22,034,264,555,520	29,685,706,653,696	335,650,446	2,092,347,808	0	0
em-p-ihep51	20260624100917172000000	16	23,161,017,634,816	23,161,170,845,696	14,725,077,100,345	25,154,938,761,216	25,945,969,811,456	22,034,264,555,520	29,685,706,653,696	252,199,524	752,105,991	0	0
em-p-ihep51	20260624100927185000000	14	23,161,010,556,928	23,161,163,747,328	14,729,059,464,085	25,154,938,761,216	25,945,969,811,456	22,034,264,555,520	29,685,706,653,696	437,256,963	896,059,785	4,096	0
em-p-ihep51	20260624100937205000000	19	23,161,013,567,488	23,161,178,845,184	14,727,131,426,337	25,154,938,761,216	25,945,969,811,456	22,034,264,555,520	29,685,706,653,696	539,345,378	1,228,444,669	0	0
em-p-ihep51	20260624100947203000000	18	23,161,013,727,232	23,161,169,350,656	14,726,670,654,650	25,154,938,761,216	25,945,969,811,456	22,034,264,555,520	29,685,706,653,696	514,765,850	1,425,629,274	0	0
em-p-ihep51	20260624100957297000000	13	23,161,014,804,480	23,161,171,243,008	14,727,373,210,614	25,154,938,761,216	25,945,969,811,456	22,034,264,555,520	29,685,706,653,696	407,313,477	1,361,282,255	0	0
em-p-ihep51	20260624101007313000000	25	23,161,040,760,832	23,161,198,452,736	14,754,075,967,896	25,154,938,761,216	25,945,969,811,456	22,034,264,555,520	29,685,706,653,696	638,958,265	2,189,834,405	0	0
em-p-ihep51	20260624101017324000000	26	23,161,042,100,224	23,161,461,620,736	14,745,796,630,908	25,154,938,761,216	25,945,969,811,456	22,034,264,555,520	29,685,706,653,696	789,047,869	2,492,624,692	0	0
em-p-ihep51	20260624101027333000000	23	23,161,023,045,632	23,161,178,415,104	14,738,772,158,284	25,154,938,761,216	25,945,969,811,456	22,034,264,555,520	29,685,706,653,696	382,373,080	1,684,634,836	0	0
em-p-ihep51	20260624101037331000000	25	23,161,024,217,088	23,161,178,800,128	14,731,417,244,786	25,154,938,761,216	25,945,969,811,456	22,034,264,555,520	29,685,706,653,696	312,752,379	1,248,454,985	0	0
em-p-ihep51	20260624101047431000000	21	23,161,021,128,704	23,161,375,793,152	14,736,652,495,919	25,154,938,761,216	25,945,969,811,456	22,034,264,555,520	29,685,706,653,696	321,337,360	3,135,305,798	0	0
em-p-ihep51	20260624101057443000000	25	23,161,023,254,528	23,161,184,608,256	14,738,391,702,579	25,154,938,761,216	25,945,969,811,456	22,034,264,555,520	29,685,706,653,696	225,925,828	1,341,656,672	0	0
em-p-ihep51	20260624101107468000000	31	23,161,022,136,320	23,161,161,392,128	14,739,622,730,897	25,154,938,761,216	25,945,969,811,456	22,034,264,555,520	29,685,706,653,696	437,367,628	2,144,276,237	0	0
em-p-ihep51	20260624101117506000000	33	23,161,028,296,704	23,161,648,496,640	14,736,836,152,539	25,154,938,761,216	25,945,969,811,456	22,034,264,555,520	29,685,706,653,696	439,212,603	1,779,032,686	0	0
em-p-ihep51	20260624101127493000000	28	23,161,030,918,144	23,161,167,880,192	14,736,230,053,620	25,154,938,761,216	25,945,969,811,456	22,034,264,555,520	29,685,706,653,696	616,228,802	1,419,993,985	0	0
em-p-ihep51	20260624101137530000000	21	23,161,029,324,800	23,161,168,818,176	14,733,711,112,956	25,154,938,761,216	25,945,969,811,456	22,034,264,555,520	29,685,706,653,696	699,855,752	1,681,343,838	0	0
em-p-ihep51	20260624101147512000000	19	23,161,024,573,440	23,161,164,062,720	14,731,998,527,763	25,154,938,761,216	25,945,969,811,456	22,034,264,555,520	29,685,706,653,696	617,161,514	1,593,345,394	0	0
em-p-ihep51	20260624101157528000000	24	23,161,024,573,440	23,161,155,411,968	14,732,135,387,445	25,154,938,761,216	25,945,969,811,456	22,034,264,555,520	29,685,706,653,696	761,058,130	1,680,211,274	4,096	0
em-p-ihep51	20260624101207524000000	17	23,161,021,239,296	23,161,148,035,072	14,734,511,196,943	25,154,938,761,216	25,945,969,811,456	22,034,264,555,520	29,685,706,653,696	384,649,865	1,574,858,314	0	0
em-p-ihep51	20260624101217607000000	14	23,161,021,489,152	23,161,148,112,896	14,728,061,363,859	25,154,938,761,216	25,945,969,811,456	22,034,264,555,520	29,685,706,653,696	373,981,351	1,041,797,050	0	0
em-p-ihep51	20260624101227617000000	17	23,161,020,301,312	23,161,276,510,208	14,735,260,760,461	25,154,938,761,216	25,945,969,811,456	22,034,264,555,520	29,685,706,653,696	295,661,268	1,354,600,278	0	0
em-p-ihep51	20260624101237621000000	14	23,161,023,758,336	23,161,149,677,568	14,739,184,698,901	25,154,938,761,216	25,945,969,811,456	22,034,264,555,520	29,685,706,653,696	218,608,679	1,106,775,745	0	0
em-p-ihep51	20260624101247632000000	15	23,161,022,734,336	23,161,148,628,992	14,738,106,996,816	25,154,938,761,216	25,945,969,811,456	22,034,264,555,520	29,685,706,653,696	440,577,068	1,051,844,550	0	0
em-p-ihep51	20260624101257646000000	13	23,161,021,440,000	23,161,159,094,272	14,732,426,727,338	25,154,938,761,216	25,945,969,811,456	22,034,264,555,520	29,685,706,653,696	241,491,027	704,698,585	0	0
em-p-ihep51	20260624101307754000000	18	23,161,023,488,000	23,161,694,064,640	14,734,379,131,264	25,154,938,761,216	25,945,969,811,456	22,034,264,555,520	29,685,706,653,696	448,716,841	930,200,894	0	0
em-p-ihep51	20260624101317832000000	12	23,161,023,561,728	23,161,146,527,744	14,728,449,374,302	25,154,938,761,216	25,945,969,811,456	22,034,264,555,520	29,685,706,653,696	402,976,447	743,347,357	0	0
em-p-ihep51	20260624101327847000000	15	23,161,023,451,136	23,161,145,946,112	14,729,442,984,839	25,154,938,761,216	25,945,969,811,456	22,034,264,555,520	29,685,706,653,696	262,471,800	1,123,272,708	0	0
em-p-ihep51	20260624101337860000000	12	23,161,024,532,480	23,161,150,976,000	14,731,731,498,217	25,154,938,761,216	25,945,969,811,456	22,034,264,555,520	29,685,706,653,696	167,152,604	474,889,371	0	0
em-p-ihep51	20260624101347865000000	13	23,161,023,619,072	23,161,158,844,416	14,731,736,174,920	25,154,938,761,216	25,945,969,811,456	22,034,264,555,520	29,685,706,653,696	385,130,427	972,896,181	0	0
em-p-ihep51	20260624101357876000000	14	23,161,022,468,096	23,161,159,843,840	14,733,978,759,548	25,154,938,761,216	25,945,969,811,456	22,034,264,555,520	29,685,706,653,696	297,127,455	1,152,730,700	0	0
em-p-ihep51	20260624101407873000000	15	23,161,022,468,096	23,161,161,695,232	14,734,773,303,157	25,154,938,761,216	25,945,969,811,456	22,034,264,555,520	29,685,706,653,696	623,983,068	1,575,873,894	0	0
em-p-ihep51	20260624101417973000000	15	23,161,022,631,936	23,161,158,877,184	14,730,493,177,585	25,154,938,761,216	25,945,969,811,456	22,034,264,555,520	29,685,706,653,696	612,417,280	1,180,673,443	0	0
em-p-ihep51	20260624101428075000000	12	23,161,022,447,616	23,161,343,262,720	14,728,542,494,476	25,154,938,761,216	25,945,969,811,456	22,034,264,555,520	29,685,706,653,696	222,331,541	1,004,969,590	0	0
em-p-ihep51	20260624101438075000000	12	23,161,021,337,600	23,161,193,910,272	14,728,869,458,728	25,154,938,761,216	25,945,969,811,456	22,034,264,555,520	29,685,706,653,696	220,897,732	2,079,279,974	0	0
em-p-ihep51	20260624101448085000000	15	23,161,021,231,104	23,161,260,347,392	14,729,596,294,123	25,154,938,761,216	25,945,969,811,456	22,034,264,555,520	29,685,706,653,696	394,255,204	769,782,438	0	0
em-p-ihep51	20260624101458092000000	20	23,161,021,394,944	23,161,233,383,424	14,735,297,460,621	25,154,938,761,216	25,945,969,811,456	22,034,264,555,520	29,685,706,653,696	412,876,648	809,562,756	0	0
em-p-ihep51	20260624101508113000000	17	23,161,022,472,192	23,161,234,501,632	14,747,580,641,635	25,154,938,761,216	25,945,969,811,456	22,034,264,555,520	29,685,706,653,696	326,649,024	599,329,493	0	0
em-p-ihep51	20260624101518215000000	21	23,161,024,798,720	23,161,214,324,736	14,744,262,992,697	25,154,938,761,216	25,945,969,811,456	22,034,264,555,520	29,685,706,653,696	514,695,349	1,620,640,221	172,032	0
em-p-ihep51	20260624101528302000000	21	23,161,026,134,016	23,161,211,617,280	14,735,471,947,252	25,154,938,761,216	25,945,969,811,456	22,034,264,555,520	29,685,706,653,696	551,924,846	1,380,779,350	118,784	0
em-p-ihep51	20260624101538325000000	17	23,161,027,215,360	23,161,215,381,504	14,733,709,505,512	25,154,938,761,216	25,945,969,811,456	22,034,264,555,520	29,685,706,653,696	445,465,884	897,403,742	0	0
em-p-ihep51	20260624101548348000000	16	23,161,083,498,496	23,161,271,246,848	14,738,260,657,401	25,154,938,761,216	25,945,969,811,456	22,034,264,555,520	29,685,706,653,696	466,013,982	1,073,022,416	0	0
em-p-ihep51	20260624101558441000000	18	23,161,197,199,360	23,161,388,535,808	14,737,327,854,789	25,154,938,761,216	25,945,969,811,456	22,034,264,555,520	29,685,706,653,696	380,298,204	706,914,055	0	0
em-p-ihep51	20260624101608447000000	14	23,161,196,011,520	23,161,384,665,088	14,737,436,151,411	25,154,938,761,216	25,945,969,811,456	22,034,264,555,520	29,685,706,653,696	262,086,791	1,057,220,037	0	0
em-p-ihep51	20260624101618539000000	21	23,161,199,415,296	23,161,373,106,176	14,735,266,971,223	25,154,938,761,216	25,945,969,811,456	22,034,264,555,520	29,685,706,653,696	304,205,169	888,602,108	0	0
em-p-ihep51	20260624101628474000000	23	23,161,200,951,296	23,161,561,153,536	14,737,781,410,334	25,154,938,761,216	25,945,969,811,456	22,034,264,555,520	29,685,706,653,696	595,989,969	1,790,859,243	0	0
em-p-ihep51	20260624101638493000000	31	23,161,208,381,440	23,161,379,086,336	14,737,756,649,111	25,154,938,761,216	25,945,969,811,456	22,034,264,555,520	29,685,706,653,696	268,177,896	1,526,270,721	0	0
em-p-ihep51	20260624101648501000000	26	23,161,208,762,368	23,161,380,241,408	14,730,330,188,163	25,154,938,761,216	25,945,969,811,456	22,034,264,555,520	29,685,706,653,696	1,121,697,492	2,295,316,962	0	0
em-p-ihep51	20260624101658501000000	18	23,161,209,626,624	23,161,425,940,480	14,730,977,107,246	25,154,938,761,216	25,945,969,811,456	22,034,264,555,520	29,685,706,653,696	533,123,924	1,233,702,286	0	0
em-p-ihep51	20260624101708621000000	13	23,161,211,785,216	23,161,386,004,480	14,734,168,316,225	25,154,938,761,216	25,945,969,811,456	22,034,264,555,520	29,685,706,653,696	306,174,118	890,171,723	0	0
em-p-ihep51	20260624101718715000000	13	23,161,211,351,040	23,161,584,197,632	14,727,800,771,653	25,154,938,761,216	25,945,969,811,456	22,034,264,555,520	29,685,706,653,696	381,226,822	1,393,227,274	0	0
em-p-ihep51	20260624101728809000000	12	23,161,208,770,560	23,161,339,940,864	14,736,982,482,826	25,154,938,761,216	25,945,969,811,456	22,034,264,555,520	29,685,706,653,696	280,948,915	2,341,113,467	0	0
em-p-ihep51	20260624101738899000000	19	23,161,298,141,184	23,161,442,922,496	14,729,725,127,288	25,154,938,761,216	25,945,969,811,456	22,034,264,555,520	29,685,706,653,696	235,956,466	887,293,261	0	0
em-p-ihep51	20260624101749018000000	13	23,161,301,651,456	23,161,433,473,024	14,731,905,478,723	25,154,938,761,216	25,945,969,811,456	22,034,264,555,520	29,685,706,653,696	542,113,001	1,128,352,349	0	0
em-p-ihep51	20260624101759093000000	16	23,161,301,544,960	23,161,437,241,344	14,736,389,651,670	25,154,938,761,216	25,945,969,811,456	22,034,264,555,520	29,685,706,653,696	406,510,517	923,968,103	0	0
em-p-ihep51	20260624101809092000000	16	23,161,309,024,256	23,161,493,155,840	14,737,163,513,915	25,154,938,761,216	25,945,969,811,456	22,034,264,555,520	29,685,706,653,696	344,679,431	1,720,590,168	0	0
em-p-ihep51	20260624101819183000000	13	23,161,303,261,184	23,161,437,048,832	14,731,610,459,798	25,154,938,761,216	25,945,969,811,456	22,034,264,555,520	29,685,706,653,696	248,468,131	1,061,847,049	0	0
em-p-ihep51	20260624101829277000000	14	23,161,303,044,096	23,161,488,035,840	14,728,408,759,226	25,154,938,761,216	25,945,969,811,456	22,034,264,555,520	29,685,706,653,696	347,468,432	618,703,417	0	0
em-p-ihep51	20260624101839366000000	13	23,161,301,909,504	23,161,459,470,336	14,729,126,077,749	25,154,938,761,216	25,945,969,811,456	22,034,264,555,520	29,685,706,653,696	218,629,804	539,223,829	0	0
em-p-ihep51	20260624101849452000000	11	23,161,301,803,008	23,161,464,020,992	14,730,162,308,774	25,154,938,761,216	25,945,969,811,456	22,034,264,555,520	29,685,706,653,696	526,116,799	991,971,002	0	0
em-p-ihep51	20260624101859537000000	12	23,161,301,966,848	23,161,470,238,720	14,733,950,065,205	25,154,938,761,216	25,945,969,811,456	22,034,264,555,520	29,685,706,653,696	334,362,967	1,433,904,638	0	0
em-p-ihep51	20260624101909565000000	17	23,161,305,681,920	23,161,473,990,656	14,741,925,113,604	25,154,938,761,216	25,945,969,811,456	22,034,264,555,520	29,685,706,653,696	641,727,814	3,451,597,229	0	0
em-p-ihep51	20260624101919572000000	16	23,161,302,245,376	23,161,548,521,472	14,732,897,457,827	25,154,938,761,216	25,945,969,811,456	22,034,264,555,520	29,685,706,653,696	454,433,765	1,903,705,081	0	0
em-p-ihep51	20260624101929648000000	16	23,161,302,409,216	23,161,473,724,416	14,736,953,873,083	25,154,938,761,216	25,945,969,811,456	22,034,264,555,520	29,685,706,653,696	453,431,977	1,427,631,926	0	0
em-p-ihep51	20260624101939675000000	13	23,161,301,221,376	23,161,464,885,248	14,729,916,775,696	25,154,938,761,216	25,945,969,811,456	22,034,264,555,520	29,685,706,653,696	443,022,290	1,832,140,004	0	0
em-p-ihep51	20260624101949779000000	13	23,161,301,221,376	23,161,464,995,840	14,731,488,425,618	25,154,938,761,216	25,945,969,811,456	22,034,264,555,520	29,685,706,653,696	381,502,577	1,216,941,257	0	0
em-p-ihep51	20260624101959867000000	15	23,161,303,273,472	23,161,938,087,936	14,732,361,112,387	25,154,938,761,216	25,945,969,811,456	22,034,264,555,520	29,685,706,653,696	588,463,532	1,005,025,500	0	0
em-p-ihep51	20260624102009910000000	28	23,161,307,054,080	23,161,464,033,280	14,765,052,983,303	25,154,938,761,216	25,945,969,811,456	22,034,264,555,520	29,685,706,653,696	753,932,672	1,901,889,871	4,096	0
em-p-ihep51	20260624102019934000000	23	23,161,301,008,384	23,161,458,081,792	14,746,225,429,774	25,154,938,761,216	25,945,969,811,456	22,034,264,555,520	29,685,706,653,696	696,054,744	1,666,120,029	0	0
em-p-ihep51	20260624102030013000000	22	23,161,303,326,720	23,161,471,021,056	14,751,543,947,322	25,154,938,761,216	25,945,969,811,456	22,034,264,555,520	29,685,706,653,696	519,976,531	1,013,897,217	0	0
em-p-ihep51	20260624102040017000000	23	23,161,309,167,616	23,161,469,054,976	14,736,569,096,664	25,154,938,761,216	25,945,969,811,456	22,034,264,555,520	29,685,706,653,696	342,198,601	776,775,699	0	0
em-p-ihep51	20260624102050010000000	20	23,161,308,352,512	23,161,450,774,528	14,735,138,272,872	25,154,938,761,216	25,945,969,811,456	22,034,264,555,520	29,685,706,653,696	427,730,410	1,797,645,914	0	0
em-p-ihep51	20260624102100026000000	21	23,161,307,275,264	23,161,466,388,480	14,739,507,614,395	25,154,938,761,216	25,945,969,811,456	22,034,264,555,520	29,685,706,653,696	665,799,859	2,230,474,234	12,288	0
em-p-ihep51	20260624102110060000000	23	23,161,305,169,920	23,161,428,340,736	14,744,584,352,267	25,154,938,761,216	25,945,969,811,456	22,034,264,555,520	29,685,706,653,696	913,131,197	1,994,919,294	0	0
em-p-ihep51	20260624102120062000000	24	23,161,308,573,696	23,161,430,822,912	14,734,760,899,944	25,154,938,761,216	25,945,969,811,456	22,034,264,555,520	29,685,706,653,696	663,162,007	1,097,071,311	8,192	0
em-p-ihep51	20260624102130176000000	22	23,161,311,162,368	23,161,436,016,640	14,736,589,813,647	25,154,938,761,216	25,945,969,811,456	22,034,264,555,520	29,685,706,653,696	380,534,762	817,295,089	8,192	0
em-p-ihep51	20260624102140257000000	24	23,161,315,233,792	23,161,877,282,816	14,750,839,555,709	25,154,938,761,216	25,945,969,811,456	22,034,264,555,520	29,685,706,653,696	490,618,865	1,347,062,472	12,288	0
em-p-ihep51	20260624102150255000000	22	23,164,886,351,872	23,164,637,720,576	14,748,956,057,913	25,154,938,761,216	25,945,969,811,456	22,034,264,555,520	29,685,706,653,696	534,335,490	2,236,199,048	0	0
em-p-ihep51	20260624102200266000000	15	23,166,034,403,328	23,166,151,659,520	14,750,436,101,071	25,154,938,761,216	25,945,969,811,456	22,034,264,555,520	29,685,706,653,696	483,005,805	1,791,099,436	0	0
em-p-ihep51	20260624102210259000000	19	23,166,035,865,600	23,166,575,800,320	14,758,000,363,867	25,154,938,761,216	25,945,969,811,456	22,034,264,555,520	29,685,706,653,696	778,385,746	1,757,707,314	4,096	0
em-p-ihep51	20260624102220274000000	16	23,166,037,217,280	23,166,152,298,496	14,755,145,258,486	25,154,938,761,216	25,945,969,811,456	22,034,264,555,520	29,685,706,653,696	475,183,418	1,717,357,917	0	0
em-p-ihep51	20260624102230280000000	17	23,166,036,029,440	23,166,151,229,440	14,752,192,115,950	25,154,938,761,216	25,945,969,811,456	22,034,264,555,520	29,685,706,653,696	170,555,148	1,394,587,201	0	0
em-p-ihep51	20260624102240286000000	14	23,166,036,029,440	23,166,151,434,240	14,737,549,922,939	25,154,938,761,216	25,945,969,811,456	22,034,264,555,520	29,685,706,653,696	366,545,484	672,891,155	0	0
em-p-ihep51	20260624102250286000000	17	23,160,661,229,568	23,160,779,636,736	14,738,654,413,620	25,154,938,761,216	25,945,969,811,456	22,034,264,555,520	29,685,706,653,696	486,787,688	1,208,515,055	0	0
em-p-ihep51	20260624102300299000000	12	23,160,662,474,752	23,160,777,502,720	14,728,538,575,140	25,154,938,761,216	25,945,969,811,456	22,034,264,555,520	29,685,706,653,696	776,659,789	1,171,830,090	0	0
em-p-ihep51	20260624102310343000000	14	23,160,656,592,896	23,160,771,629,056	14,738,101,298,687	25,154,938,761,216	25,945,969,811,456	22,034,264,555,520	29,685,706,653,696	280,329,107	932,647,729	4,096	0
em-p-ihep51	20260624102320401000000	12	23,160,658,755,584	23,160,794,624,000	14,731,278,265,011	25,154,938,761,216	25,945,969,811,456	22,034,264,555,520	29,685,706,653,696	166,766,091	494,737,101	8,192	0
em-p-ihep51	20260624102330417000000	11	23,160,658,919,424	23,160,814,718,976	14,730,234,611,826	25,154,938,761,216	25,945,969,811,456	22,034,264,555,520	29,685,706,653,696	147,470,964	541,688,398	0	0
em-p-ihep51	20260624102340513000000	16	23,160,658,812,928	23,160,811,405,312	14,733,274,945,850	25,154,938,761,216	25,945,969,811,456	22,034,264,555,520	29,685,706,653,696	568,239,879	1,415,318,473	0	0
em-p-ihep51	20260624102350607000000	14	23,160,656,654,336	23,160,810,795,008	14,731,722,261,067	25,154,938,761,216	25,945,969,811,456	22,034,264,555,520	29,685,706,653,696	693,572,140	1,723,729,624	0	0
em-p-ihep51	20260624102400610000000	13	23,160,656,818,176	23,160,813,948,928	14,731,775,292,779	25,154,938,761,216	25,945,969,811,456	22,034,264,555,520	29,685,706,653,696	457,926,911	1,139,530,168	0	0
em-p-ihep51	20260624102410711000000	15	23,160,655,630,336	23,160,809,205,760	14,734,253,094,116	25,154,938,761,216	25,945,969,811,456	22,034,264,555,520	29,685,706,653,696	415,800,017	1,292,899,628	0	0
em-p-ihep51	20260624102420695000000	18	23,160,653,361,152	23,160,808,345,600	14,737,804,872,268	25,154,938,761,216	25,945,969,811,456	22,034,264,555,520	29,685,706,653,696	603,053,523	1,111,784,164	61,440	0
em-p-ihep51	20260624102430694000000	20	23,160,658,341,888	23,160,832,073,728	14,749,936,639,279	25,154,938,761,216	25,945,969,811,456	22,034,264,555,520	29,685,706,653,696	590,823,563	1,005,084,293	0	0
em-p-ihep51	20260624102440799000000	14	23,162,926,608,384	23,163,025,797,120	14,753,277,606,149	25,154,938,761,216	25,945,969,811,456	22,034,264,555,520	29,685,706,653,696	649,476,667	1,204,185,134	0	0
em-p-ihep51	20260624102450805000000	16	23,168,109,924,352	23,168,350,175,232	14,769,275,302,396	25,154,938,761,216	25,945,969,811,456	22,034,264,555,520	29,685,706,653,696	371,119,125	1,146,521,553	0	0
em-p-ihep51	20260624102500807000000	15	23,168,344,924,160	23,168,579,846,144	14,743,430,586,605	25,154,938,761,216	25,945,969,811,456	22,034,264,555,520	29,685,706,653,696	359,775,178	947,356,045	0	0
em-p-ihep51	20260624102510912000000	16	23,168,745,996,288	23,168,983,285,760	14,772,183,526,981	25,154,938,761,216	25,945,969,811,456	22,034,264,555,520	29,685,706,653,696	308,129,208	1,214,530,789	0	0
em-p-ihep51	20260624102520919000000	18	23,168,749,400,064	23,168,988,753,920	14,751,876,330,731	25,154,938,761,216	25,945,969,811,456	22,034,264,555,520	29,685,706,653,696	416,720,611	1,177,030,249	0	0
em-p-ihep51	20260624102530936000000	22	23,168,786,857,984	23,169,095,237,632	14,758,611,488,938	25,154,938,761,216	25,945,969,811,456	22,034,264,555,520	29,685,706,653,696	178,489,192	521,061,019	0	0
em-p-ihep51	20260624102540946000000	16	23,168,784,838,656	23,169,023,520,768	14,743,045,470,038	25,154,938,761,216	25,945,969,811,456	22,034,264,555,520	29,685,706,653,696	445,596,723	828,467,143	0	0
em-p-ihep51	20260624102551002000000	16	23,168,784,654,336	23,169,064,579,072	14,742,475,485,407	25,154,938,761,216	25,945,969,811,456	22,034,264,555,520	29,685,706,653,696	494,550,162	1,387,982,248	0	0
em-p-ihep51	20260624102601023000000	22	23,169,123,889,152	23,169,368,018,944	14,741,260,885,558	25,154,938,761,216	25,945,969,811,456	22,034,264,555,520	29,685,706,653,696	575,195,458	2,580,043,541	0	0
em-p-ihep51	20260624102611025000000	18	23,169,125,134,336	23,169,424,994,304	14,749,647,662,014	25,154,938,761,216	25,945,969,811,456	22,034,264,555,520	29,685,706,653,696	407,912,618	1,722,932,082	0	0
em-p-ihep51	20260624102621023000000	18	23,169,440,772,096	23,169,651,879,936	14,744,779,624,859	25,154,938,761,216	25,945,969,811,456	22,034,264,555,520	29,685,706,653,696	185,303,119	815,580,086	0	0
em-p-ihep51	20260624102631035000000	19	23,169,442,971,648	23,169,655,750,656	14,732,873,700,593	25,154,938,761,216	25,945,969,811,456	22,034,264,555,520	29,685,706,653,696	472,314,286	1,375,434,525	0	0
em-p-ihep51	20260624102641025000000	19	23,169,443,135,488	23,169,658,482,688	14,738,085,381,061	25,154,938,761,216	25,945,969,811,456	22,034,264,555,520	29,685,706,653,696	321,994,301	1,146,117,019	0	0
em-p-ihep51	20260624102651118000000	18	23,169,443,028,992	23,169,655,209,984	14,734,810,034,431	25,154,938,761,216	25,945,969,811,456	22,034,264,555,520	29,685,706,653,696	300,752,127	860,610,425	0	0
em-p-ihep51	20260624102701208000000	16	23,169,440,919,552	23,169,654,874,112	14,730,871,768,777	25,154,938,761,216	25,945,969,811,456	22,034,264,555,520	29,685,706,653,696	223,506,286	737,007,365	0	0
em-p-ihep51	20260624102711299000000	17	23,169,442,271,232	23,169,656,152,064	14,738,032,294,795	25,154,938,761,216	25,945,969,811,456	22,034,264,555,520	29,685,706,653,696	144,784,681	639,880,499	0	0
em-p-ihep51	20260624102721381000000	17	23,169,442,164,736	23,169,578,680,320	14,737,209,487,601	25,154,938,761,216	25,945,969,811,456	22,034,264,555,520	29,685,706,653,696	345,914,845	832,500,440	0	0
em-p-ihep51	20260624102731395000000	16	23,169,438,625,792	23,169,575,636,992	14,730,598,682,450	25,154,938,761,216	25,945,969,811,456	22,034,264,555,520	29,685,706,653,696	508,403,814	1,058,715,630	0	0
em-p-ihep51	20260624102741515000000	13	23,169,439,707,136	23,169,573,040,128	14,734,726,291,816	25,154,938,761,216	25,945,969,811,456	22,034,264,555,520	29,685,706,653,696	419,650,924	828,399,198	0	0
em-p-ihep51	20260624102751503000000	16	23,169,440,948,224	23,169,574,088,704	14,735,092,110,814	25,154,938,761,216	25,945,969,811,456	22,034,264,555,520	29,685,706,653,696	521,284,958	798,662,073	0	0
em-p-ihep51	20260624102801513000000	11	23,169,443,000,320	23,169,568,071,680	14,731,043,430,516	25,154,938,761,216	25,945,969,811,456	22,034,264,555,520	29,685,706,653,696	300,107,557	1,178,583,180	0	0
em-p-ihep51	20260624102811603000000	15	23,169,444,298,752	23,169,620,443,136	14,738,705,541,116	25,154,938,761,216	25,945,969,811,456	22,034,264,555,520	29,685,706,653,696	652,000,663	1,735,967,610	0	0
em-p-ihep51	20260624102821694000000	15	23,169,443,110,912	23,169,605,861,376	14,737,799,990,228	25,154,938,761,216	25,945,969,811,456	22,034,264,555,520	29,685,706,653,696	496,145,664	673,610,476	0	0
em-p-ihep51	20260624102831794000000	17	23,169,446,621,184	23,169,627,774,976	14,743,107,930,230	25,154,938,761,216	25,945,969,811,456	22,034,264,555,520	29,685,706,653,696	578,262,877	903,948,567	0	0
em-p-ihep51	20260624102841883000000	16	23,169,445,433,344	23,169,605,697,536	14,742,226,086,023	25,154,938,761,216	25,945,969,811,456	22,034,264,555,520	29,685,706,653,696	381,813,353	749,221,914	0	0
em-p-ihep51	20260624102851977000000	13	23,169,445,699,584	23,169,605,554,176	14,740,286,895,524	25,154,938,761,216	25,945,969,811,456	22,034,264,555,520	29,685,706,653,696	355,322,269	914,387,657	0	0
em-p-ihep51	20260624102902069000000	14	23,169,440,124,928	23,169,611,939,840	14,738,394,607,615	25,154,938,761,216	25,945,969,811,456	22,034,264,555,520	29,685,706,653,696	940,495,938	1,405,400,570	0	0
em-p-ihep51	20260624102912154000000	17	23,169,442,177,024	23,169,605,906,432	14,735,078,075,563	25,154,938,761,216	25,945,969,811,456	22,034,264,555,520	29,685,706,653,696	644,836,991	1,502,220,396	0	0
em-p-ihep51	20260624102922168000000	13	23,169,440,018,432	23,169,588,842,496	14,737,291,722,887	25,154,938,761,216	25,945,969,811,456	22,034,264,555,520	29,685,706,653,696	684,826,485	1,149,023,432	0	0
em-p-ihep51	20260624102932284000000	14	23,169,440,722,944	23,169,588,252,672	14,738,094,316,320	25,154,938,761,216	25,945,969,811,456	22,034,264,555,520	29,685,706,653,696	556,087,202	1,514,136,133	0	0
em-p-ihep51	20260624102942259000000	14	23,169,443,045,376	23,169,874,624,512	14,734,609,142,261	25,154,938,761,216	25,945,969,811,456	22,034,264,555,520	29,685,706,653,696	660,127,712	1,165,817,408	0	0
em-p-ihep51	20260624102952374000000	13	23,169,443,045,376	23,169,593,733,120	14,743,228,491,756	25,154,938,761,216	25,945,969,811,456	22,034,264,555,520	29,685,706,653,696	524,145,257	780,685,979	0	0
em-p-ihep51	20260624103002459000000	18	23,169,452,236,800	23,169,603,919,872	14,752,085,064,111	25,154,938,761,216	25,945,969,811,456	22,034,264,555,520	29,685,706,653,696	456,091,749	1,288,675,209	0	0
em-p-ihep51	20260624103012598000000	30	23,169,451,474,944	23,169,617,223,680	14,778,615,050,058	25,154,938,761,216	25,945,969,811,456	22,034,264,555,520	29,685,706,653,696	605,473,493	2,533,465,313	0	0
em-p-ihep51	20260624103022566000000	28	23,169,754,497,024	23,169,908,768,768	14,752,612,909,461	25,154,938,761,216	25,945,969,811,456	22,034,264,555,520	29,685,706,653,696	837,711,898	2,061,185,793	0	0
em-p-ihep51	20260624103032667000000	21	23,169,753,309,184	23,169,905,750,016	14,748,339,802,034	25,154,938,761,216	25,945,969,811,456	22,034,264,555,520	29,685,706,653,696	526,900,549	1,228,039,029	0	0
em-p-ihep51	20260624103042655000000	20	23,169,747,640,320	23,169,900,003,328	14,743,450,315,709	25,154,938,761,216	25,945,969,811,456	22,034,264,555,520	29,685,706,653,696	534,709,001	1,486,077,601	0	0
em-p-ihep51	20260624103052693000000	22	23,169,753,505,792	23,170,264,629,248	14,735,751,310,554	25,154,938,761,216	25,945,969,811,456	22,034,264,555,520	29,685,706,653,696	735,898,716	2,686,363,326	0	0
em-p-ihep51	20260624103102691000000	18	23,169,753,636,864	23,169,907,171,328	14,739,835,313,137	25,154,938,761,216	25,945,969,811,456	22,034,264,555,520	29,685,706,653,696	450,306,346	2,556,814,036	0	0
em-p-ihep51	20260624103112701000000	23	23,169,751,412,736	23,169,889,742,848	14,747,641,650,489	25,154,938,761,216	25,945,969,811,456	22,034,264,555,520	29,685,706,653,696	558,350,548	1,264,011,007	0	0
em-p-ihep51	20260624103122811000000	21	23,169,754,333,184	23,169,915,367,424	14,737,401,597,572	25,154,938,761,216	25,945,969,811,456	22,034,264,555,520	29,685,706,653,696	676,266,594	1,736,581,276	0	0
em-p-ihep51	20260624103132799000000	19	23,169,758,830,592	23,169,896,296,448	14,738,686,735,999	25,154,938,761,216	25,945,969,811,456	22,034,264,555,520	29,685,706,653,696	530,077,338	1,111,030,743	0	0
em-p-ihep51	20260624103142814000000	19	23,169,767,403,520	23,169,898,913,792	14,737,486,230,665	25,154,938,761,216	25,945,969,811,456	22,034,264,555,520	29,685,706,653,696	419,664,172	2,214,817,449	0	0
em-p-ihep51	20260624103152898000000	16	23,169,769,897,984	23,169,897,852,928	14,746,433,212,395	25,154,938,761,216	25,945,969,811,456	22,034,264,555,520	29,685,706,653,696	427,162,003	1,821,540,256	0	0
em-p-ihep51	20260624103202919000000	16	23,170,240,290,816	23,170,226,106,368	14,761,550,537,609	25,154,938,761,216	25,945,969,811,456	22,034,264,555,520	29,685,706,653,696	721,645,586	1,477,832,243	0	0
em-p-ihep51	20260624103212925000000	18	23,175,106,596,864	23,175,165,825,024	14,762,752,241,887	25,154,938,761,216	25,945,969,811,456	22,034,264,555,520	29,685,706,653,696	577,480,180	1,651,876,608	0	0
em-p-ihep51	20260624103222924000000	20	23,182,468,464,640	23,182,683,631,616	14,770,323,617,324	25,154,938,761,216	25,945,969,811,456	22,034,264,555,520	29,685,706,653,696	497,706,946	3,053,016,044	0	0
em-p-ihep51	20260624103233012000000	17	23,191,214,940,160	23,191,329,357,824	14,778,270,077,988	25,154,938,761,216	25,945,969,811,456	22,034,264,555,520	29,685,706,653,696	520,134,245	2,545,738,351	0	0
em-p-ihep51	20260624103243030000000	17	23,191,200,542,720	23,191,306,575,872	14,780,314,399,977	25,154,938,761,216	25,945,969,811,456	22,034,264,555,520	29,685,706,653,696	723,282,781	2,173,717,653	0	0
em-p-ihep51	20260624103253126000000	21	23,191,200,546,816	23,191,347,019,776	14,762,591,431,729	25,154,938,761,216	25,945,969,811,456	22,034,264,555,520	29,685,706,653,696	676,716,941	1,307,480,346	0	0
em-p-ihep51	20260624103303219000000	18	23,191,197,609,984	23,191,348,043,776	14,763,248,595,050	25,154,938,761,216	25,945,969,811,456	22,034,264,555,520	29,685,706,653,696	496,584,355	1,438,460,940	0	0
em-p-ihep51	20260624103313328000000	17	23,184,147,795,968	23,184,294,428,672	14,756,779,321,297	25,154,938,761,216	25,945,969,811,456	22,034,264,555,520	29,685,706,653,696	794,184,241	1,819,993,753	24,576	0
em-p-ihep51	20260624103323323000000	15	23,184,147,881,984	23,184,294,735,872	14,752,397,825,420	25,154,938,761,216	25,945,969,811,456	22,034,264,555,520	29,685,706,653,696	563,847,741	2,681,131,401	73,728	0
em-p-ihep51	20260624103333410000000	13	23,184,148,123,648	23,184,288,919,552	14,760,964,257,840	25,154,938,761,216	25,945,969,811,456	22,034,264,555,520	29,685,706,653,696	388,343,431	2,255,230,475	0	0
em-p-ihep51	20260624103343506000000	15	23,184,156,667,904	23,184,889,565,184	14,755,443,277,558	25,154,938,761,216	25,945,969,811,456	22,034,264,555,520	29,685,706,653,696	494,564,905	1,785,310,830	0	0
em-p-ihep51	20260624103353601000000	17	23,184,155,754,496	23,184,293,113,856	14,765,579,975,908	25,154,938,761,216	25,945,969,811,456	22,034,264,555,520	29,685,706,653,696	754,633,490	1,629,933,317	0	0
em-p-ihep51	20260624103403683000000	13	23,184,155,537,408	23,184,291,430,400	14,761,502,674,356	25,154,938,761,216	25,945,969,811,456	22,034,264,555,520	29,685,706,653,696	435,547,064	1,444,418,271	0	0
em-p-ihep51	20260624103413777000000	16	23,184,692,588,544	23,184,844,935,168	14,764,437,926,735	25,154,938,761,216	25,945,969,811,456	22,034,264,555,520	29,685,706,653,696	549,539,145	1,150,560,762	0	0
em-p-ihep51	20260624103423870000000	16	23,184,692,625,408	23,185,028,243,456	14,768,943,188,922	25,154,938,761,216	25,945,969,811,456	22,034,264,555,520	29,685,706,653,696	472,029,135	2,746,889,879	0	0
em-p-ihep51	20260624103433964000000	16	23,184,693,018,624	23,184,833,601,536	14,770,492,199,506	25,154,938,761,216	25,945,969,811,456	22,034,264,555,520	29,685,706,653,696	356,862,802	1,121,025,019	0	0
em-p-ihep51	20260624103444047000000	15	23,184,691,830,784	23,184,827,805,696	14,763,687,953,882	25,154,938,761,216	25,945,969,811,456	22,034,264,555,520	29,685,706,653,696	595,745,622	1,216,952,446	0	0
em-p-ihep51	20260624103454145000000	14	23,184,693,182,464	23,184,902,561,792	14,761,820,570,905	25,154,938,761,216	25,945,969,811,456	22,034,264,555,520	29,685,706,653,696	509,794,646	1,333,715,518	0	0
em-p-ihep51	20260624103504148000000	19	23,184,696,586,240	23,184,915,734,528	14,766,325,973,853	25,154,938,761,216	25,945,969,811,456	22,034,264,555,520	29,685,706,653,696	501,578,108	1,755,956,304	0	0
em-p-ihep51	20260624103514137000000	18	23,184,697,753,600	23,185,054,257,152	14,770,263,248,849	25,154,938,761,216	25,945,969,811,456	22,034,264,555,520	29,685,706,653,696	423,239,699	1,867,575,352	0	0
em-p-ihep51	20260624103524245000000	20	23,184,691,085,312	23,185,247,907,840	14,773,727,698,186	25,154,938,761,216	25,945,969,811,456	22,034,264,555,520	29,685,706,653,696	697,262,085	2,674,474,352	0	0
em-p-ihep51	20260624103534242000000	21	23,184,695,570,432	23,184,909,443,072	14,768,401,821,397	25,154,938,761,216	25,945,969,811,456	22,034,264,555,520	29,685,706,653,696	584,338,324	1,291,683,479	0	0
em-p-ihep51	20260624103544338000000	17	23,184,766,935,040	23,184,999,563,264	14,766,500,191,397	25,154,938,761,216	25,945,969,811,456	22,034,264,555,520	29,685,706,653,696	876,191,935	1,669,526,414	0	0
em-p-ihep51	20260624103554438000000	18	23,184,765,747,200	23,184,987,160,576	14,772,605,134,257	25,154,938,761,216	25,945,969,811,456	22,034,264,555,520	29,685,706,653,696	708,373,963	1,549,490,458	0	0
em-p-ihep51	20260624103604447000000	20	23,184,754,950,144	23,184,970,776,576	14,767,324,336,262	25,154,938,761,216	25,945,969,811,456	22,034,264,555,520	29,685,706,653,696	532,603,649	1,279,638,577	0	0
em-p-ihep51	20260624103614471000000	33	23,184,762,093,568	23,185,109,643,264	14,777,475,311,262	25,154,938,761,216	25,945,969,811,456	22,034,264,555,520	29,685,706,653,696	785,260,065	3,304,619,703	69,632	0
em-p-ihep51	20260624103624500000000	33	23,184,769,802,240	23,184,987,623,424	14,779,064,600,744	25,154,938,761,216	25,945,969,811,456	22,034,264,555,520	29,685,706,653,696	915,849,098	2,223,443,299	0	0
em-p-ihep51	20260624103634486000000	26	23,184,856,154,112	23,185,381,548,032	14,782,273,800,345	25,154,938,761,216	25,945,969,811,456	22,034,264,555,520	29,685,706,653,696	835,130,317	1,797,492,679	0	0
em-p-ihep51	20260624103644481000000	21	23,184,852,844,544	23,185,070,596,096	14,786,022,395,972	25,154,938,761,216	25,945,969,811,456	22,034,264,555,520	29,685,706,653,696	933,780,735	1,614,338,073	0	0
em-p-ihep51	20260624103654611000000	22	23,184,851,693,568	23,185,159,712,768	14,784,606,335,453	25,154,938,761,216	25,945,969,811,456	22,034,264,555,520	29,685,706,653,696	681,963,199	2,941,445,950	0	0
em-p-ihep51	20260624103704583000000	21	23,184,849,068,032	23,185,529,995,264	14,787,659,713,205	25,154,938,761,216	25,945,969,811,456	22,034,264,555,520	29,685,706,653,696	692,126,819	1,766,525,398	0	0
em-p-ihep51	20260624103714689000000	20	23,184,852,582,400	23,184,984,956,928	14,788,509,283,715	25,154,938,761,216	25,945,969,811,456	22,034,264,555,520	29,685,706,653,696	375,825,555	1,018,581,117	0	0
em-p-ihep51	20260624103724693000000	19	23,184,853,663,744	23,184,980,070,400	14,794,258,163,160	25,154,938,761,216	25,945,969,811,456	22,034,264,555,520	29,685,706,653,696	581,315,904	1,174,573,874	0	0
em-p-ihep51	20260624103734691000000	18	23,188,870,762,496	23,188,450,222,080	14,808,646,821,194	25,154,938,761,216	25,945,969,811,456	22,034,264,555,520	29,685,706,653,696	568,481,551	1,232,773,378	0	0
em-p-ihep51	20260624103744803000000	17	23,189,025,824,768	23,189,004,754,944	14,812,997,766,094	25,154,938,761,216	25,945,969,811,456	22,034,264,555,520	29,685,706,653,696	421,455,716	1,636,458,936	0	0
em-p-ihep51	20260624103754793000000	19	23,189,128,286,208	23,189,290,151,936	14,782,602,812,471	25,154,938,761,216	25,945,969,811,456	22,034,264,555,520	29,685,706,653,696	396,171,228	1,486,640,230	0	0
em-p-ihep51	20260624103804803000000	18	23,189,129,334,784	23,189,235,515,392	14,766,532,422,072	25,154,938,761,216	25,945,969,811,456	22,034,264,555,520	29,685,706,653,696	484,450,311	3,109,731,366	0	0
em-p-ihep51	20260624103814855000000	20	23,189,123,670,016	23,189,692,645,376	14,776,400,093,639	25,154,938,761,216	25,945,969,811,456	22,034,264,555,520	29,685,706,653,696	563,949,077	1,340,576,573	0	0
em-p-ihep51	20260624103824865000000	22	23,189,128,581,120	23,189,233,360,896	14,783,274,964,135	25,154,938,761,216	25,945,969,811,456	22,034,264,555,520	29,685,706,653,696	655,741,453	1,606,415,670	49,152	0
em-p-ihep51	20260624103834859000000	25	23,186,449,129,472	23,186,554,900,480	14,768,094,468,113	25,154,938,761,216	25,945,969,811,456	22,034,264,555,520	29,685,706,653,696	868,273,842	1,792,488,319	0	0
em-p-ihep51	20260624103844848000000	22	23,186,448,949,248	23,187,007,655,936	14,776,694,060,546	25,154,938,761,216	25,945,969,811,456	22,034,264,555,520	29,685,706,653,696	829,006,775	2,597,717,528	0	0
em-p-ihep51	20260624103854861000000	20	23,186,595,061,760	23,186,695,745,536	14,784,511,217,323	25,154,938,761,216	25,945,969,811,456	22,034,264,555,520	29,685,706,653,696	293,813,307	1,426,107,004	0	0
em-p-ihep51	20260624103904884000000	16	23,189,339,901,952	23,189,443,317,760	14,780,201,764,225	25,154,938,761,216	25,945,969,811,456	22,034,264,555,520	29,685,706,653,696	395,991,582	2,014,315,338	0	0
em-p-ihep51	20260624103914965000000	20	23,189,344,382,976	23,189,448,835,072	14,781,014,830,489	25,154,938,761,216	25,945,969,811,456	22,034,264,555,520	29,685,706,653,696	538,898,662	1,999,026,633	0	0
em-p-ihep51	20260624103924970000000	13	23,189,345,734,656	23,189,452,820,480	14,770,673,892,945	25,154,938,761,216	25,945,969,811,456	22,034,264,555,520	29,685,706,653,696	424,723,649	1,675,929,920	0	0
em-p-ihep51	20260624103934998000000	16	23,189,337,559,040	23,189,443,997,696	14,776,816,501,905	25,154,938,761,216	25,945,969,811,456	22,034,264,555,520	29,685,706,653,696	573,321,170	1,212,280,660	0	0
em-p-ihep51	20260624103944999000000	17	23,189,340,024,832	23,189,461,897,216	14,772,503,582,758	25,154,938,761,216	25,945,969,811,456	22,034,264,555,520	29,685,706,653,696	509,068,893	2,402,878,743	0	0
em-p-ihep51	20260624103955100000000	16	23,189,339,885,568	23,189,632,053,248	14,771,136,191,976	25,154,938,761,216	25,945,969,811,456	22,034,264,555,520	29,685,706,653,696	507,992,848	1,927,694,305	0	0
em-p-ihep51	20260624104005139000000	28	23,189,365,952,512	23,189,472,448,512	14,795,463,013,501	25,154,938,761,216	25,945,969,811,456	22,034,264,555,520	29,685,706,653,696	805,371,223	2,465,390,510	0	0
em-p-ihep51	20260624104015135000000	31	23,189,934,100,480	23,189,835,857,920	14,819,034,468,705	25,154,938,761,216	25,945,969,811,456	22,034,264,555,520	29,685,706,653,696	703,667,944	1,404,724,920	0	0
em-p-ihep51	20260624104025166000000	22	23,192,013,328,384	23,192,243,609,600	14,791,082,009,063	25,154,938,761,216	25,945,969,811,456	22,034,264,555,520	29,685,706,653,696	513,764,028	2,200,557,376	0	0
em-p-ihep51	20260624104035154000000	24	23,190,314,184,704	23,190,422,097,920	14,784,131,983,562	25,154,938,761,216	25,945,969,811,456	22,034,264,555,520	29,685,706,653,696	345,389,760	2,268,163,541	0	0
em-p-ihep51	20260624104045144000000	21	23,190,314,078,208	23,190,422,138,880	14,783,118,825,992	25,154,938,761,216	25,945,969,811,456	22,034,264,555,520	29,685,706,653,696	466,778,819	1,769,656,400	0	0
em-p-ihep51	20260624104055246000000	20	23,190,317,920,256	23,190,426,341,376	14,782,477,932,688	25,154,938,761,216	25,945,969,811,456	22,034,264,555,520	29,685,706,653,696	597,154,678	1,249,779,982	0	0
em-p-ihep51	20260624104105349000000	22	23,190,315,786,240	23,190,443,888,640	14,783,223,571,870	25,154,938,761,216	25,945,969,811,456	22,034,264,555,520	29,685,706,653,696	786,802,408	1,655,400,516	45,056	0
em-p-ihep51	20260624104115366000000	27	23,190,324,408,320	23,190,424,129,536	14,776,500,653,986	25,154,938,761,216	25,945,969,811,456	22,034,264,555,520	29,685,706,653,696	732,019,413	1,760,030,736	16,384	0
em-p-ihep51	20260624104125366000000	21	23,190,317,387,776	23,190,599,704,576	14,780,677,123,009	25,154,938,761,216	25,945,969,811,456	22,034,264,555,520	29,685,706,653,696	732,857,365	2,771,556,824	0	0
em-p-ihep51	20260624104135375000000	21	23,189,427,216,384	23,189,459,173,376	14,782,061,174,821	25,154,938,761,216	25,945,969,811,456	22,034,264,555,520	29,685,706,653,696	833,521,166	1,891,472,288	0	0
em-p-ihep51	20260624104145385000000	19	23,190,883,393,536	23,190,980,759,552	14,786,760,988,747	25,154,938,761,216	25,945,969,811,456	22,034,264,555,520	29,685,706,653,696	306,895,394	805,396,849	0	0
em-p-ihep51	20260624104155476000000	14	23,190,916,182,016	23,191,003,004,928	14,846,249,542,306	25,154,938,761,216	25,945,969,811,456	22,034,264,555,520	29,685,706,653,696	378,933,973	1,243,954,939	0	0
em-p-ihep51	20260624104205511000000	20	23,191,710,048,256	23,192,306,851,840	14,829,273,663,459	25,154,938,761,216	25,945,969,811,456	22,034,264,555,520	29,685,706,653,696	521,696,330	1,485,705,953	0	0
em-p-ihep51	20260624104215494000000	22	23,214,664,720,384	23,212,693,622,784	14,827,281,823,533	25,154,938,761,216	25,945,969,811,456	22,034,264,555,520	29,685,706,653,696	661,190,734	1,334,324,236	0	0
em-p-ihep51	20260624104225496000000	16	23,239,718,109,184	23,238,123,986,944	14,899,422,685,886	25,154,938,761,216	25,945,969,811,456	22,034,264,555,520	29,685,706,653,696	456,426,531	1,070,749,100	0	0
em-p-ihep51	20260624104235494000000	14	23,263,949,029,376	23,262,607,953,920	14,904,270,433,834	25,154,938,761,216	25,945,969,811,456	22,034,264,555,520	29,685,706,653,696	751,573,197	1,096,659,736	0	0
em-p-ihep51	20260624104245507000000	17	23,287,976,386,560	23,286,918,799,360	14,898,966,066,060	25,154,938,761,216	25,945,969,811,456	22,034,264,555,520	29,685,706,653,696	419,804,165	1,267,980,877	0	0
em-p-ihep51	20260624104255511000000	17	23,304,925,093,888	23,304,701,644,800	14,901,112,064,226	25,154,938,761,216	25,945,969,811,456	22,034,264,555,520	29,685,706,653,696	563,314,140	1,163,238,605	0	0
em-p-ihep51	20260624104305519000000	19	23,314,326,032,384	23,314,097,713,152	14,946,561,913,138	25,154,938,761,216	25,945,969,811,456	22,034,264,555,520	29,685,706,653,696	249,786,754	790,535,660	0	0
em-p-ihep51	20260624104315517000000	20	23,326,068,776,960	23,326,257,991,680	14,937,789,030,393	25,154,938,761,216	25,945,969,811,456	22,034,264,555,520	29,685,706,653,696	437,966,057	685,931,378	0	0
em-p-ihep51	20260624104325621000000	15	23,338,130,358,272	23,338,033,147,904	14,936,860,951,236	25,154,938,761,216	25,945,969,811,456	22,034,264,555,520	29,685,706,653,696	235,111,548	1,065,319,807	0	0
em-p-ihep51	20260624104335640000000	19	23,348,546,027,520	23,348,690,382,848	14,943,820,564,053	25,154,938,761,216	25,945,969,811,456	22,034,264,555,520	29,685,706,653,696	497,223,645	1,622,418,003	0	0
em-p-ihep51	20260624104345662000000	22	23,348,545,921,024	23,349,122,248,704	14,943,420,732,837	25,154,938,761,216	25,945,969,811,456	22,034,264,555,520	29,685,706,653,696	689,026,033	1,287,398,613	0	0
em-p-ihep51	20260624104355676000000	20	23,348,549,595,136	23,348,639,080,448	14,942,718,555,769	25,154,938,761,216	25,945,969,811,456	22,034,264,555,520	29,685,706,653,696	762,241,495	721,594,218	0	0
em-p-ihep51	20260624104405684000000	18	23,351,960,039,424	23,351,013,470,208	14,955,663,468,970	25,154,938,761,216	25,945,969,811,456	22,034,264,555,520	29,685,706,653,696	157,808,083	681,006,338	0	0
em-p-ihep51	20260624104415689000000	21	23,355,231,145,984	23,357,407,465,472	14,960,626,137,265	25,154,938,761,216	25,945,969,811,456	22,034,264,555,520	29,685,706,653,696	183,171,662	1,097,626,084	0	0
em-p-ihep51	20260624104425792000000	15	23,355,074,306,048	23,354,181,898,240	14,949,443,837,200	25,154,938,761,216	25,945,969,811,456	22,034,264,555,520	29,685,706,653,696	309,619,041	2,044,786,278	0	0
em-p-ihep51	20260624104435803000000	17	23,358,274,129,920	23,358,363,938,816	14,955,747,107,057	25,154,938,761,216	25,945,969,811,456	22,034,264,555,520	29,685,706,653,696	367,814,355	1,654,940,061	0	0
em-p-ihep51	20260624104445827000000	21	23,358,276,509,696	23,358,364,872,704	14,949,169,759,514	25,154,938,761,216	25,945,969,811,456	22,034,264,555,520	29,685,706,653,696	725,965,843	1,446,977,505	0	0
em-p-ihep51	20260624104455841000000	18	23,362,871,578,624	23,363,111,497,728	14,964,766,383,857	25,154,938,761,216	25,945,969,811,456	22,034,264,555,520	29,685,706,653,696	596,982,909	1,026,855,034	0	0
em-p-ihep51	20260624104505874000000	18	23,362,870,284,288	23,363,052,630,016	14,965,481,618,910	25,154,938,761,216	25,945,969,811,456	22,034,264,555,520	29,685,706,653,696	458,355,537	895,260,378	0	0
em-p-ihep51	20260624104515917000000	22	23,362,867,412,992	23,363,036,020,736	14,961,479,512,309	25,154,938,761,216	25,945,969,811,456	22,034,264,555,520	29,685,706,653,696	568,752,415	1,188,475,249	0	0
em-p-ihep51	20260624104525942000000	21	23,362,871,898,112	23,363,217,395,712	14,953,991,978,779	25,154,938,761,216	25,945,969,811,456	22,034,264,555,520	29,685,706,653,696	777,018,784	971,399,323	0	0
em-p-ihep51	20260624104535916000000	16	23,339,811,061,760	23,340,473,937,920	14,908,167,790,327	25,154,938,761,216	25,945,969,811,456	22,034,264,555,520	29,685,706,653,696	303,262,078	771,936,430	0	0
em-p-ihep51	20260624104545921000000	17	23,325,966,548,992	23,326,136,217,600	14,905,311,905,544	25,154,938,761,216	25,945,969,811,456	22,034,264,555,520	29,685,706,653,696	412,044,430	749,742,958	0	0
em-p-ihep51	20260624104555929000000	18	23,282,452,803,584	23,283,111,579,648	14,859,313,700,980	25,154,938,761,216	25,945,969,811,456	22,034,264,555,520	29,685,706,653,696	377,789,501	904,254,584	0	0
em-p-ihep51	20260624104605936000000	19	23,269,822,443,520	23,275,994,886,144	14,827,645,124,954	25,154,938,761,216	25,945,969,811,456	22,034,264,555,520	29,685,706,653,696	553,579,926	1,094,339,836	0	0
em-p-ihep51	20260624104615975000000	25	23,245,848,563,712	23,245,937,659,904	14,779,523,818,878	25,154,938,761,216	25,945,969,811,456	22,034,264,555,520	29,685,706,653,696	617,703,956	1,568,196,254	0	0
em-p-ihep51	20260624104625966000000	18	23,190,706,040,832	23,197,845,356,544	14,741,456,188,875	25,154,938,761,216	25,945,969,811,456	22,034,264,555,520	29,685,706,653,696	520,118,964	1,411,253,347	0	0
em-p-ihep51	20260624104635972000000	21	23,163,030,773,760	23,163,120,607,232	14,742,933,795,543	25,154,938,761,216	25,945,969,811,456	22,034,264,555,520	29,685,706,653,696	346,906,529	750,089,256	0	0
em-p-ihep51	20260624104645977000000	24	23,163,035,533,312	23,163,131,621,376	14,740,872,847,038	25,154,938,761,216	25,945,969,811,456	22,034,264,555,520	29,685,706,653,696	296,091,083	688,906,795	0	0
em-p-ihep51	20260624104656000000000	18	23,163,034,554,368	23,163,130,044,416	14,739,512,853,471	25,154,938,761,216	25,945,969,811,456	22,034,264,555,520	29,685,706,653,696	334,810,586	804,004,530	0	0
em-p-ihep51	20260624104705981000000	18	23,163,028,938,752	23,163,724,324,864	14,731,932,096,714	25,154,938,761,216	25,945,969,811,456	22,034,264,555,520	29,685,706,653,696	435,250,378	1,017,516,245	0	0
em-p-ihep51	20260624104716102000000	13	23,163,030,249,472	23,163,183,296,512	14,736,012,953,458	25,154,938,761,216	25,945,969,811,456	22,034,264,555,520	29,685,706,653,696	652,349,349	1,833,259,839	0	0
em-p-ihep51	20260624104726171000000	16	23,163,030,077,440	23,163,183,149,056	14,735,742,995,697	25,154,938,761,216	25,945,969,811,456	22,034,264,555,520	29,685,706,653,696	513,243,790	1,739,237,490	0	0
em-p-ihep51	20260624104736257000000	14	23,163,032,248,320	23,163,245,801,472	14,736,552,935,323	25,154,938,761,216	25,945,969,811,456	22,034,264,555,520	29,685,706,653,696	184,520,174	907,671,198	0	0
em-p-ihep51	20260624104746270000000	17	23,163,034,951,680	23,163,188,105,216	14,742,796,517,094	25,154,938,761,216	25,945,969,811,456	22,034,264,555,520	29,685,706,653,696	396,283,487	1,439,244,986	0	0
em-p-ihep51	20260624104756286000000	16	23,163,036,028,928	23,163,190,018,048	14,738,887,255,966	25,154,938,761,216	25,945,969,811,456	22,034,264,555,520	29,685,706,653,696	367,747,406	1,448,419,525	0	0
em-p-ihep51	20260624104806304000000	19	23,152,899,989,504	23,153,053,380,608	14,730,692,047,108	25,154,938,761,216	25,945,969,811,456	22,034,264,555,520	29,685,706,653,696	476,897,677	947,279,375	0	0
em-p-ihep51	20260624104816321000000	18	23,152,903,499,776	23,153,531,453,440	14,724,361,707,811	25,154,938,761,216	25,945,969,811,456	22,034,264,555,520	29,685,706,653,696	337,606,639	807,977,754	0	0
em-p-ihep51	20260624104826332000000	17	23,152,902,692,864	23,153,051,455,488	14,730,172,358,663	25,154,938,761,216	25,945,969,811,456	22,034,264,555,520	29,685,706,653,696	163,792,660	582,658,819	0	0
em-p-ihep51	20260624104836351000000	15	23,153,031,000,064	23,153,558,904,832	14,728,834,706,521	25,154,938,761,216	25,945,969,811,456	22,034,264,555,520	29,685,706,653,696	328,482,022	1,406,680,044	0	0
em-p-ihep51	20260624104846336000000	18	23,153,029,828,608	23,153,418,506,240	14,730,498,677,083	25,154,938,761,216	25,945,969,811,456	22,034,264,555,520	29,685,706,653,696	363,316,058	1,916,390,469	0	0
em-p-ihep51	20260624104856359000000	18	23,153,019,195,392	23,153,179,942,912	14,736,336,496,995	25,154,938,761,216	25,945,969,811,456	22,034,264,555,520	29,685,706,653,696	361,626,597	1,044,906,041	0	0
em-p-ihep51	20260624104906368000000	20	23,153,016,659,968	23,153,165,746,176	14,741,889,451,414	25,154,938,761,216	25,945,969,811,456	22,034,264,555,520	29,685,706,653,696	352,892,707	2,163,357,616	0	0
em-p-ihep51	20260624104916466000000	20	23,153,033,306,112	23,153,182,040,064	14,727,930,768,548	25,154,938,761,216	25,945,969,811,456	22,034,264,555,520	29,685,706,653,696	457,115,995	1,822,493,820	0	0
em-p-ihep51	20260624104926563000000	22	23,153,034,551,296	23,153,185,763,328	14,727,090,611,793	25,154,938,761,216	25,945,969,811,456	22,034,264,555,520	29,685,706,653,696	309,554,704	1,015,564,115	0	0
em-p-ihep51	20260624104936651000000	15	23,153,031,479,296	23,153,182,633,984	14,723,073,952,065	25,154,938,761,216	25,945,969,811,456	22,034,264,555,520	29,685,706,653,696	168,002,752	873,873,145	49,152	0
em-p-ihep51	20260624104946737000000	14	23,153,031,372,800	23,153,181,282,304	14,715,912,760,833	25,154,938,761,216	25,945,969,811,456	22,034,264,555,520	29,685,706,653,696	393,003,273	1,016,926,356	0	0
em-p-ihep51	20260624104956828000000	12	23,153,029,423,104	23,153,318,580,224	14,718,088,163,387	25,154,938,761,216	25,945,969,811,456	22,034,264,555,520	29,685,706,653,696	674,017,297	1,125,501,852	0	0
em-p-ihep51	20260624105006865000000	22	23,153,049,399,296	23,153,168,343,040	14,732,681,858,033	25,154,938,761,216	25,945,969,811,456	22,034,264,555,520	29,685,706,653,696	386,989,012	1,549,003,784	4,096	0
em-p-ihep51	20260624105016848000000	25	23,153,043,734,528	23,153,171,943,424	14,735,508,301,165	25,154,938,761,216	25,945,969,811,456	22,034,264,555,520	29,685,706,653,696	663,089,499	1,644,972,055	0	0
em-p-ihep51	20260624105026868000000	23	23,153,025,810,432	23,153,660,420,096	14,726,471,049,699	25,154,938,761,216	25,945,969,811,456	22,034,264,555,520	29,685,706,653,696	408,189,255	1,405,114,837	24,576	0
em-p-ihep51	20260624105036846000000	20	23,153,025,810,432	23,153,145,786,368	14,721,601,381,450	25,154,938,761,216	25,945,969,811,456	22,034,264,555,520	29,685,706,653,696	421,419,305	1,624,487,506	0	0
em-p-ihep51	20260624105046962000000	19	23,153,051,303,936	23,153,170,718,720	14,730,851,334,626	25,154,938,761,216	25,945,969,811,456	22,034,264,555,520	29,685,706,653,696	781,310,280	1,496,556,434	0	0
em-p-ihep51	20260624105056961000000	19	23,153,049,169,920	23,153,159,516,160	14,719,110,323,311	25,154,938,761,216	25,945,969,811,456	22,034,264,555,520	29,685,706,653,696	412,540,904	1,013,974,227	0	0
em-p-ihep51	20260624105106953000000	20	23,153,060,790,272	23,153,171,517,440	14,729,463,305,201	25,154,938,761,216	25,945,969,811,456	22,034,264,555,520	29,685,706,653,696	420,302,251	1,296,475,293	0	0
em-p-ihep51	20260624105117051000000	23	23,153,059,807,232	23,153,169,104,896	14,735,613,356,450	25,154,938,761,216	25,945,969,811,456	22,034,264,555,520	29,685,706,653,696	361,898,048	776,207,262	0	0
em-p-ihep51	20260624105127145000000	21	23,153,063,137,280	23,153,173,852,160	14,728,624,652,863	25,154,938,761,216	25,945,969,811,456	22,034,264,555,520	29,685,706,653,696	292,543,392	901,863,828	0	0
em-p-ihep51	20260624105137148000000	17	23,153,062,113,280	23,153,554,124,800	14,729,908,576,594	25,154,938,761,216	25,945,969,811,456	22,034,264,555,520	29,685,706,653,696	506,233,837	1,026,534,479	0	0
em-p-ihep51	20260624105147156000000	22	23,153,061,195,776	23,153,173,807,104	14,728,671,670,053	25,154,938,761,216	25,945,969,811,456	22,034,264,555,520	29,685,706,653,696	411,854,078	1,327,758,148	0	0
em-p-ihep51	20260624105157274000000	16	23,153,060,900,864	23,153,452,744,704	14,715,267,143,369	25,154,938,761,216	25,945,969,811,456	22,034,264,555,520	29,685,706,653,696	478,461,299	2,033,490,680	0	0
em-p-ihep51	20260624105207373000000	14	23,153,056,022,528	23,153,337,602,048	14,718,422,716,457	25,154,938,761,216	25,945,969,811,456	22,034,264,555,520	29,685,706,653,696	1,135,933,300	2,962,549,246	0	0
em-p-ihep51	20260624105217379000000	16	23,153,052,463,104	23,153,205,125,120	14,716,338,078,529	25,154,938,761,216	25,945,969,811,456	22,034,264,555,520	29,685,706,653,696	684,443,517	1,251,980,060	0	0
em-p-ihep51	20260624105227372000000	15	23,153,052,356,608	23,153,203,916,800	14,723,387,586,755	25,154,938,761,216	25,945,969,811,456	22,034,264,555,520	29,685,706,653,696	408,419,425	585,186,309	0	0
em-p-ihep51	20260624105237496000000	17	23,153,053,597,696	23,153,204,035,584	14,722,826,701,046	25,154,938,761,216	25,945,969,811,456	22,034,264,555,520	29,685,706,653,696	424,198,838	930,025,643	0	0
em-p-ihep51	20260624105247563000000	17	23,153,053,491,200	23,153,223,995,392	14,726,310,505,621	25,154,938,761,216	25,945,969,811,456	22,034,264,555,520	29,685,706,653,696	643,766,021	1,082,461,508	0	0
em-p-ihep51	20260624105257582000000	19	23,153,052,663,808	23,153,700,941,824	14,719,782,050,112	25,154,938,761,216	25,945,969,811,456	22,034,264,555,520	29,685,706,653,696	422,220,846	1,047,873,903	0	0
em-p-ihep51	20260624105307580000000	18	23,153,062,940,672	23,153,204,686,848	14,722,140,120,870	25,154,938,761,216	25,945,969,811,456	22,034,264,555,520	29,685,706,653,696	486,512,152	931,770,545	0	0
em-p-ihep51	20260624105317684000000	17	23,153,063,206,912	23,153,477,525,504	14,711,442,261,033	25,154,938,761,216	25,945,969,811,456	22,034,264,555,520	29,685,706,653,696	229,913,708	1,145,219,898	0	0
em-p-ihep51	20260624105327673000000	15	23,153,064,288,256	23,153,194,381,312	14,716,166,042,728	25,154,938,761,216	25,945,969,811,456	22,034,264,555,520	29,685,706,653,696	285,009,659	1,108,620,901	0	0
em-p-ihep51	20260624105337776000000	13	23,153,082,306,560	23,153,211,326,464	14,712,489,304,614	25,154,938,761,216	25,945,969,811,456	22,034,264,555,520	29,685,706,653,696	317,752,849	743,073,653	0	0
em-p-ihep51	20260624105347870000000	17	23,153,082,470,400	23,153,209,106,432	14,716,611,078,549	25,154,938,761,216	25,945,969,811,456	22,034,264,555,520	29,685,706,653,696	400,197,989	970,184,867	0	0
em-p-ihep51	20260624105357979000000	16	23,153,077,612,544	23,153,202,429,952	14,715,193,091,059	25,154,938,761,216	25,945,969,811,456	22,034,264,555,520	29,685,706,653,696	705,818,378	1,230,052,934	0	0
em-p-ihep51	20260624105407968000000	16	23,153,074,212,864	23,153,196,802,048	14,720,474,430,378	25,154,938,761,216	25,945,969,811,456	22,034,264,555,520	29,685,706,653,696	287,105,412	1,030,568,937	0	0
em-p-ihep51	20260624105418053000000	13	23,153,078,829,056	23,153,201,369,088	14,721,888,909,724	25,154,938,761,216	25,945,969,811,456	22,034,264,555,520	29,685,706,653,696	271,146,069	695,770,021	0	0
em-p-ihep51	20260624105428181000000	16	23,153,075,286,016	23,153,206,624,256	14,717,427,319,610	25,154,938,761,216	25,945,969,811,456	22,034,264,555,520	29,685,706,653,696	310,929,862	564,782,115	0	0
em-p-ihep51	20260624105438159000000	23	23,153,116,794,880	23,153,235,259,392	14,719,871,489,450	25,154,938,761,216	25,945,969,811,456	22,034,264,555,520	29,685,706,653,696	158,351,874	923,544,095	0	0
em-p-ihep51	20260624105448261000000	20	23,153,400,811,520	23,153,522,282,496	14,720,734,046,387	25,154,938,761,216	25,945,969,811,456	22,034,264,555,520	29,685,706,653,696	738,212,751	1,780,629,503	0	0
em-p-ihep51	20260624105458348000000	15	23,153,410,617,344	23,153,533,612,032	14,720,696,544,038	25,154,938,761,216	25,945,969,811,456	22,034,264,555,520	29,685,706,653,696	375,656,264	1,369,566,809	0	0
em-p-ihep51	20260624105508459000000	25	23,153,403,191,296	23,153,597,751,296	14,720,185,385,721	25,154,938,761,216	25,945,969,811,456	22,034,264,555,520	29,685,706,653,696	372,194,104	1,069,424,058	0	0
em-p-ihep51	20260624105518460000000	24	23,153,397,338,112	23,153,591,709,696	14,729,982,077,522	25,154,938,761,216	25,945,969,811,456	22,034,264,555,520	29,685,706,653,696	815,776,626	1,506,046,085	0	0
em-p-ihep51	20260624105528496000000	20	23,153,398,308,864	23,153,594,462,208	14,720,232,280,438	25,154,938,761,216	25,945,969,811,456	22,034,264,555,520	29,685,706,653,696	532,927,175	1,023,922,994	0	0
em-p-ihep51	20260624105538482000000	17	23,153,397,121,024	23,153,594,351,616	14,721,390,331,002	25,154,938,761,216	25,945,969,811,456	22,034,264,555,520	29,685,706,653,696	369,726,968	1,047,461,394	0	0
em-p-ihep51	20260624105548587000000	19	23,153,394,909,184	23,153,593,647,104	14,724,079,036,843	25,154,938,761,216	25,945,969,811,456	22,034,264,555,520	29,685,706,653,696	394,155,271	1,019,815,403	0	0
em-p-ihep51	20260624105558606000000	23	23,153,399,500,800	23,153,588,330,496	14,719,521,312,117	25,154,938,761,216	25,945,969,811,456	22,034,264,555,520	29,685,706,653,696	634,545,842	1,120,323,847	0	0
em-p-ihep51	20260624105608618000000	25	23,153,403,273,216	23,153,778,593,792	14,728,792,767,549	25,154,938,761,216	25,945,969,811,456	22,034,264,555,520	29,685,706,653,696	390,854,816	1,479,732,931	0	0
em-p-ihep51	20260624105618628000000	24	23,153,388,052,480	23,153,588,682,752	14,724,389,346,058	25,154,938,761,216	25,945,969,811,456	22,034,264,555,520	29,685,706,653,696	529,617,579	1,558,018,604	0	0
em-p-ihep51	20260624105628629000000	20	23,153,389,019,136	23,153,579,298,816	14,725,002,765,850	25,154,938,761,216	25,945,969,811,456	22,034,264,555,520	29,685,706,653,696	405,743,616	793,035,867	0	0
em-p-ihep51	20260624105638631000000	28	23,153,393,614,848	23,153,683,378,176	14,723,858,739,388	25,154,938,761,216	25,945,969,811,456	22,034,264,555,520	29,685,706,653,696	336,939,161	964,751,952	0	0
em-p-ihep51	20260624105648668000000	25	23,153,391,632,384	23,153,769,844,736	14,728,951,243,311	25,154,938,761,216	25,945,969,811,456	22,034,264,555,520	29,685,706,653,696	335,601,624	1,170,145,093	0	0
em-p-ihep51	20260624105658643000000	23	23,153,391,603,712	23,153,519,140,864	14,725,462,626,878	25,154,938,761,216	25,945,969,811,456	22,034,264,555,520	29,685,706,653,696	200,708,968	2,063,347,311	0	0
em-p-ihep51	20260624105708647000000	18	23,153,395,437,568	23,153,526,726,656	14,722,741,295,595	25,154,938,761,216	25,945,969,811,456	22,034,264,555,520	29,685,706,653,696	525,741,094	1,128,642,811	0	0
em-p-ihep51	20260624105718772000000	16	23,153,387,286,528	23,153,516,412,928	14,719,655,799,365	25,154,938,761,216	25,945,969,811,456	22,034,264,555,520	29,685,706,653,696	504,600,355	846,426,770	0	0
em-p-ihep51	20260624105728755000000	18	23,153,389,555,712	23,153,488,216,064	14,721,687,539,774	25,154,938,761,216	25,945,969,811,456	22,034,264,555,520	29,685,706,653,696	330,742,804	1,032,691,745	0	0
em-p-ihep51	20260624105738755000000	17	23,153,391,607,808	23,153,492,160,512	14,717,554,720,085	25,154,938,761,216	25,945,969,811,456	22,034,264,555,520	29,685,706,653,696	179,259,420	1,147,051,602	0	0
em-p-ihep51	20260624105748869000000	19	23,153,391,771,648	23,153,511,694,336	14,717,242,149,613	25,154,938,761,216	25,945,969,811,456	22,034,264,555,520	29,685,706,653,696	394,914,659	970,248,573	0	0
em-p-ihep51	20260624105758960000000	17	23,153,409,380,352	23,153,510,043,648	14,721,748,995,214	25,154,938,761,216	25,945,969,811,456	22,034,264,555,520	29,685,706,653,696	232,979,764	623,735,424	20,480	0
em-p-ihep51	20260624105809084000000	18	23,153,410,748,416	23,153,508,499,456	14,732,358,494,856	25,154,938,761,216	25,945,969,811,456	22,034,264,555,520	29,685,706,653,696	268,616,029	569,028,802	36,864	0
em-p-ihep51	20260624105819072000000	19	23,153,410,695,168	23,153,572,728,832	14,715,025,401,347	25,154,938,761,216	25,945,969,811,456	22,034,264,555,520	29,685,706,653,696	449,335,520	753,135,815	8,192	0
em-p-ihep51	20260624105829079000000	14	23,153,410,748,416	23,153,517,461,504	14,721,242,829,216	25,154,938,761,216	25,945,969,811,456	22,034,264,555,520	29,685,706,653,696	310,419,656	738,566,360	0	0
em-p-ihep51	20260624105839112000000	13	23,153,407,184,896	23,153,508,364,288	14,718,035,052,530	25,154,938,761,216	25,945,969,811,456	22,034,264,555,520	29,685,706,653,696	284,250,436	611,965,308	0	0
em-p-ihep51	20260624105849087000000	17	23,153,409,867,776	23,153,508,802,560	14,720,438,154,274	25,154,938,761,216	25,945,969,811,456	22,034,264,555,520	29,685,706,653,696	193,430,965	945,619,033	49,152	0
em-p-ihep51	20260624105859183000000	14	23,153,409,110,016	23,153,512,042,496	14,706,765,378,059	25,154,938,761,216	25,945,969,811,456	22,034,264,555,520	29,685,706,653,696	246,019,025	1,156,250,351	0	0
em-p-ihep51	20260624105909211000000	20	23,144,312,586,240	23,144,411,815,936	14,709,195,279,186	25,154,938,761,216	25,945,969,811,456	22,034,264,555,520	29,685,706,653,696	492,265,898	1,768,581,086	0	0
em-p-ihep51	20260624105919210000000	22	23,144,313,667,584	23,144,405,487,616	14,711,743,033,037	25,154,938,761,216	25,945,969,811,456	22,034,264,555,520	29,685,706,653,696	368,233,818	1,012,975,245	0	0
em-p-ihep51	20260624105929216000000	26	23,144,305,672,192	23,144,406,753,280	14,714,363,972,569	25,154,938,761,216	25,945,969,811,456	22,034,264,555,520	29,685,706,653,696	384,134,796	783,188,217	0	0
em-p-ihep51	20260624105939238000000	26	23,144,300,097,536	23,144,391,905,280	14,711,621,189,847	25,154,938,761,216	25,945,969,811,456	22,034,264,555,520	29,685,706,653,696	333,251,506	857,860,612	0	0
em-p-ihep51	20260624105949252000000	25	23,144,297,885,696	23,144,389,033,984	14,714,141,020,178	25,154,938,761,216	25,945,969,811,456	22,034,264,555,520	29,685,706,653,696	400,108,392	931,723,707	0	0
em-p-ihep51	20260624105959241000000	26	23,144,300,462,080	23,144,403,013,632	14,726,774,219,348	25,154,938,761,216	25,945,969,811,456	22,034,264,555,520	29,685,706,653,696	252,458,141	659,029,449	0	0
em-p-ihep51	20260624110009310000000	36	23,148,975,226,880	23,149,348,098,048	14,754,047,455,626	25,154,938,761,216	25,945,969,811,456	22,034,264,555,520	29,685,706,653,696	1,003,734,728	3,454,013,289	0	0
em-p-ihep51	20260624110019282000000	38	23,148,993,277,952	23,149,097,828,352	14,746,010,493,354	25,154,938,761,216	25,945,969,811,456	22,034,264,555,520	29,685,706,653,696	567,114,763	3,144,806,448	0	0
em-p-ihep51	20260624110029302000000	28	23,143,415,525,376	23,144,014,319,616	14,733,878,094,218	25,154,938,761,216	25,945,969,811,456	22,034,264,555,520	29,685,706,653,696	541,194,929	1,459,979,659	0	0
em-p-ihep51	20260624110039330000000	31	23,141,143,011,328	23,143,518,560,256	14,709,763,282,479	25,154,938,761,216	25,945,969,811,456	22,034,264,555,520	29,685,706,653,696	491,335,437	1,019,084,344	0	0
em-p-ihep51	20260624110049419000000	20	23,141,138,259,968	23,141,239,812,096	14,703,966,177,415	25,154,938,761,216	25,945,969,811,456	22,034,264,555,520	29,685,706,653,696	457,253,841	1,060,699,509	0	0
em-p-ihep51	20260624110059447000000	21	23,141,136,134,144	23,141,234,917,376	14,709,593,199,609	25,154,938,761,216	25,945,969,811,456	22,034,264,555,520	29,685,706,653,696	213,628,459	720,206,259	0	0
em-p-ihep51	20260624110109447000000	27	23,148,534,345,728	23,149,590,114,304	14,711,298,445,272	25,154,938,761,216	25,945,969,811,456	22,034,264,555,520	29,685,706,653,696	736,727,305	1,458,231,763	0	0
em-p-ihep51	20260624110119459000000	26	23,140,783,898,624	23,140,880,977,920	14,704,501,885,365	25,154,938,761,216	25,945,969,811,456	22,034,264,555,520	29,685,706,653,696	746,685,281	1,485,612,804	61,440	0
em-p-ihep51	20260624110129449000000	23	23,140,788,654,080	23,140,906,328,064	14,704,460,726,153	25,154,938,761,216	25,945,969,811,456	22,034,264,555,520	29,685,706,653,696	424,981,791	904,832,150	8,192	0
em-p-ihep51	20260624110139465000000	27	23,139,720,019,968	23,139,838,791,680	14,712,801,311,067	25,154,938,761,216	25,945,969,811,456	22,034,264,555,520	29,685,706,653,696	315,879,212	1,074,680,958	0	0
em-p-ihep51	20260624110149566000000	21	23,139,719,913,472	23,139,834,732,544	14,703,019,974,395	25,154,938,761,216	25,945,969,811,456	22,034,264,555,520	29,685,706,653,696	342,799,676	1,344,183,387	0	0
em-p-ihep51	20260624110159668000000	22	23,139,722,514,432	23,139,833,581,568	14,698,185,652,423	25,154,938,761,216	25,945,969,811,456	22,034,264,555,520	29,685,706,653,696	521,222,045	1,318,927,305	0	0
em-p-ihep51	20260624110209678000000	25	23,139,716,837,376	23,139,830,980,608	14,716,348,376,518	25,154,938,761,216	25,945,969,811,456	22,034,264,555,520	29,685,706,653,696	523,777,046	1,050,170,711	0	0
em-p-ihep51	20260624110219686000000	25	23,139,723,833,344	23,139,976,392,704	14,710,335,264,997	25,154,938,761,216	25,945,969,811,456	22,034,264,555,520	29,685,706,653,696	760,195,494	2,465,882,020	0	0
em-p-ihep51	20260624110229703000000	20	23,139,732,074,496	23,139,809,603,584	14,699,837,283,531	25,154,938,761,216	25,945,969,811,456	22,034,264,555,520	29,685,706,653,696	477,866,200	1,178,382,963	0	0
em-p-ihep51	20260624110239711000000	20	23,139,733,241,856	23,140,265,881,600	14,708,624,204,458	25,154,938,761,216	25,945,969,811,456	22,034,264,555,520	29,685,706,653,696	337,840,176	1,803,675,039	0	0
em-p-ihep51	20260624110249732000000	22	23,139,734,564,864	23,139,811,250,176	14,717,040,008,705	25,154,938,761,216	25,945,969,811,456	22,034,264,555,520	29,685,706,653,696	459,638,076	1,737,855,266	0	0
em-p-ihep51	20260624110259736000000	16	23,140,047,716,352	23,140,124,053,504	14,702,786,880,651	25,154,938,761,216	25,945,969,811,456	22,034,264,555,520	29,685,706,653,696	386,589,419	804,628,960	0	0
em-p-ihep51	20260624110309767000000	13	23,140,045,344,768	23,140,119,015,424	14,718,374,020,538	25,154,938,761,216	25,945,969,811,456	22,034,264,555,520	29,685,706,653,696	330,908,497	1,344,141,586	0	0
em-p-ihep51	20260624110319763000000	15	23,140,049,129,472	23,140,140,539,904	14,714,194,384,959	25,154,938,761,216	25,945,969,811,456	22,034,264,555,520	29,685,706,653,696	225,737,626	1,350,838,442	0	0
em-p-ihep51	20260624110329849000000	17	23,140,050,214,912	23,140,124,028,928	14,712,434,900,039	25,154,938,761,216	25,945,969,811,456	22,034,264,555,520	29,685,706,653,696	254,284,737	1,015,472,181	0	0
em-p-ihep51	20260624110339842000000	15	23,140,051,402,752	23,140,130,893,824	14,701,060,392,483	25,154,938,761,216	25,945,969,811,456	22,034,264,555,520	29,685,706,653,696	289,516,445	764,535,952	0	0
em-p-ihep51	20260624110349866000000	21	23,140,051,402,752	23,140,149,219,328	14,708,669,907,424	25,154,938,761,216	25,945,969,811,456	22,034,264,555,520	29,685,706,653,696	531,479,633	929,427,876	0	0
em-p-ihep51	20260624110359873000000	17	23,140,050,300,928	23,140,126,453,760	14,698,883,869,952	25,154,938,761,216	25,945,969,811,456	22,034,264,555,520	29,685,706,653,696	359,138,328	1,221,210,018	0	0
em-p-ihep51	20260624110409883000000	20	23,145,059,614,720	23,145,135,706,112	14,710,963,679,936	25,154,938,761,216	25,945,969,811,456	22,034,264,555,520	29,685,706,653,696	367,710,468	1,015,185,244	0	0
em-p-ihep51	20260624110419914000000	15	23,139,873,509,376	23,139,949,297,664	14,702,836,984,700	25,154,938,761,216	25,945,969,811,456	22,034,264,555,520	29,685,706,653,696	203,456,397	1,334,987,630	0	0
em-p-ihep51	20260624110429925000000	17	23,139,872,374,784	23,140,479,651,840	14,703,570,600,144	25,154,938,761,216	25,945,969,811,456	22,034,264,555,520	29,685,706,653,696	224,336,364	971,485,926	0	0
em-p-ihep51	20260624110439928000000	15	23,139,875,885,056	23,140,015,247,360	14,702,491,263,357	25,154,938,761,216	25,945,969,811,456	22,034,264,555,520	29,685,706,653,696	613,563,148	1,941,494,796	0	0
em-p-ihep51	20260624110449947000000	18	23,139,877,130,240	23,140,334,055,424	14,701,501,714,606	25,154,938,761,216	25,945,969,811,456	22,034,264,555,520	29,685,706,653,696	429,390,852	2,102,937,122	0	0
em-p-ihep51	20260624110500025000000	15	23,139,875,889,152	23,140,359,081,984	14,701,982,470,153	25,154,938,761,216	25,945,969,811,456	22,034,264,555,520	29,685,706,653,696	285,604,815	1,377,373,823	0	0
em-p-ihep51	20260624110510042000000	21	23,139,877,400,576	23,139,949,453,312	14,720,630,617,568	25,154,938,761,216	25,945,969,811,456	22,034,264,555,520	29,685,706,653,696	832,238,027	1,803,939,022	0	0
em-p-ihep51	20260624110520049000000	19	23,139,875,078,144	23,140,044,369,920	14,707,509,914,134	25,154,938,761,216	25,945,969,811,456	22,034,264,555,520	29,685,706,653,696	773,457,238	1,826,205,197	0	0
em-p-ihep51	20260624110530077000000	17	23,139,874,971,648	23,140,031,508,480	14,709,727,986,080	25,154,938,761,216	25,945,969,811,456	22,034,264,555,520	29,685,706,653,696	581,370,766	1,361,342,995	0	0
em-p-ihep51	20260624110540114000000	20	23,139,872,489,472	23,140,028,366,848	14,709,082,885,095	25,154,938,761,216	25,945,969,811,456	22,034,264,555,520	29,685,706,653,696	649,314,336	1,043,272,171	0	0
em-p-ihep51	20260624110550090000000	20	23,139,870,138,368	23,140,024,930,304	14,707,628,584,650	25,154,938,761,216	25,945,969,811,456	22,034,264,555,520	29,685,706,653,696	327,581,355	864,788,418	0	0
em-p-ihep51	20260624110600207000000	19	23,139,871,272,960	23,140,028,895,232	14,709,761,759,730	25,154,938,761,216	25,945,969,811,456	22,034,264,555,520	29,685,706,653,696	378,877,071	1,071,325,212	0	0
em-p-ihep51	20260624110610215000000	24	23,139,868,897,280	23,140,216,676,352	14,719,894,713,078	25,154,938,761,216	25,945,969,811,456	22,034,264,555,520	29,685,706,653,696	602,786,644	1,705,970,578	0	0
em-p-ihep51	20260624110620220000000	22	23,139,872,305,152	23,140,068,409,344	14,706,588,348,157	25,154,938,761,216	25,945,969,811,456	22,034,264,555,520	29,685,706,653,696	566,973,217	1,373,117,290	0	0
em-p-ihep51	20260624110630242000000	19	23,139,873,656,832	23,140,069,711,872	14,708,349,009,256	25,154,938,761,216	25,945,969,811,456	22,034,264,555,520	29,685,706,653,696	395,716,588	856,117,659	0	0
em-p-ihep51	20260624110640259000000	25	23,139,871,469,568	23,140,897,112,064	14,714,656,865,858	25,154,938,761,216	25,945,969,811,456	22,034,264,555,520	29,685,706,653,696	416,889,295	1,014,601,179	0	0
em-p-ihep51	20260624110650261000000	27	23,139,877,380,096	23,140,072,976,384	14,713,443,704,635	25,154,938,761,216	25,945,969,811,456	22,034,264,555,520	29,685,706,653,696	398,229,316	2,629,887,560	0	0
em-p-ihep51	20260624110700374000000	22	23,133,799,022,592	23,134,089,392,128	14,725,278,980,141	25,154,938,761,216	25,945,969,811,456	22,034,264,555,520	29,685,706,653,696	521,655,634	1,419,997,490	0	0
em-p-ihep51	20260624110710397000000	21	23,138,837,389,312	23,137,999,761,408	14,723,852,141,126	25,154,938,761,216	25,945,969,811,456	22,034,264,555,520	29,685,706,653,696	545,511,800	904,941,805	0	0
em-p-ihep51	20260624110720493000000	20	23,120,247,078,912	23,120,738,942,976	14,703,078,434,404	25,154,938,761,216	25,945,969,811,456	22,034,264,555,520	29,685,706,653,696	146,656,038	826,326,916	0	0
em-p-ihep51	20260624110730454000000	17	23,120,244,867,072	23,120,388,657,152	14,704,423,377,224	25,154,938,761,216	25,945,969,811,456	22,034,264,555,520	29,685,706,653,696	425,075,683	1,281,104,465	0	0
em-p-ihep51	20260624110740544000000	23	23,120,558,616,576	23,120,704,901,120	14,708,232,380,043	25,154,938,761,216	25,945,969,811,456	22,034,264,555,520	29,685,706,653,696	601,950,405	1,150,700,498	0	0
em-p-ihep51	20260624110750496000000	21	23,120,558,620,672	23,120,708,210,688	14,706,643,461,020	25,154,938,761,216	25,945,969,811,456	22,034,264,555,520	29,685,706,653,696	289,995,644	804,749,053	0	0
em-p-ihep51	20260624110800502000000	18	23,120,559,591,424	23,120,704,110,592	14,709,443,890,258	25,154,938,761,216	25,945,969,811,456	22,034,264,555,520	29,685,706,653,696	326,049,039	754,614,000	0	0
em-p-ihep51	20260624110810494000000	18	23,120,565,432,320	23,120,710,320,128	14,709,839,714,319	25,154,938,761,216	25,945,969,811,456	22,034,264,555,520	29,685,706,653,696	247,729,092	722,478,065	0	0
em-p-ihep51	20260624110820608000000	14	23,120,564,887,552	23,120,731,660,288	14,704,206,743,725	25,154,938,761,216	25,945,969,811,456	22,034,264,555,520	29,685,706,653,696	431,088,732	599,488,475	0	0
em-p-ihep51	20260624110830603000000	17	23,120,564,781,056	23,120,704,528,384	14,701,380,909,817	25,154,938,761,216	25,945,969,811,456	22,034,264,555,520	29,685,706,653,696	323,396,295	814,479,632	0	0
em-p-ihep51	20260624110840701000000	16	23,120,903,237,632	23,121,042,464,768	14,705,605,542,138	25,154,938,761,216	25,945,969,811,456	22,034,264,555,520	29,685,706,653,696	234,243,329	785,203,227	0	0
em-p-ihep51	20260624110850704000000	20	23,120,897,732,608	23,121,036,464,128	14,703,967,934,639	25,154,938,761,216	25,945,969,811,456	22,034,264,555,520	29,685,706,653,696	266,898,550	1,588,406,275	0	0
em-p-ihep51	20260624110900793000000	13	23,120,896,438,272	23,121,040,240,640	14,703,203,980,542	25,154,938,761,216	25,945,969,811,456	22,034,264,555,520	29,685,706,653,696	345,017,549	1,384,696,304	0	0
em-p-ihep51	20260624110910895000000	21	23,120,896,327,680	23,121,025,417,216	14,715,665,669,933	25,154,938,761,216	25,945,969,811,456	22,034,264,555,520	29,685,706,653,696	560,612,145	2,006,609,845	0	0
em-p-ihep51	20260624110920894000000	20	23,120,900,165,632	23,120,990,978,048	14,705,599,784,288	25,154,938,761,216	25,945,969,811,456	22,034,264,555,520	29,685,706,653,696	474,434,618	1,071,889,809	0	0
em-p-ihep51	20260624110930901000000	19	23,120,902,381,568	23,121,014,046,720	14,705,347,250,194	25,154,938,761,216	25,945,969,811,456	22,034,264,555,520	29,685,706,653,696	396,933,137	794,720,902	49,152	0
em-p-ihep51	20260624110941007000000	18	23,120,899,334,144	23,120,990,236,672	14,705,173,352,771	25,154,938,761,216	25,945,969,811,456	22,034,264,555,520	29,685,706,653,696	370,237,872	937,208,881	20,480	0
em-p-ihep51	20260624110951002000000	19	23,120,899,227,648	23,120,993,439,744	14,705,572,852,671	25,154,938,761,216	25,945,969,811,456	22,034,264,555,520	29,685,706,653,696	556,631,825	1,155,120,896	0	0
em-p-ihep51	20260624111001131000000	15	23,120,903,716,864	23,121,004,793,856	14,703,171,191,892	25,154,938,761,216	25,945,969,811,456	22,034,264,555,520	29,685,706,653,696	267,703,783	911,838,848	0	0
em-p-ihep51	20260624111011137000000	35	23,121,232,064,512	23,121,698,004,992	14,740,773,326,579	25,154,938,761,216	25,945,969,811,456	22,034,264,555,520	29,685,706,653,696	676,758,287	3,532,454,350	0	0
em-p-ihep51	20260624111021161000000	32	23,121,240,735,744	23,121,324,355,584	14,714,605,573,972	25,154,938,761,216	25,945,969,811,456	22,034,264,555,520	29,685,706,653,696	501,631,757	2,876,677,779	0	0
em-p-ihep51	20260624111031168000000	26	23,121,230,147,584	23,121,332,797,440	14,713,125,263,082	25,154,938,761,216	25,945,969,811,456	22,034,264,555,520	29,685,706,653,696	528,901,640	1,959,075,904	0	0
em-p-ihep51	20260624111041168000000	23	23,121,228,853,248	23,121,324,261,376	14,711,542,057,864	25,154,938,761,216	25,945,969,811,456	22,034,264,555,520	29,685,706,653,696	278,606,588	1,304,462,140	0	0
em-p-ihep51	20260624111051263000000	18	23,121,225,457,664	23,121,366,929,408	14,706,720,757,012	25,154,938,761,216	25,945,969,811,456	22,034,264,555,520	29,685,706,653,696	415,144,853	1,587,540,405	0	0
em-p-ihep51	20260624111101368000000	25	23,121,222,975,488	23,121,369,767,936	14,711,978,792,232	25,154,938,761,216	25,945,969,811,456	22,034,264,555,520	29,685,706,653,696	466,948,134	1,611,618,293	0	0
em-p-ihep51	20260624111111385000000	22	23,121,219,362,816	23,121,451,925,504	14,715,470,870,024	25,154,938,761,216	25,945,969,811,456	22,034,264,555,520	29,685,706,653,696	433,711,075	1,520,714,730	0	0
em-p-ihep51	20260624111121404000000	22	23,121,224,282,112	23,121,368,231,936	14,710,069,214,336	25,154,938,761,216	25,945,969,811,456	22,034,264,555,520	29,685,706,653,696	331,222,549	1,192,668,744	0	0
em-p-ihep51	20260624111131424000000	22	23,121,226,317,824	23,121,369,788,416	14,708,740,133,417	25,154,938,761,216	25,945,969,811,456	22,034,264,555,520	29,685,706,653,696	514,314,787	1,436,256,325	0	0
em-p-ihep51	20260624111141461000000	25	23,121,220,448,256	23,121,821,855,744	14,714,862,080,270	25,154,938,761,216	25,945,969,811,456	22,034,264,555,520	29,685,706,653,696	361,383,598	1,856,402,641	0	0
em-p-ihep51	20260624111151442000000	22	23,121,226,285,056	23,121,369,305,088	14,703,277,775,186	25,154,938,761,216	25,945,969,811,456	22,034,264,555,520	29,685,706,653,696	315,165,067	1,700,158,656	0	0
em-p-ihep51	20260624111201473000000	19	23,121,225,195,520	23,121,371,054,080	14,709,510,392,112	25,154,938,761,216	25,945,969,811,456	22,034,264,555,520	29,685,706,653,696	425,693,470	1,625,596,898	0	0
em-p-ihep51	20260624111211455000000	26	23,121,223,233,536	23,121,374,662,656	14,713,900,820,105	25,154,938,761,216	25,945,969,811,456	22,034,264,555,520	29,685,706,653,696	503,043,958	1,576,064,945	0	0
em-p-ihep51	20260624111221453000000	23	23,121,221,132,288	23,121,376,505,856	14,710,542,831,139	25,154,938,761,216	25,945,969,811,456	22,034,264,555,520	29,685,706,653,696	255,950,630	1,016,427,740	0	0
em-p-ihep51	20260624111231455000000	24	23,121,231,822,848	23,121,364,676,608	14,706,491,469,559	25,154,938,761,216	25,945,969,811,456	22,034,264,555,520	29,685,706,653,696	217,030,762	888,616,945	0	0
em-p-ihep51	20260624111241559000000	21	23,121,234,182,144	23,121,377,746,944	14,703,495,499,004	25,154,938,761,216	25,945,969,811,456	22,034,264,555,520	29,685,706,653,696	401,642,639	866,353,178	0	0
em-p-ihep51	20260624111251549000000	15	23,121,231,699,968	23,121,392,951,296	14,706,013,533,330	25,154,938,761,216	25,945,969,811,456	22,034,264,555,520	29,685,706,653,696	248,252,640	738,317,570	0	0
em-p-ihep51	20260624111301566000000	16	23,121,229,488,128	23,121,375,801,344	14,706,770,406,789	25,154,938,761,216	25,945,969,811,456	22,034,264,555,520	29,685,706,653,696	183,386,521	877,417,952	0	0
em-p-ihep51	20260624111311657000000	17	23,121,228,255,232	23,121,372,311,552	14,708,667,335,699	25,154,938,761,216	25,945,969,811,456	22,034,264,555,520	29,685,706,653,696	173,260,280	1,302,012,198	0	0
em-p-ihep51	20260624111321745000000	14	23,121,228,419,072	23,121,712,156,672	14,707,560,338,748	25,154,938,761,216	25,945,969,811,456	22,034,264,555,520	29,685,706,653,696	222,394,753	860,326,275	0	0
em-p-ihep51	20260624111331838000000	17	23,121,227,124,736	23,121,354,063,872	14,708,758,763,025	25,154,938,761,216	25,945,969,811,456	22,034,264,555,520	29,685,706,653,696	269,503,622	584,796,202	0	0
em-p-ihep51	20260624111341946000000	19	23,121,228,128,256	23,121,369,616,384	14,709,781,121,487	25,154,938,761,216	25,945,969,811,456	22,034,264,555,520	29,685,706,653,696	164,488,909	1,710,794,073	0	0
em-p-ihep51	20260624111351941000000	23	23,121,236,910,080	23,121,361,285,120	14,712,596,715,886	25,154,938,761,216	25,945,969,811,456	22,034,264,555,520	29,685,706,653,696	305,707,097	1,402,560,161	0	0
em-p-ihep51	20260624111402054000000	19	23,123,362,729,984	23,123,478,974,464	14,718,919,398,635	25,154,938,761,216	25,945,969,811,456	22,034,264,555,520	29,685,706,653,696	283,551,774	929,503,662	0	0
em-p-ihep51	20260624111412075000000	21	23,125,392,773,120	23,125,504,651,264	14,726,272,708,181	25,154,938,761,216	25,945,969,811,456	22,034,264,555,520	29,685,706,653,696	507,427,134	1,308,815,494	0	0
em-p-ihep51	20260624111422063000000	20	23,125,397,004,288	23,125,510,537,216	14,707,513,834,836	25,154,938,761,216	25,945,969,811,456	22,034,264,555,520	29,685,706,653,696	675,652,663	1,214,825,340	0	0
em-p-ihep51	20260624111432061000000	14	23,125,397,168,128	23,126,237,736,960	14,711,811,443,327	25,154,938,761,216	25,945,969,811,456	22,034,264,555,520	29,685,706,653,696	518,546,069	1,569,780,049	0	0
em-p-ihep51	20260624111442082000000	18	23,125,397,061,632	23,125,509,271,552	14,715,933,532,731	25,154,938,761,216	25,945,969,811,456	22,034,264,555,520	29,685,706,653,696	567,582,706	1,535,128,551	0	0
em-p-ihep51	20260624111452153000000	15	23,125,394,690,048	23,125,506,736,128	14,707,580,263,777	25,154,938,761,216	25,945,969,811,456	22,034,264,555,520	29,685,706,653,696	667,712,104	940,755,842	0	0
em-p-ihep51	20260624111502172000000	20	23,125,461,880,832	23,125,579,522,048	14,715,288,246,132	25,154,938,761,216	25,945,969,811,456	22,034,264,555,520	29,685,706,653,696	479,233,830	993,544,381	0	0
em-p-ihep51	20260624111512183000000	24	23,125,468,798,976	23,125,582,839,808	14,720,142,133,145	25,154,938,761,216	25,945,969,811,456	22,034,264,555,520	29,685,706,653,696	333,150,022	1,034,756,725	0	0
em-p-ihep51	20260624111522202000000	19	23,125,464,354,816	23,125,571,932,160	14,708,689,051,727	25,154,938,761,216	25,945,969,811,456	22,034,264,555,520	29,685,706,653,696	548,255,796	938,338,580	0	0
em-p-ihep51	20260624111532298000000	24	23,125,466,783,744	23,125,699,821,568	14,716,605,363,814	25,154,938,761,216	25,945,969,811,456	22,034,264,555,520	29,685,706,653,696	544,044,940	960,332,095	0	0
em-p-ihep51	20260624111542300000000	16	23,125,466,939,392	23,125,648,625,664	14,708,266,744,990	25,154,938,761,216	25,945,969,811,456	22,034,264,555,520	29,685,706,653,696	275,128,637	644,812,663	0	0
em-p-ihep51	20260624111552292000000	18	23,125,465,866,240	23,125,677,223,936	14,704,991,733,701	25,154,938,761,216	25,945,969,811,456	22,034,264,555,520	29,685,706,653,696	301,893,737	1,181,186,182	0	0
em-p-ihep51	20260624111602397000000	22	23,125,472,669,696	23,125,680,054,272	14,716,729,482,998	25,154,938,761,216	25,945,969,811,456	22,034,264,555,520	29,685,706,653,696	293,764,138	1,108,974,493	0	0
em-p-ihep51	20260624111612416000000	27	23,125,475,373,056	23,126,127,357,952	14,719,656,700,961	25,154,938,761,216	25,945,969,811,456	22,034,264,555,520	29,685,706,653,696	582,065,888	1,245,178,966	0	0
em-p-ihep51	20260624111622413000000	25	23,125,484,777,472	23,125,694,472,192	14,706,669,610,036	25,154,938,761,216	25,945,969,811,456	22,034,264,555,520	29,685,706,653,696	339,577,476	1,019,473,127	53,248	0
em-p-ihep51	20260624111632511000000	14	23,125,480,701,952	23,125,647,122,432	14,710,745,942,898	25,154,938,761,216	25,945,969,811,456	22,034,264,555,520	29,685,706,653,696	439,313,975	905,231,116	20,480	0
em-p-ihep51	20260624111642509000000	20	23,125,483,298,816	23,126,099,759,104	14,711,542,947,779	25,154,938,761,216	25,945,969,811,456	22,034,264,555,520	29,685,706,653,696	504,379,846	843,523,388	36,864	0
em-p-ihep51	20260624111652611000000	20	23,125,482,164,224	23,125,648,785,408	14,707,546,258,423	25,154,938,761,216	25,945,969,811,456	22,034,264,555,520	29,685,706,653,696	167,903,513	504,887,477	0	0
em-p-ihep51	20260624111702699000000	19	23,125,461,635,072	23,125,692,010,496	14,707,489,603,313	25,154,938,761,216	25,945,969,811,456	22,034,264,555,520	29,685,706,653,696	180,906,654	504,651,791	0	0
em-p-ihep51	20260624111712835000000	15	23,125,462,818,816	23,125,797,113,856	14,711,623,962,640	25,154,938,761,216	25,945,969,811,456	22,034,264,555,520	29,685,706,653,696	157,869,713	1,010,564,359	0	0
em-p-ihep51	20260624111722856000000	21	23,125,466,394,624	23,125,633,298,432	14,707,848,212,628	25,154,938,761,216	25,945,969,811,456	22,034,264,555,520	29,685,706,653,696	301,621,697	1,856,821,155	0	0
em-p-ihep51	20260624111732894000000	17	23,125,465,309,184	23,125,632,049,152	14,704,668,614,965	25,154,938,761,216	25,945,969,811,456	22,034,264,555,520	29,685,706,653,696	154,323,785	1,096,800,705	0	0
em-p-ihep51	20260624111742991000000	20	23,125,465,473,024	23,125,631,512,576	14,716,714,911,894	25,154,938,761,216	25,945,969,811,456	22,034,264,555,520	29,685,706,653,696	298,666,274	1,035,617,467	0	0
em-p-ihep51	20260624111753113000000	19	23,125,464,178,688	23,125,651,288,064	14,709,317,516,431	25,154,938,761,216	25,945,969,811,456	22,034,264,555,520	29,685,706,653,696	453,817,633	953,561,655	0	0
em-p-ihep51	20260624111803177000000	21	23,125,463,994,368	23,125,943,353,344	14,707,020,810,343	25,154,938,761,216	25,945,969,811,456	22,034,264,555,520	29,685,706,653,696	305,426,877	1,898,116,015	0	0
em-p-ihep51	20260624111813258000000	18	23,125,462,884,352	23,125,628,796,928	14,710,316,902,703	25,154,938,761,216	25,945,969,811,456	22,034,264,555,520	29,685,706,653,696	548,417,836	1,606,436,244	0	0
em-p-ihep51	20260624111823170000000	20	23,125,453,533,184	23,125,619,232,768	14,708,037,304,015	25,154,938,761,216	25,945,969,811,456	22,034,264,555,520	29,685,706,653,696	505,468,362	763,322,544	0	0
em-p-ihep51	20260624111833207000000	18	23,125,458,395,136	23,125,619,974,144	14,718,417,601,417	25,154,938,761,216	25,945,969,811,456	22,034,264,555,520	29,685,706,653,696	291,509,315	677,497,909	0	0
em-p-ihep51	20260624111843211000000	21	23,125,465,317,376	23,125,629,431,808	14,702,850,225,309	25,154,938,761,216	25,945,969,811,456	22,034,264,555,520	29,685,706,653,696	329,385,084	806,741,663	0	0
em-p-ihep51	20260624111853250000000	19	23,125,470,347,264	23,125,683,621,888	14,708,127,396,757	25,154,938,761,216	25,945,969,811,456	22,034,264,555,520	29,685,706,653,696	140,753,911	923,611,430	0	0
em-p-ihep51	20260624111903264000000	23	23,125,473,755,136	23,125,660,454,912	14,711,663,627,391	25,154,938,761,216	25,945,969,811,456	22,034,264,555,520	29,685,706,653,696	330,583,657	1,719,029,764	0	0
em-p-ihep51	20260624111913274000000	21	23,125,469,339,648	23,125,631,852,544	14,706,718,331,127	25,154,938,761,216	25,945,969,811,456	22,034,264,555,520	29,685,706,653,696	568,628,491	1,439,322,820	0	0
em-p-ihep51	20260624111923281000000	22	23,125,470,310,400	23,125,647,495,168	14,707,819,955,457	25,154,938,761,216	25,945,969,811,456	22,034,264,555,520	29,685,706,653,696	172,560,696	679,061,211	0	0
em-p-ihep51	20260624111933291000000	20	23,125,470,203,904	23,125,656,793,088	14,709,193,216,872	25,154,938,761,216	25,945,969,811,456	22,034,264,555,520	29,685,706,653,696	190,965,023	636,800,407	0	0
em-p-ihep51	20260624111943302000000	24	23,125,472,800,768	23,125,636,087,808	14,712,934,721,293	25,154,938,761,216	25,945,969,811,456	22,034,264,555,520	29,685,706,653,696	284,137,559	808,529,856	0	0
em-p-ihep51	20260624111953341000000	21	23,125,472,854,016	23,125,639,274,496	14,707,916,546,981	25,154,938,761,216	25,945,969,811,456	22,034,264,555,520	29,685,706,653,696	341,292,331	725,462,431	0	0
em-p-ihep51	20260624112003363000000	28	23,125,517,664,256	23,125,691,502,592	14,726,818,363,452	25,154,938,761,216	25,945,969,811,456	22,034,264,555,520	29,685,706,653,696	317,645,563	1,302,480,046	0	0
em-p-ihep51	20260624112013353000000	35	23,126,182,907,904	23,126,349,148,160	14,759,330,941,805	25,154,938,761,216	25,945,969,811,456	22,034,264,555,520	29,685,706,653,696	647,254,440	1,656,788,861	0	0
em-p-ihep51	20260624112023384000000	36	23,126,211,334,144	23,126,401,159,168	14,739,373,220,587	25,154,938,761,216	25,945,969,811,456	22,034,264,555,520	29,685,706,653,696	539,400,974	1,479,215,472	0	0
em-p-ihep51	20260624112033381000000	30	23,126,196,408,320	23,126,416,662,528	14,741,931,712,216	25,154,938,761,216	25,945,969,811,456	22,034,264,555,520	29,685,706,653,696	326,963,311	827,503,851	0	0
em-p-ihep51	20260624112043398000000	23	23,126,191,656,960	23,126,410,948,608	14,707,298,915,993	25,154,938,761,216	25,945,969,811,456	22,034,264,555,520	29,685,706,653,696	265,556,244	718,635,572	0	0
em-p-ihep51	20260624112053420000000	21	23,126,190,395,392	23,126,412,087,296	14,705,945,630,446	25,154,938,761,216	25,945,969,811,456	22,034,264,555,520	29,685,706,653,696	405,856,715	1,821,390,121	0	0
em-p-ihep51	20260624112103456000000	22	23,126,189,228,032	23,126,414,311,424	14,705,810,755,049	25,154,938,761,216	25,945,969,811,456	22,034,264,555,520	29,685,706,653,696	272,017,267	1,383,592,112	0	0
em-p-ihep51	20260624112113490000000	25	23,126,195,068,928	23,126,437,404,672	14,720,146,608,645	25,154,938,761,216	25,945,969,811,456	22,034,264,555,520	29,685,706,653,696	290,657,037	1,687,086,731	0	0
em-p-ihep51	20260624112123456000000	24	23,126,194,384,896	23,126,403,174,400	14,707,632,608,832	25,154,938,761,216	25,945,969,811,456	22,034,264,555,520	29,685,706,653,696	618,378,717	1,623,258,580	0	0
em-p-ihep51	20260624112133484000000	21	23,126,183,522,304	23,126,393,184,256	14,704,770,400,468	25,154,938,761,216	25,945,969,811,456	22,034,264,555,520	29,685,706,653,696	211,829,217	556,412,525	0	0
em-p-ihep51	20260624112143511000000	25	23,126,202,232,832	23,126,661,480,448	14,710,438,019,762	25,154,938,761,216	25,945,969,811,456	22,034,264,555,520	29,685,706,653,696	377,825,269	1,708,385,454	0	0
em-p-ihep51	20260624112153512000000	22	23,126,200,209,408	23,126,405,500,928	14,721,552,604,020	25,154,938,761,216	25,945,969,811,456	22,034,264,555,520	29,685,706,653,696	192,710,558	1,831,053,327	0	0
em-p-ihep51	20260624112203610000000	24	23,126,205,227,008	23,126,412,611,584	14,713,766,272,718	25,154,938,761,216	25,945,969,811,456	22,034,264,555,520	29,685,706,653,696	366,465,514	783,274,208	0	0
em-p-ihep51	20260624112213826000000	26	23,126,205,390,848	23,126,901,915,648	14,714,896,001,212	25,154,938,761,216	25,945,969,811,456	22,034,264,555,520	29,685,706,653,696	257,164,248	877,572,625	0	0
em-p-ihep51	20260624112223720000000	25	23,126,206,574,592	23,126,410,231,808	14,714,142,903,018	25,154,938,761,216	25,945,969,811,456	22,034,264,555,520	29,685,706,653,696	490,596,830	678,171,021	0	0
em-p-ihep51	20260624112233677000000	21	23,126,198,771,712	23,126,401,957,888	14,707,784,624,455	25,154,938,761,216	25,945,969,811,456	22,034,264,555,520	29,685,706,653,696	286,705,232	669,444,361	0	0
em-p-ihep51	20260624112243664000000	18	23,126,198,665,216	23,126,391,234,560	14,704,257,724,509	25,154,938,761,216	25,945,969,811,456	22,034,264,555,520	29,685,706,653,696	376,814,386	733,000,274	0	0
em-p-ihep51	20260624112253664000000	17	23,126,198,554,624	23,126,391,246,848	14,712,192,392,050	25,154,938,761,216	25,945,969,811,456	22,034,264,555,520	29,685,706,653,696	551,596,538	1,015,586,884	0	0
em-p-ihep51	20260624112303760000000	15	23,126,199,906,304	23,126,390,927,360	14,697,902,339,783	25,154,938,761,216	25,945,969,811,456	22,034,264,555,520	29,685,706,653,696	249,398,452	951,012,521	0	0
em-p-ihep51	20260624112313851000000	16	23,126,200,877,056	23,126,418,386,944	14,703,633,386,518	25,154,938,761,216	25,945,969,811,456	22,034,264,555,520	29,685,706,653,696	389,261,999	1,464,685,026	0	0
em-p-ihep51	20260624112323955000000	18	23,126,199,689,216	23,126,782,185,472	14,703,733,429,735	25,154,938,761,216	25,945,969,811,456	22,034,264,555,520	29,685,706,653,696	205,360,399	751,432,664	0	0
em-p-ihep51	20260624112333964000000	23	23,126,203,584,512	23,126,383,955,968	14,710,292,918,489	25,154,938,761,216	25,945,969,811,456	22,034,264,555,520	29,685,706,653,696	172,533,515	558,008,146	0	0
em-p-ihep51	20260624112343958000000	19	23,126,201,409,536	23,126,367,584,256	14,701,264,417,205	25,154,938,761,216	25,945,969,811,456	22,034,264,555,520	29,685,706,653,696	279,510,969	682,023,341	0	0
em-p-ihep51	20260624112354052000000	17	23,126,204,047,360	23,126,483,542,016	14,697,630,670,653	25,154,938,761,216	25,945,969,811,456	22,034,264,555,520	29,685,706,653,696	225,689,901	856,804,732	0	0
em-p-ihep51	20260624112404151000000	16	23,126,205,018,112	23,126,371,381,248	14,699,683,237,865	25,154,938,761,216	25,945,969,811,456	22,034,264,555,520	29,685,706,653,696	292,273,651	913,248,490	0	0
em-p-ihep51	20260624112414153000000	20	23,126,203,006,976	23,126,396,125,184	14,706,988,366,401	25,154,938,761,216	25,945,969,811,456	22,034,264,555,520	29,685,706,653,696	314,062,414	944,732,884	0	0
em-p-ihep51	20260624112424151000000	20	23,126,206,615,552	23,126,371,348,480	14,697,372,163,792	25,154,938,761,216	25,945,969,811,456	22,034,264,555,520	29,685,706,653,696	247,018,597	1,292,115,202	0	0
em-p-ihep51	20260624112434252000000	16	23,126,416,551,936	23,126,606,393,344	14,710,178,090,733	25,154,938,761,216	25,945,969,811,456	22,034,264,555,520	29,685,706,653,696	423,931,212	1,378,642,928	0	0
em-p-ihep51	20260624112444249000000	21	23,126,417,526,784	23,126,582,001,664	14,704,578,618,827	25,154,938,761,216	25,945,969,811,456	22,034,264,555,520	29,685,706,653,696	351,480,929	1,224,607,801	0	0
em-p-ihep51	20260624112454339000000	17	23,126,416,662,528	23,126,583,492,608	14,704,127,313,701	25,154,938,761,216	25,945,969,811,456	22,034,264,555,520	29,685,706,653,696	199,983,572	803,448,518	0	0
em-p-ihep51	20260624112504435000000	16	23,126,414,282,752	23,126,738,018,304	14,700,753,725,711	25,154,938,761,216	25,945,969,811,456	22,034,264,555,520	29,685,706,653,696	165,403,268	644,232,143	0	0
em-p-ihep51	20260624112514440000000	20	23,126,411,800,576	23,126,578,839,552	14,721,125,200,708	25,154,938,761,216	25,945,969,811,456	22,034,264,555,520	29,685,706,653,696	257,740,502	860,623,124	36,864	0
em-p-ihep51	20260624112524448000000	20	23,126,417,743,872	23,126,583,545,856	14,713,968,396,268	25,154,938,761,216	25,945,969,811,456	22,034,264,555,520	29,685,706,653,696	223,558,753	722,911,134	0	0
em-p-ihep51	20260624112534455000000	24	23,126,414,479,360	23,126,705,152,000	14,716,896,704,440	25,154,938,761,216	25,945,969,811,456	22,034,264,555,520	29,685,706,653,696	299,967,190	920,611,457	0	0
em-p-ihep51	20260624112544467000000	21	23,126,417,068,032	23,126,690,222,080	14,708,222,763,115	25,154,938,761,216	25,945,969,811,456	22,034,264,555,520	29,685,706,653,696	337,000,582	688,312,760	0	0
em-p-ihep51	20260624112554557000000	20	23,126,416,023,552	23,126,734,032,896	14,722,241,585,880	25,154,938,761,216	25,945,969,811,456	22,034,264,555,520	29,685,706,653,696	306,235,876	2,429,972,414	0	0
em-p-ihep51	20260624112604644000000	25	23,126,414,966,784	23,126,688,186,368	14,716,076,231,732	25,154,938,761,216	25,945,969,811,456	22,034,264,555,520	29,685,706,653,696	499,701,459	1,940,676,756	0	0
em-p-ihep51	20260624112614679000000	27	23,126,402,064,384	23,126,682,472,448	14,715,888,455,981	25,154,938,761,216	25,945,969,811,456	22,034,264,555,520	29,685,706,653,696	456,842,463	1,107,248,453	0	0
em-p-ihep51	20260624112624671000000	17	23,126,409,256,960	23,126,687,023,104	14,710,819,463,004	25,154,938,761,216	25,945,969,811,456	22,034,264,555,520	29,685,706,653,696	175,049,197	647,951,264	0	0
em-p-ihep51	20260624112634774000000	19	23,126,410,498,048	23,126,684,065,792	14,723,177,940,392	25,154,938,761,216	25,945,969,811,456	22,034,264,555,520	29,685,706,653,696	483,135,846	974,167,098	0	0
em-p-ihep51	20260624112644764000000	23	23,126,410,498,048	23,126,696,853,504	14,716,168,244,574	25,154,938,761,216	25,945,969,811,456	22,034,264,555,520	29,685,706,653,696	361,906,008	815,920,638	0	0
em-p-ihep51	20260624112654776000000	18	23,126,412,824,576	23,126,685,630,464	14,721,580,294,705	25,154,938,761,216	25,945,969,811,456	22,034,264,555,520	29,685,706,653,696	254,238,070	669,162,074	0	0
em-p-ihep51	20260624112704782000000	17	23,126,412,718,080	23,126,683,394,048	14,710,319,213,825	25,154,938,761,216	25,945,969,811,456	22,034,264,555,520	29,685,706,653,696	534,282,130	1,006,886,446	0	0
em-p-ihep51	20260624112714786000000	17	23,126,422,499,328	23,126,711,848,960	14,709,760,189,577	25,154,938,761,216	25,945,969,811,456	22,034,264,555,520	29,685,706,653,696	193,442,828	937,394,429	0	0
em-p-ihep51	20260624112724803000000	15	23,126,420,017,152	23,126,630,162,432	14,702,935,091,178	25,154,938,761,216	25,945,969,811,456	22,034,264,555,520	29,685,706,653,696	319,795,773	1,310,707,095	0	0
em-p-ihep51	20260624112734900000000	17	23,126,420,066,304	23,126,552,334,336	14,711,506,608,348	25,154,938,761,216	25,945,969,811,456	22,034,264,555,520	29,685,706,653,696	242,272,034	1,013,878,999	0	0
em-p-ihep51	20260624112744925000000	15	23,126,420,119,552	23,126,549,966,848	14,717,277,534,309	25,154,938,761,216	25,945,969,811,456	22,034,264,555,520	29,685,706,653,696	300,663,061	808,351,181	0	0
em-p-ihep51	20260624112754984000000	23	23,126,417,858,560	23,127,033,331,712	14,716,563,050,076	25,154,938,761,216	25,945,969,811,456	22,034,264,555,520	29,685,706,653,696	383,012,050	877,113,667	0	0
em-p-ihep51	20260624112804984000000	17	23,126,500,741,120	23,126,633,869,312	14,723,006,481,016	25,154,938,761,216	25,945,969,811,456	22,034,264,555,520	29,685,706,653,696	431,959,916	864,736,545	0	0
em-p-ihep51	20260624112814996000000	17	23,126,498,459,648	23,126,615,289,856	14,714,581,906,093	25,154,938,761,216	25,945,969,811,456	22,034,264,555,520	29,685,706,653,696	302,041,716	710,478,570	0	0
em-p-ihep51	20260624112824993000000	15	23,126,500,618,240	23,126,622,027,776	14,711,036,805,563	25,154,938,761,216	25,945,969,811,456	22,034,264,555,520	29,685,706,653,696	270,744,535	598,471,950	0	0
em-p-ihep51	20260624112835103000000	17	23,126,500,511,744	23,126,622,855,168	14,710,196,344,687	25,154,938,761,216	25,945,969,811,456	22,034,264,555,520	29,685,706,653,696	163,451,796	567,934,246	0	0
em-p-ihep51	20260624112845122000000	20	23,126,536,069,120	23,126,655,012,864	14,723,311,822,858	25,154,938,761,216	25,945,969,811,456	22,034,264,555,520	29,685,706,653,696	375,820,309	1,369,680,554	0	0
em-p-ihep51	20260624112855169000000	21	23,130,246,053,888	23,130,368,163,840	14,706,802,128,443	25,154,938,761,216	25,945,969,811,456	22,034,264,555,520	29,685,706,653,696	369,210,577	1,227,306,854	0	0
em-p-ihep51	20260624112905176000000	15	23,130,246,217,728	23,130,365,755,392	14,709,093,783,582	25,154,938,761,216	25,945,969,811,456	22,034,264,555,520	29,685,706,653,696	309,667,968	1,455,554,165	0	0
em-p-ihep51	20260624112915159000000	16	23,130,243,895,296	23,130,360,999,936	14,707,164,673,641	25,154,938,761,216	25,945,969,811,456	22,034,264,555,520	29,685,706,653,696	365,004,856	1,096,069,191	0	0
em-p-ihep51	20260624112925165000000	16	23,130,242,707,456	23,130,396,639,232	14,708,432,563,736	25,154,938,761,216	25,945,969,811,456	22,034,264,555,520	29,685,706,653,696	261,775,358	911,323,676	0	0
em-p-ihep51	20260624112935161000000	15	23,130,242,600,960	23,130,852,995,072	14,706,541,100,378	25,154,938,761,216	25,945,969,811,456	22,034,264,555,520	29,685,706,653,696	553,794,980	1,032,897,763	0	0
em-p-ihep51	20260624112945284000000	15	23,130,241,576,960	23,130,357,702,656	14,708,380,806,569	25,154,938,761,216	25,945,969,811,456	22,034,264,555,520	29,685,706,653,696	319,179,879	853,392,092	0	0
em-p-ihep51	20260624112955359000000	17	23,130,243,629,056	23,130,359,894,016	14,715,633,865,510	25,154,938,761,216	25,945,969,811,456	22,034,264,555,520	29,685,706,653,696	495,238,828	676,951,026	0	0
em-p-ihep51	20260624113005382000000	20	23,130,252,173,312	23,130,392,772,608	14,710,945,165,201	25,154,938,761,216	25,945,969,811,456	22,034,264,555,520	29,685,706,653,696	250,640,833	1,514,878,623	0	0
em-p-ihep51	20260624113015382000000	31	23,130,351,140,864	23,130,501,427,200	14,737,159,072,182	25,154,938,761,216	25,945,969,811,456	22,034,264,555,520	29,685,706,653,696	710,098,553	2,260,049,809	0	0
em-p-ihep51	20260624113025418000000	27	23,130,339,823,616	23,130,637,770,752	14,721,152,059,761	25,154,938,761,216	25,945,969,811,456	22,034,264,555,520	29,685,706,653,696	443,490,286	2,972,767,657	0	0
em-p-ihep51	20260624113035430000000	23	23,130,338,496,512	23,130,461,937,664	14,715,144,377,087	25,154,938,761,216	25,945,969,811,456	22,034,264,555,520	29,685,706,653,696	585,381,124	907,114,333	0	0
em-p-ihep51	20260624113045436000000	19	23,130,338,279,424	23,130,487,427,072	14,713,934,086,226	25,154,938,761,216	25,945,969,811,456	22,034,264,555,520	29,685,706,653,696	406,954,473	852,130,724	0	0
em-p-ihep51	20260624113055433000000	20	23,130,338,443,264	23,130,462,363,648	14,715,945,092,337	25,154,938,761,216	25,945,969,811,456	22,034,264,555,520	29,685,706,653,696	405,935,875	911,190,528	0	0
em-p-ihep51	20260624113105544000000	23	23,130,342,932,480	23,130,467,938,304	14,718,346,365,410	25,154,938,761,216	25,945,969,811,456	22,034,264,555,520	29,685,706,653,696	538,121,201	1,268,615,963	0	0
em-p-ihep51	20260624113115544000000	20	23,130,333,995,008	23,131,001,401,344	14,713,700,132,586	25,154,938,761,216	25,945,969,811,456	22,034,264,555,520	29,685,706,653,696	374,871,468	859,988,058	0	0
em-p-ihep51	20260624113125548000000	18	23,130,341,453,824	23,130,473,627,648	14,707,250,756,991	25,154,938,761,216	25,945,969,811,456	22,034,264,555,520	29,685,706,653,696	298,440,294	782,983,914	0	0
em-p-ihep51	20260624113135553000000	20	23,130,343,972,864	23,130,473,525,248	14,719,478,021,370	25,154,938,761,216	25,945,969,811,456	22,034,264,555,520	29,685,706,653,696	251,698,510	1,083,055,836	0	0
em-p-ihep51	20260624113145553000000	24	23,130,341,920,768	23,130,481,197,056	14,707,603,095,969	25,154,938,761,216	25,945,969,811,456	22,034,264,555,520	29,685,706,653,696	312,306,500	1,314,924,651	0	0
em-p-ihep51	20260624113155561000000	18	23,130,344,189,952	23,130,475,638,784	14,711,032,793,513	25,154,938,761,216	25,945,969,811,456	22,034,264,555,520	29,685,706,653,696	347,047,251	894,308,107	0	0
em-p-ihep51	20260624113205572000000	21	23,130,348,675,072	23,130,481,262,592	14,712,564,019,626	25,154,938,761,216	25,945,969,811,456	22,034,264,555,520	29,685,706,653,696	319,714,484	1,161,434,410	0	0
em-p-ihep51	20260624113215586000000	24	23,130,343,034,880	23,130,661,339,136	14,706,728,863,884	25,154,938,761,216	25,945,969,811,456	22,034,264,555,520	29,685,706,653,696	872,551,179	2,100,735,358	0	0
em-p-ihep51	20260624113225605000000	21	23,130,343,165,952	23,130,599,911,424	14,709,775,074,878	25,154,938,761,216	25,945,969,811,456	22,034,264,555,520	29,685,706,653,696	266,199,142	766,687,316	0	0
em-p-ihep51	20260624113235616000000	17	23,130,340,790,272	23,130,453,164,032	14,710,482,894,234	25,154,938,761,216	25,945,969,811,456	22,034,264,555,520	29,685,706,653,696	353,887,327	778,322,379	0	0
em-p-ihep51	20260624113245710000000	15	23,130,341,871,616	23,130,454,138,880	14,707,992,526,222	25,154,938,761,216	25,945,969,811,456	22,034,264,555,520	29,685,706,653,696	375,055,256	847,545,678	0	0
em-p-ihep51	20260624113255715000000	17	23,130,340,577,280	23,130,947,555,328	14,707,806,594,495	25,154,938,761,216	25,945,969,811,456	22,034,264,555,520	29,685,706,653,696	301,528,490	1,179,002,456	0	0
em-p-ihep51	20260624113305725000000	18	23,130,345,168,896	23,130,453,045,248	14,708,399,475,762	25,154,938,761,216	25,945,969,811,456	22,034,264,555,520	29,685,706,653,696	433,681,937	1,561,259,947	0	0
em-p-ihep51	20260624113315732000000	15	23,130,344,030,208	23,130,454,437,888	14,707,730,014,466	25,154,938,761,216	25,945,969,811,456	22,034,264,555,520	29,685,706,653,696	308,776,500	1,147,606,368	0	0
em-p-ihep51	20260624113325732000000	14	23,130,341,928,960	23,130,466,566,144	14,703,449,585,828	25,154,938,761,216	25,945,969,811,456	22,034,264,555,520	29,685,706,653,696	326,353,251	761,297,357	0	0
em-p-ihep51	20260624113335747000000	16	23,130,340,638,720	23,130,450,759,680	14,708,171,872,630	25,154,938,761,216	25,945,969,811,456	22,034,264,555,520	29,685,706,653,696	647,951,896	1,147,981,481	0	0
em-p-ihep51	20260624113345752000000	15	23,130,339,450,880	23,130,435,842,048	14,711,609,241,579	25,154,938,761,216	25,945,969,811,456	22,034,264,555,520	29,685,706,653,696	481,912,256	857,542,539	0	0
em-p-ihep51	20260624113355751000000	16	23,130,337,075,200	23,130,461,310,976	14,709,162,825,337	25,154,938,761,216	25,945,969,811,456	22,034,264,555,520	29,685,706,653,696	186,676,415	606,197,200	0	0
em-p-ihep51	20260624113405857000000	20	23,130,346,774,528	23,130,858,184,704	14,711,748,365,337	25,154,938,761,216	25,945,969,811,456	22,034,264,555,520	29,685,706,653,696	416,254,160	1,972,983,544	0	0
em-p-ihep51	20260624113415875000000	22	23,130,341,883,904	23,130,439,495,680	14,710,195,753,361	25,154,938,761,216	25,945,969,811,456	22,034,264,555,520	29,685,706,653,696	702,334,052	1,082,397,859	0	0
em-p-ihep51	20260624113425888000000	18	23,130,341,777,408	23,130,436,931,584	14,710,002,324,708	25,154,938,761,216	25,945,969,811,456	22,034,264,555,520	29,685,706,653,696	309,372,648	1,294,071,883	0	0
em-p-ihep51	20260624113435880000000	17	23,130,341,666,816	23,130,441,584,640	14,713,822,604,329	25,154,938,761,216	25,945,969,811,456	22,034,264,555,520	29,685,706,653,696	145,138,558	879,970,718	0	0
em-p-ihep51	20260624113445990000000	17	23,130,341,699,584	23,130,452,905,984	14,715,129,331,918	25,154,938,761,216	25,945,969,811,456	22,034,264,555,520	29,685,706,653,696	491,226,126	2,137,898,324	0	0
em-p-ihep51	20260624113455990000000	14	23,130,343,018,496	23,130,434,068,480	14,713,761,298,714	25,154,938,761,216	25,945,969,811,456	22,034,264,555,520	29,685,706,653,696	236,040,685	1,258,563,408	0	0
em-p-ihep51	20260624113506112000000	20	23,130,349,940,736	23,130,475,859,968	14,722,916,630,643	25,154,938,761,216	25,945,969,811,456	22,034,264,555,520	29,685,706,653,696	209,665,540	671,508,455	0	0
em-p-ihep51	20260624113516109000000	22	23,130,503,569,408	23,131,123,294,208	14,725,400,536,582	25,154,938,761,216	25,945,969,811,456	22,034,264,555,520	29,685,706,653,696	395,853,996	1,016,304,576	0	0
em-p-ihep51	20260624113526213000000	22	23,130,707,410,944	23,130,836,664,320	14,715,391,730,434	25,154,938,761,216	25,945,969,811,456	22,034,264,555,520	29,685,706,653,696	623,894,555	1,053,835,886	0	0
em-p-ihep51	20260624113536229000000	22	23,130,708,381,696	23,130,888,220,672	14,715,399,322,748	25,154,938,761,216	25,945,969,811,456	22,034,264,555,520	29,685,706,653,696	224,106,077	593,653,503	0	0
em-p-ihep51	20260624113546222000000	23	23,130,710,921,216	23,130,936,786,944	14,716,527,467,667	25,154,938,761,216	25,945,969,811,456	22,034,264,555,520	29,685,706,653,696	186,854,468	829,494,573	0	0
em-p-ihep51	20260624113556236000000	25	23,130,714,271,744	23,130,912,874,496	14,713,622,326,608	25,154,938,761,216	25,945,969,811,456	22,034,264,555,520	29,685,706,653,696	250,917,256	1,599,542,417	0	0
em-p-ihep51	20260624113606246000000	30	23,130,707,251,200	23,130,907,058,176	14,714,496,988,170	25,154,938,761,216	25,945,969,811,456	22,034,264,555,520	29,685,706,653,696	364,414,526	1,215,142,106	0	0
em-p-ihep51	20260624113616238000000	26	23,130,715,734,016	23,130,962,063,360	14,713,333,398,062	25,154,938,761,216	25,945,969,811,456	22,034,264,555,520	29,685,706,653,696	239,899,051	867,959,658	0	0
em-p-ihep51	20260624113626348000000	24	23,130,712,281,088	23,130,908,176,384	14,711,963,341,839	25,154,938,761,216	25,945,969,811,456	22,034,264,555,520	29,685,706,653,696	572,934,888	1,141,757,505	0	0
em-p-ihep51	20260624113636368000000	22	23,130,709,008,384	23,130,855,972,864	14,713,355,270,597	25,154,938,761,216	25,945,969,811,456	22,034,264,555,520	29,685,706,653,696	557,548,832	626,662,334	0	0
em-p-ihep51	20260624113646369000000	25	23,130,710,519,808	23,130,871,873,536	14,715,433,565,309	25,154,938,761,216	25,945,969,811,456	22,034,264,555,520	29,685,706,653,696	158,182,231	1,289,267,534	0	0
em-p-ihep51	20260624113656467000000	19	23,130,709,692,416	23,131,255,328,768	14,720,683,234,647	25,154,938,761,216	25,945,969,811,456	22,034,264,555,520	29,685,706,653,696	143,016,223	1,131,597,317	0	0
em-p-ihep51	20260624113706465000000	21	23,130,708,668,416	23,130,853,101,568	14,715,057,330,994	25,154,938,761,216	25,945,969,811,456	22,034,264,555,520	29,685,706,653,696	674,526,833	883,244,783	0	0
em-p-ihep51	20260624113716559000000	18	23,130,708,668,416	23,130,835,419,136	14,726,216,614,183	25,154,938,761,216	25,945,969,811,456	22,034,264,555,520	29,685,706,653,696	342,921,540	1,595,624,159	0	0
em-p-ihep51	20260624113726576000000	21	23,130,708,668,416	23,131,382,149,120	14,719,605,616,271	25,154,938,761,216	25,945,969,811,456	22,034,264,555,520	29,685,706,653,696	131,878,154	1,131,851,677	0	0
em-p-ihep51	20260624113736659000000	14	23,130,708,451,328	23,130,838,224,896	14,728,237,871,575	25,154,938,761,216	25,945,969,811,456	22,034,264,555,520	29,685,706,653,696	679,607,738	783,316,647	0	0
em-p-ihep51	20260624113746669000000	11	23,130,704,891,904	23,130,836,705,280	14,712,821,662,801	25,154,938,761,216	25,945,969,811,456	22,034,264,555,520	29,685,706,653,696	196,110,799	699,518,495	0	0
em-p-ihep51	20260624113756756000000	14	23,130,706,243,584	23,130,838,839,296	14,706,419,513,536	25,154,938,761,216	25,945,969,811,456	22,034,264,555,520	29,685,706,653,696	395,803,014	935,240,786	0	0
em-p-ihep51	20260624113806849000000	16	23,130,697,908,224	23,130,855,145,472	14,709,592,552,497	25,154,938,761,216	25,945,969,811,456	22,034,264,555,520	29,685,706,653,696	579,757,059	952,063,539	0	0
em-p-ihep51	20260624113816950000000	24	23,130,699,952,128	23,130,830,970,880	14,705,758,887,787	25,154,938,761,216	25,945,969,811,456	22,034,264,555,520	29,685,706,653,696	370,793,258	879,731,211	0	0
em-p-ihep51	20260624113827043000000	19	23,130,698,764,288	23,130,828,820,480	14,709,415,772,141	25,154,938,761,216	25,945,969,811,456	22,034,264,555,520	29,685,706,653,696	368,933,060	947,151,676	0	0
em-p-ihep51	20260624113837163000000	16	23,130,699,841,536	23,131,229,839,360	14,707,191,719,727	25,154,938,761,216	25,945,969,811,456	22,034,264,555,520	29,685,706,653,696	327,859,924	971,664,955	0	0
em-p-ihep51	20260624113847252000000	19	23,130,703,896,576	23,130,833,489,920	14,707,418,497,460	25,154,938,761,216	25,945,969,811,456	22,034,264,555,520	29,685,706,653,696	190,146,586	1,187,175,676	0	0
em-p-ihep51	20260624113857371000000	18	23,130,706,055,168	23,130,836,398,080	14,707,634,695,408	25,154,938,761,216	25,945,969,811,456	22,034,264,555,520	29,685,706,653,696	263,369,258	1,044,574,300	0	0
em-p-ihep51	20260624113907360000000	21	23,130,708,381,696	23,130,842,005,504	14,722,510,758,776	25,154,938,761,216	25,945,969,811,456	22,034,264,555,520	29,685,706,653,696	477,959,196	1,606,866,968	0	0
em-p-ihep51	20260624113917364000000	18	23,130,712,899,584	23,131,158,896,640	14,707,109,269,866	25,154,938,761,216	25,945,969,811,456	22,034,264,555,520	29,685,706,653,696	167,805,464	1,482,779,011	0	0
em-p-ihep51	20260624113927369000000	17	23,130,714,222,592	23,130,846,556,160	14,711,963,092,955	25,154,938,761,216	25,945,969,811,456	22,034,264,555,520	29,685,706,653,696	232,181,086	1,648,981,992	0	0
em-p-ihep51	20260624113937393000000	17	23,130,710,974,464	23,130,820,247,552	14,705,595,860,343	25,154,938,761,216	25,945,969,811,456	22,034,264,555,520	29,685,706,653,696	404,838,144	813,961,892	12,288	0
em-p-ihep51	20260624113947397000000	15	23,130,706,116,608	23,130,814,832,640	14,705,470,337,849	25,154,938,761,216	25,945,969,811,456	22,034,264,555,520	29,685,706,653,696	475,211,667	1,044,022,486	49,152	0
em-p-ihep51	20260624113957501000000	14	23,130,704,928,768	23,130,794,868,736	14,705,569,396,201	25,154,938,761,216	25,945,969,811,456	22,034,264,555,520	29,685,706,653,696	264,757,100	775,668,617	0	0
em-p-ihep51	20260624114007530000000	29	23,130,707,570,688	23,130,800,500,736	14,735,509,894,351	25,154,938,761,216	25,945,969,811,456	22,034,264,555,520	29,685,706,653,696	602,095,755	1,927,212,607	0	0
em-p-ihep51	20260624114017526000000	31	23,130,714,595,328	23,130,811,064,320	14,729,964,416,205	25,154,938,761,216	25,945,969,811,456	22,034,264,555,520	29,685,706,653,696	438,332,938	1,686,605,271	0	0
em-p-ihep51	20260624114027567000000	29	23,135,730,577,408	23,135,178,862,592	14,776,722,908,680	25,154,938,761,216	25,945,969,811,456	22,034,264,555,520	29,685,706,653,696	573,167,214	1,145,698,643	0	0
em-p-ihep51	20260624114037545000000	28	23,163,536,781,312	23,163,226,722,304	14,767,282,448,338	25,154,938,761,216	25,945,969,811,456	22,034,264,555,520	29,685,706,653,696	415,146,605	781,170,477	0	0
em-p-ihep51	20260624114047661000000	29	23,192,440,872,960	23,192,253,861,888	14,781,464,403,966	25,154,938,761,216	25,945,969,811,456	22,034,264,555,520	29,685,706,653,696	483,297,851	1,013,743,936	0	0
em-p-ihep51	20260624114057732000000	24	23,200,641,568,768	23,200,753,344,512	14,772,396,140,865	25,154,938,761,216	25,945,969,811,456	22,034,264,555,520	29,685,706,653,696	382,853,519	733,493,201	0	0
em-p-ihep51	20260624114107791000000	36	23,182,845,739,008	23,184,156,160,000	14,723,370,504,023	25,154,938,761,216	25,945,969,811,456	22,034,264,555,520	29,685,706,653,696	494,176,724	1,368,447,165	0	0
em-p-ihep51	20260624114117759000000	34	23,151,200,358,400	23,151,811,559,424	14,710,760,442,256	25,154,938,761,216	25,945,969,811,456	22,034,264,555,520	29,685,706,653,696	393,514,451	1,269,683,873	0	0
em-p-ihep51	20260624114127775000000	26	23,130,746,548,224	23,130,855,641,088	14,712,339,192,361	25,154,938,761,216	25,945,969,811,456	22,034,264,555,520	29,685,706,653,696	198,189,069	908,402,041	0	0
em-p-ihep51	20260624114137794000000	28	23,130,745,577,472	23,130,848,927,744	14,714,013,268,022	25,154,938,761,216	25,945,969,811,456	22,034,264,555,520	29,685,706,653,696	556,602,219	1,516,736,856	0	0
em-p-ihep51	20260624114147837000000	30	23,130,748,043,264	23,130,904,965,120	14,712,937,150,253	25,154,938,761,216	25,945,969,811,456	22,034,264,555,520	29,685,706,653,696	748,567,311	2,946,281,186	0	0
em-p-ihep51	20260624114157825000000	28	23,130,748,018,688	23,130,849,116,160	14,713,551,394,210	25,154,938,761,216	25,945,969,811,456	22,034,264,555,520	29,685,706,653,696	604,193,669	1,419,718,891	0	0
em-p-ihep51	20260624114207926000000	26	23,130,730,487,808	23,130,269,466,624	14,732,963,949,805	25,154,938,761,216	25,945,969,811,456	22,034,264,555,520	29,685,706,653,696	264,800,662	741,210,504	0	0
em-p-ihep51	20260624114218020000000	19	23,159,234,244,608	23,156,344,643,584	14,770,827,696,003	25,154,938,761,216	25,945,969,811,456	22,034,264,555,520	29,685,706,653,696	223,332,206	514,927,125	0	0
em-p-ihep51	20260624114228041000000	24	23,179,461,914,624	23,179,454,373,888	14,769,781,804,181	25,154,938,761,216	25,945,969,811,456	22,034,264,555,520	29,685,706,653,696	256,646,842	724,296,058	0	0
em-p-ihep51	20260624114238110000000	19	23,206,861,910,016	23,206,974,189,568	14,789,914,327,337	25,154,938,761,216	25,945,969,811,456	22,034,264,555,520	29,685,706,653,696	228,341,870	601,357,724	0	0
em-p-ihep51	20260624114248200000000	20	23,190,971,551,744	23,191,084,883,968	14,752,633,302,957	25,154,938,761,216	25,945,969,811,456	22,034,264,555,520	29,685,706,653,696	531,574,838	1,010,993,101	0	0
em-p-ihep51	20260624114258294000000	14	23,178,226,331,648	23,176,284,512,256	14,759,931,871,147	25,154,938,761,216	25,945,969,811,456	22,034,264,555,520	29,685,706,653,696	483,653,970	1,322,579,879	0	0
em-p-ihep51	20260624114308392000000	17	23,187,853,959,168	23,187,966,062,592	14,755,737,207,221	25,154,938,761,216	25,945,969,811,456	22,034,264,555,520	29,685,706,653,696	519,930,167	1,728,263,627	0	0
em-p-ihep51	20260624114318370000000	17	23,167,132,049,408	23,169,749,667,840	14,704,668,509,742	25,154,938,761,216	25,945,969,811,456	22,034,264,555,520	29,685,706,653,696	448,845,739	1,185,557,036	0	0
em-p-ihep51	20260624114328378000000	14	23,130,631,987,200	23,130,717,114,368	14,708,310,606,270	25,154,938,761,216	25,945,969,811,456	22,034,264,555,520	29,685,706,653,696	288,854,108	719,887,575	0	0
em-p-ihep51	20260624114338451000000	11	23,130,625,945,600	23,130,933,854,208	14,706,886,427,121	25,154,938,761,216	25,945,969,811,456	22,034,264,555,520	29,685,706,653,696	135,755,947	397,075,429	0	0
em-p-ihep51	20260624114348538000000	15	23,130,624,876,544	23,130,710,888,448	14,710,863,187,485	25,154,938,761,216	25,945,969,811,456	22,034,264,555,520	29,685,706,653,696	264,213,624	703,292,889	0	0
em-p-ihep51	20260624114358615000000	16	23,130,623,688,704	23,130,706,903,040	14,704,235,566,463	25,154,938,761,216	25,945,969,811,456	22,034,264,555,520	29,685,706,653,696	355,056,430	637,327,148	0	0
em-p-ihep51	20260624114408641000000	14	23,130,628,550,656	23,131,118,432,256	14,722,620,202,905	25,154,938,761,216	25,945,969,811,456	22,034,264,555,520	29,685,706,653,696	143,147,624	934,323,556	0	0
em-p-ihep51	20260624114418633000000	21	23,130,640,338,944	23,130,720,153,600	14,709,656,027,167	25,154,938,761,216	25,945,969,811,456	22,034,264,555,520	29,685,706,653,696	159,125,002	786,496,386	0	0
em-p-ihep51	20260624114428728000000	17	23,130,641,453,056	23,130,721,456,128	14,706,911,487,275	25,154,938,761,216	25,945,969,811,456	22,034,264,555,520	29,685,706,653,696	194,443,918	1,180,075,526	0	0
em-p-ihep51	20260624114438821000000	21	23,130,641,727,488	23,130,734,391,296	14,706,089,382,440	25,154,938,761,216	25,945,969,811,456	22,034,264,555,520	29,685,706,653,696	493,436,235	1,302,764,710	0	0
em-p-ihep51	20260624114448906000000	16	23,130,641,620,992	23,130,734,751,744	14,716,977,037,098	25,154,938,761,216	25,945,969,811,456	22,034,264,555,520	29,685,706,653,696	366,530,929	658,065,456	0	0
em-p-ihep51	20260624114458988000000	19	23,130,639,245,312	23,130,719,428,608	14,707,826,846,235	25,154,938,761,216	25,945,969,811,456	22,034,264,555,520	29,685,706,653,696	341,855,166	653,426,593	0	0
em-p-ihep51	20260624114509094000000	23	23,130,857,431,040	23,130,937,790,464	14,724,087,629,030	25,154,938,761,216	25,945,969,811,456	22,034,264,555,520	29,685,706,653,696	843,583,606	1,403,966,108	0	0
em-p-ihep51	20260624114519179000000	22	23,130,858,770,432	23,130,946,519,040	14,719,097,621,902	25,154,938,761,216	25,945,969,811,456	22,034,264,555,520	29,685,706,653,696	599,946,504	1,110,905,407	0	0
em-p-ihep51	20260624114529282000000	21	23,130,859,036,672	23,130,936,819,712	14,716,991,173,257	25,154,938,761,216	25,945,969,811,456	22,034,264,555,520	29,685,706,653,696	295,943,889	751,952,485	0	0
em-p-ihep51	20260624114539367000000	20	23,130,861,461,504	23,130,939,318,272	14,709,284,558,232	25,154,938,761,216	25,945,969,811,456	22,034,264,555,520	29,685,706,653,696	399,504,424	848,750,519	0	0
em-p-ihep51	20260624114549446000000	17	23,130,858,061,824	23,131,014,758,400	14,710,104,002,867	25,154,938,761,216	25,945,969,811,456	22,034,264,555,520	29,685,706,653,696	631,487,669	1,604,082,770	0	0
em-p-ihep51	20260624114559480000000	18	23,130,855,686,144	23,131,012,149,248	14,710,970,213,714	25,154,938,761,216	25,945,969,811,456	22,034,264,555,520	29,685,706,653,696	695,415,895	1,521,060,964	0	0
em-p-ihep51	20260624114609484000000	27	23,133,863,424,000	23,134,022,811,648	14,725,424,390,529	25,154,938,761,216	25,945,969,811,456	22,034,264,555,520	29,685,706,653,696	538,003,227	833,518,555	53,248	0
em-p-ihep51	20260624114619457000000	28	23,133,870,391,296	23,134,031,060,992	14,713,522,071,712	25,154,938,761,216	25,945,969,811,456	22,034,264,555,520	29,685,706,653,696	317,360,779	745,818,639	24,576	0
em-p-ihep51	20260624114629566000000	19	23,133,868,548,096	23,134,031,998,976	14,710,167,265,199	25,154,938,761,216	25,945,969,811,456	22,034,264,555,520	29,685,706,653,696	223,169,681	658,333,064	0	0
em-p-ihep51	20260624114639570000000	23	23,133,871,894,528	23,134,032,363,520	14,712,021,569,734	25,154,938,761,216	25,945,969,811,456	22,034,264,555,520	29,685,706,653,696	177,101,308	531,561,120	0	0
em-p-ihep51	20260624114649629000000	27	23,133,872,168,960	23,134,038,700,032	14,711,774,960,066	25,154,938,761,216	25,945,969,811,456	22,034,264,555,520	29,685,706,653,696	322,028,045	777,626,586	0	0
em-p-ihep51	20260624114659707000000	15	23,133,872,091,136	23,134,524,882,944	14,711,871,094,967	25,154,938,761,216	25,945,969,811,456	22,034,264,555,520	29,685,706,653,696	139,735,603	1,455,010,705	0	0
em-p-ihep51	20260624114709809000000	15	23,133,870,264,320	23,134,048,006,144	14,712,167,254,468	25,154,938,761,216	25,945,969,811,456	22,034,264,555,520	29,685,706,653,696	165,883,394	1,796,740,121	0	0
em-p-ihep51	20260624114719807000000	18	23,133,871,742,976	23,134,030,868,480	14,711,362,681,402	25,154,938,761,216	25,945,969,811,456	22,034,264,555,520	29,685,706,653,696	133,422,952	1,512,840,205	0	0
em-p-ihep51	20260624114729904000000	14	23,133,867,180,032	23,134,428,831,744	14,706,610,276,836	25,154,938,761,216	25,945,969,811,456	22,034,264,555,520	29,685,706,653,696	248,727,814	820,244,772	0	0
em-p-ihep51	20260624114739985000000	13	23,133,867,343,872	23,133,984,817,152	14,713,481,833,483	25,154,938,761,216	25,945,969,811,456	22,034,264,555,520	29,685,706,653,696	401,142,969	677,575,213	0	0
em-p-ihep51	20260624114749997000000	19	23,133,866,156,032	23,133,985,841,152	14,713,794,672,976	25,154,938,761,216	25,945,969,811,456	22,034,264,555,520	29,685,706,653,696	477,895,432	968,647,063	0	0
em-p-ihep51	20260624114800089000000	12	23,133,871,988,736	23,133,997,674,496	14,704,295,357,438	25,154,938,761,216	25,945,969,811,456	22,034,264,555,520	29,685,706,653,696	190,861,253	492,457,731	0	0
em-p-ihep51	20260624114810185000000	12	23,133,869,506,560	23,133,985,202,176	14,714,700,253,449	25,154,938,761,216	25,945,969,811,456	22,034,264,555,520	29,685,706,653,696	502,129,071	860,374,424	0	0
em-p-ihep51	20260624114820210000000	14	23,133,869,506,560	23,133,957,505,024	14,709,735,112,633	25,154,938,761,216	25,945,969,811,456	22,034,264,555,520	29,685,706,653,696	273,545,164	507,493,862	0	0
em-p-ihep51	20260624114830287000000	13	23,133,869,670,400	23,133,958,254,592	14,707,780,677,409	25,154,938,761,216	25,945,969,811,456	22,034,264,555,520	29,685,706,653,696	153,771,612	543,699,858	0	0
em-p-ihep51	20260624114840389000000	12	23,133,869,563,904	23,133,960,200,192	14,705,598,618,665	25,154,938,761,216	25,945,969,811,456	22,034,264,555,520	29,685,706,653,696	139,825,526	976,372,412	0	0
em-p-ihep51	20260624114850457000000	13	23,133,868,376,064	23,133,953,994,752	14,704,237,783,862	25,154,938,761,216	25,945,969,811,456	22,034,264,555,520	29,685,706,653,696	221,690,961	956,681,901	0	0
em-p-ihep51	20260624114900557000000	17	23,133,869,727,744	23,133,961,150,464	14,706,551,511,190	25,154,938,761,216	25,945,969,811,456	22,034,264,555,520	29,685,706,653,696	126,543,889	911,830,982	0	0
em-p-ihep51	20260624114910560000000	18	23,133,867,454,464	23,133,963,726,848	14,722,033,371,556	25,154,938,761,216	25,945,969,811,456	22,034,264,555,520	29,685,706,653,696	244,866,678	1,574,756,744	0	0
em-p-ihep51	20260624114920566000000	18	23,133,868,535,808	23,134,003,306,496	14,707,737,349,240	25,154,938,761,216	25,945,969,811,456	22,034,264,555,520	29,685,706,653,696	153,584,342	455,153,238	0	0
em-p-ihep51	20260624114930568000000	15	23,133,869,617,152	23,134,004,506,624	14,714,696,627,270	25,154,938,761,216	25,945,969,811,456	22,034,264,555,520	29,685,706,653,696	248,749,599	616,830,771	0	0
em-p-ihep51	20260624114940676000000	13	23,133,867,405,312	23,134,002,843,648	14,706,671,135,733	25,154,938,761,216	25,945,969,811,456	22,034,264,555,520	29,685,706,653,696	342,933,494	680,031,938	0	0
em-p-ihep51	20260624114950688000000	16	23,133,869,563,904	23,134,423,695,360	14,708,262,503,905	25,154,938,761,216	25,945,969,811,456	22,034,264,555,520	29,685,706,653,696	272,362,785	740,774,962	0	0
em-p-ihep51	20260624115000784000000	16	23,133,868,482,560	23,134,072,758,272	14,704,638,303,215	25,154,938,761,216	25,945,969,811,456	22,034,264,555,520	29,685,706,653,696	331,569,196	1,346,071,626	0	0
em-p-ihep51	20260624115010787000000	28	23,133,877,878,784	23,133,998,624,768	14,735,685,559,627	25,154,938,761,216	25,945,969,811,456	22,034,264,555,520	29,685,706,653,696	973,802,626	2,575,769,403	0	0
em-p-ihep51	20260624115020918000000	23	23,133,872,627,712	23,134,140,555,264	14,714,397,334,128	25,154,938,761,216	25,945,969,811,456	22,034,264,555,520	29,685,706,653,696	722,495,819	1,581,842,279	0	0
em-p-ihep51	20260624115030917000000	22	23,133,868,986,368	23,134,302,662,656	14,714,310,180,289	25,154,938,761,216	25,945,969,811,456	22,034,264,555,520	29,685,706,653,696	508,264,801	1,852,331,463	0	0
em-p-ihep51	20260624115040910000000	22	23,133,870,366,720	23,133,988,425,728	14,712,815,561,183	25,154,938,761,216	25,945,969,811,456	22,034,264,555,520	29,685,706,653,696	303,226,944	1,445,916,666	0	0
em-p-ihep51	20260624115050919000000	18	23,133,870,260,224	23,134,479,380,480	14,711,932,076,192	25,154,938,761,216	25,945,969,811,456	22,034,264,555,520	29,685,706,653,696	372,405,589	842,930,355	0	0
em-p-ihep51	20260624115100925000000	20	23,133,871,501,312	23,134,004,621,312	14,716,652,537,698	25,154,938,761,216	25,945,969,811,456	22,034,264,555,520	29,685,706,653,696	275,061,912	584,213,043	0	0
em-p-ihep51	20260624115110934000000	26	23,133,872,476,160	23,134,104,018,944	14,722,117,025,651	25,154,938,761,216	25,945,969,811,456	22,034,264,555,520	29,685,706,653,696	267,139,094	1,100,634,383	0	0
em-p-ihep51	20260624115120961000000	21	23,133,877,067,776	23,134,003,703,808	14,711,571,083,554	25,154,938,761,216	25,945,969,811,456	22,034,264,555,520	29,685,706,653,696	363,038,389	1,229,010,967	0	0
em-p-ihep51	20260624115130992000000	17	23,133,877,932,032	23,134,007,308,288	14,710,531,947,448	25,154,938,761,216	25,945,969,811,456	22,034,264,555,520	29,685,706,653,696	284,034,549	1,052,968,583	0	0
em-p-ihep51	20260624115141013000000	19	23,133,877,325,824	23,134,101,233,664	14,712,144,270,699	25,154,938,761,216	25,945,969,811,456	22,034,264,555,520	29,685,706,653,696	260,011,884	1,541,015,426	0	0
em-p-ihep51	20260624115151001000000	16	23,133,878,534,144	23,134,006,161,408	14,706,277,317,823	25,154,938,761,216	25,945,969,811,456	22,034,264,555,520	29,685,706,653,696	191,472,040	1,161,615,216	0	0
em-p-ihep51	20260624115201008000000	13	23,133,880,049,664	23,134,022,909,952	14,701,860,442,707	25,154,938,761,216	25,945,969,811,456	22,034,264,555,520	29,685,706,653,696	278,811,867	549,647,193	0	0
em-p-ihep51	20260624115211039000000	18	23,133,883,342,848	23,134,011,863,040	14,714,416,034,010	25,154,938,761,216	25,945,969,811,456	22,034,264,555,520	29,685,706,653,696	424,611,095	1,128,656,372	0	0
em-p-ihep51	20260624115221042000000	16	23,133,878,853,632	23,133,999,349,760	14,712,299,475,391	25,154,938,761,216	25,945,969,811,456	22,034,264,555,520	29,685,706,653,696	502,921,776	679,462,141	0	0
em-p-ihep51	20260624115231057000000	17	23,133,878,853,632	23,134,014,341,120	14,706,052,561,748	25,154,938,761,216	25,945,969,811,456	22,034,264,555,520	29,685,706,653,696	308,313,015	700,916,220	0	0
em-p-ihep51	20260624115241040000000	18	23,133,877,784,576	23,133,987,823,616	14,710,147,801,410	25,154,938,761,216	25,945,969,811,456	22,034,264,555,520	29,685,706,653,696	643,011,924	1,062,036,166	0	0
em-p-ihep51	20260624115251129000000	18	23,133,875,376,128	23,133,985,107,968	14,702,945,367,055	25,154,938,761,216	25,945,969,811,456	22,034,264,555,520	29,685,706,653,696	278,905,399	1,819,119,052	0	0
em-p-ihep51	20260624115301205000000	14	23,133,876,727,808	23,133,981,569,024	14,706,266,754,303	25,154,938,761,216	25,945,969,811,456	22,034,264,555,520	29,685,706,653,696	639,099,276	943,538,385	0	0
em-p-ihep51	20260624115311301000000	15	23,133,877,698,560	23,133,974,839,296	14,709,754,404,320	25,154,938,761,216	25,945,969,811,456	22,034,264,555,520	29,685,706,653,696	261,906,860	970,918,606	0	0
em-p-ihep51	20260624115321293000000	18	23,133,877,592,064	23,133,978,963,968	14,699,290,681,863	25,154,938,761,216	25,945,969,811,456	22,034,264,555,520	29,685,706,653,696	273,558,952	690,330,697	0	0
em-p-ihep51	20260624115331387000000	13	23,133,881,372,672	23,133,977,329,664	14,709,879,666,042	25,154,938,761,216	25,945,969,811,456	22,034,264,555,520	29,685,706,653,696	137,908,609	586,184,871	0	0
em-p-ihep51	20260624115341492000000	18	23,130,887,614,464	23,131,504,132,096	14,724,591,507,098	25,154,938,761,216	25,945,969,811,456	22,034,264,555,520	29,685,706,653,696	139,656,515	595,622,856	0	0
em-p-ihep51	20260624115351504000000	20	23,134,372,098,048	23,134,469,804,032	14,720,279,901,436	25,154,938,761,216	25,945,969,811,456	22,034,264,555,520	29,685,706,653,696	456,934,170	906,195,140	0	0
em-p-ihep51	20260624115401519000000	19	23,134,368,886,784	23,134,505,607,168	14,719,747,201,838	25,154,938,761,216	25,945,969,811,456	22,034,264,555,520	29,685,706,653,696	281,027,446	1,089,763,665	0	0
em-p-ihep51	20260624115411597000000	21	23,134,369,751,040	23,134,510,678,016	14,724,273,197,471	25,154,938,761,216	25,945,969,811,456	22,034,264,555,520	29,685,706,653,696	375,275,730	1,581,601,590	0	0
em-p-ihep51	20260624115421619000000	17	23,134,370,209,792	23,134,510,202,880	14,713,467,890,553	25,154,938,761,216	25,945,969,811,456	22,034,264,555,520	29,685,706,653,696	416,355,885	1,031,951,226	0	0
em-p-ihep51	20260624115431735000000	20	23,134,372,478,976	23,134,510,346,240	14,712,404,593,089	25,154,938,761,216	25,945,969,811,456	22,034,264,555,520	29,685,706,653,696	419,007,978	767,689,014	0	0
em-p-ihep51	20260624115441800000000	18	23,134,371,401,728	23,134,515,453,952	14,719,097,332,161	25,154,938,761,216	25,945,969,811,456	22,034,264,555,520	29,685,706,653,696	632,679,878	1,098,956,202	0	0
em-p-ihep51	20260624115451922000000	21	23,134,371,184,640	23,134,982,758,400	14,720,410,652,580	25,154,938,761,216	25,945,969,811,456	22,034,264,555,520	29,685,706,653,696	415,903,040	884,407,131	0	0
em-p-ihep51	20260624115501990000000	17	23,134,372,462,592	23,134,665,138,176	14,727,244,124,547	25,154,938,761,216	25,945,969,811,456	22,034,264,555,520	29,685,706,653,696	294,081,850	2,490,029,962	0	0
em-p-ihep51	20260624115512102000000	24	23,134,913,253,376	23,135,045,885,952	14,741,199,289,173	25,154,938,761,216	25,945,969,811,456	22,034,264,555,520	29,685,706,653,696	535,069,862	1,257,938,518	0	0
em-p-ihep51	20260624115522105000000	24	23,134,915,686,400	23,135,051,608,064	14,725,083,636,041	25,154,938,761,216	25,945,969,811,456	22,034,264,555,520	29,685,706,653,696	566,616,983	1,075,054,648	0	0
em-p-ihep51	20260624115532106000000	22	23,134,915,403,776	23,135,052,730,368	14,730,833,030,340	25,154,938,761,216	25,945,969,811,456	22,034,264,555,520	29,685,706,653,696	503,181,959	1,396,850,422	0	0
em-p-ihep51	20260624115542109000000	22	23,135,450,828,800	23,135,582,117,888	14,731,424,404,171	25,154,938,761,216	25,945,969,811,456	22,034,264,555,520	29,685,706,653,696	563,944,038	1,719,744,304	0	0
em-p-ihep51	20260624115552115000000	21	23,135,449,915,392	23,135,578,566,656	14,720,606,606,919	25,154,938,761,216	25,945,969,811,456	22,034,264,555,520	29,685,706,653,696	497,485,603	984,676,249	0	0
em-p-ihep51	20260624115602111000000	19	23,135,449,915,392	23,135,686,004,736	14,723,772,844,652	25,154,938,761,216	25,945,969,811,456	22,034,264,555,520	29,685,706,653,696	138,589,276	386,927,794	0	0
em-p-ihep51	20260624115612225000000	23	23,137,932,259,328	23,138,195,435,520	14,737,222,771,567	25,154,938,761,216	25,945,969,811,456	22,034,264,555,520	29,685,706,653,696	312,248,176	723,356,551	45,056	0
em-p-ihep51	20260624115622216000000	19	23,137,932,152,832	23,138,130,579,456	14,724,794,909,297	25,154,938,761,216	25,945,969,811,456	22,034,264,555,520	29,685,706,653,696	170,596,408	569,468,243	12,288	0
em-p-ihep51	20260624115632289000000	19	23,137,930,964,992	23,138,674,257,920	14,725,003,625,968	25,154,938,761,216	25,945,969,811,456	22,034,264,555,520	29,685,706,653,696	156,373,516	498,400,731	16,384	0
em-p-ihep51	20260624115642378000000	20	23,137,934,643,200	23,138,132,836,352	14,720,928,170,051	25,154,938,761,216	25,945,969,811,456	22,034,264,555,520	29,685,706,653,696	161,118,772	598,276,171	0	0
em-p-ihep51	20260624115652470000000	21	23,137,935,667,200	23,138,076,033,024	14,729,546,720,185	25,154,938,761,216	25,945,969,811,456	22,034,264,555,520	29,685,706,653,696	324,383,687	1,033,364,004	0	0
em-p-ihep51	20260624115702576000000	17	23,137,931,419,648	23,138,071,494,656	14,726,996,259,879	25,154,938,761,216	25,945,969,811,456	22,034,264,555,520	29,685,706,653,696	345,695,240	1,269,739,559	40,960	0
em-p-ihep51	20260624115712584000000	15	23,138,059,284,480	23,138,089,197,568	14,726,274,614,677	25,154,938,761,216	25,945,969,811,456	22,034,264,555,520	29,685,706,653,696	373,828,424	1,233,460,105	0	0
em-p-ihep51	20260624115722660000000	17	23,138,190,434,304	23,138,308,861,952	14,731,510,716,186	25,154,938,761,216	25,945,969,811,456	22,034,264,555,520	29,685,706,653,696	124,557,699	451,880,284	0	0
em-p-ihep51	20260624115732786000000	15	23,138,190,430,208	23,138,314,153,984	14,727,045,781,056	25,154,938,761,216	25,945,969,811,456	22,034,264,555,520	29,685,706,653,696	499,676,388	980,764,713	0	0
em-p-ihep51	20260624115742885000000	16	23,138,189,242,368	23,138,445,606,912	14,725,167,930,326	25,154,938,761,216	25,945,969,811,456	22,034,264,555,520	29,685,706,653,696	407,547,850	843,112,194	0	0
em-p-ihep51	20260624115752965000000	21	23,138,193,145,856	23,138,303,053,824	14,730,820,461,185	25,154,938,761,216	25,945,969,811,456	22,034,264,555,520	29,685,706,653,696	493,410,266	1,196,696,641	0	0
em-p-ihep51	20260624115802982000000	17	23,138,192,121,856	23,138,301,992,960	14,730,353,576,252	25,154,938,761,216	25,945,969,811,456	22,034,264,555,520	29,685,706,653,696	222,109,182	577,541,240	0	0
em-p-ihep51	20260624115813085000000	19	23,138,194,173,952	23,138,305,454,080	14,731,545,737,222	25,154,938,761,216	25,945,969,811,456	22,034,264,555,520	29,685,706,653,696	488,119,010	898,475,859	0	0
em-p-ihep51	20260624115823188000000	20	23,128,387,354,624	23,128,502,353,920	14,706,492,647,503	25,154,938,761,216	25,945,969,811,456	22,034,264,555,520	29,685,706,653,696	172,861,751	938,451,872	0	0
em-p-ihep51	20260624115833203000000	16	23,128,386,277,376	23,128,493,838,336	14,711,955,447,022	25,154,938,761,216	25,945,969,811,456	22,034,264,555,520	29,685,706,653,696	252,390,291	1,123,460,279	0	0
em-p-ihep51	20260624115843191000000	22	23,128,384,983,040	23,128,598,839,296	14,707,197,859,830	25,154,938,761,216	25,945,969,811,456	22,034,264,555,520	29,685,706,653,696	412,495,317	966,460,905	0	0
em-p-ihep51	20260624115853196000000	17	23,128,384,876,544	23,128,889,966,592	14,706,157,873,669	25,154,938,761,216	25,945,969,811,456	22,034,264,555,520	29,685,706,653,696	522,657,882	881,846,922	0	0
em-p-ihep51	20260624115903192000000	16	23,128,385,040,384	23,128,509,382,656	14,722,395,387,914	25,154,938,761,216	25,945,969,811,456	22,034,264,555,520	29,685,706,653,696	425,309,304	941,950,915	0	0
em-p-ihep51	20260624115913326000000	20	23,128,443,150,336	23,128,568,238,080	14,722,426,363,208	25,154,938,761,216	25,945,969,811,456	22,034,264,555,520	29,685,706,653,696	415,296,224	1,569,529,838	0	0
em-p-ihep51	20260624115923300000000	16	23,128,440,872,960	23,128,566,136,832	14,705,557,100,730	25,154,938,761,216	25,945,969,811,456	22,034,264,555,520	29,685,706,653,696	171,445,073	646,638,106	0	0
em-p-ihep51	20260624115933408000000	15	23,128,439,771,136	23,128,970,665,984	14,704,815,400,303	25,154,938,761,216	25,945,969,811,456	22,034,264,555,520	29,685,706,653,696	372,144,523	1,690,870,322	0	0
em-p-ihep51	20260624115943418000000	15	23,128,440,987,648	23,128,566,693,888	14,704,742,814,476	25,154,938,761,216	25,945,969,811,456	22,034,264,555,520	29,685,706,653,696	385,709,012	1,823,411,667	0	0
em-p-ihep51	20260624115953438000000	17	23,128,444,559,360	23,128,571,170,816	14,708,640,488,100	25,154,938,761,216	25,945,969,811,456	22,034,264,555,520	29,685,706,653,696	260,073,714	1,357,891,197	0	0
em-p-ihep51	20260624120003549000000	21	23,128,444,239,872	23,128,583,450,624	14,715,661,835,631	25,154,938,761,216	25,945,969,811,456	22,034,264,555,520	29,685,706,653,696	389,059,209	1,787,294,345	0	0
em-p-ihep51	20260624120013570000000	34	23,129,700,712,448	23,129,826,570,240	14,756,141,558,688	25,154,938,761,216	25,945,969,811,456	22,034,264,555,520	29,685,706,653,696	959,717,674	3,689,394,065	0	0
em-p-ihep51	20260624120023568000000	26	23,129,843,482,624	23,129,961,459,712	14,713,590,171,584	25,154,938,761,216	25,945,969,811,456	22,034,264,555,520	29,685,706,653,696	706,825,916	2,216,807,740	0	0
em-p-ihep51	20260624120033679000000	21	23,129,845,448,704	23,130,364,485,632	14,727,751,187,558	25,154,938,761,216	25,945,969,811,456	22,034,264,555,520	29,685,706,653,696	420,074,519	1,531,683,167	0	0
em-p-ihep51	20260624120043672000000	20	23,129,844,158,464	23,129,962,242,048	14,708,598,949,938	25,154,938,761,216	25,945,969,811,456	22,034,264,555,520	29,685,706,653,696	266,799,318	1,101,939,018	0	0
em-p-ihep51	20260624120053672000000	17	23,129,846,644,736	23,130,009,767,936	14,711,329,786,060	25,154,938,761,216	25,945,969,811,456	22,034,264,555,520	29,685,706,653,696	331,396,779	1,633,059,757	0	0
em-p-ihep51	20260624120103690000000	20	23,129,846,697,984	23,129,965,330,432	14,705,688,264,816	25,154,938,761,216	25,945,969,811,456	22,034,264,555,520	29,685,706,653,696	384,973,348	2,227,401,895	0	0
em-p-ihep51	20260624120113793000000	23	23,131,409,633,280	23,131,523,407,872	14,711,383,605,361	25,154,938,761,216	25,945,969,811,456	22,034,264,555,520	29,685,706,653,696	428,640,326	1,746,362,629	0	0
em-p-ihep51	20260624120123883000000	17	23,131,407,368,192	23,131,518,889,984	14,706,949,928,175	25,154,938,761,216	25,945,969,811,456	22,034,264,555,520	29,685,706,653,696	195,100,576	1,188,697,356	0	0
em-p-ihep51	20260624120133990000000	15	23,131,397,922,816	23,131,509,231,616	14,708,220,908,315	25,154,938,761,216	25,945,969,811,456	22,034,264,555,520	29,685,706,653,696	197,617,528	494,009,563	0	0
em-p-ihep51	20260624120143995000000	20	23,131,394,424,832	23,131,801,399,296	14,704,518,310,136	25,154,938,761,216	25,945,969,811,456	22,034,264,555,520	29,685,706,653,696	366,918,937	878,229,021	0	0
em-p-ihep51	20260624120154095000000	25	23,131,397,824,512	23,131,530,555,392	14,709,231,293,219	25,154,938,761,216	25,945,969,811,456	22,034,264,555,520	29,685,706,653,696	460,001,876	907,806,685	0	0
em-p-ihep51	20260624120204191000000	23	23,131,400,671,232	23,131,699,785,728	14,705,672,905,080	25,154,938,761,216	25,945,969,811,456	22,034,264,555,520	29,685,706,653,696	409,792,107	2,637,966,603	0	0
em-p-ihep51	20260624120214290000000	18	23,131,399,409,664	23,132,137,054,208	14,711,700,238,864	25,154,938,761,216	25,945,969,811,456	22,034,264,555,520	29,685,706,653,696	468,885,247	1,299,188,445	0	0
em-p-ihep51	20260624120224294000000	21	23,131,399,380,992	23,131,561,623,552	14,706,603,344,584	25,154,938,761,216	25,945,969,811,456	22,034,264,555,520	29,685,706,653,696	328,665,685	866,499,472	0	0
em-p-ihep51	20260624120234387000000	16	23,131,399,163,904	23,131,495,170,048	14,709,131,616,966	25,154,938,761,216	25,945,969,811,456	22,034,264,555,520	29,685,706,653,696	201,028,765	787,155,820	0	0
em-p-ihep51	20260624120244485000000	16	23,131,395,751,936	23,131,491,323,904	14,706,117,798,706	25,154,938,761,216	25,945,969,811,456	22,034,264,555,520	29,685,706,653,696	209,994,574	1,207,035,282	0	0
em-p-ihep51	20260624120254567000000	13	23,131,398,451,200	23,131,511,332,864	14,704,181,551,993	25,154,938,761,216	25,945,969,811,456	22,034,264,555,520	29,685,706,653,696	234,540,664	767,252,054	0	0
em-p-ihep51	20260624120304565000000	15	23,131,399,532,544	23,131,488,854,016	14,712,551,888,472	25,154,938,761,216	25,945,969,811,456	22,034,264,555,520	29,685,706,653,696	373,515,079	967,285,332	0	0
em-p-ihep51	20260624120314571000000	13	23,131,396,349,952	23,131,485,478,912	14,703,525,460,035	25,154,938,761,216	25,945,969,811,456	22,034,264,555,520	29,685,706,653,696	271,181,202	714,016,191	0	0
em-p-ihep51	20260624120324571000000	13	23,131,396,349,952	23,131,967,782,912	14,707,971,067,617	25,154,938,761,216	25,945,969,811,456	22,034,264,555,520	29,685,706,653,696	267,274,371	582,863,540	0	0
em-p-ihep51	20260624120334677000000	16	23,131,397,701,632	23,131,533,082,624	14,705,865,411,403	25,154,938,761,216	25,945,969,811,456	22,034,264,555,520	29,685,706,653,696	392,088,872	734,944,035	0	0
em-p-ihep51	20260624120344684000000	16	23,134,517,415,936	23,134,652,784,640	14,726,247,562,888	25,154,938,761,216	25,945,969,811,456	22,034,264,555,520	29,685,706,653,696	682,940,016	1,261,013,952	0	0
em-p-ihep51	20260624120354690000000	17	23,123,842,838,528	23,123,978,530,816	14,705,963,001,781	25,154,938,761,216	25,945,969,811,456	22,034,264,555,520	29,685,706,653,696	428,423,216	828,480,920	0	0
em-p-ihep51	20260624120404719000000	23	23,123,845,160,960	23,124,017,283,072	14,716,873,502,286	25,154,938,761,216	25,945,969,811,456	22,034,264,555,520	29,685,706,653,696	268,228,689	1,389,589,020	0	0
em-p-ihep51	20260624120414703000000	25	23,123,847,753,728	23,123,981,205,504	14,719,603,789,030	25,154,938,761,216	25,945,969,811,456	22,034,264,555,520	29,685,706,653,696	262,038,218	1,078,896,684	0	0
em-p-ihep51	20260624120424721000000	19	23,124,667,314,176	23,124,801,302,528	14,729,149,036,801	25,154,938,761,216	25,945,969,811,456	22,034,264,555,520	29,685,706,653,696	659,642,978	1,090,003,728	0	0
em-p-ihep51	20260624120434816000000	17	23,110,752,825,344	23,110,898,053,120	14,706,538,568,945	25,154,938,761,216	25,945,969,811,456	22,034,264,555,520	29,685,706,653,696	381,964,205	627,511,314	0	0
em-p-ihep51	20260624120444908000000	14	23,110,747,967,488	23,110,881,386,496	14,708,018,953,519	25,154,938,761,216	25,945,969,811,456	22,034,264,555,520	29,685,706,653,696	266,645,273	644,517,328	0	0
em-p-ihep51	20260624120454996000000	13	23,117,763,715,072	23,117,898,518,528	14,725,109,431,681	25,154,938,761,216	25,945,969,811,456	22,034,264,555,520	29,685,706,653,696	218,912,145	754,715,709	0	0
em-p-ihep51	20260624120505094000000	18	23,110,518,542,336	23,110,717,440,000	14,708,464,643,686	25,154,938,761,216	25,945,969,811,456	22,034,264,555,520	29,685,706,653,696	394,907,390	1,069,613,896	0	0
em-p-ihep51	20260624120515100000000	21	23,110,517,452,800	23,110,838,706,176	14,712,462,144,849	25,154,938,761,216	25,945,969,811,456	22,034,264,555,520	29,685,706,653,696	689,559,234	2,844,403,436	0	0
em-p-ihep51	20260624120525203000000	22	23,110,517,346,304	23,110,646,116,352	14,717,160,686,160	25,154,938,761,216	25,945,969,811,456	22,034,264,555,520	29,685,706,653,696	790,303,063	1,801,558,311	0	0
em-p-ihep51	20260624120535293000000	18	23,110,517,510,144	23,110,646,824,960	14,706,978,474,579	25,154,938,761,216	25,945,969,811,456	22,034,264,555,520	29,685,706,653,696	471,635,100	1,561,872,084	0	0
em-p-ihep51	20260624120545340000000	15	23,110,519,836,672	23,110,653,370,368	14,705,460,207,291	25,154,938,761,216	25,945,969,811,456	22,034,264,555,520	29,685,706,653,696	323,480,053	793,114,206	0	0
em-p-ihep51	20260624120555405000000	22	23,110,515,077,120	23,110,641,311,744	14,712,472,873,492	25,154,938,761,216	25,945,969,811,456	22,034,264,555,520	29,685,706,653,696	417,844,043	694,345,706	0	0
em-p-ihep51	20260624120605508000000	22	23,110,565,949,440	23,110,638,198,784	14,709,788,694,489	25,154,938,761,216	25,945,969,811,456	22,034,264,555,520	29,685,706,653,696	638,068,599	1,020,274,441	0	0
em-p-ihep51	20260624120615506000000	22	23,111,116,230,656	23,111,753,924,608	14,712,111,826,953	25,154,938,761,216	25,945,969,811,456	22,034,264,555,520	29,685,706,653,696	446,393,989	1,114,328,220	0	0
em-p-ihep51	20260624120625520000000	22	23,111,118,516,224	23,111,402,942,464	14,709,884,888,181	25,154,938,761,216	25,945,969,811,456	22,034,264,555,520	29,685,706,653,696	543,876,878	1,663,702,870	0	0
em-p-ihep51	20260624120635609000000	21	23,111,118,483,456	23,111,268,134,912	14,712,115,616,536	25,154,938,761,216	25,945,969,811,456	22,034,264,555,520	29,685,706,653,696	567,301,375	1,191,147,583	0	0
em-p-ihep51	20260624120645706000000	22	23,111,441,960,960	23,111,554,400,256	14,714,858,625,300	25,154,938,761,216	25,945,969,811,456	22,034,264,555,520	29,685,706,653,696	316,844,081	1,351,071,777	0	0
em-p-ihep51	20260624120655803000000	18	23,111,442,124,800	23,111,540,695,040	14,707,143,308,777	25,154,938,761,216	25,945,969,811,456	22,034,264,555,520	29,685,706,653,696	331,690,067	1,219,018,125	0	0
em-p-ihep51	20260624120705907000000	17	23,111,440,936,960	23,111,538,159,616	14,704,994,147,831	25,154,938,761,216	25,945,969,811,456	22,034,264,555,520	29,685,706,653,696	746,697,224	1,378,271,712	0	0
em-p-ihep51	20260624120715881000000	16	23,111,442,018,304	23,111,534,444,544	14,714,884,474,036	25,154,938,761,216	25,945,969,811,456	22,034,264,555,520	29,685,706,653,696	251,989,957	742,908,071	0	0
em-p-ihep51	20260624120725908000000	11	23,111,440,023,552	23,112,068,997,120	14,706,268,597,355	25,154,938,761,216	25,945,969,811,456	22,034,264,555,520	29,685,706,653,696	315,102,129	744,273,325	0	0
em-p-ihep51	20260624120735894000000	18	23,111,439,917,056	23,111,533,555,712	14,709,372,110,301	25,154,938,761,216	25,945,969,811,456	22,034,264,555,520	29,685,706,653,696	412,033,927	433,824,576	0	0
em-p-ihep51	20260624120745990000000	16	23,111,439,810,560	23,111,534,317,568	14,708,961,094,194	25,154,938,761,216	25,945,969,811,456	22,034,264,555,520	29,685,706,653,696	306,509,101	716,861,622	0	0
em-p-ihep51	20260624120756094000000	17	23,111,436,447,744	23,111,532,240,896	14,708,940,217,107	25,154,938,761,216	25,945,969,811,456	22,034,264,555,520	29,685,706,653,696	320,890,239	736,731,478	0	0
em-p-ihep51	20260624120806173000000	18	23,111,437,418,496	23,111,530,168,320	14,707,212,228,674	25,154,938,761,216	25,945,969,811,456	22,034,264,555,520	29,685,706,653,696	379,533,676	686,247,035	0	0
em-p-ihep51	20260624120816273000000	14	23,111,439,851,520	23,111,566,757,888	14,709,099,531,620	25,154,938,761,216	25,945,969,811,456	22,034,264,555,520	29,685,706,653,696	392,755,075	1,303,740,680	0	0
em-p-ihep51	20260624120826257000000	16	23,111,440,068,608	23,111,618,457,600	14,708,249,320,890	25,154,938,761,216	25,945,969,811,456	22,034,264,555,520	29,685,706,653,696	376,929,018	1,112,543,295	0	0
em-p-ihep51	20260624120836337000000	14	23,111,439,773,696	23,112,137,297,920	14,705,804,512,704	25,154,938,761,216	25,945,969,811,456	22,034,264,555,520	29,685,706,653,696	209,770,482	1,792,214,391	0	0
em-p-ihep51	20260624120846419000000	15	23,111,438,553,088	23,111,550,926,848	14,705,393,350,245	25,154,938,761,216	25,945,969,811,456	22,034,264,555,520	29,685,706,653,696	192,501,718	1,077,753,526	0	0
em-p-ihep51	20260624120856506000000	14	23,111,438,557,184	23,111,548,928,000	14,706,722,813,030	25,154,938,761,216	25,945,969,811,456	22,034,264,555,520	29,685,706,653,696	608,564,895	952,306,573	0	0
em-p-ihep51	20260624120906582000000	15	23,111,438,721,024	23,111,552,118,784	14,714,704,846,078	25,154,938,761,216	25,945,969,811,456	22,034,264,555,520	29,685,706,653,696	249,556,371	1,427,244,433	0	0
em-p-ihep51	20260624120916593000000	22	23,115,165,945,856	23,115,280,662,528	14,711,112,906,873	25,154,938,761,216	25,945,969,811,456	22,034,264,555,520	29,685,706,653,696	357,825,790	906,193,166	73,728	0
em-p-ihep51	20260624120926671000000	15	23,115,167,023,104	23,115,290,820,608	14,707,493,897,397	25,154,938,761,216	25,945,969,811,456	22,034,264,555,520	29,685,706,653,696	331,938,609	616,951,392	0	0
em-p-ihep51	20260624120936744000000	14	23,115,167,023,104	23,115,311,362,048	14,702,752,637,866	25,154,938,761,216	25,945,969,811,456	22,034,264,555,520	29,685,706,653,696	236,523,380	948,847,068	0	0
em-p-ihep51	20260624120946763000000	19	23,115,168,268,288	23,115,701,469,184	14,708,116,949,526	25,154,938,761,216	25,945,969,811,456	22,034,264,555,520	29,685,706,653,696	512,021,087	1,442,317,411	0	0
em-p-ihep51	20260624120956844000000	16	23,115,167,080,448	23,115,282,677,760	14,704,382,742,707	25,154,938,761,216	25,945,969,811,456	22,034,264,555,520	29,685,706,653,696	530,008,266	984,307,892	0	0
em-p-ihep51	20260624121006832000000	26	23,115,180,154,880	23,115,296,428,032	14,727,643,783,537	25,154,938,761,216	25,945,969,811,456	22,034,264,555,520	29,685,706,653,696	573,545,104	1,789,708,385	0	0
em-p-ihep51	20260624121016945000000	29	23,115,185,729,536	23,115,614,760,960	14,730,854,148,454	25,154,938,761,216	25,945,969,811,456	22,034,264,555,520	29,685,706,653,696	426,865,303	1,460,943,650	0	0
em-p-ihep51	20260624121027040000000	20	23,115,181,244,416	23,115,298,836,480	14,719,688,523,359	25,154,938,761,216	25,945,969,811,456	22,034,264,555,520	29,685,706,653,696	346,727,270	1,252,262,346	0	0
em-p-ihep51	20260624121037114000000	24	23,115,182,755,840	23,115,350,528,000	14,713,693,092,501	25,154,938,761,216	25,945,969,811,456	22,034,264,555,520	29,685,706,653,696	245,392,381	1,119,364,806	0	0
em-p-ihep51	20260624121047202000000	23	23,115,178,242,048	23,115,292,282,880	14,709,425,897,689	25,154,938,761,216	25,945,969,811,456	22,034,264,555,520	29,685,706,653,696	328,591,970	1,351,586,701	0	0
em-p-ihep51	20260624121057320000000	20	23,115,176,996,864	23,115,321,737,216	14,710,127,426,385	25,154,938,761,216	25,945,969,811,456	22,034,264,555,520	29,685,706,653,696	378,365,098	2,464,967,693	0	0
em-p-ihep51	20260624121107407000000	21	23,115,177,230,336	23,115,300,372,480	14,716,695,213,395	25,154,938,761,216	25,945,969,811,456	22,034,264,555,520	29,685,706,653,696	420,737,755	2,797,342,244	0	0
em-p-ihep51	20260624121117483000000	22	23,115,176,906,752	23,115,299,995,648	14,714,760,625,835	25,154,938,761,216	25,945,969,811,456	22,034,264,555,520	29,685,706,653,696	198,564,145	1,419,977,871	0	0
em-p-ihep51	20260624121127588000000	17	23,115,180,310,528	23,115,786,547,200	14,709,806,599,169	25,154,938,761,216	25,945,969,811,456	22,034,264,555,520	29,685,706,653,696	236,567,832	1,239,848,957	0	0
em-p-ihep51	20260624121137603000000	21	23,115,177,988,096	23,115,305,250,816	14,711,784,083,590	25,154,938,761,216	25,945,969,811,456	22,034,264,555,520	29,685,706,653,696	175,608,958	1,055,117,416	0	0
em-p-ihep51	20260624121147705000000	23	23,115,175,854,080	23,115,300,966,400	14,709,049,181,952	25,154,938,761,216	25,945,969,811,456	22,034,264,555,520	29,685,706,653,696	167,618,565	1,311,850,641	0	0
em-p-ihep51	20260624121157698000000	19	23,115,173,646,336	23,115,302,440,960	14,711,127,760,867	25,154,938,761,216	25,945,969,811,456	22,034,264,555,520	29,685,706,653,696	213,219,562	1,199,933,528	0	0
em-p-ihep51	20260624121207700000000	19	23,115,173,695,488	23,115,301,122,048	14,716,744,388,306	25,154,938,761,216	25,945,969,811,456	22,034,264,555,520	29,685,706,653,696	355,002,451	1,400,058,753	0	0
em-p-ihep51	20260624121217704000000	17	23,115,174,776,832	23,115,310,215,168	14,708,363,178,778	25,154,938,761,216	25,945,969,811,456	22,034,264,555,520	29,685,706,653,696	574,367,095	1,325,354,198	0	0
em-p-ihep51	20260624121227682000000	16	23,115,176,054,784	23,115,316,944,896	14,709,252,784,667	25,154,938,761,216	25,945,969,811,456	22,034,264,555,520	29,685,706,653,696	415,755,129	1,213,975,719	0	0
em-p-ihep51	20260624121237675000000	13	23,115,173,683,200	23,115,311,435,776	14,713,898,459,621	25,154,938,761,216	25,945,969,811,456	22,034,264,555,520	29,685,706,653,696	495,460,026	1,583,780,658	0	0
em-p-ihep51	20260624121247770000000	13	23,115,173,576,704	23,115,306,831,872	14,707,652,944,665	25,154,938,761,216	25,945,969,811,456	22,034,264,555,520	29,685,706,653,696	420,660,860	1,005,918,642	0	0
em-p-ihep51	20260624121257866000000	15	23,115,173,740,544	23,115,297,538,048	14,717,198,210,754	25,154,938,761,216	25,945,969,811,456	22,034,264,555,520	29,685,706,653,696	326,125,945	584,006,201	0	0
em-p-ihep51	20260624121307880000000	23	23,115,180,388,352	23,115,806,146,560	14,721,117,267,523	25,154,938,761,216	25,945,969,811,456	22,034,264,555,520	29,685,706,653,696	243,617,423	930,961,644	0	0
em-p-ihep51	20260624121317886000000	21	23,115,179,413,504	23,115,316,568,064	14,718,031,483,198	25,154,938,761,216	25,945,969,811,456	22,034,264,555,520	29,685,706,653,696	264,683,466	630,430,344	0	0
em-p-ihep51	20260624121327912000000	16	23,115,191,308,288	23,115,326,427,136	14,714,854,455,648	25,154,938,761,216	25,945,969,811,456	22,034,264,555,520	29,685,706,653,696	341,072,275	801,615,630	0	0
em-p-ihep51	20260624121337891000000	18	23,115,728,138,240	23,116,414,701,568	14,708,235,780,510	25,154,938,761,216	25,945,969,811,456	22,034,264,555,520	29,685,706,653,696	669,299,111	925,290,720	0	0
em-p-ihep51	20260624121347907000000	18	23,115,728,080,896	23,115,867,336,704	14,715,063,375,587	25,154,938,761,216	25,945,969,811,456	22,034,264,555,520	29,685,706,653,696	431,173,718	1,236,351,285	0	0
em-p-ihep51	20260624121357972000000	16	23,115,726,893,056	23,115,862,147,072	14,713,124,218,133	25,154,938,761,216	25,945,969,811,456	22,034,264,555,520	29,685,706,653,696	397,589,642	1,260,408,480	0	0
em-p-ihep51	20260624121408078000000	17	23,115,732,836,352	23,115,868,651,520	14,724,091,356,231	25,154,938,761,216	25,945,969,811,456	22,034,264,555,520	29,685,706,653,696	437,629,901	1,453,178,961	0	0
em-p-ihep51	20260624121418100000000	21	23,120,387,346,432	23,120,548,839,424	14,716,585,597,540	25,154,938,761,216	25,945,969,811,456	22,034,264,555,520	29,685,706,653,696	301,226,909	679,359,620	0	0
em-p-ihep51	20260624121428177000000	17	23,116,629,254,144	23,116,766,277,632	14,715,892,099,136	25,154,938,761,216	25,945,969,811,456	22,034,264,555,520	29,685,706,653,696	319,378,449	814,029,012	0	0
em-p-ihep51	20260624121438171000000	15	23,116,629,127,168	23,116,766,281,728	14,707,267,210,448	25,154,938,761,216	25,945,969,811,456	22,034,264,555,520	29,685,706,653,696	350,346,371	821,765,418	0	0
em-p-ihep51	20260624121448175000000	19	23,116,951,560,192	23,117,098,278,912	14,716,071,534,097	25,154,938,761,216	25,945,969,811,456	22,034,264,555,520	29,685,706,653,696	607,630,225	888,240,609	0	0
em-p-ihep51	20260624121458178000000	16	23,116,951,724,032	23,117,089,275,904	14,714,034,978,228	25,154,938,761,216	25,945,969,811,456	22,034,264,555,520	29,685,706,653,696	420,195,083	630,685,401	0	0
em-p-ihep51	20260624121508171000000	21	23,115,617,558,528	23,115,757,993,984	14,728,270,120,334	25,154,938,761,216	25,945,969,811,456	22,034,264,555,520	29,685,706,653,696	400,137,016	1,299,782,331	0	0
em-p-ihep51	20260624121518170000000	22	23,115,607,158,784	23,115,904,946,176	14,712,774,652,011	25,154,938,761,216	25,945,969,811,456	22,034,264,555,520	29,685,706,653,696	569,481,682	3,213,502,222	0	0
em-p-ihep51	20260624121528271000000	21	23,115,603,726,336	23,115,746,267,136	14,716,648,827,090	25,154,938,761,216	25,945,969,811,456	22,034,264,555,520	29,685,706,653,696	346,835,252	1,018,840,286	0	0
em-p-ihep51	20260624121538357000000	20	23,115,607,130,112	23,115,750,092,800	14,711,649,833,593	25,154,938,761,216	25,945,969,811,456	22,034,264,555,520	29,685,706,653,696	129,207,876	412,817,935	0	0
em-p-ihep51	20260624121548466000000	14	23,115,606,339,584	23,115,748,286,464	14,710,814,781,979	25,154,938,761,216	25,945,969,811,456	22,034,264,555,520	29,685,706,653,696	170,084,962	619,545,026	0	0
em-p-ihep51	20260624121558561000000	17	23,115,605,139,456	23,116,228,120,576	14,711,820,287,921	25,154,938,761,216	25,945,969,811,456	22,034,264,555,520	29,685,706,653,696	474,921,668	744,381,382	0	0
em-p-ihep51	20260624121608645000000	20	23,115,604,275,200	23,115,718,922,240	14,713,757,830,979	25,154,938,761,216	25,945,969,811,456	22,034,264,555,520	29,685,706,653,696	310,838,705	730,151,469	0	0
em-p-ihep51	20260624121618682000000	21	23,115,600,924,672	23,115,797,295,104	14,712,620,134,472	25,154,938,761,216	25,945,969,811,456	22,034,264,555,520	29,685,706,653,696	495,692,154	921,862,819	0	0
em-p-ihep51	20260624121628759000000	18	23,115,604,729,856	23,115,785,760,768	14,711,181,674,579	25,154,938,761,216	25,945,969,811,456	22,034,264,555,520	29,685,706,653,696	479,194,322	928,451,372	0	0
em-p-ihep51	20260624121638771000000	16	23,115,603,542,016	23,115,781,234,688	14,713,866,155,195	25,154,938,761,216	25,945,969,811,456	22,034,264,555,520	29,685,706,653,696	238,655,752	1,109,208,501	0	0
em-p-ihep51	20260624121648845000000	21	23,115,603,542,016	23,115,815,313,408	14,708,710,106,715	25,154,938,761,216	25,945,969,811,456	22,034,264,555,520	29,685,706,653,696	330,653,752	1,167,461,974	0	0
em-p-ihep51	20260624121658859000000	16	23,115,604,893,696	23,115,789,352,960	14,707,726,545,212	25,154,938,761,216	25,945,969,811,456	22,034,264,555,520	29,685,706,653,696	246,006,465	503,049,457	0	0
em-p-ihep51	20260624121708943000000	14	23,115,600,191,488	23,116,071,190,528	14,713,570,157,569	25,154,938,761,216	25,945,969,811,456	22,034,264,555,520	29,685,706,653,696	401,781,745	1,094,769,601	0	0
em-p-ihep51	20260624121719023000000	18	23,115,599,159,296	23,115,780,132,864	14,706,523,194,910	25,154,938,761,216	25,945,969,811,456	22,034,264,555,520	29,685,706,653,696	291,760,642	1,268,584,191	0	0
em-p-ihep51	20260624121729118000000	14	23,115,600,236,544	23,115,781,009,408	14,705,926,684,839	25,154,938,761,216	25,945,969,811,456	22,034,264,555,520	29,685,706,653,696	299,071,445	530,082,276	0	0
em-p-ihep51	20260624121739248000000	17	23,115,602,669,568	23,116,258,844,672	14,715,494,227,025	25,154,938,761,216	25,945,969,811,456	22,034,264,555,520	29,685,706,653,696	414,998,244	779,019,665	0	0
em-p-ihep51	20260624121749316000000	16	23,115,602,755,584	23,115,761,451,008	14,708,332,966,505	25,154,938,761,216	25,945,969,811,456	22,034,264,555,520	29,685,706,653,696	246,870,323	605,239,966	0	0
em-p-ihep51	20260624121759410000000	14	23,115,603,726,336	23,115,758,891,008	14,709,395,908,865	25,154,938,761,216	25,945,969,811,456	22,034,264,555,520	29,685,706,653,696	138,572,954	916,213,922	0	0
em-p-ihep51	20260624121809417000000	16	23,115,607,404,544	23,115,757,903,872	14,717,480,515,602	25,154,938,761,216	25,945,969,811,456	22,034,264,555,520	29,685,706,653,696	437,606,110	1,185,414,867	0	0
em-p-ihep51	20260624121819433000000	17	23,115,608,694,784	23,115,763,011,584	14,710,941,993,812	25,154,938,761,216	25,945,969,811,456	22,034,264,555,520	29,685,706,653,696	396,780,406	689,443,502	0	0
em-p-ihep51	20260624121829513000000	18	23,115,609,124,864	23,115,753,824,256	14,710,173,234,250	25,154,938,761,216	25,945,969,811,456	22,034,264,555,520	29,685,706,653,696	476,195,785	965,266,082	0	0
em-p-ihep51	20260624121839530000000	18	23,115,605,737,472	23,115,749,986,304	14,711,253,833,176	25,154,938,761,216	25,945,969,811,456	22,034,264,555,520	29,685,706,653,696	463,719,114	766,198,763	0	0
em-p-ihep51	20260624121849615000000	19	23,115,609,141,248	23,115,760,173,056	14,705,457,028,093	25,154,938,761,216	25,945,969,811,456	22,034,264,555,520	29,685,706,653,696	438,255,375	756,737,402	0	0
em-p-ihep51	20260624121859691000000	18	23,115,609,329,664	23,115,739,693,056	14,710,514,935,280	25,154,938,761,216	25,945,969,811,456	22,034,264,555,520	29,685,706,653,696	181,807,783	579,588,637	0	0
em-p-ihep51	20260624121909780000000	17	23,116,639,162,368	23,117,304,016,896	14,724,310,320,266	25,154,938,761,216	25,945,969,811,456	22,034,264,555,520	29,685,706,653,696	342,607,098	1,641,982,432	0	0
em-p-ihep51	20260624121919870000000	21	23,118,907,260,928	23,119,060,357,120	14,711,066,976,774	25,154,938,761,216	25,945,969,811,456	22,034,264,555,520	29,685,706,653,696	173,984,920	713,773,869	0	0
em-p-ihep51	20260624121929964000000	15	23,118,906,077,184	23,119,041,916,928	14,711,319,709,572	25,154,938,761,216	25,945,969,811,456	22,034,264,555,520	29,685,706,653,696	368,931,421	1,186,582,746	0	0
em-p-ihep51	20260624121940032000000	15	23,118,906,241,024	23,119,042,502,656	14,705,781,231,647	25,154,938,761,216	25,945,969,811,456	22,034,264,555,520	29,685,706,653,696	184,257,001	739,460,736	0	0
em-p-ihep51	20260624121950129000000	12	23,118,900,195,328	23,119,035,731,968	14,709,955,511,979	25,154,938,761,216	25,945,969,811,456	22,034,264,555,520	29,685,706,653,696	208,714,350	567,631,962	0	0
em-p-ihep51	20260624122000208000000	12	23,118,900,088,832	23,119,514,992,640	14,706,159,193,912	25,154,938,761,216	25,945,969,811,456	22,034,264,555,520	29,685,706,653,696	390,979,596	635,499,968	0	0
em-p-ihep51	20260624122010306000000	23	23,118,907,310,080	23,119,213,293,568	14,741,757,890,146	25,154,938,761,216	25,945,969,811,456	22,034,264,555,520	29,685,706,653,696	540,379,417	2,757,059,363	0	0
em-p-ihep51	20260624122020408000000	25	23,118,911,000,576	23,119,033,118,720	14,724,865,254,591	25,154,938,761,216	25,945,969,811,456	22,034,264,555,520	29,685,706,653,696	352,773,177	1,236,846,007	0	0
em-p-ihep51	20260624122030446000000	25	23,118,913,146,880	23,119,280,812,032	14,729,655,368,709	25,154,938,761,216	25,945,969,811,456	22,034,264,555,520	29,685,706,653,696	314,476,858	703,410,685	0	0
em-p-ihep51	20260624122040499000000	18	23,118,907,592,704	23,119,017,836,544	14,716,440,745,599	25,154,938,761,216	25,945,969,811,456	22,034,264,555,520	29,685,706,653,696	339,384,461	683,906,383	0	0
em-p-ihep51	20260624122050594000000	18	23,118,905,880,576	23,119,013,675,008	14,708,434,613,215	25,154,938,761,216	25,945,969,811,456	22,034,264,555,520	29,685,706,653,696	517,632,079	1,341,771,182	0	0
em-p-ihep51	20260624122100691000000	24	23,118,906,851,328	23,119,028,002,816	14,714,088,040,152	25,154,938,761,216	25,945,969,811,456	22,034,264,555,520	29,685,706,653,696	230,107,967	1,022,310,960	0	0
em-p-ihep51	20260624122110778000000	23	23,118,933,676,032	23,119,069,650,944	14,722,827,736,833	25,154,938,761,216	25,945,969,811,456	22,034,264,555,520	29,685,706,653,696	627,140,258	1,531,399,048	0	0
em-p-ihep51	20260624122120867000000	25	23,118,936,023,040	23,119,225,548,800	14,711,728,981,601	25,154,938,761,216	25,945,969,811,456	22,034,264,555,520	29,685,706,653,696	641,907,550	2,006,637,202	0	0
em-p-ihep51	20260624122130961000000	20	23,118,938,419,200	23,119,047,479,296	14,716,725,534,153	25,154,938,761,216	25,945,969,811,456	22,034,264,555,520	29,685,706,653,696	507,272,266	926,737,731	0	0
em-p-ihep51	20260624122140972000000	21	23,118,937,235,456	23,119,072,370,688	14,716,178,510,839	25,154,938,761,216	25,945,969,811,456	22,034,264,555,520	29,685,706,653,696	528,557,336	703,542,161	0	0
em-p-ihep51	20260624122151067000000	20	23,118,927,155,200	23,119,036,715,008	14,710,759,666,027	25,154,938,761,216	25,945,969,811,456	22,034,264,555,520	29,685,706,653,696	320,815,023	1,116,202,327	0	0
em-p-ihep51	20260624122201156000000	18	23,118,930,518,016	23,119,041,425,408	14,709,897,004,465	25,154,938,761,216	25,945,969,811,456	22,034,264,555,520	29,685,706,653,696	365,380,707	628,535,534	0	0
em-p-ihep51	20260624122211251000000	19	23,118,929,936,384	23,119,043,194,880	14,715,952,996,137	25,154,938,761,216	25,945,969,811,456	22,034,264,555,520	29,685,706,653,696	229,792,702	1,124,236,415	0	0
em-p-ihep51	20260624122221351000000	18	23,118,927,560,704	23,119,039,774,720	14,713,316,436,030	25,154,938,761,216	25,945,969,811,456	22,034,264,555,520	29,685,706,653,696	673,176,948	1,376,879,612	0	0
em-p-ihep51	20260624122231355000000	22	23,118,933,340,160	23,119,092,436,992	14,713,602,131,625	25,154,938,761,216	25,945,969,811,456	22,034,264,555,520	29,685,706,653,696	366,672,841	961,814,767	0	0
em-p-ihep51	20260624122241448000000	20	23,118,934,208,512	23,119,087,480,832	14,708,324,129,550	25,154,938,761,216	25,945,969,811,456	22,034,264,555,520	29,685,706,653,696	509,592,428	802,529,768	0	0
em-p-ihep51	20260624122251571000000	16	23,118,934,945,792	23,119,577,837,568	14,710,684,667,291	25,154,938,761,216	25,945,969,811,456	22,034,264,555,520	29,685,706,653,696	241,294,420	820,696,937	0	0
em-p-ihep51	20260624122301637000000	19	23,119,027,834,880	23,119,256,596,480	14,707,659,451,855	25,154,938,761,216	25,945,969,811,456	22,034,264,555,520	29,685,706,653,696	350,201,019	636,063,692	0	0
em-p-ihep51	20260624122311731000000	21	23,119,588,941,824	23,119,744,270,336	14,722,845,804,485	25,154,938,761,216	25,945,969,811,456	22,034,264,555,520	29,685,706,653,696	502,851,495	1,217,057,005	0	0
em-p-ihep51	20260624122321819000000	20	23,119,587,971,072	23,119,738,318,848	14,710,848,893,227	25,154,938,761,216	25,945,969,811,456	22,034,264,555,520	29,685,706,653,696	340,634,138	572,976,676	0	0
em-p-ihep51	20260624122331932000000	13	23,119,592,452,096	23,119,744,978,944	14,708,263,469,567	25,154,938,761,216	25,945,969,811,456	22,034,264,555,520	29,685,706,653,696	326,968,717	1,019,898,131	0	0
em-p-ihep51	20260624122341918000000	16	23,119,584,034,816	23,119,736,172,544	14,718,544,252,724	25,154,938,761,216	25,945,969,811,456	22,034,264,555,520	29,685,706,653,696	603,234,504	1,333,727,643	0	0
em-p-ihep51	20260624122351935000000	17	23,119,907,885,056	23,120,060,198,912	14,717,583,978,813	25,154,938,761,216	25,945,969,811,456	22,034,264,555,520	29,685,706,653,696	380,605,332	1,096,602,075	0	0
em-p-ihep51	20260624122402025000000	17	23,119,907,667,968	23,120,059,494,400	14,714,433,270,509	25,154,938,761,216	25,945,969,811,456	22,034,264,555,520	29,685,706,653,696	235,902,273	624,728,086	0	0
em-p-ihep51	20260624122412047000000	20	23,119,905,599,488	23,120,247,566,336	14,731,332,544,875	25,154,938,761,216	25,945,969,811,456	22,034,264,555,520	29,685,706,653,696	673,180,427	2,984,188,523	0	0
em-p-ihep51	20260624122422136000000	20	23,121,631,576,064	23,121,766,785,024	14,718,549,649,873	25,154,938,761,216	25,945,969,811,456	22,034,264,555,520	29,685,706,653,696	271,564,513	609,210,478	0	0
em-p-ihep51	20260624122432235000000	14	23,121,631,358,976	23,122,311,282,688	14,721,857,200,162	25,154,938,761,216	25,945,969,811,456	22,034,264,555,520	29,685,706,653,696	238,391,191	447,997,991	0	0
em-p-ihep51	20260624122442330000000	15	23,121,626,918,912	23,121,762,414,592	14,718,467,869,525	25,154,938,761,216	25,945,969,811,456	22,034,264,555,520	29,685,706,653,696	273,493,677	617,121,334	0	0
em-p-ihep51	20260624122452418000000	16	23,121,625,731,072	23,121,754,890,240	14,715,750,574,410	25,154,938,761,216	25,945,969,811,456	22,034,264,555,520	29,685,706,653,696	347,314,252	758,415,568	0	0
em-p-ihep51	20260624122502509000000	19	23,121,627,082,752	23,121,825,964,032	14,711,705,345,495	25,154,938,761,216	25,945,969,811,456	22,034,264,555,520	29,685,706,653,696	201,212,721	989,041,918	4,096	0
em-p-ihep51	20260624122512599000000	26	23,121,630,756,864	23,121,751,982,080	14,728,146,245,895	25,154,938,761,216	25,945,969,811,456	22,034,264,555,520	29,685,706,653,696	528,765,547	1,896,161,847	0	0
em-p-ihep51	20260624122522695000000	25	23,121,639,231,488	23,121,762,770,944	14,719,607,687,175	25,154,938,761,216	25,945,969,811,456	22,034,264,555,520	29,685,706,653,696	505,245,985	1,377,615,282	0	0
em-p-ihep51	20260624122532803000000	22	23,121,638,367,232	23,121,761,734,656	14,717,605,692,592	25,154,938,761,216	25,945,969,811,456	22,034,264,555,520	29,685,706,653,696	672,853,212	871,319,121	0	0
em-p-ihep51	20260624122542841000000	18	23,121,635,954,688	23,121,772,896,256	14,709,259,194,420	25,154,938,761,216	25,945,969,811,456	22,034,264,555,520	29,685,706,653,696	147,790,705	643,259,738	45,056	0
em-p-ihep51	20260624122552907000000	15	23,121,633,722,368	23,121,744,850,944	14,713,523,405,966	25,154,938,761,216	25,945,969,811,456	22,034,264,555,520	29,685,706,653,696	216,953,750	643,307,402	0	0
em-p-ihep51	20260624122603018000000	19	23,121,634,803,712	23,121,746,984,960	14,714,756,978,075	25,154,938,761,216	25,945,969,811,456	22,034,264,555,520	29,685,706,653,696	467,674,100	846,305,538	0	0
em-p-ihep51	20260624122613011000000	19	23,121,634,381,824	23,121,880,023,040	14,712,304,536,938	25,154,938,761,216	25,945,969,811,456	22,034,264,555,520	29,685,706,653,696	317,718,739	700,679,830	0	0
em-p-ihep51	20260624122623111000000	17	23,121,635,352,576	23,121,812,443,136	14,713,217,724,473	25,154,938,761,216	25,945,969,811,456	22,034,264,555,520	29,685,706,653,696	444,185,735	732,912,684	0	0
em-p-ihep51	20260624122633208000000	18	23,121,635,516,416	23,121,828,196,352	14,712,984,215,968	25,154,938,761,216	25,945,969,811,456	22,034,264,555,520	29,685,706,653,696	364,198,552	1,328,670,465	0	0
em-p-ihep51	20260624122643294000000	17	23,121,801,125,888	23,122,001,719,296	14,708,324,508,822	25,154,938,761,216	25,945,969,811,456	22,034,264,555,520	29,685,706,653,696	694,579,778	1,147,850,212	0	0
em-p-ihep51	20260624122653382000000	14	23,121,803,612,160	23,121,999,138,816	14,709,563,481,081	25,154,938,761,216	25,945,969,811,456	22,034,264,555,520	29,685,706,653,696	272,876,774	639,901,849	0	0
em-p-ihep51	20260624122703394000000	11	23,121,803,776,000	23,121,999,454,208	14,709,491,168,501	25,154,938,761,216	25,945,969,811,456	22,034,264,555,520	29,685,706,653,696	204,709,341	704,739,747	0	0
em-p-ihep51	20260624122713488000000	15	23,121,801,289,728	23,121,998,385,152	14,711,894,128,597	25,154,938,761,216	25,945,969,811,456	22,034,264,555,520	29,685,706,653,696	156,801,174	662,334,344	0	0
em-p-ihep51	20260624122723568000000	17	23,121,802,371,072	23,122,004,987,904	14,709,775,007,684	25,154,938,761,216	25,945,969,811,456	22,034,264,555,520	29,685,706,653,696	146,815,321	636,163,676	0	0
em-p-ihep51	20260624122733574000000	12	23,121,801,457,664	23,121,977,597,952	14,711,278,545,121	25,154,938,761,216	25,945,969,811,456	22,034,264,555,520	29,685,706,653,696	226,236,023	460,214,538	0	0
em-p-ihep51	20260624122743596000000	18	23,121,796,739,072	23,121,944,514,560	14,710,281,729,146	25,154,938,761,216	25,945,969,811,456	22,034,264,555,520	29,685,706,653,696	289,700,482	823,441,742	0	0
em-p-ihep51	20260624122753681000000	15	23,121,796,632,576	23,121,945,214,976	14,712,203,071,132	25,154,938,761,216	25,945,969,811,456	22,034,264,555,520	29,685,706,653,696	228,441,425	1,063,709,273	0	0
em-p-ihep51	20260624122803699000000	16	23,121,797,603,328	23,121,948,962,816	14,708,271,238,750	25,154,938,761,216	25,945,969,811,456	22,034,264,555,520	29,685,706,653,696	269,930,047	1,311,804,138	0	0
em-p-ihep51	20260624122813793000000	18	23,121,801,547,776	23,121,949,507,584	14,714,331,649,296	25,154,938,761,216	25,945,969,811,456	22,034,264,555,520	29,685,706,653,696	493,330,287	1,241,671,576	0	0
em-p-ihep51	20260624122823814000000	19	23,121,798,172,672	23,121,947,930,624	14,712,235,919,177	25,154,938,761,216	25,945,969,811,456	22,034,264,555,520	29,685,706,653,696	434,534,021	835,460,287	0	0
em-p-ihep51	20260624122833898000000	14	23,121,797,148,672	23,122,443,300,864	14,708,493,675,600	25,154,938,761,216	25,945,969,811,456	22,034,264,555,520	29,685,706,653,696	375,392,549	801,839,549	0	0
em-p-ihep51	20260624122843896000000	13	23,121,797,042,176	23,121,945,571,328	14,710,434,822,790	25,154,938,761,216	25,945,969,811,456	22,034,264,555,520	29,685,706,653,696	279,408,613	591,140,843	0	0
em-p-ihep51	20260624122854008000000	15	23,121,796,935,680	23,121,944,145,920	14,715,325,496,174	25,154,938,761,216	25,945,969,811,456	22,034,264,555,520	29,685,706,653,696	146,526,432	516,014,671	0	0
em-p-ihep51	20260624122904043000000	21	23,121,920,892,928	23,122,066,825,216	14,715,528,415,472	25,154,938,761,216	25,945,969,811,456	22,034,264,555,520	29,685,706,653,696	176,275,028	1,118,693,359	0	0
em-p-ihep51	20260624122914136000000	26	23,121,928,265,728	23,122,069,573,632	14,731,343,801,489	25,154,938,761,216	25,945,969,811,456	22,034,264,555,520	29,685,706,653,696	435,256,943	1,504,310,510	0	0
em-p-ihep51	20260624122924235000000	19	23,121,923,608,576	23,122,061,651,968	14,713,613,508,627	25,154,938,761,216	25,945,969,811,456	22,034,264,555,520	29,685,706,653,696	326,341,902	1,061,760,851	0	0
em-p-ihep51	20260624122934333000000	18	23,121,921,056,768	23,122,360,213,504	14,715,410,596,428	25,154,938,761,216	25,945,969,811,456	22,034,264,555,520	29,685,706,653,696	444,933,267	1,879,244,117	0	0
em-p-ihep51	20260624122944329000000	21	23,121,922,375,680	23,122,043,170,816	14,716,900,023,348	25,154,938,761,216	25,945,969,811,456	22,034,264,555,520	29,685,706,653,696	446,493,747	1,686,980,646	0	0
em-p-ihep51	20260624122954430000000	19	23,121,921,298,432	23,122,051,264,512	14,712,648,247,286	25,154,938,761,216	25,945,969,811,456	22,034,264,555,520	29,685,706,653,696	423,525,463	781,834,826	0	0
em-p-ihep51	20260624123004453000000	22	23,121,920,143,360	23,122,044,166,144	14,726,428,981,326	25,154,938,761,216	25,945,969,811,456	22,034,264,555,520	29,685,706,653,696	967,293,063	1,829,945,823	0	0
em-p-ihep51	20260624123014504000000	32	23,118,917,836,800	23,119,679,442,944	14,733,511,164,857	25,154,938,761,216	25,945,969,811,456	22,034,264,555,520	29,685,706,653,696	871,705,471	1,343,263,865	0	0
em-p-ihep51	20260624123024507000000	22	23,115,430,006,784	23,115,552,673,792	14,720,496,330,510	25,154,938,761,216	25,945,969,811,456	22,034,264,555,520	29,685,706,653,696	610,772,498	1,027,066,490	0	0
em-p-ihep51	20260624123034532000000	27	23,115,438,338,048	23,115,564,847,104	14,712,116,080,510	25,154,938,761,216	25,945,969,811,456	22,034,264,555,520	29,685,706,653,696	449,746,514	866,340,761	0	0
em-p-ihep51	20260624123044545000000	19	23,115,433,607,168	23,115,607,629,824	14,719,042,971,550	25,154,938,761,216	25,945,969,811,456	22,034,264,555,520	29,685,706,653,696	380,207,131	1,346,903,932	0	0
em-p-ihep51	20260624123054575000000	21	23,115,431,395,328	23,115,558,244,352	14,721,890,936,378	25,154,938,761,216	25,945,969,811,456	22,034,264,555,520	29,685,706,653,696	773,778,147	1,355,391,528	0	0
em-p-ihep51	20260624123104547000000	25	23,115,435,139,072	23,115,549,700,096	14,717,141,862,576	25,154,938,761,216	25,945,969,811,456	22,034,264,555,520	29,685,706,653,696	657,175,731	982,117,193	0	0
em-p-ihep51	20260624123114587000000	19	23,117,435,015,168	23,117,620,129,792	14,717,521,123,922	25,154,938,761,216	25,945,969,811,456	22,034,264,555,520	29,685,706,653,696	746,452,537	889,505,674	0	0
em-p-ihep51	20260624123124580000000	17	23,117,432,639,488	23,117,576,208,384	14,713,559,244,252	25,154,938,761,216	25,945,969,811,456	22,034,264,555,520	29,685,706,653,696	601,469,209	622,275,968	0	0
em-p-ihep51	20260624123134594000000	15	23,117,432,532,992	23,117,552,439,296	14,709,183,521,658	25,154,938,761,216	25,945,969,811,456	22,034,264,555,520	29,685,706,653,696	541,548,634	504,537,268	0	0
em-p-ihep51	20260624123144630000000	15	23,117,432,975,360	23,117,550,567,424	14,714,100,490,787	25,154,938,761,216	25,945,969,811,456	22,034,264,555,520	29,685,706,653,696	230,875,357	509,353,710	0	0
em-p-ihep51	20260624123154609000000	14	23,117,436,653,568	23,117,557,252,096	14,722,959,834,524	25,154,938,761,216	25,945,969,811,456	22,034,264,555,520	29,685,706,653,696	174,302,844	464,582,898	0	0
em-p-ihep51	20260624123204625000000	15	23,117,438,980,096	23,117,605,732,352	14,721,957,794,441	25,154,938,761,216	25,945,969,811,456	22,034,264,555,520	29,685,706,653,696	639,149,452	935,571,749	0	0
em-p-ihep51	20260624123214707000000	16	23,117,437,276,160	23,117,725,839,360	14,737,605,485,129	25,154,938,761,216	25,945,969,811,456	22,034,264,555,520	29,685,706,653,696	236,875,005	1,652,355,255	0	0
em-p-ihep51	20260624123224723000000	15	23,109,177,659,392	23,109,228,896,256	14,736,646,471,071	25,154,938,761,216	25,945,969,811,456	22,034,264,555,520	29,685,706,653,696	200,205,522	724,187,634	0	0
em-p-ihep51	20260624123234795000000	15	23,119,450,120,192	23,118,817,894,400	14,752,192,653,657	25,154,938,761,216	25,945,969,811,456	22,034,264,555,520	29,685,706,653,696	310,362,550	600,425,546	0	0
em-p-ihep51	20260624123244914000000	16	23,122,115,903,488	23,122,235,277,312	14,753,045,165,788	25,154,938,761,216	25,945,969,811,456	22,034,264,555,520	29,685,706,653,696	199,105,379	620,628,739	0	0
em-p-ihep51	20260624123255001000000	16	23,122,116,874,240	23,122,237,456,384	14,739,583,531,142	25,154,938,761,216	25,945,969,811,456	22,034,264,555,520	29,685,706,653,696	295,326,323	599,226,323	0	0
em-p-ihep51	20260624123305002000000	15	23,122,113,642,496	23,122,237,992,960	14,741,096,241,259	25,154,938,761,216	25,945,969,811,456	22,034,264,555,520	29,685,706,653,696	363,336,378	1,638,091,728	0	0
em-p-ihep51	20260624123315110000000	13	23,120,857,296,896	23,120,977,932,288	14,726,268,040,524	25,154,938,761,216	25,945,969,811,456	22,034,264,555,520	29,685,706,653,696	232,080,938	1,448,006,851	0	0
em-p-ihep51	20260624123325113000000	11	23,120,854,929,408	23,120,974,782,464	14,734,910,804,517	25,154,938,761,216	25,945,969,811,456	22,034,264,555,520	29,685,706,653,696	129,437,741	761,902,062	0	0
em-p-ihep51	20260624123335124000000	16	23,121,179,045,888	23,121,300,475,904	14,740,434,373,779	25,154,938,761,216	25,945,969,811,456	22,034,264,555,520	29,685,706,653,696	215,811,793	1,147,276,150	0	0
em-p-ihep51	20260624123345167000000	14	23,121,180,291,072	23,121,326,014,464	14,730,739,812,365	25,154,938,761,216	25,945,969,811,456	22,034,264,555,520	29,685,706,653,696	623,127,677	1,129,490,050	0	0
em-p-ihep51	20260624123355210000000	12	23,121,180,291,072	23,121,300,893,696	14,736,087,399,291	25,154,938,761,216	25,945,969,811,456	22,034,264,555,520	29,685,706,653,696	152,081,222	523,999,221	0	0
em-p-ihep51	20260624123405338000000	12	23,121,180,184,576	23,121,299,324,928	14,740,616,283,460	25,154,938,761,216	25,945,969,811,456	22,034,264,555,520	29,685,706,653,696	283,662,867	633,541,031	0	0
em-p-ihep51	20260624123415334000000	14	23,121,214,046,208	23,121,507,405,824	14,744,901,945,253	25,154,938,761,216	25,945,969,811,456	22,034,264,555,520	29,685,706,653,696	173,529,231	898,732,998	0	0
em-p-ihep51	20260624123425437000000	16	23,120,556,539,904	23,121,965,817,856	14,743,180,648,938	25,154,938,761,216	25,945,969,811,456	22,034,264,555,520	29,685,706,653,696	545,571,041	957,847,426	0	0
em-p-ihep51	20260624123435523000000	13	23,118,847,336,448	23,118,979,133,440	14,743,033,772,334	25,154,938,761,216	25,945,969,811,456	22,034,264,555,520	29,685,706,653,696	274,289,458	538,078,531	0	0
em-p-ihep51	20260624123445610000000	16	23,118,844,018,688	23,118,975,537,152	14,741,212,482,447	25,154,938,761,216	25,945,969,811,456	22,034,264,555,520	29,685,706,653,696	387,559,969	797,380,502	0	0
em-p-ihep51	20260624123455706000000	14	23,118,846,451,712	23,119,003,258,880	14,743,930,461,781	25,154,938,761,216	25,945,969,811,456	22,034,264,555,520	29,685,706,653,696	223,983,693	1,038,428,699	0	0
em-p-ihep51	20260624123505792000000	19	23,118,845,157,376	23,118,973,624,320	14,745,716,668,431	25,154,938,761,216	25,945,969,811,456	22,034,264,555,520	29,685,706,653,696	605,195,800	1,748,549,453	0	0
em-p-ihep51	20260624123515890000000	16	23,118,845,046,784	23,118,983,335,936	14,753,040,525,425	25,154,938,761,216	25,945,969,811,456	22,034,264,555,520	29,685,706,653,696	545,029,876	1,053,865,303	0	0
em-p-ihep51	20260624123525982000000	15	23,118,847,479,808	23,118,978,482,176	14,745,974,623,259	25,154,938,761,216	25,945,969,811,456	22,034,264,555,520	29,685,706,653,696	382,067,808	677,915,318	0	0
em-p-ihep51	20260624123536071000000	19	23,118,848,454,656	23,118,992,465,920	14,742,776,489,414	25,154,938,761,216	25,945,969,811,456	22,034,264,555,520	29,685,706,653,696	341,703,325	623,686,895	0	0
em-p-ihep51	20260624123546163000000	16	23,118,848,618,496	23,118,974,873,600	14,745,953,037,105	25,154,938,761,216	25,945,969,811,456	22,034,264,555,520	29,685,706,653,696	185,737,111	699,680,247	0	0
em-p-ihep51	20260624123556248000000	15	23,118,847,430,656	23,118,975,016,960	14,751,538,199,074	25,154,938,761,216	25,945,969,811,456	22,034,264,555,520	29,685,706,653,696	353,234,151	629,759,979	0	0
em-p-ihep51	20260624123606336000000	19	23,118,854,451,200	23,119,474,376,704	14,741,766,810,781	25,154,938,761,216	25,945,969,811,456	22,034,264,555,520	29,685,706,653,696	231,408,314	568,264,289	0	0
em-p-ihep51	20260624123616437000000	20	23,119,372,070,912	23,119,498,334,208	14,756,301,149,994	25,154,938,761,216	25,945,969,811,456	22,034,264,555,520	29,685,706,653,696	228,664,508	1,841,536,657	0	0
em-p-ihep51	20260624123626438000000	20	23,119,374,561,280	23,119,500,746,752	14,748,451,654,883	25,154,938,761,216	25,945,969,811,456	22,034,264,555,520	29,685,706,653,696	231,546,342	1,742,834,467	0	0
em-p-ihep51	20260624123636536000000	15	23,119,371,972,608	23,119,580,753,920	14,749,977,319,905	25,154,938,761,216	25,945,969,811,456	22,034,264,555,520	29,685,706,653,696	469,787,898	734,858,150	0	0
em-p-ihep51	20260624123646528000000	17	23,119,372,136,448	23,119,586,111,488	14,744,525,608,655	25,154,938,761,216	25,945,969,811,456	22,034,264,555,520	29,685,706,653,696	321,007,143	786,495,991	0	0
em-p-ihep51	20260624123656534000000	10	23,119,371,329,536	23,119,585,116,160	14,744,673,334,863	25,154,938,761,216	25,945,969,811,456	22,034,264,555,520	29,685,706,653,696	149,776,782	535,325,474	0	0
em-p-ihep51	20260624123706620000000	12	23,119,679,672,320	23,119,892,869,120	14,751,407,528,051	25,154,938,761,216	25,945,969,811,456	22,034,264,555,520	29,685,706,653,696	511,646,713	668,985,217	0	0
em-p-ihep51	20260624123716705000000	17	23,119,689,293,824	23,120,291,463,168	14,743,166,518,318	25,154,938,761,216	25,945,969,811,456	22,034,264,555,520	29,685,706,653,696	364,608,706	772,566,085	0	0
em-p-ihep51	20260624123726804000000	14	23,118,889,115,648	23,119,133,192,192	14,751,960,007,126	25,154,938,761,216	25,945,969,811,456	22,034,264,555,520	29,685,706,653,696	674,943,150	763,110,854	0	0
em-p-ihep51	20260624123736792000000	15	23,123,409,293,312	23,123,622,285,312	14,756,591,054,435	25,154,938,761,216	25,945,969,811,456	22,034,264,555,520	29,685,706,653,696	629,763,880	803,110,200	0	0
em-p-ihep51	20260624123746882000000	13	23,124,067,291,136	23,124,375,760,896	14,741,160,092,772	25,154,938,761,216	25,945,969,811,456	22,034,264,555,520	29,685,706,653,696	207,866,753	1,033,778,947	0	0
em-p-ihep51	20260624123756961000000	12	23,124,146,393,088	23,124,363,247,616	14,747,256,533,099	25,154,938,761,216	25,945,969,811,456	22,034,264,555,520	29,685,706,653,696	158,432,396	956,948,356	0	0
em-p-ihep51	20260624123806985000000	17	23,124,384,468,992	23,124,600,320,000	14,750,755,372,859	25,154,938,761,216	25,945,969,811,456	22,034,264,555,520	29,685,706,653,696	412,171,099	721,375,199	0	0
em-p-ihep51	20260624123816978000000	17	23,124,382,355,456	23,124,554,977,280	14,744,241,117,343	25,154,938,761,216	25,945,969,811,456	22,034,264,555,520	29,685,706,653,696	223,751,398	587,063,398	0	0
em-p-ihep51	20260624123827061000000	13	23,124,382,519,296	23,124,557,541,376	14,745,739,271,058	25,154,938,761,216	25,945,969,811,456	22,034,264,555,520	29,685,706,653,696	149,602,496	518,804,705	0	0
em-p-ihep51	20260624123837147000000	13	23,124,382,412,800	23,124,554,973,184	14,745,377,706,804	25,154,938,761,216	25,945,969,811,456	22,034,264,555,520	29,685,706,653,696	395,517,372	742,327,364	0	0
em-p-ihep51	20260624123847237000000	14	23,124,382,355,456	23,124,572,524,544	14,746,483,086,120	25,154,938,761,216	25,945,969,811,456	22,034,264,555,520	29,685,706,653,696	315,214,855	1,911,417,256	0	0
em-p-ihep51	20260624123857329000000	13	23,124,408,975,360	23,124,666,675,200	14,755,980,165,905	25,154,938,761,216	25,945,969,811,456	22,034,264,555,520	29,685,706,653,696	232,243,944	1,180,487,639	0	0
em-p-ihep51	20260624123907417000000	15	23,124,411,027,456	23,124,585,693,184	14,754,499,555,865	25,154,938,761,216	25,945,969,811,456	22,034,264,555,520	29,685,706,653,696	468,985,251	1,843,781,845	0	0
em-p-ihep51	20260624123917423000000	17	23,128,581,201,920	23,128,753,508,352	14,762,008,840,530	25,154,938,761,216	25,945,969,811,456	22,034,264,555,520	29,685,706,653,696	388,439,173	1,691,216,848	0	0
em-p-ihep51	20260624123927442000000	14	23,124,481,077,248	23,124,721,119,232	14,745,787,485,112	25,154,938,761,216	25,945,969,811,456	22,034,264,555,520	29,685,706,653,696	193,106,635	516,270,488	0	0
em-p-ihep51	20260624123937521000000	11	23,124,482,437,120	23,124,665,585,664	14,748,044,499,521	25,154,938,761,216	25,945,969,811,456	22,034,264,555,520	29,685,706,653,696	363,802,161	598,567,007	0	0
em-p-ihep51	20260624123947518000000	14	23,123,407,556,608	23,123,506,528,256	14,757,821,722,894	25,154,938,761,216	25,945,969,811,456	22,034,264,555,520	29,685,706,653,696	253,479,029	718,531,035	0	0
em-p-ihep51	20260624123957622000000	15	23,123,407,450,112	23,123,506,536,448	14,755,754,859,222	25,154,938,761,216	25,945,969,811,456	22,034,264,555,520	29,685,706,653,696	425,440,654	978,324,122	0	0
em-p-ihep51	20260624124007631000000	21	23,125,297,692,672	23,125,257,007,104	14,765,402,457,596	25,154,938,761,216	25,945,969,811,456	22,034,264,555,520	29,685,706,653,696	429,117,507	731,958,924	0	0
em-p-ihep51	20260624124017650000000	30	23,127,590,027,264	23,127,686,856,704	14,783,151,248,544	25,154,938,761,216	25,945,969,811,456	22,034,264,555,520	29,685,706,653,696	703,421,048	1,958,502,481	0	0
em-p-ihep51	20260624124027673000000	30	23,127,591,108,608	23,127,688,323,072	14,772,613,732,028	25,154,938,761,216	25,945,969,811,456	22,034,264,555,520	29,685,706,653,696	450,591,384	1,149,312,275	0	0
em-p-ihep51	20260624124037740000000	23	23,128,190,373,888	23,128,838,893,568	14,760,863,305,254	25,154,938,761,216	25,945,969,811,456	22,034,264,555,520	29,685,706,653,696	351,432,529	1,184,264,429	0	0
em-p-ihep51	20260624124047706000000	19	23,128,190,373,888	23,128,279,220,224	14,754,884,490,763	25,154,938,761,216	25,945,969,811,456	22,034,264,555,520	29,685,706,653,696	280,356,222	1,035,927,725	0	0
em-p-ihep51	20260624124057806000000	23	23,128,971,845,632	23,129,060,614,144	14,757,299,507,291	25,154,938,761,216	25,945,969,811,456	22,034,264,555,520	29,685,706,653,696	355,461,628	582,322,826	0	0
em-p-ihep51	20260624124107890000000	22	23,131,552,985,088	23,131,576,799,232	14,754,183,898,796	25,154,938,761,216	25,945,969,811,456	22,034,264,555,520	29,685,706,653,696	455,123,533	1,109,373,341	0	0
em-p-ihep51	20260624124118003000000	24	23,131,941,052,416	23,132,055,388,160	14,753,528,450,838	25,154,938,761,216	25,945,969,811,456	22,034,264,555,520	29,685,706,653,696	224,507,174	701,433,488	0	0
em-p-ihep51	20260624124127970000000	18	23,131,942,023,168	23,132,047,826,944	14,754,768,038,560	25,154,938,761,216	25,945,969,811,456	22,034,264,555,520	29,685,706,653,696	157,017,502	499,874,856	0	0
em-p-ihep51	20260624124137991000000	20	23,131,942,023,168	23,132,047,876,096	14,748,035,558,390	25,154,938,761,216	25,945,969,811,456	22,034,264,555,520	29,685,706,653,696	154,578,964	405,871,906	0	0
em-p-ihep51	20260624124148015000000	21	23,131,942,993,920	23,132,509,364,224	14,753,593,894,005	25,154,938,761,216	25,945,969,811,456	22,034,264,555,520	29,685,706,653,696	194,793,103	1,134,537,229	0	0
em-p-ihep51	20260624124158026000000	20	23,119,592,460,288	23,125,564,157,952	14,712,695,878,067	25,154,938,761,216	25,945,969,811,456	22,034,264,555,520	29,685,706,653,696	434,126,250	2,266,539,426	0	0
em-p-ihep51	20260624124208027000000	19	23,110,738,423,808	23,110,835,998,720	14,716,553,931,767	25,154,938,761,216	25,945,969,811,456	22,034,264,555,520	29,685,706,653,696	334,846,806	1,861,008,760	0	0
em-p-ihep51	20260624124218114000000	14	23,110,738,317,312	23,110,834,470,912	14,709,419,122,079	25,154,938,761,216	25,945,969,811,456	22,034,264,555,520	29,685,706,653,696	494,133,449	735,974,239	0	0
em-p-ihep51	20260624124228134000000	16	23,110,737,293,312	23,110,830,768,128	14,710,488,508,971	25,154,938,761,216	25,945,969,811,456	22,034,264,555,520	29,685,706,653,696	575,772,211	890,772,839	0	0
em-p-ihep51	20260624124238207000000	13	23,110,736,105,472	23,110,827,261,952	14,709,763,327,208	25,154,938,761,216	25,945,969,811,456	22,034,264,555,520	29,685,706,653,696	297,854,620	753,284,944	0	0
em-p-ihep51	20260624124248299000000	12	23,110,743,412,736	23,110,839,586,816	14,709,097,869,377	25,154,938,761,216	25,945,969,811,456	22,034,264,555,520	29,685,706,653,696	441,990,082	777,078,642	0	0
em-p-ihep51	20260624124258398000000	13	23,110,742,118,400	23,111,333,285,888	14,710,104,725,051	25,154,938,761,216	25,945,969,811,456	22,034,264,555,520	29,685,706,653,696	272,402,347	531,950,370	0	0
em-p-ihep51	20260624124308505000000	13	23,110,742,282,240	23,110,837,383,168	14,720,200,786,890	25,154,938,761,216	25,945,969,811,456	22,034,264,555,520	29,685,706,653,696	177,040,546	797,143,147	0	0
em-p-ihep51	20260624124318503000000	19	23,110,742,433,792	23,110,836,940,800	14,710,385,199,429	25,154,938,761,216	25,945,969,811,456	22,034,264,555,520	29,685,706,653,696	203,084,575	1,296,674,417	0	0
em-p-ihep51	20260624124328604000000	13	23,110,744,592,384	23,110,844,366,848	14,709,933,226,433	25,154,938,761,216	25,945,969,811,456	22,034,264,555,520	29,685,706,653,696	628,512,264	1,447,809,477	0	0
em-p-ihep51	20260624124338601000000	16	23,110,744,375,296	23,110,841,331,712	14,710,929,307,943	25,154,938,761,216	25,945,969,811,456	22,034,264,555,520	29,685,706,653,696	403,971,063	727,062,420	0	0
em-p-ihep51	20260624124348702000000	15	23,110,746,132,480	23,110,842,638,336	14,706,637,850,974	25,154,938,761,216	25,945,969,811,456	22,034,264,555,520	29,685,706,653,696	260,288,225	721,848,053	0	0
em-p-ihep51	20260624124358802000000	9	23,110,743,810,048	23,110,838,067,200	14,710,032,097,702	25,154,938,761,216	25,945,969,811,456	22,034,264,555,520	29,685,706,653,696	208,623,532	705,231,606	0	0
em-p-ihep51	20260624124408815000000	15	23,110,742,515,712	23,111,272,796,160	14,728,726,296,554	25,154,938,761,216	25,945,969,811,456	22,034,264,555,520	29,685,706,653,696	500,250,126	1,257,249,606	0	0
em-p-ihep51	20260624124418831000000	16	23,110,742,679,552	23,110,837,116,928	14,708,357,649,871	25,154,938,761,216	25,945,969,811,456	22,034,264,555,520	29,685,706,653,696	261,517,071	534,461,893	0	0
em-p-ihep51	20260624124428821000000	13	23,110,733,246,464	23,110,825,234,432	14,710,202,314,563	25,154,938,761,216	25,945,969,811,456	22,034,264,555,520	29,685,706,653,696	354,880,946	795,797,018	36,864	0
em-p-ihep51	20260624124438940000000	10	23,110,732,058,624	23,111,170,686,976	14,708,084,239,910	25,154,938,761,216	25,945,969,811,456	22,034,264,555,520	29,685,706,653,696	622,750,334	1,231,613,099	0	0
em-p-ihep51	20260624124449010000000	15	23,110,733,139,968	23,110,825,697,280	14,718,592,584,666	25,154,938,761,216	25,945,969,811,456	22,034,264,555,520	29,685,706,653,696	669,502,955	1,330,228,062	0	0
em-p-ihep51	20260624124459102000000	15	23,110,732,148,736	23,110,830,436,352	14,708,402,591,761	25,154,938,761,216	25,945,969,811,456	22,034,264,555,520	29,685,706,653,696	507,124,118	1,132,083,717	0	0
em-p-ihep51	20260624124509226000000	17	23,110,729,744,384	23,110,811,230,208	14,729,433,440,826	25,154,938,761,216	25,945,969,811,456	22,034,264,555,520	29,685,706,653,696	619,271,612	1,203,742,544	0	0
em-p-ihep51	20260624124519320000000	16	23,110,727,520,256	23,110,833,778,688	14,717,268,980,965	25,154,938,761,216	25,945,969,811,456	22,034,264,555,520	29,685,706,653,696	619,015,057	874,431,038	0	0
em-p-ihep51	20260624124529390000000	13	23,110,729,949,184	23,110,811,320,320	14,719,389,937,275	25,154,938,761,216	25,945,969,811,456	22,034,264,555,520	29,685,706,653,696	363,404,192	644,572,572	0	0
em-p-ihep51	20260624124539486000000	16	23,110,732,378,112	23,110,885,904,384	14,713,261,894,719	25,154,938,761,216	25,945,969,811,456	22,034,264,555,520	29,685,706,653,696	145,065,414	460,044,374	0	0
em-p-ihep51	20260624124549584000000	16	23,110,730,113,024	23,111,358,550,016	14,712,164,102,953	25,154,938,761,216	25,945,969,811,456	22,034,264,555,520	29,685,706,653,696	191,800,983	605,606,990	0	0
em-p-ihep51	20260624124559670000000	16	23,110,731,194,368	23,110,822,432,768	14,712,802,589,637	25,154,938,761,216	25,945,969,811,456	22,034,264,555,520	29,685,706,653,696	339,444,085	665,381,896	0	0
em-p-ihep51	20260624124609723000000	21	23,110,735,572,992	23,110,849,519,616	14,721,121,297,338	25,154,938,761,216	25,945,969,811,456	22,034,264,555,520	29,685,706,653,696	326,889,542	1,235,661,541	0	0
em-p-ihep51	20260624124619790000000	18	23,110,734,385,152	23,110,848,356,352	14,717,377,596,092	25,154,938,761,216	25,945,969,811,456	22,034,264,555,520	29,685,706,653,696	269,357,676	1,191,854,656	0	0
em-p-ihep51	20260624124629878000000	19	23,110,737,895,424	23,110,866,296,832	14,715,061,875,204	25,154,938,761,216	25,945,969,811,456	22,034,264,555,520	29,685,706,653,696	403,415,581	687,531,974	0	0
em-p-ihep51	20260624124639988000000	16	23,110,738,608,128	23,110,883,106,816	14,713,586,394,603	25,154,938,761,216	25,945,969,811,456	22,034,264,555,520	29,685,706,653,696	365,954,302	634,714,647	0	0
em-p-ihep51	20260624124650009000000	18	23,110,736,289,792	23,110,905,917,440	14,711,464,216,073	25,154,938,761,216	25,945,969,811,456	22,034,264,555,520	29,685,706,653,696	407,100,417	901,941,439	0	0
em-p-ihep51	20260624124659982000000	17	23,110,738,448,384	23,111,245,852,672	14,712,918,992,475	25,154,938,761,216	25,945,969,811,456	22,034,264,555,520	29,685,706,653,696	639,379,954	1,079,452,049	0	0
em-p-ihep51	20260624124710001000000	18	23,110,739,456,000	23,110,976,233,472	14,717,984,497,784	25,154,938,761,216	25,945,969,811,456	22,034,264,555,520	29,685,706,653,696	387,456,182	1,074,402,008	0	0
em-p-ihep51	20260624124720090000000	17	23,111,655,473,152	23,111,832,240,128	14,713,109,735,999	25,154,938,761,216	25,945,969,811,456	22,034,264,555,520	29,685,706,653,696	480,747,481	1,515,589,977	0	0
em-p-ihep51	20260624124730172000000	10	23,111,654,207,488	23,112,856,334,336	14,710,055,329,712	25,154,938,761,216	25,945,969,811,456	22,034,264,555,520	29,685,706,653,696	145,499,236	1,824,212,509	0	0
em-p-ihep51	20260624124740176000000	13	23,111,655,223,296	23,111,836,938,240	14,712,012,148,287	25,154,938,761,216	25,945,969,811,456	22,034,264,555,520	29,685,706,653,696	398,230,232	2,007,918,162	1,249,280	0
em-p-ihep51	20260624124750279000000	12	23,111,654,449,152	23,111,833,260,032	14,710,352,439,761	25,154,938,761,216	25,945,969,811,456	22,034,264,555,520	29,685,706,653,696	364,232,833	964,891,729	45,056	0
em-p-ihep51	20260624124800285000000	9	23,111,653,261,312	23,111,833,563,136	14,710,602,005,905	25,154,938,761,216	25,945,969,811,456	22,034,264,555,520	29,685,706,653,696	474,126,376	595,496,237	0	0
em-p-ihep51	20260624124810377000000	13	23,111,654,342,656	23,112,031,707,136	14,710,928,921,919	25,154,938,761,216	25,945,969,811,456	22,034,264,555,520	29,685,706,653,696	276,568,606	749,722,927	0	0
em-p-ihep51	20260624124820481000000	14	23,111,653,154,816	23,111,832,895,488	14,710,574,007,237	25,154,938,761,216	25,945,969,811,456	22,034,264,555,520	29,685,706,653,696	350,062,647	700,286,290	0	0
em-p-ihep51	20260624124830470000000	13	23,111,655,313,408	23,111,832,739,840	14,712,768,103,402	25,154,938,761,216	25,945,969,811,456	22,034,264,555,520	29,685,706,653,696	351,168,304	647,037,620	4,096	0
em-p-ihep51	20260624124840561000000	14	23,111,486,828,544	23,112,077,021,184	14,709,604,514,636	25,154,938,761,216	25,945,969,811,456	22,034,264,555,520	29,685,706,653,696	261,772,845	726,404,337	4,096	0
em-p-ihep51	20260624124850646000000	10	23,111,485,640,704	23,111,666,098,176	14,705,533,456,744	25,154,938,761,216	25,945,969,811,456	22,034,264,555,520	29,685,706,653,696	223,383,924	904,108,732	0	0
em-p-ihep51	20260624124900741000000	11	23,111,485,677,568	23,111,664,214,016	14,708,373,726,794	25,154,938,761,216	25,945,969,811,456	22,034,264,555,520	29,685,706,653,696	131,901,190	937,007,248	20,480	0
em-p-ihep51	20260624124910840000000	14	23,116,188,782,592	23,115,047,538,688	14,730,579,022,394	25,154,938,761,216	25,945,969,811,456	22,034,264,555,520	29,685,706,653,696	322,921,013	1,883,908,363	0	0
em-p-ihep51	20260624124920927000000	13	23,111,006,769,152	23,111,191,568,384	14,710,584,424,344	25,154,938,761,216	25,945,969,811,456	22,034,264,555,520	29,685,706,653,696	271,622,165	529,050,419	0	0
em-p-ihep51	20260624124931017000000	11	23,111,007,580,160	23,111,190,978,560	14,712,988,936,722	25,154,938,761,216	25,945,969,811,456	22,034,264,555,520	29,685,706,653,696	241,263,769	462,184,509	0	0
em-p-ihep51	20260624124941115000000	18	23,111,005,253,632	23,111,190,990,848	14,713,206,408,646	25,154,938,761,216	25,945,969,811,456	22,034,264,555,520	29,685,706,653,696	136,291,730	486,754,831	0	0
em-p-ihep51	20260624124951223000000	15	23,111,007,412,224	23,111,209,996,288	14,712,398,733,197	25,154,938,761,216	25,945,969,811,456	22,034,264,555,520	29,685,706,653,696	164,957,572	484,978,967	0	0
em-p-ihep51	20260624125001387000000	14	23,111,003,959,296	23,111,187,640,320	14,717,878,741,257	25,154,938,761,216	25,945,969,811,456	22,034,264,555,520	29,685,706,653,696	179,767,477	858,587,583	0	0
em-p-ihep51	20260624125011432000000	24	23,111,085,281,280	23,111,265,591,296	14,737,318,272,004	25,154,938,761,216	25,945,969,811,456	22,034,264,555,520	29,685,706,653,696	660,336,970	1,653,112,548	0	0
em-p-ihep51	20260624125021529000000	21	23,111,085,207,552	23,111,431,192,576	14,720,724,181,491	25,154,938,761,216	25,945,969,811,456	22,034,264,555,520	29,685,706,653,696	400,770,283	2,351,841,728	0	0
em-p-ihep51	20260624125031624000000	21	23,111,086,362,624	23,111,217,319,936	14,718,046,205,974	25,154,938,761,216	25,945,969,811,456	22,034,264,555,520	29,685,706,653,696	202,823,379	1,517,430,063	0	0
em-p-ihep51	20260624125041691000000	19	23,111,395,971,072	23,111,527,067,648	14,713,488,207,730	25,154,938,761,216	25,945,969,811,456	22,034,264,555,520	29,685,706,653,696	190,406,551	689,479,604	0	0
em-p-ihep51	20260624125051797000000	18	23,111,399,649,280	23,111,530,762,240	14,710,016,299,668	25,154,938,761,216	25,945,969,811,456	22,034,264,555,520	29,685,706,653,696	387,694,271	738,081,466	0	0
em-p-ihep51	20260624125101828000000	15	23,111,407,816,704	23,111,950,602,240	14,716,743,270,219	25,154,938,761,216	25,945,969,811,456	22,034,264,555,520	29,685,706,653,696	161,305,335	477,114,151	0	0
em-p-ihep51	20260624125111793000000	20	23,111,406,813,184	23,111,626,936,320	14,721,940,375,851	25,154,938,761,216	25,945,969,811,456	22,034,264,555,520	29,685,706,653,696	572,397,044	1,568,086,373	0	0
em-p-ihep51	20260624125121791000000	16	23,111,409,324,032	23,111,549,005,824	14,712,439,731,484	25,154,938,761,216	25,945,969,811,456	22,034,264,555,520	29,685,706,653,696	365,464,928	1,716,661,067	0	0
em-p-ihep51	20260624125131813000000	15	23,111,410,294,784	23,111,552,000,000	14,713,875,826,186	25,154,938,761,216	25,945,969,811,456	22,034,264,555,520	29,685,706,653,696	126,554,242	522,397,786	0	0
em-p-ihep51	20260624125141825000000	17	23,111,410,458,624	23,111,552,290,816	14,713,581,802,094	25,154,938,761,216	25,945,969,811,456	22,034,264,555,520	29,685,706,653,696	286,759,840	1,175,298,264	0	0
em-p-ihep51	20260624125151928000000	16	23,111,410,352,128	23,111,557,435,392	14,714,023,011,533	25,154,938,761,216	25,945,969,811,456	22,034,264,555,520	29,685,706,653,696	463,294,562	1,171,432,752	0	0
em-p-ihep51	20260624125202023000000	15	23,111,410,520,064	23,111,551,496,192	14,706,145,166,172	25,154,938,761,216	25,945,969,811,456	22,034,264,555,520	29,685,706,653,696	467,870,245	833,065,445	0	0
em-p-ihep51	20260624125212113000000	18	23,111,410,610,176	23,111,634,419,712	14,709,890,747,599	25,154,938,761,216	25,945,969,811,456	22,034,264,555,520	29,685,706,653,696	256,254,404	870,420,514	0	0
em-p-ihep51	20260624125222199000000	14	23,111,410,630,656	23,111,552,376,832	14,710,431,262,444	25,154,938,761,216	25,945,969,811,456	22,034,264,555,520	29,685,706,653,696	365,026,696	569,118,227	0	0
em-p-ihep51	20260624125232280000000	12	23,111,410,524,160	23,111,555,465,216	14,704,289,933,473	25,154,938,761,216	25,945,969,811,456	22,034,264,555,520	29,685,706,653,696	156,273,928	411,359,701	0	0
em-p-ihep51	20260624125242379000000	15	23,111,410,688,000	23,111,555,944,448	14,706,622,744,873	25,154,938,761,216	25,945,969,811,456	22,034,264,555,520	29,685,706,653,696	348,691,385	636,177,533	0	0
em-p-ihep51	20260624125252483000000	21	23,111,403,794,432	23,111,545,786,368	14,707,606,106,389	25,154,938,761,216	25,945,969,811,456	22,034,264,555,520	29,685,706,653,696	564,938,760	929,483,870	0	0
em-p-ihep51	20260624125302475000000	15	23,111,404,765,184	23,111,548,162,048	14,705,930,507,816	25,154,938,761,216	25,945,969,811,456	22,034,264,555,520	29,685,706,653,696	404,888,872	854,202,149	0	0
em-p-ihep51	20260624125312564000000	15	23,111,404,765,184	23,111,549,231,104	14,711,563,889,911	25,154,938,761,216	25,945,969,811,456	22,034,264,555,520	29,685,706,653,696	312,470,643	1,781,047,395	0	0
em-p-ihep51	20260624125322651000000	16	23,111,406,116,864	23,111,589,916,672	14,709,995,069,589	25,154,938,761,216	25,945,969,811,456	22,034,264,555,520	29,685,706,653,696	416,064,122	1,025,470,872	0	0
em-p-ihep51	20260624125332653000000	15	23,111,407,087,616	23,111,551,602,688	14,710,569,015,742	25,154,938,761,216	25,945,969,811,456	22,034,264,555,520	29,685,706,653,696	502,645,235	845,732,407	0	0
em-p-ihep51	20260624125342753000000	14	23,111,406,981,120	23,111,531,700,224	14,708,564,905,819	25,154,938,761,216	25,945,969,811,456	22,034,264,555,520	29,685,706,653,696	230,434,261	590,291,824	0	0
em-p-ihep51	20260624125352830000000	14	23,111,407,419,392	23,111,547,293,696	14,705,530,821,551	25,154,938,761,216	25,945,969,811,456	22,034,264,555,520	29,685,706,653,696	161,940,783	530,559,683	0	0
em-p-ihep51	20260624125402933000000	11	23,111,406,284,800	23,111,525,019,648	14,705,301,871,331	25,154,938,761,216	25,945,969,811,456	22,034,264,555,520	29,685,706,653,696	271,527,199	614,620,635	0	0
em-p-ihep51	20260624125412938000000	14	23,111,405,096,960	23,111,523,651,584	14,716,729,016,181	25,154,938,761,216	25,945,969,811,456	22,034,264,555,520	29,685,706,653,696	301,127,862	1,066,791,144	0	0
em-p-ihep51	20260624125423041000000	12	23,111,406,178,304	23,111,522,603,008	14,704,328,737,515	25,154,938,761,216	25,945,969,811,456	22,034,264,555,520	29,685,706,653,696	517,222,773	967,448,094	0	0
em-p-ihep51	20260624125433036000000	17	23,111,407,255,552	23,111,523,266,560	14,705,880,800,706	25,154,938,761,216	25,945,969,811,456	22,034,264,555,520	29,685,706,653,696	190,275,331	1,035,243,398	0	0
em-p-ihep51	20260624125443047000000	17	23,111,407,255,552	23,111,523,192,832	14,708,872,066,417	25,154,938,761,216	25,945,969,811,456	22,034,264,555,520	29,685,706,653,696	344,753,936	976,986,027	0	0
em-p-ihep51	20260624125453045000000	19	23,111,408,717,824	23,111,525,224,448	14,704,773,003,532	25,154,938,761,216	25,945,969,811,456	22,034,264,555,520	29,685,706,653,696	177,465,037	872,697,771	0	0
em-p-ihep51	20260624125503052000000	20	23,111,407,529,984	23,111,525,838,848	14,709,634,274,601	25,154,938,761,216	25,945,969,811,456	22,034,264,555,520	29,685,706,653,696	264,836,878	539,438,257	0	0
em-p-ihep51	20260624125513052000000	25	23,111,412,736,000	23,111,867,756,544	14,728,190,587,924	25,154,938,761,216	25,945,969,811,456	22,034,264,555,520	29,685,706,653,696	307,072,228	2,324,179,741	0	0
em-p-ihep51	20260624125523058000000	23	23,111,416,147,968	23,111,521,304,576	14,705,086,944,297	25,154,938,761,216	25,945,969,811,456	22,034,264,555,520	29,685,706,653,696	332,711,524	1,268,656,012	0	0
em-p-ihep51	20260624125533050000000	24	23,111,414,960,128	23,111,569,924,096	14,711,140,785,416	25,154,938,761,216	25,945,969,811,456	22,034,264,555,520	29,685,706,653,696	312,114,644	773,219,745	0	0
em-p-ihep51	20260624125543085000000	18	23,111,411,793,920	23,111,993,782,272	14,710,435,256,042	25,154,938,761,216	25,945,969,811,456	22,034,264,555,520	29,685,706,653,696	222,842,325	528,241,387	0	0
em-p-ihep51	20260624125553175000000	15	23,111,410,610,176	23,111,551,692,800	14,709,485,954,532	25,154,938,761,216	25,945,969,811,456	22,034,264,555,520	29,685,706,653,696	416,604,424	1,275,146,554	0	0
em-p-ihep51	20260624125603280000000	20	23,111,418,339,328	23,111,558,627,328	14,710,472,261,552	25,154,938,761,216	25,945,969,811,456	22,034,264,555,520	29,685,706,653,696	182,359,320	1,297,228,299	0	0
em-p-ihep51	20260624125613371000000	22	23,113,306,603,520	23,113,853,272,064	14,714,300,473,379	25,154,938,761,216	25,945,969,811,456	22,034,264,555,520	29,685,706,653,696	389,889,885	854,845,037	0	0
em-p-ihep51	20260624125623472000000	21	23,113,305,427,968	23,113,428,918,272	14,707,458,906,854	25,154,938,761,216	25,945,969,811,456	22,034,264,555,520	29,685,706,653,696	473,731,946	839,990,718	0	0
em-p-ihep51	20260624125633586000000	20	23,113,306,398,720	23,113,428,324,352	14,713,547,219,014	25,154,938,761,216	25,945,969,811,456	22,034,264,555,520	29,685,706,653,696	362,033,834	617,336,207	0	0
em-p-ihep51	20260624125643587000000	23	23,113,305,210,880	23,113,429,377,024	14,715,721,537,189	25,154,938,761,216	25,945,969,811,456	22,034,264,555,520	29,685,706,653,696	336,357,155	661,301,807	0	0
em-p-ihep51	20260624125653673000000	20	23,113,307,643,904	23,113,511,309,312	14,709,539,123,126	25,154,938,761,216	25,945,969,811,456	22,034,264,555,520	29,685,706,653,696	437,309,440	707,285,192	0	0
em-p-ihep51	20260624125703688000000	18	23,113,308,889,088	23,113,520,160,768	14,709,892,325,348	25,154,938,761,216	25,945,969,811,456	22,034,264,555,520	29,685,706,653,696	507,205,618	833,989,575	0	0
em-p-ihep51	20260624125713795000000	15	23,113,305,477,120	23,113,516,609,536	14,708,909,387,510	25,154,938,761,216	25,945,969,811,456	22,034,264,555,520	29,685,706,653,696	200,791,874	1,106,714,128	0	0
em-p-ihep51	20260624125723787000000	13	23,113,305,640,960	23,113,515,786,240	14,710,205,104,625	25,154,938,761,216	25,945,969,811,456	22,034,264,555,520	29,685,706,653,696	469,369,846	1,323,279,965	0	0
em-p-ihep51	20260624125733876000000	16	23,113,306,611,712	23,113,527,603,200	14,707,145,452,621	25,154,938,761,216	25,945,969,811,456	22,034,264,555,520	29,685,706,653,696	347,087,281	1,012,612,794	0	0
em-p-ihep51	20260624125743959000000	15	23,113,338,941,440	23,113,547,194,368	14,703,828,993,689	25,154,938,761,216	25,945,969,811,456	22,034,264,555,520	29,685,706,653,696	618,607,718	1,182,606,582	0	0
em-p-ihep51	20260624125754068000000	15	23,113,338,028,032	23,113,556,635,648	14,708,419,675,030	25,154,938,761,216	25,945,969,811,456	22,034,264,555,520	29,685,706,653,696	206,226,997	591,680,055	0	0
em-p-ihep51	20260624125804064000000	17	23,113,346,252,800	23,113,555,267,584	14,704,770,256,373	25,154,938,761,216	25,945,969,811,456	22,034,264,555,520	29,685,706,653,696	149,927,634	469,050,201	0	0
em-p-ihep51	20260624125814161000000	15	23,113,345,118,208	23,113,557,757,952	14,706,729,304,914	25,154,938,761,216	25,945,969,811,456	22,034,264,555,520	29,685,706,653,696	209,855,291	500,580,955	0	0
em-p-ihep51	20260624125824261000000	12	23,113,342,853,120	23,113,560,113,152	14,709,150,739,163	25,154,938,761,216	25,945,969,811,456	22,034,264,555,520	29,685,706,653,696	340,808,395	634,768,537	0	0
em-p-ihep51	20260624125834241000000	13	23,113,340,477,440	23,113,547,907,072	14,705,896,352,190	25,154,938,761,216	25,945,969,811,456	22,034,264,555,520	29,685,706,653,696	149,434,634	586,626,673	0	0
em-p-ihep51	20260624125844351000000	14	23,113,368,858,624	23,113,576,775,680	14,711,457,525,668	25,154,938,761,216	25,945,969,811,456	22,034,264,555,520	29,685,706,653,696	172,520,112	890,476,308	0	0
em-p-ihep51	20260624125854388000000	15	23,113,395,245,056	23,113,601,155,072	14,712,485,591,430	25,154,938,761,216	25,945,969,811,456	22,034,264,555,520	29,685,706,653,696	402,439,149	1,392,238,970	0	0
em-p-ihep51	20260624125904395000000	16	23,113,395,408,896	23,114,038,652,928	14,712,205,194,440	25,154,938,761,216	25,945,969,811,456	22,034,264,555,520	29,685,706,653,696	437,374,882	1,640,778,595	0	0
em-p-ihep51	20260624125914413000000	16	23,113,394,262,016	23,113,600,204,800	14,729,449,202,873	25,154,938,761,216	25,945,969,811,456	22,034,264,555,520	29,685,706,653,696	342,043,753	1,093,037,742	0	0
em-p-ihep51	20260624125924495000000	14	23,113,394,262,016	23,113,601,634,304	14,709,507,412,092	25,154,938,761,216	25,945,969,811,456	22,034,264,555,520	29,685,706,653,696	183,725,813	366,199,488	0	0
em-p-ihep51	20260624125934503000000	16	23,113,395,503,104	23,113,794,113,536	14,713,425,279,539	25,154,938,761,216	25,945,969,811,456	22,034,264,555,520	29,685,706,653,696	278,765,409	602,819,073	0	0
em-p-ihep51	20260624125944512000000	14	23,113,394,319,360	23,113,602,240,512	14,711,509,669,366	25,154,938,761,216	25,945,969,811,456	22,034,264,555,520	29,685,706,653,696	601,641,275	957,695,233	0	0
em-p-ihep51	20260624125954526000000	17	23,113,394,212,864	23,113,602,330,624	14,710,023,665,025	25,154,938,761,216	25,945,969,811,456	22,034,264,555,520	29,685,706,653,696	203,320,682	466,077,050	0	0
em-p-ihep51	20260624130004565000000	14	23,113,398,161,408	23,113,678,454,784	14,706,395,860,460	25,154,938,761,216	25,945,969,811,456	22,034,264,555,520	29,685,706,653,696	446,379,116	890,806,084	0	0
em-p-ihep51	20260624130014661000000	32	23,113,607,155,712	23,113,836,392,448	14,738,974,563,299	25,154,938,761,216	25,945,969,811,456	22,034,264,555,520	29,685,706,653,696	599,574,638	3,216,284,997	0	0
em-p-ihep51	20260624130024671000000	28	23,113,604,751,360	23,113,764,880,384	14,730,884,337,979	25,154,938,761,216	25,945,969,811,456	22,034,264,555,520	29,685,706,653,696	634,626,334	1,964,289,495	0	0
em-p-ihep51	20260624130034666000000	19	23,113,604,939,776	23,113,768,386,560	14,730,612,429,414	25,154,938,761,216	25,945,969,811,456	22,034,264,555,520	29,685,706,653,696	395,458,658	1,154,848,050	4,096	0
em-p-ihep51	20260624130044661000000	17	23,113,602,457,600	23,114,208,133,120	14,712,985,326,663	25,154,938,761,216	25,945,969,811,456	22,034,264,555,520	29,685,706,653,696	501,602,901	764,844,095	40,960	0
em-p-ihep51	20260624130054759000000	19	23,113,601,269,760	23,113,726,976,000	14,704,704,049,669	25,154,938,761,216	25,945,969,811,456	22,034,264,555,520	29,685,706,653,696	289,192,711	1,107,560,473	0	0
em-p-ihep51	20260624130104763000000	20	23,113,603,973,120	23,113,728,172,032	14,714,281,967,729	25,154,938,761,216	25,945,969,811,456	22,034,264,555,520	29,685,706,653,696	337,068,280	1,000,876,372	0	0
em-p-ihep51	20260624130114864000000	20	23,113,740,763,136	23,113,868,328,960	14,718,572,013,053	25,154,938,761,216	25,945,969,811,456	22,034,264,555,520	29,685,706,653,696	400,921,933	1,015,113,823	0	0
em-p-ihep51	20260624130124969000000	18	23,113,730,592,768	23,113,854,541,824	14,706,722,274,625	25,154,938,761,216	25,945,969,811,456	22,034,264,555,520	29,685,706,653,696	348,630,018	756,333,077	0	0
em-p-ihep51	20260624130134979000000	17	23,113,731,944,448	23,113,855,737,856	14,711,884,551,821	25,154,938,761,216	25,945,969,811,456	22,034,264,555,520	29,685,706,653,696	309,303,249	653,404,927	0	0
em-p-ihep51	20260624130145035000000	23	23,113,733,996,544	23,113,856,577,536	14,720,775,319,091	25,154,938,761,216	25,945,969,811,456	22,034,264,555,520	29,685,706,653,696	338,362,208	1,230,044,680	0	0
em-p-ihep51	20260624130155119000000	25	23,113,735,634,944	23,113,882,091,520	14,713,877,576,893	25,154,938,761,216	25,945,969,811,456	22,034,264,555,520	29,685,706,653,696	581,678,092	1,190,447,389	0	0
em-p-ihep51	20260624130205210000000	17	23,113,781,477,376	23,113,910,620,160	14,714,907,461,644	25,154,938,761,216	25,945,969,811,456	22,034,264,555,520	29,685,706,653,696	424,247,996	729,795,702	0	0
em-p-ihep51	20260624130215306000000	21	23,113,618,305,024	23,113,746,243,584	14,723,833,718,022	25,154,938,761,216	25,945,969,811,456	22,034,264,555,520	29,685,706,653,696	451,062,498	1,605,236,891	0	0
em-p-ihep51	20260624130225386000000	14	23,113,610,649,600	23,114,187,726,848	14,708,636,866,700	25,154,938,761,216	25,945,969,811,456	22,034,264,555,520	29,685,706,653,696	422,735,971	1,588,384,487	0	0
em-p-ihep51	20260624130235468000000	16	23,113,610,944,512	23,113,742,114,816	14,708,729,802,350	25,154,938,761,216	25,945,969,811,456	22,034,264,555,520	29,685,706,653,696	172,912,816	1,384,311,281	0	0
em-p-ihep51	20260624130245479000000	13	23,113,610,838,016	23,113,742,589,952	14,704,397,768,357	25,154,938,761,216	25,945,969,811,456	22,034,264,555,520	29,685,706,653,696	412,837,907	818,050,844	0	0
em-p-ihep51	20260624130255563000000	9	23,113,612,189,696	23,113,743,867,904	14,712,033,763,460	25,154,938,761,216	25,945,969,811,456	22,034,264,555,520	29,685,706,653,696	150,305,354	440,240,466	0	0
em-p-ihep51	20260624130305679000000	12	23,113,612,083,200	23,113,748,160,512	14,709,650,459,429	25,154,938,761,216	25,945,969,811,456	22,034,264,555,520	29,685,706,653,696	243,252,203	1,077,365,746	0	0
em-p-ihep51	20260624130315791000000	13	23,113,612,247,040	23,113,755,226,112	14,704,150,230,628	25,154,938,761,216	25,945,969,811,456	22,034,264,555,520	29,685,706,653,696	328,546,197	1,459,181,001	0	0
em-p-ihep51	20260624130325765000000	12	23,113,613,221,888	23,113,738,903,552	14,708,266,215,927	25,154,938,761,216	25,945,969,811,456	22,034,264,555,520	29,685,706,653,696	210,900,388	615,905,083	0	0
em-p-ihep51	20260624130335867000000	11	23,113,615,650,816	23,114,153,279,488	14,706,097,848,791	25,154,938,761,216	25,945,969,811,456	22,034,264,555,520	29,685,706,653,696	149,160,024	716,962,059	0	0
em-p-ihep51	20260624130345875000000	12	23,113,615,544,320	23,113,739,776,000	14,706,477,132,434	25,154,938,761,216	25,945,969,811,456	22,034,264,555,520	29,685,706,653,696	226,988,179	546,539,350	0	0
em-p-ihep51	20260624130355958000000	14	23,113,614,626,816	23,113,739,808,768	14,709,450,096,412	25,154,938,761,216	25,945,969,811,456	22,034,264,555,520	29,685,706,653,696	182,974,018	667,952,533	0	0
em-p-ihep51	20260624130406042000000	13	23,113,626,427,392	23,113,751,592,960	14,716,750,949,633	25,154,938,761,216	25,945,969,811,456	22,034,264,555,520	29,685,706,653,696	193,160,606	907,059,837	0	0
em-p-ihep51	20260624130416077000000	15	23,116,963,143,680	23,117,095,993,344	14,720,626,066,836	25,154,938,761,216	25,945,969,811,456	22,034,264,555,520	29,685,706,653,696	353,395,353	754,887,906	0	0
em-p-ihep51	20260624130426061000000	13	23,110,053,818,368	23,110,175,019,008	14,706,329,700,972	25,154,938,761,216	25,945,969,811,456	22,034,264,555,520	29,685,706,653,696	479,640,556	912,402,973	0	0
em-p-ihep51	20260624130436077000000	14	23,110,053,982,208	23,110,197,133,312	14,706,450,501,807	25,154,938,761,216	25,945,969,811,456	22,034,264,555,520	29,685,706,653,696	371,964,557	1,041,907,655	0	0
em-p-ihep51	20260624130446168000000	12	23,110,055,763,968	23,110,400,786,432	14,705,869,908,378	25,154,938,761,216	25,945,969,811,456	22,034,264,555,520	29,685,706,653,696	640,426,325	1,091,702,414	0	0
em-p-ihep51	20260624130456251000000	11	23,110,055,657,472	23,110,177,484,800	14,703,302,394,656	25,154,938,761,216	25,945,969,811,456	22,034,264,555,520	29,685,706,653,696	230,582,548	634,230,785	0	0
em-p-ihep51	20260624130506295000000	27	23,110,081,458,176	23,110,251,085,824	14,710,239,566,139	25,154,938,761,216	25,945,969,811,456	22,034,264,555,520	29,685,706,653,696	361,176,318	1,395,863,875	0	0
em-p-ihep51	20260624130516281000000	21	23,110,070,202,368	23,110,235,459,584	14,716,984,449,875	25,154,938,761,216	25,945,969,811,456	22,034,264,555,520	29,685,706,653,696	290,568,772	839,113,433	0	0
em-p-ihep51	20260624130526274000000	18	23,110,067,855,360	23,110,244,814,848	14,709,747,623,961	25,154,938,761,216	25,945,969,811,456	22,034,264,555,520	29,685,706,653,696	343,208,772	636,977,654	0	0
em-p-ihep51	20260624130536390000000	17	23,110,072,553,472	23,110,265,577,472	14,709,861,227,545	25,154,938,761,216	25,945,969,811,456	22,034,264,555,520	29,685,706,653,696	188,080,818	575,285,991	0	0
em-p-ihep51	20260624130546474000000	18	23,110,071,476,224	23,110,238,142,464	14,704,731,357,924	25,154,938,761,216	25,945,969,811,456	22,034,264,555,520	29,685,706,653,696	226,957,473	674,475,311	0	0
em-p-ihep51	20260624130556478000000	14	23,110,071,640,064	23,110,780,346,368	14,710,585,584,306	25,154,938,761,216	25,945,969,811,456	22,034,264,555,520	29,685,706,653,696	274,074,934	1,048,112,351	0	0
em-p-ihep51	20260624130606477000000	18	23,110,075,449,344	23,110,281,482,240	14,712,880,022,543	25,154,938,761,216	25,945,969,811,456	22,034,264,555,520	29,685,706,653,696	560,499,281	1,639,747,899	0	0
em-p-ihep51	20260624130616489000000	19	23,110,739,873,792	23,110,892,343,296	14,709,099,009,416	25,154,938,761,216	25,945,969,811,456	22,034,264,555,520	29,685,706,653,696	225,002,635	2,167,356,090	0	0
em-p-ihep51	20260624130626496000000	16	23,110,736,613,376	23,110,885,969,920	14,717,941,776,350	25,154,938,761,216	25,945,969,811,456	22,034,264,555,520	29,685,706,653,696	290,160,775	1,642,762,366	0	0
em-p-ihep51	20260624130636522000000	21	23,110,742,016,000	23,110,896,836,608	14,720,226,059,511	25,154,938,761,216	25,945,969,811,456	22,034,264,555,520	29,685,706,653,696	441,505,580	553,605,650	0	0
em-p-ihep51	20260624130646500000000	19	23,110,741,909,504	23,110,885,244,928	14,713,545,590,112	25,154,938,761,216	25,945,969,811,456	22,034,264,555,520	29,685,706,653,696	206,151,678	615,831,418	0	0
em-p-ihep51	20260624130656597000000	15	23,110,742,073,344	23,110,888,587,264	14,710,146,492,146	25,154,938,761,216	25,945,969,811,456	22,034,264,555,520	29,685,706,653,696	174,073,280	601,303,457	0	0
em-p-ihep51	20260624130706705000000	12	23,110,740,905,984	23,111,364,726,784	14,717,779,993,765	25,154,938,761,216	25,945,969,811,456	22,034,264,555,520	29,685,706,653,696	644,846,717	1,369,091,703	0	0
em-p-ihep51	20260624130716823000000	18	23,110,741,880,832	23,110,939,303,936	14,706,065,427,773	25,154,938,761,216	25,945,969,811,456	22,034,264,555,520	29,685,706,653,696	222,795,885	1,220,294,997	0	0
em-p-ihep51	20260624130726881000000	13	23,110,740,692,992	23,110,938,103,808	14,709,413,333,032	25,154,938,761,216	25,945,969,811,456	22,034,264,555,520	29,685,706,653,696	451,145,937	927,934,101	0	0
em-p-ihep51	20260624130736892000000	12	23,110,742,044,672	23,110,945,439,744	14,707,400,461,057	25,154,938,761,216	25,945,969,811,456	22,034,264,555,520	29,685,706,653,696	220,352,878	1,028,353,961	0	0
em-p-ihep51	20260624130746910000000	18	23,110,740,750,336	23,110,932,852,736	14,706,096,022,645	25,154,938,761,216	25,945,969,811,456	22,034,264,555,520	29,685,706,653,696	225,666,300	767,998,004	0	0
em-p-ihep51	20260624130756912000000	16	23,110,739,591,168	23,110,932,287,488	14,710,194,845,529	25,154,938,761,216	25,945,969,811,456	22,034,264,555,520	29,685,706,653,696	263,470,932	479,101,309	0	0
em-p-ihep51	20260624130806941000000	16	23,110,741,069,824	23,110,932,799,488	14,722,714,504,281	25,154,938,761,216	25,945,969,811,456	22,034,264,555,520	29,685,706,653,696	202,919,971	617,633,986	0	0
em-p-ihep51	20260624130816918000000	17	23,110,740,381,696	23,110,985,363,456	14,720,840,601,034	25,154,938,761,216	25,945,969,811,456	22,034,264,555,520	29,685,706,653,696	231,806,328	602,110,962	0	0
em-p-ihep51	20260624130826931000000	14	23,110,740,271,104	23,110,943,653,888	14,710,373,099,525	25,154,938,761,216	25,945,969,811,456	22,034,264,555,520	29,685,706,653,696	283,754,780	596,405,780	0	0
em-p-ihep51	20260624130836932000000	14	23,110,741,352,448	23,110,945,148,928	14,703,765,908,750	25,154,938,761,216	25,945,969,811,456	22,034,264,555,520	29,685,706,653,696	634,211,362	1,190,047,030	0	0
em-p-ihep51	20260624130846944000000	15	23,110,741,516,288	23,110,944,686,080	14,717,299,812,020	25,154,938,761,216	25,945,969,811,456	22,034,264,555,520	29,685,706,653,696	464,591,750	1,435,224,061	0	0
em-p-ihep51	20260624130856967000000	18	23,110,734,606,336	23,110,930,485,248	14,707,907,794,379	25,154,938,761,216	25,945,969,811,456	22,034,264,555,520	29,685,706,653,696	469,056,904	1,330,511,921	20,480	0
em-p-ihep51	20260624130907050000000	15	23,110,333,812,736	23,110,922,391,552	14,721,849,505,447	25,154,938,761,216	25,945,969,811,456	22,034,264,555,520	29,685,706,653,696	466,144,408	1,723,525,924	57,344	0
em-p-ihep51	20260624130917138000000	14	23,115,511,250,944	23,116,449,222,656	14,710,245,285,909	25,154,938,761,216	25,945,969,811,456	22,034,264,555,520	29,685,706,653,696	282,602,556	831,325,504	0	0
em-p-ihep51	20260624130927259000000	13	23,113,248,165,888	23,115,704,840,192	14,707,307,976,661	25,154,938,761,216	25,945,969,811,456	22,034,264,555,520	29,685,706,653,696	326,184,973	594,169,352	0	0
em-p-ihep51	20260624130937347000000	16	23,110,330,761,216	23,110,523,281,408	14,712,560,281,672	25,154,938,761,216	25,945,969,811,456	22,034,264,555,520	29,685,706,653,696	372,839,706	661,530,744	0	0
em-p-ihep51	20260624130947352000000	16	23,110,331,736,064	23,110,514,958,336	14,705,808,218,421	25,154,938,761,216	25,945,969,811,456	22,034,264,555,520	29,685,706,653,696	183,050,477	638,101,902	0	0
em-p-ihep51	20260624130957354000000	16	23,110,324,609,024	23,111,027,908,608	14,708,197,822,589	25,154,938,761,216	25,945,969,811,456	22,034,264,555,520	29,685,706,653,696	342,825,152	667,918,858	0	0
em-p-ihep51	20260624131007419000000	37	23,110,365,642,752	23,110,889,127,936	14,730,324,449,957	25,154,938,761,216	25,945,969,811,456	22,034,264,555,520	29,685,706,653,696	524,356,825	2,873,698,370	0	0
em-p-ihep51	20260624131017426000000	31	23,110,422,282,240	23,110,581,116,928	14,733,596,352,986	25,154,938,761,216	25,945,969,811,456	22,034,264,555,520	29,685,706,653,696	380,469,580	2,688,896,944	0	0
em-p-ihep51	20260624131027540000000	19	23,110,412,140,544	23,111,118,180,352	14,715,013,642,106	25,154,938,761,216	25,945,969,811,456	22,034,264,555,520	29,685,706,653,696	399,840,946	1,077,047,402	0	0
em-p-ihep51	20260624131037523000000	14	23,110,410,973,184	23,110,551,605,248	14,712,851,384,391	25,154,938,761,216	25,945,969,811,456	22,034,264,555,520	29,685,706,653,696	425,347,145	931,287,853	0	0
em-p-ihep51	20260624131047611000000	18	23,110,409,949,184	23,111,032,442,880	14,714,096,986,239	25,154,938,761,216	25,945,969,811,456	22,034,264,555,520	29,685,706,653,696	278,031,907	1,098,951,456	0	0
em-p-ihep51	20260624131057706000000	18	23,110,410,985,472	23,110,542,450,688	14,717,405,362,087	25,154,938,761,216	25,945,969,811,456	22,034,264,555,520	29,685,706,653,696	337,972,627	850,378,154	0	0
em-p-ihep51	20260624131107806000000	20	23,112,225,161,216	23,112,262,733,824	14,729,909,107,767	25,154,938,761,216	25,945,969,811,456	22,034,264,555,520	29,685,706,653,696	318,357,525	1,522,672,410	0	0
em-p-ihep51	20260624131117908000000	19	23,112,219,459,584	23,112,350,068,736	14,713,501,488,026	25,154,938,761,216	25,945,969,811,456	22,034,264,555,520	29,685,706,653,696	249,800,267	976,763,052	0	0
em-p-ihep51	20260624131128001000000	16	23,112,217,088,000	23,112,349,581,312	14,710,857,022,742	25,154,938,761,216	25,945,969,811,456	22,034,264,555,520	29,685,706,653,696	184,649,026	885,725,032	0	0
em-p-ihep51	20260624131138001000000	17	23,112,218,329,088	23,112,832,950,272	14,715,223,653,147	25,154,938,761,216	25,945,969,811,456	22,034,264,555,520	29,685,706,653,696	216,428,301	1,214,511,020	0	0
em-p-ihep51	20260624131148093000000	24	23,112,220,487,680	23,112,350,261,248	14,710,371,970,788	25,154,938,761,216	25,945,969,811,456	22,034,264,555,520	29,685,706,653,696	404,204,538	1,435,618,684	0	0
em-p-ihep51	20260624131158191000000	21	23,112,219,680,768	23,112,349,044,736	14,713,874,740,604	25,154,938,761,216	25,945,969,811,456	22,034,264,555,520	29,685,706,653,696	250,526,728	896,381,002	0	0
em-p-ihep51	20260624131208278000000	17	23,112,221,949,952	23,112,363,003,904	14,718,106,423,618	25,154,938,761,216	25,945,969,811,456	22,034,264,555,520	29,685,706,653,696	410,373,594	1,109,386,041	0	0
em-p-ihep51	20260624131218289000000	15	23,112,223,191,040	23,112,388,128,768	14,713,752,945,609	25,154,938,761,216	25,945,969,811,456	22,034,264,555,520	29,685,706,653,696	441,979,462	958,950,927	0	0
em-p-ihep51	20260624131228288000000	14	23,112,223,215,616	23,112,363,491,328	14,706,211,902,334	25,154,938,761,216	25,945,969,811,456	22,034,264,555,520	29,685,706,653,696	187,160,389	799,507,191	0	0
em-p-ihep51	20260624131238306000000	13	23,112,222,138,368	23,112,362,971,136	14,713,371,515,916	25,154,938,761,216	25,945,969,811,456	22,034,264,555,520	29,685,706,653,696	414,723,992	908,272,110	0	0
em-p-ihep51	20260624131248300000000	16	23,112,223,219,712	23,112,367,341,568	14,712,523,737,640	25,154,938,761,216	25,945,969,811,456	22,034,264,555,520	29,685,706,653,696	501,610,195	1,036,638,484	0	0
em-p-ihep51	20260624131258318000000	17	23,112,223,113,216	23,112,369,364,992	14,712,080,739,052	25,154,938,761,216	25,945,969,811,456	22,034,264,555,520	29,685,706,653,696	319,503,875	969,895,513	0	0
em-p-ihep51	20260624131308349000000	16	23,112,223,113,216	23,112,360,321,024	14,717,661,136,677	25,154,938,761,216	25,945,969,811,456	22,034,264,555,520	29,685,706,653,696	224,845,335	1,196,922,597	0	0
em-p-ihep51	20260624131318434000000	12	23,112,221,925,376	23,112,359,571,456	14,710,183,279,366	25,154,938,761,216	25,945,969,811,456	22,034,264,555,520	29,685,706,653,696	375,302,992	1,048,921,224	0	0
em-p-ihep51	20260624131328457000000	13	23,112,224,575,488	23,112,361,123,840	14,710,619,047,366	25,154,938,761,216	25,945,969,811,456	22,034,264,555,520	29,685,706,653,696	266,294,427	659,575,082	0	0
em-p-ihep51	20260624131338554000000	12	23,112,224,595,968	23,112,508,014,592	14,707,050,448,248	25,154,938,761,216	25,945,969,811,456	22,034,264,555,520	29,685,706,653,696	522,252,338	2,020,032,152	0	0
em-p-ihep51	20260624131348640000000	12	23,112,503,427,072	23,112,647,385,088	14,707,699,545,238	25,154,938,761,216	25,945,969,811,456	22,034,264,555,520	29,685,706,653,696	464,534,312	1,084,196,100	0	0
em-p-ihep51	20260624131358726000000	10	23,112,501,051,392	23,112,675,844,096	14,710,148,761,781	25,154,938,761,216	25,945,969,811,456	22,034,264,555,520	29,685,706,653,696	698,577,787	844,911,564	0	0
em-p-ihep51	20260624131408823000000	11	23,112,502,132,736	23,112,641,933,312	14,725,094,576,110	25,154,938,761,216	25,945,969,811,456	22,034,264,555,520	29,685,706,653,696	254,515,861	1,126,206,396	0	0
em-p-ihep51	20260624131418829000000	14	23,112,499,650,560	23,112,639,467,520	14,707,394,321,647	25,154,938,761,216	25,945,969,811,456	22,034,264,555,520	29,685,706,653,696	326,787,480	1,195,280,034	0	0
em-p-ihep51	20260624131428823000000	12	23,112,499,650,560	23,112,667,832,320	14,709,765,572,600	25,154,938,761,216	25,945,969,811,456	22,034,264,555,520	29,685,706,653,696	427,652,200	1,358,083,695	0	0
em-p-ihep51	20260624131438913000000	11	23,112,552,910,848	23,112,694,272,000	14,707,530,145,768	25,154,938,761,216	25,945,969,811,456	22,034,264,555,520	29,685,706,653,696	443,531,950	1,162,494,254	0	0
em-p-ihep51	20260624131449010000000	16	23,112,550,440,960	23,112,695,767,040	14,714,895,226,787	25,154,938,761,216	25,945,969,811,456	22,034,264,555,520	29,685,706,653,696	522,965,499	872,851,141	0	0
em-p-ihep51	20260624131459106000000	14	23,112,550,604,800	23,112,695,762,944	14,714,013,407,559	25,154,938,761,216	25,945,969,811,456	22,034,264,555,520	29,685,706,653,696	438,713,520	753,689,676	0	0
em-p-ihep51	20260624131509113000000	32	23,112,561,479,680	23,113,044,815,872	14,722,701,755,416	25,154,938,761,216	25,945,969,811,456	22,034,264,555,520	29,685,706,653,696	648,788,431	1,290,434,501	0	0
em-p-ihep51	20260624131519112000000	15	23,112,561,373,184	23,112,707,080,192	14,722,383,453,381	25,154,938,761,216	25,945,969,811,456	22,034,264,555,520	29,685,706,653,696	336,017,631	655,046,509	0	0
em-p-ihep51	20260624131529199000000	13	23,112,560,078,848	23,112,707,100,672	14,717,861,504,420	25,154,938,761,216	25,945,969,811,456	22,034,264,555,520	29,685,706,653,696	167,471,090	417,165,072	0	0
em-p-ihep51	20260624131539205000000	13	23,112,557,703,168	23,112,703,279,104	14,708,903,734,379	25,154,938,761,216	25,945,969,811,456	22,034,264,555,520	29,685,706,653,696	328,910,300	737,335,949	0	0
em-p-ihep51	20260624131549217000000	13	23,112,558,100,480	23,112,706,023,424	14,711,835,630,045	25,154,938,761,216	25,945,969,811,456	22,034,264,555,520	29,685,706,653,696	319,663,510	1,292,961,201	0	0
em-p-ihep51	20260624131559225000000	15	23,112,559,665,152	23,112,705,982,464	14,715,050,415,156	25,154,938,761,216	25,945,969,811,456	22,034,264,555,520	29,685,706,653,696	243,115,024	950,417,255	0	0
em-p-ihep51	20260624131609233000000	15	23,112,558,616,576	23,112,708,313,088	14,726,745,162,866	25,154,938,761,216	25,945,969,811,456	22,034,264,555,520	29,685,706,653,696	473,459,457	707,905,416	0	0
em-p-ihep51	20260624131619331000000	17	23,112,558,780,416	23,113,132,457,984	14,711,840,613,797	25,154,938,761,216	25,945,969,811,456	22,034,264,555,520	29,685,706,653,696	236,847,477	657,140,090	0	0
em-p-ihep51	20260624131629411000000	17	23,112,558,673,920	23,112,703,193,088	14,712,814,906,349	25,154,938,761,216	25,945,969,811,456	22,034,264,555,520	29,685,706,653,696	480,641,671	927,629,648	0	0
em-p-ihep51	20260624131639513000000	21	23,112,556,584,960	23,112,703,029,248	14,714,974,111,687	25,154,938,761,216	25,945,969,811,456	22,034,264,555,520	29,685,706,653,696	211,498,174	564,415,621	0	0
em-p-ihep51	20260624131649510000000	19	23,112,556,478,464	23,113,199,296,512	14,714,569,147,518	25,154,938,761,216	25,945,969,811,456	22,034,264,555,520	29,685,706,653,696	197,414,068	687,576,715	0	0
em-p-ihep51	20260624131659515000000	21	23,112,560,099,328	23,112,695,500,800	14,707,269,477,407	25,154,938,761,216	25,945,969,811,456	22,034,264,555,520	29,685,706,653,696	691,608,557	1,141,026,454	0	0
em-p-ihep51	20260624131709630000000	18	23,112,548,630,528	23,112,928,956,416	14,721,731,973,209	25,154,938,761,216	25,945,969,811,456	22,034,264,555,520	29,685,706,653,696	637,568,396	2,010,913,294	0	0
em-p-ihep51	20260624131719691000000	14	23,112,548,491,264	23,112,753,614,848	14,711,715,637,681	25,154,938,761,216	25,945,969,811,456	22,034,264,555,520	29,685,706,653,696	318,465,048	1,460,632,545	0	0
em-p-ihep51	20260624131729710000000	12	23,112,549,998,592	23,112,769,908,736	14,712,441,149,308	25,154,938,761,216	25,945,969,811,456	22,034,264,555,520	29,685,706,653,696	221,874,660	695,808,346	0	0
em-p-ihep51	20260624131739704000000	15	23,112,548,843,520	23,112,773,787,648	14,711,728,607,348	25,154,938,761,216	25,945,969,811,456	22,034,264,555,520	29,685,706,653,696	200,222,112	1,671,436,609	0	0
em-p-ihep51	20260624131749709000000	13	23,112,549,892,096	23,112,756,854,784	14,713,226,796,333	25,154,938,761,216	25,945,969,811,456	22,034,264,555,520	29,685,706,653,696	271,612,170	1,410,970,265	0	0
em-p-ihep51	20260624131759718000000	11	23,112,548,708,352	23,113,158,639,616	14,710,868,748,309	25,154,938,761,216	25,945,969,811,456	22,034,264,555,520	29,685,706,653,696	249,361,975	639,570,011	0	0
em-p-ihep51	20260624131809746000000	13	23,112,548,872,192	23,112,757,792,768	14,717,584,214,106	25,154,938,761,216	25,945,969,811,456	22,034,264,555,520	29,685,706,653,696	471,152,015	934,136,841	0	0
em-p-ihep51	20260624131819739000000	15	23,112,560,386,048	23,113,159,499,776	14,708,451,090,799	25,154,938,761,216	25,945,969,811,456	22,034,264,555,520	29,685,706,653,696	299,481,061	820,039,075	0	0
em-p-ihep51	20260624131829836000000	17	23,112,561,463,296	23,112,769,536,000	14,716,446,065,803	25,154,938,761,216	25,945,969,811,456	22,034,264,555,520	29,685,706,653,696	326,577,804	1,289,099,644	0	0
em-p-ihep51	20260624131839923000000	13	23,112,561,729,536	23,112,794,017,792	14,711,532,014,008	25,154,938,761,216	25,945,969,811,456	22,034,264,555,520	29,685,706,653,696	294,361,138	1,128,094,461	0	0
em-p-ihep51	20260624131850014000000	16	23,112,562,036,736	23,112,771,010,560	14,713,215,736,479	25,154,938,761,216	25,945,969,811,456	22,034,264,555,520	29,685,706,653,696	361,171,128	1,304,351,020	114,688	0
em-p-ihep51	20260624131900082000000	14	23,112,562,200,576	23,112,763,437,056	14,714,480,055,672	25,154,938,761,216	25,945,969,811,456	22,034,264,555,520	29,685,706,653,696	186,455,227	559,786,270	0	0
em-p-ihep51	20260624131910110000000	16	23,112,563,380,224	23,113,096,417,280	14,723,669,419,396	25,154,938,761,216	25,945,969,811,456	22,034,264,555,520	29,685,706,653,696	254,474,731	1,522,667,298	0	0
em-p-ihep51	20260624131920215000000	18	23,117,972,090,880	23,118,157,168,640	14,733,334,227,143	25,154,938,761,216	25,945,969,811,456	22,034,264,555,520	29,685,706,653,696	201,480,564	1,391,958,173	0	0
em-p-ihep51	20260624131930202000000	19	23,110,236,635,136	23,110,401,576,960	14,709,540,678,340	25,154,938,761,216	25,945,969,811,456	22,034,264,555,520	29,685,706,653,696	278,366,612	665,879,341	0	0
em-p-ihep51	20260624131940280000000	11	23,110,235,774,976	23,110,402,727,936	14,713,832,919,348	25,154,938,761,216	25,945,969,811,456	22,034,264,555,520	29,685,706,653,696	283,722,456	591,828,788	0	0
em-p-ihep51	20260624131950289000000	11	23,110,235,668,480	23,110,405,378,048	14,718,135,225,602	25,154,938,761,216	25,945,969,811,456	22,034,264,555,520	29,685,706,653,696	154,668,201	593,847,297	0	0
em-p-ihep51	20260624132000373000000	13	23,110,236,372,992	23,110,403,661,824	14,714,831,584,600	25,154,938,761,216	25,945,969,811,456	22,034,264,555,520	29,685,706,653,696	131,470,824	849,427,222	0	0
em-p-ihep51	20260624132010381000000	30	23,110,243,704,832	23,110,409,314,304	14,749,409,444,218	25,154,938,761,216	25,945,969,811,456	22,034,264,555,520	29,685,706,653,696	642,903,466	2,470,272,383	0	0
em-p-ihep51	20260624132020495000000	25	23,110,251,700,224	23,110,834,262,016	14,737,513,697,184	25,154,938,761,216	25,945,969,811,456	22,034,264,555,520	29,685,706,653,696	542,601,458	1,319,037,287	0	0
em-p-ihep51	20260624132030571000000	22	23,110,254,170,112	23,110,387,249,152	14,732,625,449,701	25,154,938,761,216	25,945,969,811,456	22,034,264,555,520	29,685,706,653,696	228,934,230	656,303,291	0	0
em-p-ihep51	20260624132040563000000	18	23,110,641,229,824	23,110,840,475,648	14,719,499,460,567	25,154,938,761,216	25,945,969,811,456	22,034,264,555,520	29,685,706,653,696	167,545,854	780,794,587	0	0
em-p-ihep51	20260624132050640000000	14	23,110,642,876,416	23,110,964,994,048	14,713,455,666,290	25,154,938,761,216	25,945,969,811,456	22,034,264,555,520	29,685,706,653,696	270,378,743	2,328,183,262	0	0
em-p-ihep51	20260624132100722000000	20	23,110,649,810,944	23,110,747,308,032	14,712,639,288,322	25,154,938,761,216	25,945,969,811,456	22,034,264,555,520	29,685,706,653,696	328,727,840	943,546,167	0	0
em-p-ihep51	20260624132110835000000	24	23,110,653,767,680	23,110,882,656,256	14,727,275,258,098	25,154,938,761,216	25,945,969,811,456	22,034,264,555,520	29,685,706,653,696	344,748,876	1,742,700,047	0	0
em-p-ihep51	20260624132120822000000	18	23,110,656,077,824	23,110,756,143,104	14,721,579,745,119	25,154,938,761,216	25,945,969,811,456	22,034,264,555,520	29,685,706,653,696	568,505,255	1,904,261,123	0	0
em-p-ihep51	20260624132130933000000	13	23,110,655,971,328	23,110,755,143,680	14,718,615,794,819	25,154,938,761,216	25,945,969,811,456	22,034,264,555,520	29,685,706,653,696	256,877,310	1,158,183,725	0	0
em-p-ihep51	20260624132140921000000	18	23,110,657,482,752	23,110,757,625,856	14,720,966,225,702	25,154,938,761,216	25,945,969,811,456	22,034,264,555,520	29,685,706,653,696	363,423,556	1,052,564,060	0	0
em-p-ihep51	20260624132151023000000	21	23,110,655,406,080	23,110,755,065,856	14,727,230,690,423	25,154,938,761,216	25,945,969,811,456	22,034,264,555,520	29,685,706,653,696	271,872,938	571,815,809	0	0
em-p-ihep51	20260624132201114000000	15	23,110,655,475,712	23,110,771,048,448	14,709,673,883,327	25,154,938,761,216	25,945,969,811,456	22,034,264,555,520	29,685,706,653,696	390,005,077	626,909,163	0	0
em-p-ihep51	20260624132211198000000	18	23,110,657,220,608	23,110,758,723,584	14,718,341,713,456	25,154,938,761,216	25,945,969,811,456	22,034,264,555,520	29,685,706,653,696	500,903,281	1,007,200,998	0	0
em-p-ihep51	20260624132221202000000	14	23,110,654,738,432	23,110,755,348,480	14,713,261,915,657	25,154,938,761,216	25,945,969,811,456	22,034,264,555,520	29,685,706,653,696	741,456,951	791,997,505	0	0
em-p-ihep51	20260624132231217000000	16	23,110,990,020,608	23,111,093,424,128	14,720,491,975,107	25,154,938,761,216	25,945,969,811,456	22,034,264,555,520	29,685,706,653,696	306,903,778	595,510,744	618,496	0
em-p-ihep51	20260624132241309000000	20	23,110,992,887,808	23,111,097,163,776	14,711,354,653,688	25,154,938,761,216	25,945,969,811,456	22,034,264,555,520	29,685,706,653,696	395,330,294	892,608,162	20,480	0
em-p-ihep51	20260624132251393000000	15	23,110,989,795,328	23,111,092,592,640	14,715,140,841,404	25,154,938,761,216	25,945,969,811,456	22,034,264,555,520	29,685,706,653,696	386,408,523	1,225,084,953	0	0
em-p-ihep51	20260624132301481000000	14	23,110,989,688,832	23,111,106,265,088	14,719,046,754,563	25,154,938,761,216	25,945,969,811,456	22,034,264,555,520	29,685,706,653,696	151,194,842	993,556,555	0	0
em-p-ihep51	20260624132311584000000	22	23,110,983,749,632	23,111,447,474,176	14,724,147,781,046	25,154,938,761,216	25,945,969,811,456	22,034,264,555,520	29,685,706,653,696	471,504,174	1,171,702,255	20,480	0
em-p-ihep51	20260624132321595000000	27	23,110,987,456,512	23,111,089,881,088	14,715,809,092,326	25,154,938,761,216	25,945,969,811,456	22,034,264,555,520	29,685,706,653,696	558,276,219	1,215,632,442	0	0
em-p-ihep51	20260624132331603000000	22	23,110,979,706,880	23,111,084,478,464	14,714,038,733,363	25,154,938,761,216	25,945,969,811,456	22,034,264,555,520	29,685,706,653,696	406,481,975	749,424,316	0	0
em-p-ihep51	20260624132341585000000	16	23,110,978,629,632	23,111,113,809,920	14,714,706,277,459	25,154,938,761,216	25,945,969,811,456	22,034,264,555,520	29,685,706,653,696	201,315,768	644,246,039	0	0
em-p-ihep51	20260624132351676000000	14	23,111,117,197,312	23,111,222,325,248	14,717,587,428,098	25,154,938,761,216	25,945,969,811,456	22,034,264,555,520	29,685,706,653,696	434,037,800	503,608,785	0	0
em-p-ihep51	20260624132401755000000	16	23,111,121,956,864	23,111,227,371,520	14,713,069,068,176	25,154,938,761,216	25,945,969,811,456	22,034,264,555,520	29,685,706,653,696	384,363,714	433,474,209	0	0
em-p-ihep51	20260624132411762000000	17	23,111,121,850,368	23,111,333,031,936	14,724,512,641,208	25,154,938,761,216	25,945,969,811,456	22,034,264,555,520	29,685,706,653,696	233,379,577	1,216,094,770	0	0
em-p-ihep51	20260624132421861000000	18	23,111,298,809,856	23,111,458,148,352	14,726,898,364,777	25,154,938,761,216	25,945,969,811,456	22,034,264,555,520	29,685,706,653,696	175,546,659	1,257,499,324	0	0
em-p-ihep51	20260624132431967000000	16	23,111,295,672,320	23,111,454,797,824	14,717,936,957,681	25,154,938,761,216	25,945,969,811,456	22,034,264,555,520	29,685,706,653,696	258,016,669	838,219,024	0	0
em-p-ihep51	20260624132441955000000	17	23,111,297,724,416	23,111,457,390,592	14,713,937,203,550	25,154,938,761,216	25,945,969,811,456	22,034,264,555,520	29,685,706,653,696	333,601,185	801,841,921	0	0
em-p-ihep51	20260624132451963000000	13	23,111,297,888,256	23,111,892,320,256	14,711,299,655,792	25,154,938,761,216	25,945,969,811,456	22,034,264,555,520	29,685,706,653,696	175,696,090	553,920,255	0	0
em-p-ihep51	20260624132501965000000	12	23,111,296,733,184	23,111,448,137,728	14,713,898,335,296	25,154,938,761,216	25,945,969,811,456	22,034,264,555,520	29,685,706,653,696	123,475,303	1,634,197,907	0	0
em-p-ihep51	20260624132511980000000	20	23,111,313,960,960	23,111,467,503,616	14,735,180,872,778	25,154,938,761,216	25,945,969,811,456	22,034,264,555,520	29,685,706,653,696	256,383,526	1,696,231,653	0	0
em-p-ihep51	20260624132522065000000	20	23,111,306,981,376	23,111,465,811,968	14,721,392,378,035	25,154,938,761,216	25,945,969,811,456	22,034,264,555,520	29,685,706,653,696	251,644,992	743,499,157	0	0
em-p-ihep51	20260624132532164000000	19	23,111,303,864,320	23,111,441,121,280	14,720,537,412,612	25,154,938,761,216	25,945,969,811,456	22,034,264,555,520	29,685,706,653,696	160,600,838	745,649,743	0	0
em-p-ihep51	20260624132542247000000	22	23,111,301,771,264	23,111,429,378,048	14,720,504,342,187	25,154,938,761,216	25,945,969,811,456	22,034,264,555,520	29,685,706,653,696	612,914,803	1,711,356,031	0	0
em-p-ihep51	20260624132552245000000	20	23,111,305,404,416	23,112,447,414,272	14,718,485,550,357	25,154,938,761,216	25,945,969,811,456	22,034,264,555,520	29,685,706,653,696	655,933,908	1,457,955,849	0	0
em-p-ihep51	20260624132602346000000	19	23,111,302,074,368	23,111,429,746,688	14,724,897,061,512	25,154,938,761,216	25,945,969,811,456	22,034,264,555,520	29,685,706,653,696	268,636,582	640,334,674	0	0
em-p-ihep51	20260624132612366000000	24	23,111,816,466,432	23,111,945,494,528	14,728,038,271,607	25,154,938,761,216	25,945,969,811,456	22,034,264,555,520	29,685,706,653,696	350,529,289	735,046,000	0	0
em-p-ihep51	20260624132622461000000	18	23,111,815,225,344	23,111,941,431,296	14,717,715,211,136	25,154,938,761,216	25,945,969,811,456	22,034,264,555,520	29,685,706,653,696	241,781,877	719,150,398	0	0
em-p-ihep51	20260624132632560000000	20	23,111,813,836,800	23,111,941,664,768	14,732,832,093,164	25,154,938,761,216	25,945,969,811,456	22,034,264,555,520	29,685,706,653,696	298,117,572	1,050,376,222	0	0
em-p-ihep51	20260624132642678000000	22	23,111,816,376,320	23,111,941,300,224	14,733,641,697,219	25,154,938,761,216	25,945,969,811,456	22,034,264,555,520	29,685,706,653,696	212,089,997	622,443,054	0	0
em-p-ihep51	20260624132652742000000	19	23,111,815,081,984	23,111,938,945,024	14,719,648,945,486	25,154,938,761,216	25,945,969,811,456	22,034,264,555,520	29,685,706,653,696	223,440,868	536,730,603	0	0
em-p-ihep51	20260624132702845000000	18	23,111,816,159,232	23,111,942,144,000	14,721,701,140,894	25,154,938,761,216	25,945,969,811,456	22,034,264,555,520	29,685,706,653,696	349,994,759	1,324,763,251	0	0
em-p-ihep51	20260624132712929000000	17	23,111,817,457,664	23,112,010,391,552	14,717,440,639,277	25,154,938,761,216	25,945,969,811,456	22,034,264,555,520	29,685,706,653,696	380,513,604	1,747,497,844	0	0
em-p-ihep51	20260624132722943000000	15	23,111,821,131,776	23,112,032,841,728	14,717,722,377,146	25,154,938,761,216	25,945,969,811,456	22,034,264,555,520	29,685,706,653,696	283,775,582	586,760,918	0	0
em-p-ihep51	20260624132733032000000	14	23,111,821,025,280	23,112,345,886,720	14,714,009,473,786	25,154,938,761,216	25,945,969,811,456	22,034,264,555,520	29,685,706,653,696	294,179,416	556,415,945	0	0
em-p-ihep51	20260624132743121000000	15	23,111,819,890,688	23,112,038,592,512	14,718,800,710,997	25,154,938,761,216	25,945,969,811,456	22,034,264,555,520	29,685,706,653,696	391,833,024	796,132,197	0	0
em-p-ihep51	20260624132753206000000	17	23,111,822,159,872	23,112,030,613,504	14,725,155,695,397	25,154,938,761,216	25,945,969,811,456	22,034,264,555,520	29,685,706,653,696	236,202,683	645,686,142	0	0
em-p-ihep51	20260624132803294000000	17	23,112,165,076,992	23,112,354,914,304	14,717,745,298,999	25,154,938,761,216	25,945,969,811,456	22,034,264,555,520	29,685,706,653,696	266,850,468	1,064,639,280	0	0
em-p-ihep51	20260624132813386000000	17	23,112,164,593,664	23,112,309,817,344	14,716,519,347,484	25,154,938,761,216	25,945,969,811,456	22,034,264,555,520	29,685,706,653,696	409,989,190	1,097,349,891	0	0
em-p-ihep51	20260624132823481000000	15	23,112,161,030,144	23,112,291,172,352	14,715,065,260,244	25,154,938,761,216	25,945,969,811,456	22,034,264,555,520	29,685,706,653,696	494,468,863	1,536,615,217	0	0
em-p-ihep51	20260624132833568000000	13	23,112,158,724,096	23,112,288,821,248	14,710,306,304,887	25,154,938,761,216	25,945,969,811,456	22,034,264,555,520	29,685,706,653,696	735,968,772	1,764,183,891	0	0
em-p-ihep51	20260624132843584000000	14	23,112,160,075,776	23,112,324,190,208	14,710,107,228,835	25,154,938,761,216	25,945,969,811,456	22,034,264,555,520	29,685,706,653,696	666,074,648	1,243,546,809	0	0
em-p-ihep51	20260624132853678000000	17	23,112,159,969,280	23,112,332,693,504	14,708,483,448,820	25,154,938,761,216	25,945,969,811,456	22,034,264,555,520	29,685,706,653,696	305,865,592	851,231,397	0	0
em-p-ihep51	20260624132903763000000	20	23,112,161,157,120	23,112,323,121,152	14,716,409,059,352	25,154,938,761,216	25,945,969,811,456	22,034,264,555,520	29,685,706,653,696	486,023,848	1,381,702,210	0	0
em-p-ihep51	20260624132913853000000	22	23,112,162,344,960	23,112,327,610,368	14,725,494,702,874	25,154,938,761,216	25,945,969,811,456	22,034,264,555,520	29,685,706,653,696	383,290,555	1,427,082,495	0	0
em-p-ihep51	20260624132923842000000	16	23,112,164,507,648	23,112,325,345,280	14,707,914,560,808	25,154,938,761,216	25,945,969,811,456	22,034,264,555,520	29,685,706,653,696	402,255,795	791,127,939	0	0
em-p-ihep51	20260624132933949000000	15	23,112,161,054,720	23,112,324,853,760	14,710,795,682,163	25,154,938,761,216	25,945,969,811,456	22,034,264,555,520	29,685,706,653,696	241,451,827	670,938,854	0	0
em-p-ihep51	20260624132944043000000	15	23,112,160,030,720	23,112,320,966,656	14,714,944,946,754	25,154,938,761,216	25,945,969,811,456	22,034,264,555,520	29,685,706,653,696	224,845,305	1,001,501,649	0	0
em-p-ihep51	20260624132954149000000	18	23,112,164,515,840	23,112,392,691,712	14,717,865,593,380	25,154,938,761,216	25,945,969,811,456	22,034,264,555,520	29,685,706,653,696	226,440,613	949,782,809	0	0
em-p-ihep51	20260624133004168000000	19	23,112,164,671,488	23,112,344,694,784	14,720,592,288,011	25,154,938,761,216	25,945,969,811,456	22,034,264,555,520	29,685,706,653,696	322,519,361	1,931,353,188	0	0
em-p-ihep51	20260624133014164000000	37	23,112,436,695,040	23,112,752,721,920	14,751,169,562,289	25,154,938,761,216	25,945,969,811,456	22,034,264,555,520	29,685,706,653,696	894,536,543	3,973,787,131	0	0
em-p-ihep51	20260624133024204000000	32	23,112,165,400,576	23,112,332,075,008	14,728,546,575,739	25,154,938,761,216	25,945,969,811,456	22,034,264,555,520	29,685,706,653,696	816,856,301	1,694,272,444	0	0
em-p-ihep51	20260624133034241000000	28	23,112,163,725,312	23,112,334,286,848	14,730,473,112,132	25,154,938,761,216	25,945,969,811,456	22,034,264,555,520	29,685,706,653,696	457,208,924	1,157,614,805	0	0
em-p-ihep51	20260624133044227000000	30	23,112,173,379,584	23,112,343,797,760	14,731,990,629,350	25,154,938,761,216	25,945,969,811,456	22,034,264,555,520	29,685,706,653,696	332,482,854	1,347,734,044	0	0
em-p-ihep51	20260624133054222000000	23	23,112,180,191,232	23,112,761,204,736	14,721,703,970,003	25,154,938,761,216	25,945,969,811,456	22,034,264,555,520	29,685,706,653,696	271,680,848	990,078,940	0	0
em-p-ihep51	20260624133104315000000	21	23,112,175,149,056	23,112,343,003,136	14,726,538,031,440	25,154,938,761,216	25,945,969,811,456	22,034,264,555,520	29,685,706,653,696	247,839,243	983,371,355	0	0
em-p-ihep51	20260624133114415000000	27	23,112,179,634,176	23,112,336,404,480	14,749,841,465,898	25,154,938,761,216	25,945,969,811,456	22,034,264,555,520	29,685,706,653,696	323,730,808	1,302,002,194	0	0
em-p-ihep51	20260624133124405000000	31	23,112,189,079,552	23,112,812,720,128	14,748,802,344,768	25,154,938,761,216	25,945,969,811,456	22,034,264,555,520	29,685,706,653,696	640,913,269	1,754,721,350	0	0
em-p-ihep51	20260624133134410000000	19	23,112,188,575,744	23,112,323,805,184	14,753,578,282,906	25,154,938,761,216	25,945,969,811,456	22,034,264,555,520	29,685,706,653,696	226,806,249	1,226,780,031	0	0
em-p-ihep51	20260624133144418000000	19	23,112,260,218,880	23,112,323,452,928	14,768,630,610,979	25,154,938,761,216	25,945,969,811,456	22,034,264,555,520	29,685,706,653,696	272,824,180	1,034,266,017	0	0
em-p-ihep51	20260624133154429000000	20	23,115,995,557,888	23,115,841,437,696	14,762,884,705,873	25,154,938,761,216	25,945,969,811,456	22,034,264,555,520	29,685,706,653,696	171,888,620	978,603,942	0	0
em-p-ihep51	20260624133204484000000	25	23,121,408,352,256	23,121,247,490,048	14,769,283,136,319	25,154,938,761,216	25,945,969,811,456	22,034,264,555,520	29,685,706,653,696	179,673,230	973,570,786	0	0
em-p-ihep51	20260624133214494000000	25	23,126,667,538,432	23,126,566,301,696	14,784,351,381,077	25,154,938,761,216	25,945,969,811,456	22,034,264,555,520	29,685,706,653,696	417,030,124	1,777,703,486	0	0
em-p-ihep51	20260624133224493000000	28	23,131,758,583,808	23,131,888,599,040	14,784,828,024,203	25,154,938,761,216	25,945,969,811,456	22,034,264,555,520	29,685,706,653,696	229,760,968	932,957,891	0	0
em-p-ihep51	20260624133234546000000	15	23,131,759,988,736	23,132,384,313,344	14,780,535,868,552	25,154,938,761,216	25,945,969,811,456	22,034,264,555,520	29,685,706,653,696	255,937,909	796,229,249	0	0
em-p-ihep51	20260624133244525000000	16	23,131,786,018,816	23,131,936,149,504	14,791,770,712,795	25,154,938,761,216	25,945,969,811,456	22,034,264,555,520	29,685,706,653,696	231,903,003	2,277,145,493	0	0
em-p-ihep51	20260624133254520000000	16	23,131,788,582,912	23,131,922,210,816	14,791,203,277,263	25,154,938,761,216	25,945,969,811,456	22,034,264,555,520	29,685,706,653,696	205,290,434	1,807,476,644	0	0
em-p-ihep51	20260624133304547000000	16	23,131,829,137,408	23,131,981,824,000	14,805,627,328,363	25,154,938,761,216	25,945,969,811,456	22,034,264,555,520	29,685,706,653,696	272,497,458	879,451,652	0	0
em-p-ihep51	20260624133314546000000	23	23,133,418,852,352	23,132,517,408,768	14,815,568,819,371	25,154,938,761,216	25,945,969,811,456	22,034,264,555,520	29,685,706,653,696	331,291,484	1,332,143,918	94,208	0
em-p-ihep51	20260624133324648000000	21	23,135,231,139,840	23,135,376,687,104	14,741,902,779,348	25,154,938,761,216	25,945,969,811,456	22,034,264,555,520	29,685,706,653,696	384,074,718	1,076,053,366	0	0
em-p-ihep51	20260624133334656000000	17	23,135,227,527,168	23,135,366,328,320	14,716,373,114,777	25,154,938,761,216	25,945,969,811,456	22,034,264,555,520	29,685,706,653,696	175,754,078	580,119,914	0	0
em-p-ihep51	20260624133344661000000	17	23,135,228,768,256	23,135,395,680,256	14,720,063,745,937	25,154,938,761,216	25,945,969,811,456	22,034,264,555,520	29,685,706,653,696	160,004,193	683,672,940	0	0
em-p-ihep51	20260624133354664000000	17	23,135,365,738,496	23,135,521,509,376	14,718,824,795,103	25,154,938,761,216	25,945,969,811,456	22,034,264,555,520	29,685,706,653,696	182,930,833	682,806,356	0	0
em-p-ihep51	20260624133404666000000	19	23,135,370,485,760	23,135,531,577,344	14,716,706,473,972	25,154,938,761,216	25,945,969,811,456	22,034,264,555,520	29,685,706,653,696	438,045,188	1,351,956,425	0	0
em-p-ihep51	20260624133414666000000	20	23,135,375,667,200	23,135,563,538,432	14,721,283,949,776	25,154,938,761,216	25,945,969,811,456	22,034,264,555,520	29,685,706,653,696	210,664,616	1,105,325,843	0	0
em-p-ihep51	20260624133424666000000	15	23,135,377,448,960	23,135,523,487,744	14,712,157,340,842	25,154,938,761,216	25,945,969,811,456	22,034,264,555,520	29,685,706,653,696	353,838,526	1,127,923,783	0	0
em-p-ihep51	20260624133434708000000	24	23,135,382,089,728	23,135,527,579,648	14,718,452,760,229	25,154,938,761,216	25,945,969,811,456	22,034,264,555,520	29,685,706,653,696	408,395,457	778,100,871	0	0
em-p-ihep51	20260624133444709000000	20	23,137,476,923,392	23,137,640,935,424	14,727,037,853,474	25,154,938,761,216	25,945,969,811,456	22,034,264,555,520	29,685,706,653,696	315,750,288	804,617,497	0	0
em-p-ihep51	20260624133454812000000	18	23,137,472,335,872	23,137,619,619,840	14,722,230,518,930	25,154,938,761,216	25,945,969,811,456	22,034,264,555,520	29,685,706,653,696	528,587,206	1,013,748,377	0	0
em-p-ihep51	20260624133504834000000	19	23,137,471,369,216	23,137,679,892,480	14,715,582,178,116	25,154,938,761,216	25,945,969,811,456	22,034,264,555,520	29,685,706,653,696	545,820,430	892,856,792	0	0
em-p-ihep51	20260624133514829000000	23	23,137,459,273,728	23,137,603,522,560	14,726,781,002,284	25,154,938,761,216	25,945,969,811,456	22,034,264,555,520	29,685,706,653,696	521,752,045	1,257,734,966	0	0
em-p-ihep51	20260624133524933000000	22	23,137,465,163,776	23,137,767,251,968	14,715,951,189,991	25,154,938,761,216	25,945,969,811,456	22,034,264,555,520	29,685,706,653,696	746,842,425	1,039,437,243	0	0
em-p-ihep51	20260624133534941000000	23	23,136,762,187,776	23,136,504,139,776	14,730,280,035,789	25,154,938,761,216	25,945,969,811,456	22,034,264,555,520	29,685,706,653,696	569,271,601	1,377,323,252	0	0
em-p-ihep51	20260624133545038000000	20	23,142,600,220,672	23,142,741,434,368	14,741,327,572,933	25,154,938,761,216	25,945,969,811,456	22,034,264,555,520	29,685,706,653,696	514,648,532	1,259,002,269	0	0
em-p-ihep51	20260624133555125000000	21	23,145,511,182,336	23,144,994,451,456	14,740,758,213,859	25,154,938,761,216	25,945,969,811,456	22,034,264,555,520	29,685,706,653,696	498,765,817	1,089,015,205	0	0
em-p-ihep51	20260624133605216000000	27	23,152,082,112,512	23,151,622,803,456	14,749,144,005,520	25,154,938,761,216	25,945,969,811,456	22,034,264,555,520	29,685,706,653,696	520,120,848	1,132,983,747	0	0
em-p-ihep51	20260624133615251000000	24	23,164,761,088,000	23,164,095,311,872	14,765,225,808,793	25,154,938,761,216	25,945,969,811,456	22,034,264,555,520	29,685,706,653,696	290,223,465	1,663,619,882	0	0
em-p-ihep51	20260624133625347000000	23	23,168,289,071,104	23,168,973,242,368	14,770,064,231,901	25,154,938,761,216	25,945,969,811,456	22,034,264,555,520	29,685,706,653,696	284,673,529	1,736,715,141	0	0
em-p-ihep51	20260624133635364000000	27	23,169,580,949,504	23,169,724,325,888	14,780,629,716,935	25,154,938,761,216	25,945,969,811,456	22,034,264,555,520	29,685,706,653,696	544,820,491	712,411,469	0	0
em-p-ihep51	20260624133645385000000	32	23,162,779,590,656	23,163,459,719,168	14,773,279,278,358	25,154,938,761,216	25,945,969,811,456	22,034,264,555,520	29,685,706,653,696	388,277,445	933,500,807	0	0
em-p-ihep51	20260624133655387000000	29	23,161,948,655,616	23,162,085,081,088	14,757,396,106,887	25,154,938,761,216	25,945,969,811,456	22,034,264,555,520	29,685,706,653,696	439,811,321	1,506,839,529	0	0
em-p-ihep51	20260624133705477000000	23	23,148,968,435,712	23,148,764,737,536	14,750,699,870,815	25,154,938,761,216	25,945,969,811,456	22,034,264,555,520	29,685,706,653,696	517,032,489	1,608,018,037	0	0
em-p-ihep51	20260624133715566000000	22	23,147,771,146,240	23,147,905,486,848	14,757,154,901,305	25,154,938,761,216	25,945,969,811,456	22,034,264,555,520	29,685,706,653,696	467,468,319	1,285,518,476	0	0
em-p-ihep51	20260624133725650000000	22	23,147,773,964,288	23,147,990,691,840	14,761,886,584,936	25,154,938,761,216	25,945,969,811,456	22,034,264,555,520	29,685,706,653,696	270,968,605	962,843,260	0	0
em-p-ihep51	20260624133735670000000	23	23,147,773,968,384	23,148,408,983,552	14,762,338,116,005	25,154,938,761,216	25,945,969,811,456	22,034,264,555,520	29,685,706,653,696	668,661,454	888,846,549	0	0
em-p-ihep51	20260624133745710000000	22	23,147,771,760,640	23,148,003,536,896	14,752,221,183,872	25,154,938,761,216	25,945,969,811,456	22,034,264,555,520	29,685,706,653,696	415,769,041	1,004,976,023	0	0
em-p-ihep51	20260624133755701000000	25	23,132,089,753,600	23,132,305,879,040	14,748,445,198,476	25,154,938,761,216	25,945,969,811,456	22,034,264,555,520	29,685,706,653,696	415,221,272	1,171,795,253	0	0
em-p-ihep51	20260624133805814000000	26	23,130,146,811,904	23,130,862,051,328	14,757,723,000,243	25,154,938,761,216	25,945,969,811,456	22,034,264,555,520	29,685,706,653,696	472,131,138	1,296,359,128	0	0
em-p-ihep51	20260624133815914000000	30	23,130,149,765,120	23,130,538,745,856	14,748,211,327,932	25,154,938,761,216	25,945,969,811,456	22,034,264,555,520	29,685,706,653,696	499,026,018	3,096,674,050	0	0
em-p-ihep51	20260624133825894000000	27	23,131,844,530,176	23,131,959,980,032	14,753,067,876,342	25,154,938,761,216	25,945,969,811,456	22,034,264,555,520	29,685,706,653,696	369,015,002	1,290,580,071	0	0
em-p-ihep51	20260624133835910000000	21	23,132,148,817,920	23,132,396,322,816	14,746,266,012,304	25,154,938,761,216	25,945,969,811,456	22,034,264,555,520	29,685,706,653,696	170,270,317	1,245,948,550	0	0
em-p-ihep51	20260624133845905000000	19	23,132,148,011,008	23,132,390,658,048	14,744,189,046,250	25,154,938,761,216	25,945,969,811,456	22,034,264,555,520	29,685,706,653,696	544,064,707	1,135,690,688	0	0
em-p-ihep51	20260624133855919000000	17	23,132,685,975,552	23,132,930,887,680	14,753,746,655,019	25,154,938,761,216	25,945,969,811,456	22,034,264,555,520	29,685,706,653,696	214,053,762	733,925,889	0	0
em-p-ihep51	20260624133905935000000	21	23,134,123,245,568	23,133,997,993,984	14,761,352,611,357	25,154,938,761,216	25,945,969,811,456	22,034,264,555,520	29,685,706,653,696	335,340,090	1,674,950,703	0	0
em-p-ihep51	20260624133915964000000	31	23,135,417,643,008	23,135,103,672,320	14,772,280,450,113	25,154,938,761,216	25,945,969,811,456	22,034,264,555,520	29,685,706,653,696	309,049,473	1,363,552,861	0	0
em-p-ihep51	20260624133925969000000	26	23,135,239,344,128	23,137,350,496,256	14,716,180,566,963	25,154,938,761,216	25,945,969,811,456	22,034,264,555,520	29,685,706,653,696	373,671,868	1,315,955,493	0	0
em-p-ihep51	20260624133935953000000	20	23,128,661,327,872	23,128,899,239,936	14,716,304,709,716	25,154,938,761,216	25,945,969,811,456	22,034,264,555,520	29,685,706,653,696	364,437,697	1,464,946,554	0	0
em-p-ihep51	20260624133945977000000	20	23,128,661,270,528	23,128,920,903,680	14,714,446,939,929	25,154,938,761,216	25,945,969,811,456	22,034,264,555,520	29,685,706,653,696	492,021,372	1,250,182,381	0	0
em-p-ihep51	20260624133956057000000	16	23,128,810,610,688	23,129,047,105,536	14,720,527,582,235	25,154,938,761,216	25,945,969,811,456	22,034,264,555,520	29,685,706,653,696	186,953,662	1,144,572,176	0	0
em-p-ihep51	20260624134006125000000	29	23,128,908,038,144	23,129,141,764,096	14,747,461,291,973	25,154,938,761,216	25,945,969,811,456	22,034,264,555,520	29,685,706,653,696	551,133,809	2,213,471,618	0	0
em-p-ihep51	20260624134016105000000	34	23,128,908,197,888	23,129,138,282,496	14,748,354,601,761	25,154,938,761,216	25,945,969,811,456	22,034,264,555,520	29,685,706,653,696	404,441,123	1,290,400,144	0	0
em-p-ihep51	20260624134026205000000	27	23,129,823,256,576	23,130,049,380,352	14,732,106,685,355	25,154,938,761,216	25,945,969,811,456	22,034,264,555,520	29,685,706,653,696	398,346,624	1,023,440,937	110,592	0
em-p-ihep51	20260624134036205000000	27	23,129,850,748,928	23,130,371,190,784	14,720,272,426,341	25,154,938,761,216	25,945,969,811,456	22,034,264,555,520	29,685,706,653,696	163,673,575	1,641,107,685	0	0
em-p-ihep51	20260624134046229000000	24	23,129,850,830,848	23,130,078,089,216	14,717,819,395,841	25,154,938,761,216	25,945,969,811,456	22,034,264,555,520	29,685,706,653,696	373,144,951	2,164,130,785	0	0
em-p-ihep51	20260624134056241000000	27	23,129,868,386,304	23,130,120,101,888	14,718,145,566,072	25,154,938,761,216	25,945,969,811,456	22,034,264,555,520	29,685,706,653,696	282,636,536	848,630,222	0	0
em-p-ihep51	20260624134106248000000	30	23,129,864,065,024	23,130,089,885,696	14,724,646,625,954	25,154,938,761,216	25,945,969,811,456	22,034,264,555,520	29,685,706,653,696	288,011,452	1,100,042,470	0	0
em-p-ihep51	20260624134116342000000	28	23,130,884,431,872	23,131,175,243,776	14,719,134,286,898	25,154,938,761,216	25,945,969,811,456	22,034,264,555,520	29,685,706,653,696	229,592,302	1,366,748,200	0	0
em-p-ihep51	20260624134126433000000	17	23,130,884,505,600	23,131,360,169,984	14,720,472,620,448	25,154,938,761,216	25,945,969,811,456	22,034,264,555,520	29,685,706,653,696	182,058,230	1,155,905,811	0	0
em-p-ihep51	20260624134136533000000	23	23,134,118,895,616	23,134,473,261,056	14,740,801,064,819	25,154,938,761,216	25,945,969,811,456	22,034,264,555,520	29,685,706,653,696	229,199,077	702,132,312	0	0
em-p-ihep51	20260624134146541000000	27	23,137,741,565,952	23,137,904,156,672	14,727,773,433,528	25,154,938,761,216	25,945,969,811,456	22,034,264,555,520	29,685,706,653,696	174,239,844	1,381,244,807	0	0
em-p-ihep51	20260624134156544000000	22	23,134,227,378,176	23,134,469,128,192	14,716,843,903,963	25,154,938,761,216	25,945,969,811,456	22,034,264,555,520	29,685,706,653,696	219,909,398	855,795,082	0	0
em-p-ihep51	20260624134206634000000	18	23,134,227,570,688	23,134,468,730,880	14,728,629,027,702	25,154,938,761,216	25,945,969,811,456	22,034,264,555,520	29,685,706,653,696	626,687,923	1,144,450,890	0	0
em-p-ihep51	20260624134216722000000	20	23,134,224,424,960	23,134,460,612,608	14,725,318,256,882	25,154,938,761,216	25,945,969,811,456	22,034,264,555,520	29,685,706,653,696	366,906,675	922,411,685	0	0
em-p-ihep51	20260624134226736000000	16	23,134,222,069,760	23,134,460,502,016	14,715,222,286,683	25,154,938,761,216	25,945,969,811,456	22,034,264,555,520	29,685,706,653,696	485,686,884	870,986,605	0	0
em-p-ihep51	20260624134236830000000	16	23,134,222,069,760	23,134,484,774,912	14,718,051,309,260	25,154,938,761,216	25,945,969,811,456	22,034,264,555,520	29,685,706,653,696	198,775,411	1,170,762,148	0	0
em-p-ihep51	20260624134246842000000	16	23,134,222,553,088	23,134,467,538,944	14,721,431,563,354	25,154,938,761,216	25,945,969,811,456	22,034,264,555,520	29,685,706,653,696	193,197,031	1,308,128,536	0	0
em-p-ihep51	20260624134256951000000	25	23,134,226,227,200	23,134,487,162,880	14,722,679,677,251	25,154,938,761,216	25,945,969,811,456	22,034,264,555,520	29,685,706,653,696	362,469,734	1,200,865,809	0	0
em-p-ihep51	20260624134306989000000	27	23,136,087,564,288	23,136,384,270,336	14,732,797,923,593	25,154,938,761,216	25,945,969,811,456	22,034,264,555,520	29,685,706,653,696	573,734,248	1,597,729,853	0	0
em-p-ihep51	20260624134316968000000	24	23,136,083,234,816	23,136,350,404,608	14,719,186,219,642	25,154,938,761,216	25,945,969,811,456	22,034,264,555,520	29,685,706,653,696	592,664,532	1,257,140,699	0	0
em-p-ihep51	20260624134326966000000	22	23,136,083,431,424	23,136,350,957,568	14,715,108,061,642	25,154,938,761,216	25,945,969,811,456	22,034,264,555,520	29,685,706,653,696	447,361,862	585,762,378	0	0
em-p-ihep51	20260624134336990000000	19	23,136,083,484,672	23,136,396,673,024	14,718,371,473,359	25,154,938,761,216	25,945,969,811,456	22,034,264,555,520	29,685,706,653,696	211,839,161	626,310,827	0	0
em-p-ihep51	20260624134347068000000	20	23,136,080,191,488	23,136,310,063,104	14,715,790,175,580	25,154,938,761,216	25,945,969,811,456	22,034,264,555,520	29,685,706,653,696	421,462,080	1,086,678,479	0	0
em-p-ihep51	20260624134357066000000	23	23,136,084,787,200	23,136,260,636,672	14,720,815,310,620	25,154,938,761,216	25,945,969,811,456	22,034,264,555,520	29,685,706,653,696	597,319,833	1,092,370,956	0	0
em-p-ihep51	20260624134407170000000	22	23,136,087,220,224	23,136,264,376,320	14,729,879,875,423	25,154,938,761,216	25,945,969,811,456	22,034,264,555,520	29,685,706,653,696	395,243,301	1,830,505,969	0	0
em-p-ihep51	20260624134417298000000	25	23,140,956,123,136	23,141,501,337,600	14,748,220,378,475	25,154,938,761,216	25,945,969,811,456	22,034,264,555,520	29,685,706,653,696	526,189,905	1,162,665,926	0	0
em-p-ihep51	20260624134427288000000	19	23,134,932,127,744	23,135,113,220,096	14,720,827,088,418	25,154,938,761,216	25,945,969,811,456	22,034,264,555,520	29,685,706,653,696	196,342,233	749,168,234	0	0
em-p-ihep51	20260624134437295000000	21	23,135,607,861,248	23,135,786,942,464	14,726,257,359,559	25,154,938,761,216	25,945,969,811,456	22,034,264,555,520	29,685,706,653,696	239,664,819	783,272,392	0	0
em-p-ihep51	20260624134447299000000	24	23,135,607,861,248	23,135,789,408,256	14,725,129,467,682	25,154,938,761,216	25,945,969,811,456	22,034,264,555,520	29,685,706,653,696	803,653,539	1,253,954,182	0	0
em-p-ihep51	20260624134457340000000	26	23,135,605,809,152	23,135,790,206,976	14,735,667,182,022	25,154,938,761,216	25,945,969,811,456	22,034,264,555,520	29,685,706,653,696	828,620,478	1,038,145,577	0	0
em-p-ihep51	20260624134507346000000	25	23,135,615,107,072	23,135,781,445,632	14,734,124,184,765	25,154,938,761,216	25,945,969,811,456	22,034,264,555,520	29,685,706,653,696	718,621,436	1,582,499,836	0	0
em-p-ihep51	20260624134517355000000	29	23,135,611,785,216	23,136,324,751,360	14,734,756,211,610	25,154,938,761,216	25,945,969,811,456	22,034,264,555,520	29,685,706,653,696	850,852,494	1,637,518,929	0	0
em-p-ihep51	20260624134527362000000	25	23,136,090,595,328	23,136,272,556,032	14,723,901,780,807	25,154,938,761,216	25,945,969,811,456	22,034,264,555,520	29,685,706,653,696	624,032,882	1,336,497,587	0	0
em-p-ihep51	20260624134537357000000	24	23,136,092,196,864	23,136,251,736,064	14,723,133,075,994	25,154,938,761,216	25,945,969,811,456	22,034,264,555,520	29,685,706,653,696	148,139,214	2,794,425,657	0	0
em-p-ihep51	20260624134547461000000	23	23,136,104,792,064	23,136,263,348,224	14,722,485,607,987	25,154,938,761,216	25,945,969,811,456	22,034,264,555,520	29,685,706,653,696	420,532,390	1,877,951,380	0	0
em-p-ihep51	20260624134557477000000	26	23,136,099,016,704	23,136,248,410,112	14,722,789,811,438	25,154,938,761,216	25,945,969,811,456	22,034,264,555,520	29,685,706,653,696	275,841,598	927,372,217	0	0
em-p-ihep51	20260624134607477000000	26	23,125,387,296,768	23,125,539,762,176	14,692,241,489,167	25,154,938,761,216	25,945,969,811,456	22,034,264,555,520	29,685,706,653,696	314,265,778	790,559,482	0	0
em-p-ihep51	20260624134617513000000	28	23,114,798,895,104	23,114,951,483,392	14,693,743,751,386	25,154,938,761,216	25,945,969,811,456	22,034,264,555,520	29,685,706,653,696	439,862,726	1,027,471,465	0	0
em-p-ihep51	20260624134627499000000	27	23,114,807,922,688	23,115,437,350,912	14,687,884,555,566	25,154,938,761,216	25,945,969,811,456	22,034,264,555,520	29,685,706,653,696	404,766,544	887,198,624	0	0
em-p-ihep51	20260624134637547000000	22	23,114,804,473,856	23,114,939,822,080	14,687,317,870,135	25,154,938,761,216	25,945,969,811,456	22,034,264,555,520	29,685,706,653,696	220,905,972	750,267,643	0	0
em-p-ihep51	20260624134647514000000	22	23,114,804,371,456	23,114,939,899,904	14,683,978,408,795	25,154,938,761,216	25,945,969,811,456	22,034,264,555,520	29,685,706,653,696	400,444,760	902,231,311	0	0
em-p-ihep51	20260624134657637000000	23	23,114,802,159,616	23,114,961,666,048	14,684,386,510,919	25,154,938,761,216	25,945,969,811,456	22,034,264,555,520	29,685,706,653,696	354,019,201	1,935,307,742	0	0
em-p-ihep51	20260624134707656000000	30	23,114,816,262,144	23,114,948,763,648	14,690,953,641,657	25,154,938,761,216	25,945,969,811,456	22,034,264,555,520	29,685,706,653,696	305,589,900	1,859,286,084	0	0
em-p-ihep51	20260624134717666000000	26	23,115,229,110,272	23,115,527,262,208	14,689,932,034,357	25,154,938,761,216	25,945,969,811,456	22,034,264,555,520	29,685,706,653,696	594,161,312	2,528,767,175	0	0
em-p-ihep51	20260624134727653000000	19	23,115,221,143,552	23,115,514,970,112	14,682,326,404,313	25,154,938,761,216	25,945,969,811,456	22,034,264,555,520	29,685,706,653,696	404,349,695	904,259,069	0	0
em-p-ihep51	20260624134737688000000	27	23,115,203,874,816	23,115,435,282,432	14,701,623,359,563	25,154,938,761,216	25,945,969,811,456	22,034,264,555,520	29,685,706,653,696	482,254,164	1,443,746,126	0	0
em-p-ihep51	20260624134747719000000	25	23,117,552,873,472	23,117,137,760,256	14,710,528,934,021	25,154,938,761,216	25,945,969,811,456	22,034,264,555,520	29,685,706,653,696	767,151,929	1,094,981,344	0	0
em-p-ihep51	20260624134757810000000	24	23,107,241,668,608	23,107,486,232,576	14,686,464,269,746	25,154,938,761,216	25,945,969,811,456	22,034,264,555,520	29,685,706,653,696	449,739,832	1,207,106,518	0	0
em-p-ihep51	20260624134807809000000	25	23,107,251,392,512	23,107,712,077,824	14,686,608,552,849	25,154,938,761,216	25,945,969,811,456	22,034,264,555,520	29,685,706,653,696	313,464,019	1,132,505,263	0	0
em-p-ihep51	20260624134817804000000	26	23,102,679,691,264	23,102,810,824,704	14,706,507,635,913	25,154,938,761,216	25,945,969,811,456	22,034,264,555,520	29,685,706,653,696	478,473,940	1,797,946,838	0	0
em-p-ihep51	20260624134827836000000	28	23,108,075,339,776	23,108,131,287,040	14,690,891,959,706	25,154,938,761,216	25,945,969,811,456	22,034,264,555,520	29,685,706,653,696	461,007,380	1,423,427,522	0	0
em-p-ihep51	20260624134837850000000	26	23,107,821,461,504	23,108,452,933,632	14,677,490,819,953	25,154,938,761,216	25,945,969,811,456	22,034,264,555,520	29,685,706,653,696	450,245,880	1,127,371,875	0	0
em-p-ihep51	20260624134847855000000	26	23,103,573,282,816	23,103,801,593,856	14,680,095,355,416	25,154,938,761,216	25,945,969,811,456	22,034,264,555,520	29,685,706,653,696	459,421,919	837,627,984	0	0
em-p-ihep51	20260624134857854000000	21	23,103,580,741,632	23,103,809,904,640	14,677,098,071,669	25,154,938,761,216	25,945,969,811,456	22,034,264,555,520	29,685,706,653,696	214,074,938	611,273,872	0	0
em-p-ihep51	20260624134907864000000	27	23,103,580,119,040	23,103,810,383,872	14,692,336,480,046	25,154,938,761,216	25,945,969,811,456	22,034,264,555,520	29,685,706,653,696	280,771,336	1,714,848,313	0	0
em-p-ihep51	20260624134917865000000	23	23,107,044,732,928	23,107,014,901,760	14,692,957,478,303	25,154,938,761,216	25,945,969,811,456	22,034,264,555,520	29,685,706,653,696	242,316,089	1,074,814,270	0	0
em-p-ihep51	20260624134927967000000	21	23,107,613,519,872	23,107,823,562,752	14,695,831,857,858	25,154,938,761,216	25,945,969,811,456	22,034,264,555,520	29,685,706,653,696	325,452,442	786,584,437	0	0
em-p-ihep51	20260624134937969000000	27	23,107,618,164,736	23,107,866,370,048	14,698,707,913,176	25,154,938,761,216	25,945,969,811,456	22,034,264,555,520	29,685,706,653,696	250,735,661	865,997,163	0	0
em-p-ihep51	20260624134947991000000	26	23,107,837,009,920	23,108,050,980,864	14,708,074,488,255	25,154,938,761,216	25,945,969,811,456	22,034,264,555,520	29,685,706,653,696	189,188,810	1,278,566,388	0	0
em-p-ihep51	20260624134958086000000	19	23,107,951,710,208	23,108,182,712,320	14,710,719,329,102	25,154,938,761,216	25,945,969,811,456	22,034,264,555,520	29,685,706,653,696	619,465,640	1,545,520,340	0	0
em-p-ihep51	20260624135008098000000	35	23,109,044,973,568	23,109,388,926,976	14,731,718,787,558	25,154,938,761,216	25,945,969,811,456	22,034,264,555,520	29,685,706,653,696	667,515,440	3,655,232,968	0	0
em-p-ihep51	20260624135018093000000	30	23,109,179,744,256	23,109,794,459,648	14,739,248,998,116	25,154,938,761,216	25,945,969,811,456	22,034,264,555,520	29,685,706,653,696	512,148,269	1,348,912,960	0	0
em-p-ihep51	20260624135028097000000	27	23,109,763,006,464	23,109,973,618,688	14,744,667,952,162	25,154,938,761,216	25,945,969,811,456	22,034,264,555,520	29,685,706,653,696	423,927,723	948,290,333	0	0
em-p-ihep51	20260624135038209000000	25	23,109,759,467,520	23,109,971,288,064	14,741,363,754,420	25,154,938,761,216	25,945,969,811,456	22,034,264,555,520	29,685,706,653,696	310,447,419	901,460,003	0	0
em-p-ihep51	20260624135048151000000	27	23,109,759,356,928	23,110,012,624,896	14,736,290,379,494	25,154,938,761,216	25,945,969,811,456	22,034,264,555,520	29,685,706,653,696	444,480,666	1,078,352,900	0	0
em-p-ihep51	20260624135058163000000	27	23,110,084,468,736	23,110,294,781,952	14,742,142,524,152	25,154,938,761,216	25,945,969,811,456	22,034,264,555,520	29,685,706,653,696	367,338,677	840,995,764	0	0
em-p-ihep51	20260624135108196000000	30	23,111,262,494,720	23,110,794,010,624	14,745,389,431,239	25,154,938,761,216	25,945,969,811,456	22,034,264,555,520	29,685,706,653,696	801,803,831	1,737,235,900	0	0
em-p-ihep51	20260624135118194000000	28	23,112,497,238,016	23,113,295,368,192	14,745,200,682,283	25,154,938,761,216	25,945,969,811,456	22,034,264,555,520	29,685,706,653,696	354,623,221	2,495,993,930	0	0
em-p-ihep51	20260624135128209000000	31	23,112,913,289,216	23,113,070,989,312	14,737,636,301,777	25,154,938,761,216	25,945,969,811,456	22,034,264,555,520	29,685,706,653,696	196,675,208	1,174,682,018	0	0
em-p-ihep51	20260624135138212000000	24	23,112,911,605,760	23,113,066,315,776	14,739,807,629,183	25,154,938,761,216	25,945,969,811,456	22,034,264,555,520	29,685,706,653,696	385,345,944	1,094,124,937	0	0
em-p-ihep51	20260624135148227000000	29	23,112,915,062,784	23,113,122,852,864	14,751,944,768,021	25,154,938,761,216	25,945,969,811,456	22,034,264,555,520	29,685,706,653,696	278,494,409	804,800,736	0	0
em-p-ihep51	20260624135158231000000	27	23,112,916,467,712	23,113,072,300,032	14,743,769,581,521	25,154,938,761,216	25,945,969,811,456	22,034,264,555,520	29,685,706,653,696	405,899,296	873,379,126	0	0
em-p-ihep51	20260624135208338000000	33	23,110,718,889,984	23,110,876,028,928	14,752,213,174,731	25,154,938,761,216	25,945,969,811,456	22,034,264,555,520	29,685,706,653,696	329,317,040	1,020,629,115	0	0
em-p-ihep51	20260624135218345000000	25	23,112,758,820,864	23,112,675,651,584	14,754,697,106,918	25,154,938,761,216	25,945,969,811,456	22,034,264,555,520	29,685,706,653,696	737,699,543	1,104,269,560	0	0
em-p-ihep51	20260624135228351000000	22	23,117,081,432,064	23,117,275,078,656	14,714,722,065,371	25,154,938,761,216	25,945,969,811,456	22,034,264,555,520	29,685,706,653,696	452,223,575	1,021,821,066	86,016	0
em-p-ihep51	20260624135238453000000	24	23,102,492,983,296	23,102,670,565,376	14,686,038,075,679	25,154,938,761,216	25,945,969,811,456	22,034,264,555,520	29,685,706,653,696	255,062,987	859,907,850	69,632	0
em-p-ihep51	20260624135248559000000	20	23,100,197,228,544	23,100,339,384,320	14,705,419,259,240	25,154,938,761,216	25,945,969,811,456	22,034,264,555,520	29,685,706,653,696	361,259,037	1,383,930,900	0	0
em-p-ihep51	20260624135258552000000	23	23,104,343,797,760	23,104,557,252,608	14,695,206,986,975	25,154,938,761,216	25,945,969,811,456	22,034,264,555,520	29,685,706,653,696	648,518,474	1,809,569,009	0	0
em-p-ihep51	20260624135308659000000	28	23,101,429,612,544	23,101,583,941,632	14,653,335,374,128	25,154,938,761,216	25,945,969,811,456	22,034,264,555,520	29,685,706,653,696	432,915,649	1,281,084,688	0	0
em-p-ihep51	20260624135318661000000	21	23,086,454,972,416	23,086,606,180,352	14,655,310,922,397	25,154,938,761,216	25,945,969,811,456	22,034,264,555,520	29,685,706,653,696	346,009,850	1,147,692,980	0	0
em-p-ihep51	20260624135328669000000	21	23,089,084,555,264	23,089,252,937,728	14,659,694,422,331	25,154,938,761,216	25,945,969,811,456	22,034,264,555,520	29,685,706,653,696	778,898,159	1,350,757,525	0	0
em-p-ihep51	20260624135338659000000	26	23,089,086,545,920	23,089,281,798,144	14,659,656,662,831	25,154,938,761,216	25,945,969,811,456	22,034,264,555,520	29,685,706,653,696	377,493,310	896,737,480	0	0
em-p-ihep51	20260624135348696000000	26	23,089,090,703,360	23,089,241,878,528	14,670,238,167,834	25,154,938,761,216	25,945,969,811,456	22,034,264,555,520	29,685,706,653,696	277,680,142	907,374,683	0	0
em-p-ihep51	20260624135358705000000	24	23,089,094,193,152	23,089,250,816,000	14,670,503,563,882	25,154,938,761,216	25,945,969,811,456	22,034,264,555,520	29,685,706,653,696	291,580,995	790,476,442	0	0
em-p-ihep51	20260624135408710000000	24	23,089,090,232,320	23,089,378,975,744	14,688,878,143,540	25,154,938,761,216	25,945,969,811,456	22,034,264,555,520	29,685,706,653,696	531,409,345	3,140,147,341	0	0
em-p-ihep51	20260624135418717000000	26	23,094,287,847,424	23,094,439,051,264	14,683,141,570,363	25,154,938,761,216	25,945,969,811,456	22,034,264,555,520	29,685,706,653,696	196,619,236	1,549,844,654	0	0
em-p-ihep51	20260624135428833000000	26	23,091,178,274,816	23,090,961,997,824	14,692,044,793,496	25,154,938,761,216	25,945,969,811,456	22,034,264,555,520	29,685,706,653,696	223,125,892	794,487,319	0	0
em-p-ihep51	20260624135438864000000	28	23,091,916,926,976	23,092,072,919,040	14,697,309,128,236	25,154,938,761,216	25,945,969,811,456	22,034,264,555,520	29,685,706,653,696	148,771,926	638,605,358	0	0
em-p-ihep51	20260624135448857000000	22	23,092,449,689,600	23,092,591,775,744	14,700,450,930,813	25,154,938,761,216	25,945,969,811,456	22,034,264,555,520	29,685,706,653,696	177,888,675	885,191,900	0	0
em-p-ihep51	20260624135458861000000	21	23,092,453,093,376	23,092,595,392,512	14,708,369,516,120	25,154,938,761,216	25,945,969,811,456	22,034,264,555,520	29,685,706,653,696	163,408,289	677,804,499	0	0
em-p-ihep51	20260624135508877000000	36	23,092,463,529,984	23,092,758,818,816	14,716,839,491,980	25,154,938,761,216	25,945,969,811,456	22,034,264,555,520	29,685,706,653,696	467,552,736	1,487,535,890	0	0
em-p-ihep51	20260624135518934000000	38	23,092,424,237,056	23,092,563,734,528	14,731,752,493,444	25,154,938,761,216	25,945,969,811,456	22,034,264,555,520	29,685,706,653,696	872,240,971	1,766,674,679	0	0
em-p-ihep51	20260624135528913000000	28	23,092,426,289,152	23,092,566,192,128	14,720,911,085,391	25,154,938,761,216	25,945,969,811,456	22,034,264,555,520	29,685,706,653,696	297,719,088	924,717,965	0	0
em-p-ihep51	20260624135539041000000	26	23,092,969,394,176	23,093,109,161,984	14,721,659,392,556	25,154,938,761,216	25,945,969,811,456	22,034,264,555,520	29,685,706,653,696	352,650,606	1,452,087,959	0	0
em-p-ihep51	20260624135549031000000	25	23,092,785,659,904	23,093,114,318,848	14,734,053,900,377	25,154,938,761,216	25,945,969,811,456	22,034,264,555,520	29,685,706,653,696	394,928,574	1,477,368,554	0	0
em-p-ihep51	20260624135559053000000	27	23,094,224,658,432	23,094,364,385,280	14,734,549,821,593	25,154,938,761,216	25,945,969,811,456	22,034,264,555,520	29,685,706,653,696	426,727,166	1,072,965,461	0	0
em-p-ihep51	20260624135609028000000	27	23,094,801,035,264	23,094,959,714,304	14,740,881,293,774	25,154,938,761,216	25,945,969,811,456	22,034,264,555,520	29,685,706,653,696	465,404,072	1,013,679,991	0	0
em-p-ihep51	20260624135619058000000	26	23,096,842,858,496	23,096,985,821,184	14,732,058,208,546	25,154,938,761,216	25,945,969,811,456	22,034,264,555,520	29,685,706,653,696	323,900,966	929,756,568	0	0
em-p-ihep51	20260624135629136000000	26	23,096,861,523,968	23,096,975,953,920	14,739,709,001,909	25,154,938,761,216	25,945,969,811,456	22,034,264,555,520	29,685,706,653,696	461,415,389	1,103,454,656	0	0
em-p-ihep51	20260624135639202000000	27	23,096,861,802,496	23,097,005,727,744	14,705,370,976,238	25,154,938,761,216	25,945,969,811,456	22,034,264,555,520	29,685,706,653,696	360,589,541	762,452,395	0	0
em-p-ihep51	20260624135649173000000	36	23,099,433,283,584	23,100,009,394,176	14,714,183,778,710	25,154,938,761,216	25,945,969,811,456	22,034,264,555,520	29,685,706,653,696	365,565,116	1,470,477,492	45,056	0
em-p-ihep51	20260624135659172000000	31	23,104,304,857,088	23,104,482,365,440	14,719,591,614,354	25,154,938,761,216	25,945,969,811,456	22,034,264,555,520	29,685,706,653,696	804,716,399	1,562,173,510	0	0
em-p-ihep51	20260624135709224000000	28	23,093,763,518,464	23,093,929,865,216	14,682,663,192,249	25,154,938,761,216	25,945,969,811,456	22,034,264,555,520	29,685,706,653,696	825,180,254	1,850,146,309	0	0
em-p-ihep51	20260624135719191000000	24	23,091,617,505,280	23,092,184,952,832	14,670,099,717,832	25,154,938,761,216	25,945,969,811,456	22,034,264,555,520	29,685,706,653,696	480,790,329	1,840,838,282	0	0
em-p-ihep51	20260624135729208000000	18	23,091,617,288,192	23,091,792,998,400	14,672,966,078,961	25,154,938,761,216	25,945,969,811,456	22,034,264,555,520	29,685,706,653,696	389,889,381	923,174,515	0	0
em-p-ihep51	20260624135739321000000	21	23,084,787,240,960	23,085,067,587,584	14,636,470,274,051	25,154,938,761,216	25,945,969,811,456	22,034,264,555,520	29,685,706,653,696	306,366,165	734,869,914	0	0
em-p-ihep51	20260624135749297000000	17	23,084,785,942,528	23,085,040,488,448	14,645,615,673,910	25,154,938,761,216	25,945,969,811,456	22,034,264,555,520	29,685,706,653,696	242,077,749	919,975,172	0	0
em-p-ihep51	20260624135759302000000	26	23,080,796,839,936	23,081,050,185,728	14,641,937,974,169	25,154,938,761,216	25,945,969,811,456	22,034,264,555,520	29,685,706,653,696	617,627,020	1,189,830,372	0	0
em-p-ihep51	20260624135809314000000	29	23,080,793,346,048	23,081,456,001,024	14,653,088,423,309	25,154,938,761,216	25,945,969,811,456	22,034,264,555,520	29,685,706,653,696	368,632,355	2,029,023,937	0	0
em-p-ihep51	20260624135819319000000	22	23,080,905,105,408	23,081,133,920,256	14,647,461,483,790	25,154,938,761,216	25,945,969,811,456	22,034,264,555,520	29,685,706,653,696	420,668,995	1,586,010,295	0	0
em-p-ihep51	20260624135829340000000	22	23,081,282,387,968	23,081,903,370,240	14,656,309,969,205	25,154,938,761,216	25,945,969,811,456	22,034,264,555,520	29,685,706,653,696	235,192,109	1,248,063,865	0	0
em-p-ihep51	20260624135839433000000	25	23,081,283,629,056	23,081,485,570,048	14,645,537,298,017	25,154,938,761,216	25,945,969,811,456	22,034,264,555,520	29,685,706,653,696	190,449,980	1,201,570,500	0	0
em-p-ihep51	20260624135849547000000	20	23,081,280,475,136	23,081,483,141,120	14,654,570,524,719	25,154,938,761,216	25,945,969,811,456	22,034,264,555,520	29,685,706,653,696	284,167,372	982,467,752	0	0
em-p-ihep51	20260624135859555000000	19	23,081,283,772,416	23,081,753,751,552	14,652,190,135,097	25,154,938,761,216	25,945,969,811,456	22,034,264,555,520	29,685,706,653,696	233,424,216	735,174,311	0	0
em-p-ihep51	20260624135909592000000	26	23,081,346,596,864	23,081,535,275,008	14,667,453,712,075	25,154,938,761,216	25,945,969,811,456	22,034,264,555,520	29,685,706,653,696	390,728,805	2,019,345,159	0	0
em-p-ihep51	20260624135919575000000	27	23,084,428,156,928	23,084,621,099,008	14,654,999,438,911	25,154,938,761,216	25,945,969,811,456	22,034,264,555,520	29,685,706,653,696	413,573,063	1,105,970,887	0	0
em-p-ihep51	20260624135929606000000	33	23,084,388,597,760	23,084,583,432,192	14,658,529,954,507	25,154,938,761,216	25,945,969,811,456	22,034,264,555,520	29,685,706,653,696	419,432,286	1,049,264,106	0	0
em-p-ihep51	20260624135939621000000	30	23,084,398,358,528	23,084,585,463,808	14,656,998,068,457	25,154,938,761,216	25,945,969,811,456	22,034,264,555,520	29,685,706,653,696	650,422,833	1,224,957,168	0	0
em-p-ihep51	20260624135949639000000	26	23,084,405,460,992	23,084,653,780,992	14,665,489,105,847	25,154,938,761,216	25,945,969,811,456	22,034,264,555,520	29,685,706,653,696	478,812,696	1,268,479,176	0	0
em-p-ihep51	20260624135959641000000	22	23,084,405,354,496	23,084,593,983,488	14,655,935,708,161	25,154,938,761,216	25,945,969,811,456	22,034,264,555,520	29,685,706,653,696	213,570,429	1,396,882,191	0	0
em-p-ihep51	20260624140009670000000	47	23,084,451,938,304	23,084,636,745,728	14,710,390,914,310	25,154,938,761,216	25,945,969,811,456	22,034,264,555,520	29,685,706,653,696	940,931,761	2,724,129,137	0	0
em-p-ihep51	20260624140019710000000	43	23,091,912,773,632	23,091,973,255,168	14,686,167,376,257	25,154,938,761,216	25,945,969,811,456	22,034,264,555,520	29,685,706,653,696	804,992,371	1,728,271,415	0	0
em-p-ihep51	20260624140029740000000	36	23,092,089,757,696	23,092,439,715,840	14,678,487,356,546	25,154,938,761,216	25,945,969,811,456	22,034,264,555,520	29,685,706,653,696	613,437,189	3,012,280,421	0	0
em-p-ihep51	20260624140039761000000	28	23,092,090,753,024	23,092,276,273,152	14,669,769,742,425	25,154,938,761,216	25,945,969,811,456	22,034,264,555,520	29,685,706,653,696	564,343,680	1,166,662,574	0	0
em-p-ihep51	20260624140049780000000	30	23,092,631,023,616	23,092,818,976,768	14,675,923,012,267	25,154,938,761,216	25,945,969,811,456	22,034,264,555,520	29,685,706,653,696	556,559,255	1,442,342,975	69,632	0
em-p-ihep51	20260624140059801000000	32	23,092,635,844,608	23,092,821,430,272	14,670,005,812,497	25,154,938,761,216	25,945,969,811,456	22,034,264,555,520	29,685,706,653,696	466,321,476	1,183,015,641	20,480	0
em-p-ihep51	20260624140109836000000	32	23,094,050,996,224	23,094,048,157,696	14,688,211,358,004	25,154,938,761,216	25,945,969,811,456	22,034,264,555,520	29,685,706,653,696	781,422,551	2,007,076,424	16,384	0
em-p-ihep51	20260624140119844000000	29	23,084,539,174,912	23,085,853,765,632	14,632,159,976,165	25,154,938,761,216	25,945,969,811,456	22,034,264,555,520	29,685,706,653,696	373,565,004	2,301,387,029	8,192	0
em-p-ihep51	20260624140129876000000	27	23,082,471,059,456	23,082,659,979,264	14,639,743,331,672	25,154,938,761,216	25,945,969,811,456	22,034,264,555,520	29,685,706,653,696	407,777,799	1,869,335,875	0	0
em-p-ihep51	20260624140139909000000	30	23,082,476,933,120	23,082,673,983,488	14,633,314,375,604	25,154,938,761,216	25,945,969,811,456	22,034,264,555,520	29,685,706,653,696	429,653,029	1,382,933,469	0	0
em-p-ihep51	20260624140149917000000	30	23,082,470,162,432	23,082,652,446,720	14,635,494,878,784	25,154,938,761,216	25,945,969,811,456	22,034,264,555,520	29,685,706,653,696	492,812,812	1,955,795,069	0	0
em-p-ihep51	20260624140159929000000	24	23,082,465,591,296	23,082,693,771,264	14,626,156,969,251	25,154,938,761,216	25,945,969,811,456	22,034,264,555,520	29,685,706,653,696	251,890,879	1,890,952,904	0	0
em-p-ihep51	20260624140209938000000	27	23,082,467,991,552	23,082,714,820,608	14,639,626,162,410	25,154,938,761,216	25,945,969,811,456	22,034,264,555,520	29,685,706,653,696	427,649,747	1,163,941,808	0	0
em-p-ihep51	20260624140219942000000	23	23,082,453,794,816	23,082,658,971,648	14,628,735,369,250	25,154,938,761,216	25,945,969,811,456	22,034,264,555,520	29,685,706,653,696	592,405,126	1,498,053,147	0	0
em-p-ihep51	20260624140229942000000	27	23,082,459,652,096	23,082,815,164,416	14,630,205,412,006	25,154,938,761,216	25,945,969,811,456	22,034,264,555,520	29,685,706,653,696	671,109,446	2,885,334,787	0	0
em-p-ihep51	20260624140240046000000	16	23,082,447,843,328	23,082,668,335,104	14,629,372,370,160	25,154,938,761,216	25,945,969,811,456	22,034,264,555,520	29,685,706,653,696	825,174,862	2,031,843,740	0	0
em-p-ihep51	20260624140250050000000	21	23,082,447,736,832	23,082,651,754,496	14,627,633,529,669	25,154,938,761,216	25,945,969,811,456	22,034,264,555,520	29,685,706,653,696	604,461,576	1,968,125,202	0	0
em-p-ihep51	20260624140300045000000	18	23,082,452,492,288	23,082,654,502,912	14,631,711,376,397	25,154,938,761,216	25,945,969,811,456	22,034,264,555,520	29,685,706,653,696	411,509,497	1,475,835,794	0	0
em-p-ihep51	20260624140310084000000	24	23,082,452,877,312	23,082,649,022,464	14,639,834,966,318	25,154,938,761,216	25,945,969,811,456	22,034,264,555,520	29,685,706,653,696	475,603,562	1,297,245,481	0	0
em-p-ihep51	20260624140320066000000	23	23,082,462,617,600	23,083,138,482,176	14,630,464,503,365	25,154,938,761,216	25,945,969,811,456	22,034,264,555,520	29,685,706,653,696	522,256,866	1,440,366,106	0	0
em-p-ihep51	20260624140330051000000	22	23,084,585,046,016	23,084,557,225,984	14,649,710,580,190	25,154,938,761,216	25,945,969,811,456	22,034,264,555,520	29,685,706,653,696	756,698,988	1,438,761,812	0	0
em-p-ihep51	20260624140340081000000	22	23,098,762,059,776	23,098,918,612,992	14,659,257,356,411	25,154,938,761,216	25,945,969,811,456	22,034,264,555,520	29,685,706,653,696	420,567,480	1,045,415,745	0	0
em-p-ihep51	20260624140350168000000	21	23,103,797,227,520	23,103,926,882,304	14,675,187,035,798	25,154,938,761,216	25,945,969,811,456	22,034,264,555,520	29,685,706,653,696	202,056,733	818,427,226	0	0
em-p-ihep51	20260624140400291000000	23	23,108,978,888,704	23,109,133,074,432	14,670,969,326,806	25,154,938,761,216	25,945,969,811,456	22,034,264,555,520	29,685,706,653,696	214,343,139	787,562,708	0	0
em-p-ihep51	20260624140410270000000	26	23,118,269,890,560	23,118,501,933,056	14,678,202,403,810	25,154,938,761,216	25,945,969,811,456	22,034,264,555,520	29,685,706,653,696	220,708,768	1,276,413,983	0	0
em-p-ihep51	20260624140420282000000	34	23,121,034,063,872	23,121,241,874,432	14,680,928,118,688	25,154,938,761,216	25,945,969,811,456	22,034,264,555,520	29,685,706,653,696	493,148,549	1,958,194,180	0	0
em-p-ihep51	20260624140430294000000	28	23,127,938,334,720	23,127,719,587,840	14,688,512,511,947	25,154,938,761,216	25,945,969,811,456	22,034,264,555,520	29,685,706,653,696	431,486,077	1,207,843,749	0	0
em-p-ihep51	20260624140440291000000	24	23,109,844,119,552	23,110,049,361,920	14,662,355,436,855	25,154,938,761,216	25,945,969,811,456	22,034,264,555,520	29,685,706,653,696	349,187,008	1,049,256,780	0	0
em-p-ihep51	20260624140450282000000	27	23,109,840,445,440	23,110,047,211,520	14,670,014,817,383	25,154,938,761,216	25,945,969,811,456	22,034,264,555,520	29,685,706,653,696	367,872,201	1,246,285,007	0	0
em-p-ihep51	20260624140500315000000	25	23,095,741,415,424	23,095,973,412,864	14,659,857,845,454	25,154,938,761,216	25,945,969,811,456	22,034,264,555,520	29,685,706,653,696	424,279,443	994,074,084	0	0
em-p-ihep51	20260624140510328000000	36	23,095,786,323,968	23,096,302,477,312	14,682,508,948,762	25,154,938,761,216	25,945,969,811,456	22,034,264,555,520	29,685,706,653,696	712,688,171	2,849,633,944	0	0
em-p-ihep51	20260624140520338000000	39	23,097,958,572,032	23,098,172,817,408	14,679,380,382,479	25,154,938,761,216	25,945,969,811,456	22,034,264,555,520	29,685,706,653,696	820,476,878	2,908,014,156	90,112	0
em-p-ihep51	20260624140530349000000	28	23,098,801,565,696	23,098,981,359,616	14,677,891,426,554	25,154,938,761,216	25,945,969,811,456	22,034,264,555,520	29,685,706,653,696	371,919,641	1,619,238,472	0	0
em-p-ihep51	20260624140540361000000	19	23,095,337,455,616	23,095,543,177,216	14,671,376,744,410	25,154,938,761,216	25,945,969,811,456	22,034,264,555,520	29,685,706,653,696	411,759,668	1,605,725,725	0	0
em-p-ihep51	20260624140550398000000	25	23,099,895,705,600	23,100,580,712,448	14,678,143,923,641	25,154,938,761,216	25,945,969,811,456	22,034,264,555,520	29,685,706,653,696	703,017,803	1,628,029,853	0	0
em-p-ihep51	20260624140600411000000	28	23,099,888,844,800	23,100,163,395,584	14,677,380,711,114	25,154,938,761,216	25,945,969,811,456	22,034,264,555,520	29,685,706,653,696	422,853,944	960,232,280	0	0
em-p-ihep51	20260624140610422000000	33	23,100,970,266,624	23,101,173,207,040	14,699,194,031,414	25,154,938,761,216	25,945,969,811,456	22,034,264,555,520	29,685,706,653,696	385,069,308	1,079,565,918	0	0
em-p-ihep51	20260624140620443000000	33	23,101,595,648,000	23,101,337,300,992	14,694,883,620,466	25,154,938,761,216	25,945,969,811,456	22,034,264,555,520	29,685,706,653,696	267,685,095	1,161,936,290	0	0
em-p-ihep51	20260624140630458000000	24	23,105,980,502,016	23,106,221,219,840	14,688,793,572,403	25,154,938,761,216	25,945,969,811,456	22,034,264,555,520	29,685,706,653,696	376,748,035	991,793,821	0	0
em-p-ihep51	20260624140640474000000	27	23,105,405,919,232	23,105,226,203,136	14,698,936,805,307	25,154,938,761,216	25,945,969,811,456	22,034,264,555,520	29,685,706,653,696	420,693,191	761,199,470	0	0
em-p-ihep51	20260624140650496000000	35	23,108,731,613,184	23,108,195,987,456	14,692,104,341,771	25,154,938,761,216	25,945,969,811,456	22,034,264,555,520	29,685,706,653,696	248,725,001	1,203,116,353	0	0
em-p-ihep51	20260624140700520000000	32	23,108,806,475,776	23,109,031,129,088	14,691,534,005,976	25,154,938,761,216	25,945,969,811,456	22,034,264,555,520	29,685,706,653,696	294,978,748	1,688,742,162	0	0
em-p-ihep51	20260624140710606000000	32	23,109,334,298,624	23,109,547,442,176	14,706,572,767,767	25,154,938,761,216	25,945,969,811,456	22,034,264,555,520	29,685,706,653,696	934,741,669	2,315,648,923	0	0
em-p-ihep51	20260624140720628000000	36	23,109,336,891,392	23,109,539,635,200	14,698,079,576,221	25,154,938,761,216	25,945,969,811,456	22,034,264,555,520	29,685,706,653,696	526,918,451	1,845,307,729	0	0
em-p-ihep51	20260624140730634000000	28	23,107,453,796,352	23,107,654,975,488	14,688,242,738,588	25,154,938,761,216	25,945,969,811,456	22,034,264,555,520	29,685,706,653,696	337,738,348	1,119,548,280	421,888	0
em-p-ihep51	20260624140740670000000	28	23,107,529,003,008	23,107,868,573,696	14,700,301,811,321	25,154,938,761,216	25,945,969,811,456	22,034,264,555,520	29,685,706,653,696	729,525,785	2,454,633,022	0	0
em-p-ihep51	20260624140750637000000	23	23,103,916,339,200	23,104,610,230,272	14,653,830,650,370	25,154,938,761,216	25,945,969,811,456	22,034,264,555,520	29,685,706,653,696	378,894,077	1,638,465,495	0	0
em-p-ihep51	20260624140800637000000	19	23,096,162,799,616	23,096,455,294,976	14,657,544,465,268	25,154,938,761,216	25,945,969,811,456	22,034,264,555,520	29,685,706,653,696	139,953,325	805,856,300	0	0
em-p-ihep51	20260624140810659000000	26	23,096,171,868,160	23,096,871,616,512	14,669,127,999,812	25,154,938,761,216	25,945,969,811,456	22,034,264,555,520	29,685,706,653,696	228,437,328	1,459,466,512	0	0
em-p-ihep51	20260624140820669000000	20	23,096,166,244,352	23,096,382,148,608	14,656,173,782,340	25,154,938,761,216	25,945,969,811,456	22,034,264,555,520	29,685,706,653,696	321,654,064	1,161,421,356	0	0
em-p-ihep51	20260624140830689000000	25	23,096,166,166,528	23,096,382,148,608	14,665,681,202,009	25,154,938,761,216	25,945,969,811,456	22,034,264,555,520	29,685,706,653,696	357,400,502	1,348,329,646	0	0
em-p-ihep51	20260624140840733000000	24	23,096,168,972,288	23,096,386,863,104	14,661,320,859,619	25,154,938,761,216	25,945,969,811,456	22,034,264,555,520	29,685,706,653,696	308,441,420	1,300,612,204	0	0
em-p-ihep51	20260624140850723000000	23	23,096,165,408,768	23,096,382,750,720	14,659,357,235,849	25,154,938,761,216	25,945,969,811,456	22,034,264,555,520	29,685,706,653,696	626,530,284	1,235,530,904	0	0
em-p-ihep51	20260624140900737000000	23	23,095,641,890,816	23,095,858,528,256	14,657,289,227,780	25,154,938,761,216	25,945,969,811,456	22,034,264,555,520	29,685,706,653,696	426,179,560	1,503,368,619	0	0
em-p-ihep51	20260624140910769000000	29	23,094,765,682,688	23,095,030,149,120	14,670,894,723,680	25,154,938,761,216	25,945,969,811,456	22,034,264,555,520	29,685,706,653,696	592,337,694	2,334,784,825	0	0
em-p-ihep51	20260624140920804000000	29	23,096,316,157,952	23,096,475,078,656	14,651,397,147,736	25,154,938,761,216	25,945,969,811,456	22,034,264,555,520	29,685,706,653,696	344,087,893	1,286,969,582	0	0
em-p-ihep51	20260624140930792000000	25	23,092,867,395,584	23,093,025,800,192	14,655,056,840,065	25,154,938,761,216	25,945,969,811,456	22,034,264,555,520	29,685,706,653,696	348,891,615	984,953,774	0	0
em-p-ihep51	20260624140940785000000	19	23,092,336,713,728	23,092,495,028,224	14,652,947,572,871	25,154,938,761,216	25,945,969,811,456	22,034,264,555,520	29,685,706,653,696	552,932,763	1,481,154,195	0	0
em-p-ihep51	20260624140950799000000	18	23,100,624,826,368	23,100,692,193,280	14,673,873,014,438	25,154,938,761,216	25,945,969,811,456	22,034,264,555,520	29,685,706,653,696	457,105,294	1,597,696,983	0	0
em-p-ihep51	20260624141000837000000	22	23,102,279,483,392	23,102,436,843,520	14,672,146,398,772	25,154,938,761,216	25,945,969,811,456	22,034,264,555,520	29,685,706,653,696	169,735,221	1,313,662,182	0	0
em-p-ihep51	20260624141010880000000	40	23,099,991,732,224	23,100,150,636,544	14,686,808,357,774	25,154,938,761,216	25,945,969,811,456	22,034,264,555,520	29,685,706,653,696	892,796,016	2,891,514,832	0	0
em-p-ihep51	20260624141020870000000	34	23,094,004,797,440	23,094,511,411,200	14,679,214,285,410	25,154,938,761,216	25,945,969,811,456	22,034,264,555,520	29,685,706,653,696	1,044,477,221	3,263,331,649	0	0
em-p-ihep51	20260624141030876000000	32	23,094,004,002,816	23,094,136,676,352	14,676,024,808,464	25,154,938,761,216	25,945,969,811,456	22,034,264,555,520	29,685,706,653,696	708,626,565	2,402,141,365	0	0
em-p-ihep51	20260624141040890000000	32	23,094,033,530,880	23,094,165,147,648	14,664,728,855,194	25,154,938,761,216	25,945,969,811,456	22,034,264,555,520	29,685,706,653,696	1,012,331,956	1,484,966,839	0	0
em-p-ihep51	20260624141050883000000	22	23,093,992,914,944	23,094,125,637,632	14,662,138,410,755	25,154,938,761,216	25,945,969,811,456	22,034,264,555,520	29,685,706,653,696	487,554,343	1,349,594,373	0	0
em-p-ihep51	20260624141100991000000	25	23,091,305,304,064	23,091,414,081,536	14,664,083,629,856	25,154,938,761,216	25,945,969,811,456	22,034,264,555,520	29,685,706,653,696	472,302,038	1,217,943,578	0	0
em-p-ihep51	20260624141111024000000	32	23,093,349,978,112	23,093,478,051,840	14,669,640,650,739	25,154,938,761,216	25,945,969,811,456	22,034,264,555,520	29,685,706,653,696	696,533,962	2,109,183,095	0	0
em-p-ihep51	20260624141121058000000	40	23,095,766,405,120	23,095,895,826,432	14,668,075,046,927	25,154,938,761,216	25,945,969,811,456	22,034,264,555,520	29,685,706,653,696	463,970,472	2,055,231,737	0	0
em-p-ihep51	20260624141131062000000	40	23,098,081,042,432	23,098,120,667,136	14,676,927,385,963	25,154,938,761,216	25,945,969,811,456	22,034,264,555,520	29,685,706,653,696	749,126,242	2,596,181,919	0	0
em-p-ihep51	20260624141141109000000	44	23,093,653,950,464	23,093,764,456,448	14,662,309,459,225	25,154,938,761,216	25,945,969,811,456	22,034,264,555,520	29,685,706,653,696	1,122,293,927	2,109,359,880	0	0
em-p-ihep51	20260624141151109000000	45	23,093,662,543,872	23,093,777,690,624	14,669,026,257,465	25,154,938,761,216	25,945,969,811,456	22,034,264,555,520	29,685,706,653,696	438,264,079	1,324,566,414	0	0
em-p-ihep51	20260624141201119000000	30	23,093,662,834,688	23,093,777,375,232	14,662,786,261,158	25,154,938,761,216	25,945,969,811,456	22,034,264,555,520	29,685,706,653,696	345,046,870	1,366,848,424	0	0
em-p-ihep51	20260624141211198000000	26	23,093,671,419,904	23,093,991,796,736	14,666,938,177,410	25,154,938,761,216	25,945,969,811,456	22,034,264,555,520	29,685,706,653,696	505,749,025	1,462,619,275	0	0
em-p-ihep51	20260624141221238000000	23	23,093,667,942,400	23,093,744,078,848	14,661,016,885,818	25,154,938,761,216	25,945,969,811,456	22,034,264,555,520	29,685,706,653,696	704,409,471	3,475,592,367	0	0
em-p-ihep51	20260624141231295000000	28	23,093,669,023,744	23,093,848,137,728	14,665,292,777,646	25,154,938,761,216	25,945,969,811,456	22,034,264,555,520	29,685,706,653,696	785,729,570	1,728,808,303	0	0
em-p-ihep51	20260624141241341000000	27	23,094,797,639,680	23,094,562,762,752	14,664,528,945,296	25,154,938,761,216	25,945,969,811,456	22,034,264,555,520	29,685,706,653,696	792,166,059	1,981,747,299	0	0
em-p-ihep51	20260624141251345000000	25	23,096,365,207,552	23,095,839,940,608	14,669,903,775,386	25,154,938,761,216	25,945,969,811,456	22,034,264,555,520	29,685,706,653,696	512,305,546	1,829,676,554	0	0
em-p-ihep51	20260624141301471000000	22	23,098,410,422,272	23,098,496,741,376	14,662,398,952,793	25,154,938,761,216	25,945,969,811,456	22,034,264,555,520	29,685,706,653,696	557,310,244	1,390,367,418	0	0
em-p-ihep51	20260624141311444000000	22	23,098,967,613,440	23,099,042,902,016	14,667,744,666,229	25,154,938,761,216	25,945,969,811,456	22,034,264,555,520	29,685,706,653,696	603,450,246	1,753,679,696	0	0
em-p-ihep51	20260624141321556000000	28	23,098,982,699,008	23,099,056,279,552	14,669,474,700,923	25,154,938,761,216	25,945,969,811,456	22,034,264,555,520	29,685,706,653,696	521,604,413	1,300,649,172	0	0
em-p-ihep51	20260624141331557000000	23	23,098,985,156,608	23,099,063,312,384	14,671,962,987,486	25,154,938,761,216	25,945,969,811,456	22,034,264,555,520	29,685,706,653,696	659,294,144	1,251,668,023	0	0
em-p-ihep51	20260624141341659000000	21	23,098,998,300,672	23,099,071,647,744	14,662,609,332,679	25,154,938,761,216	25,945,969,811,456	22,034,264,555,520	29,685,706,653,696	381,133,942	993,923,298	0	0
em-p-ihep51	20260624141351753000000	21	23,097,389,338,624	23,097,468,235,776	14,672,466,261,030	25,154,938,761,216	25,945,969,811,456	22,034,264,555,520	29,685,706,653,696	218,165,230	963,366,350	0	0
em-p-ihep51	20260624141401853000000	23	23,097,387,208,704	23,097,475,854,336	14,670,474,317,635	25,154,938,761,216	25,945,969,811,456	22,034,264,555,520	29,685,706,653,696	186,024,200	1,293,967,285	0	0
em-p-ihep51	20260624141411864000000	24	23,103,065,726,976	23,103,287,361,536	14,684,967,557,537	25,154,938,761,216	25,945,969,811,456	22,034,264,555,520	29,685,706,653,696	318,791,145	1,692,022,101	0	0
em-p-ihep51	20260624141421859000000	23	23,106,169,995,264	23,106,615,222,272	14,666,873,313,496	25,154,938,761,216	25,945,969,811,456	22,034,264,555,520	29,685,706,653,696	519,922,527	3,077,033,515	0	0
em-p-ihep51	20260624141431881000000	24	23,099,618,967,552	23,099,718,848,512	14,669,797,492,710	25,154,938,761,216	25,945,969,811,456	22,034,264,555,520	29,685,706,653,696	657,335,253	1,742,182,754	0	0
em-p-ihep51	20260624141441946000000	25	23,080,959,504,384	23,082,587,447,296	14,628,876,498,499	25,154,938,761,216	25,945,969,811,456	22,034,264,555,520	29,685,706,653,696	654,093,170	1,207,812,834	0	0
em-p-ihep51	20260624141451921000000	23	23,064,703,795,200	23,064,799,084,544	14,629,709,257,830	25,154,938,761,216	25,945,969,811,456	22,034,264,555,520	29,685,706,653,696	633,318,253	1,587,659,217	0	0
em-p-ihep51	20260624141501953000000	20	23,064,705,044,480	23,064,799,772,672	14,634,973,089,578	25,154,938,761,216	25,945,969,811,456	22,034,264,555,520	29,685,706,653,696	1,037,445,588	1,800,454,805	0	0
em-p-ihep51	20260624141511956000000	33	23,064,705,372,160	23,064,804,536,320	14,643,162,520,018	25,154,938,761,216	25,945,969,811,456	22,034,264,555,520	29,685,706,653,696	494,753,677	2,186,291,739	0	0
em-p-ihep51	20260624141522051000000	25	23,065,831,129,088	23,065,935,142,912	14,628,958,020,709	25,154,938,761,216	25,945,969,811,456	22,034,264,555,520	29,685,706,653,696	506,154,534	1,138,963,918	0	0
em-p-ihep51	20260624141532140000000	24	23,068,036,784,128	23,068,146,692,096	14,633,694,738,507	25,154,938,761,216	25,945,969,811,456	22,034,264,555,520	29,685,706,653,696	265,549,290	988,709,098	0	0
em-p-ihep51	20260624141542185000000	22	23,068,033,359,872	23,068,139,761,664	14,634,161,233,135	25,154,938,761,216	25,945,969,811,456	22,034,264,555,520	29,685,706,653,696	773,591,907	1,843,549,989	0	0
em-p-ihep51	20260624141552166000000	24	23,068,036,763,648	23,068,197,294,080	14,623,648,763,209	25,154,938,761,216	25,945,969,811,456	22,034,264,555,520	29,685,706,653,696	477,808,173	1,623,663,634	0	0
em-p-ihep51	20260624141602163000000	26	23,068,034,498,560	23,068,185,477,120	14,627,140,223,958	25,154,938,761,216	25,945,969,811,456	22,034,264,555,520	29,685,706,653,696	497,555,696	1,241,395,096	0	0
em-p-ihep51	20260624141612177000000	29	23,070,591,934,464	23,070,736,945,152	14,648,071,128,694	25,154,938,761,216	25,945,969,811,456	22,034,264,555,520	29,685,706,653,696	841,323,447	1,536,125,212	0	0
em-p-ihep51	20260624141622189000000	28	23,070,576,025,600	23,071,276,371,968	14,622,052,478,501	25,154,938,761,216	25,945,969,811,456	22,034,264,555,520	29,685,706,653,696	446,012,543	1,473,125,128	0	0
em-p-ihep51	20260624141632206000000	26	23,070,578,925,568	23,070,726,008,832	14,629,189,022,762	25,154,938,761,216	25,945,969,811,456	22,034,264,555,520	29,685,706,653,696	399,120,954	1,374,269,804	0	0
em-p-ihep51	20260624141642198000000	29	23,067,935,444,992	23,068,110,008,320	14,622,182,066,218	25,154,938,761,216	25,945,969,811,456	22,034,264,555,520	29,685,706,653,696	496,960,313	1,873,813,832	0	0
em-p-ihep51	20260624141652229000000	28	23,067,616,534,528	23,068,450,672,640	14,630,329,517,508	25,154,938,761,216	25,945,969,811,456	22,034,264,555,520	29,685,706,653,696	389,292,377	2,732,907,138	0	0
em-p-ihep51	20260624141702250000000	28	23,068,556,783,616	23,068,693,409,792	14,653,093,600,346	25,154,938,761,216	25,945,969,811,456	22,034,264,555,520	29,685,706,653,696	498,009,601	1,564,020,343	0	0
em-p-ihep51	20260624141712351000000	21	23,068,551,921,664	23,068,685,795,328	14,641,451,055,711	25,154,938,761,216	25,945,969,811,456	22,034,264,555,520	29,685,706,653,696	845,852,611	2,162,342,837	0	0
em-p-ihep51	20260624141722413000000	22	23,068,553,003,008	23,068,688,879,616	14,623,219,073,830	25,154,938,761,216	25,945,969,811,456	22,034,264,555,520	29,685,706,653,696	498,622,735	1,551,247,780	0	0
em-p-ihep51	20260624141732527000000	30	23,075,638,640,640	23,075,690,414,080	14,643,826,359,937	25,154,938,761,216	25,945,969,811,456	22,034,264,555,520	29,685,706,653,696	479,943,354	1,439,701,512	0	0
em-p-ihep51	20260624141742531000000	32	23,075,629,969,408	23,075,787,239,424	14,641,764,644,471	25,154,938,761,216	25,945,969,811,456	22,034,264,555,520	29,685,706,653,696	549,513,368	1,397,129,988	0	0
em-p-ihep51	20260624141752533000000	24	23,070,848,671,744	23,074,282,086,400	14,633,604,460,318	25,154,938,761,216	25,945,969,811,456	22,034,264,555,520	29,685,706,653,696	736,872,224	1,311,174,459	0	0
em-p-ihep51	20260624141802549000000	25	23,071,322,566,656	23,071,535,472,640	14,643,198,203,337	25,154,938,761,216	25,945,969,811,456	22,034,264,555,520	29,685,706,653,696	199,532,802	909,546,382	0	0
em-p-ihep51	20260624141812569000000	29	23,071,865,520,128	23,072,079,507,456	14,653,940,057,829	25,154,938,761,216	25,945,969,811,456	22,034,264,555,520	29,685,706,653,696	708,045,270	1,271,682,102	0	0
em-p-ihep51	20260624141822592000000	27	23,072,218,038,272	23,072,482,902,016	14,655,502,507,352	25,154,938,761,216	25,945,969,811,456	22,034,264,555,520	29,685,706,653,696	691,938,822	1,308,619,264	0	0
em-p-ihep51	20260624141832597000000	22	23,072,219,324,416	23,072,835,321,856	14,663,260,755,584	25,154,938,761,216	25,945,969,811,456	22,034,264,555,520	29,685,706,653,696	306,183,093	1,701,989,446	0	0
em-p-ihep51	20260624141842602000000	21	23,072,217,587,712	23,072,409,100,288	14,667,515,151,290	25,154,938,761,216	25,945,969,811,456	22,034,264,555,520	29,685,706,653,696	1,035,167,168	1,881,884,864	0	0
em-p-ihep51	20260624141852612000000	20	23,072,393,093,120	23,072,504,717,312	14,676,151,694,108	25,154,938,761,216	25,945,969,811,456	22,034,264,555,520	29,685,706,653,696	381,339,316	1,187,644,530	0	0
em-p-ihep51	20260624141902644000000	21	23,072,840,650,752	23,073,844,408,320	14,680,600,235,512	25,154,938,761,216	25,945,969,811,456	22,034,264,555,520	29,685,706,653,696	440,529,728	1,282,065,786	0	0
em-p-ihep51	20260624141912638000000	31	23,075,858,743,296	23,075,661,049,856	14,704,877,670,757	25,154,938,761,216	25,945,969,811,456	22,034,264,555,520	29,685,706,653,696	695,706,384	2,298,765,574	0	0
em-p-ihep51	20260624141922648000000	30	23,078,443,118,592	23,078,747,529,216	14,690,426,279,608	25,154,938,761,216	25,945,969,811,456	22,034,264,555,520	29,685,706,653,696	500,612,682	2,420,134,491	0	0
em-p-ihep51	20260624141932666000000	24	23,073,227,063,296	23,073,354,833,920	14,689,137,169,549	25,154,938,761,216	25,945,969,811,456	22,034,264,555,520	29,685,706,653,696	420,995,097	1,939,623,502	0	0
em-p-ihep51	20260624141942705000000	27	23,073,644,457,984	23,073,753,264,128	14,700,139,156,861	25,154,938,761,216	25,945,969,811,456	22,034,264,555,520	29,685,706,653,696	1,110,894,657	1,913,587,570	0	0
em-p-ihep51	20260624141952716000000	30	23,074,193,674,240	23,073,783,590,912	14,700,113,924,817	25,154,938,761,216	25,945,969,811,456	22,034,264,555,520	29,685,706,653,696	444,349,245	1,619,468,581	0	0
em-p-ihep51	20260624142002725000000	24	23,074,829,668,352	23,074,968,956,928	14,706,522,525,843	25,154,938,761,216	25,945,969,811,456	22,034,264,555,520	29,685,706,653,696	649,137,496	2,210,443,300	0	0
em-p-ihep51	20260624142012774000000	35	23,076,548,833,280	23,076,753,498,112	14,738,438,316,348	25,154,938,761,216	25,945,969,811,456	22,034,264,555,520	29,685,706,653,696	1,175,611,236	2,814,063,405	0	0
em-p-ihep51	20260624142022749000000	28	23,077,146,587,136	23,077,247,266,816	14,717,102,895,956	25,154,938,761,216	25,945,969,811,456	22,034,264,555,520	29,685,706,653,696	577,935,742	2,351,018,944	0	0
em-p-ihep51	20260624142032760000000	28	23,077,296,246,784	23,077,436,211,200	14,719,728,183,315	25,154,938,761,216	25,945,969,811,456	22,034,264,555,520	29,685,706,653,696	414,807,973	1,104,538,150	0	0
em-p-ihep51	20260624142042794000000	25	23,078,977,515,520	23,079,000,653,824	14,709,775,923,362	25,154,938,761,216	25,945,969,811,456	22,034,264,555,520	29,685,706,653,696	475,660,151	1,224,253,118	0	0
em-p-ihep51	20260624142052867000000	22	23,072,255,041,536	23,072,392,187,904	14,638,076,062,566	25,154,938,761,216	25,945,969,811,456	22,034,264,555,520	29,685,706,653,696	352,847,712	1,130,908,841	0	0
em-p-ihep51	20260624142102891000000	29	23,077,194,948,608	23,077,109,481,472	14,652,536,365,822	25,154,938,761,216	25,945,969,811,456	22,034,264,555,520	29,685,706,653,696	437,459,726	2,682,321,181	0	0
em-p-ihep51	20260624142112921000000	34	23,081,878,683,648	23,081,925,578,752	14,666,082,183,592	25,154,938,761,216	25,945,969,811,456	22,034,264,555,520	29,685,706,653,696	426,909,570	2,192,658,248	0	0
em-p-ihep51	20260624142122916000000	30	23,085,198,221,312	23,085,335,015,424	14,614,830,259,571	25,154,938,761,216	25,945,969,811,456	22,034,264,555,520	29,685,706,653,696	771,798,677	1,867,068,259	0	0
em-p-ihep51	20260624142132930000000	28	23,067,220,779,008	23,067,349,094,400	14,615,704,346,120	25,154,938,761,216	25,945,969,811,456	22,034,264,555,520	29,685,706,653,696	323,664,177	1,326,345,792	0	0
em-p-ihep51	20260624142142925000000	25	23,066,670,731,264	23,066,512,605,184	14,622,087,069,912	25,154,938,761,216	25,945,969,811,456	22,034,264,555,520	29,685,706,653,696	579,274,073	1,559,407,793	0	0
em-p-ihep51	20260624142152950000000	35	23,072,111,636,480	23,072,234,827,776	14,628,664,948,123	25,154,938,761,216	25,945,969,811,456	22,034,264,555,520	29,685,706,653,696	437,226,352	1,304,356,308	28,672	0
em-p-ihep51	20260624142202964000000	34	23,072,523,489,280	23,072,736,374,784	14,636,913,981,066	25,154,938,761,216	25,945,969,811,456	22,034,264,555,520	29,685,706,653,696	911,951,936	1,922,813,707	0	0
em-p-ihep51	20260624142212965000000	29	23,060,703,043,584	23,061,075,271,680	14,621,903,929,363	25,154,938,761,216	25,945,969,811,456	22,034,264,555,520	29,685,706,653,696	1,071,381,939	2,116,773,261	0	0
em-p-ihep51	20260624142222977000000	21	23,060,694,839,296	23,060,821,835,776	14,631,265,939,717	25,154,938,761,216	25,945,969,811,456	22,034,264,555,520	29,685,706,653,696	904,615,749	1,265,873,030	0	0
em-p-ihep51	20260624142233027000000	30	23,061,233,836,032	23,061,368,221,696	14,635,113,468,520	25,154,938,761,216	25,945,969,811,456	22,034,264,555,520	29,685,706,653,696	493,262,424	1,194,759,750	0	0
em-p-ihep51	20260624142243046000000	22	23,062,152,249,344	23,062,283,587,584	14,639,617,043,887	25,154,938,761,216	25,945,969,811,456	22,034,264,555,520	29,685,706,653,696	417,319,459	1,118,150,622	0	0
em-p-ihep51	20260624142253041000000	24	23,062,151,327,744	23,062,294,474,752	14,648,675,548,744	25,154,938,761,216	25,945,969,811,456	22,034,264,555,520	29,685,706,653,696	415,843,070	1,545,213,301	0	0
em-p-ihep51	20260624142303069000000	23	23,062,153,703,424	23,062,280,069,120	14,651,075,665,146	25,154,938,761,216	25,945,969,811,456	22,034,264,555,520	29,685,706,653,696	771,742,701	1,452,365,097	0	0
em-p-ihep51	20260624142313186000000	22	23,062,155,202,560	23,062,268,694,528	14,657,991,536,972	25,154,938,761,216	25,945,969,811,456	22,034,264,555,520	29,685,706,653,696	368,383,446	1,443,398,231	0	0
em-p-ihep51	20260624142323199000000	22	23,062,155,419,648	23,062,280,118,272	14,661,953,557,002	25,154,938,761,216	25,945,969,811,456	22,034,264,555,520	29,685,706,653,696	490,701,403	1,260,378,989	0	0
em-p-ihep51	20260624142333195000000	18	23,062,651,965,440	23,062,752,280,576	14,657,827,823,559	25,154,938,761,216	25,945,969,811,456	22,034,264,555,520	29,685,706,653,696	411,442,468	898,857,735	0	0
em-p-ihep51	20260624142343297000000	18	23,062,792,536,064	23,062,886,952,960	14,667,643,005,243	25,154,938,761,216	25,945,969,811,456	22,034,264,555,520	29,685,706,653,696	445,861,108	1,017,614,861	0	0
em-p-ihep51	20260624142353298000000	21	23,063,673,831,424	23,063,880,835,072	14,669,531,252,761	25,154,938,761,216	25,945,969,811,456	22,034,264,555,520	29,685,706,653,696	401,243,564	1,063,256,649	0	0
em-p-ihep51	20260624142403319000000	23	23,063,670,370,304	23,063,774,601,216	14,674,858,039,980	25,154,938,761,216	25,945,969,811,456	22,034,264,555,520	29,685,706,653,696	262,030,927	772,205,761	0	0
em-p-ihep51	20260624142413303000000	25	23,064,490,033,152	23,062,052,732,928	14,686,524,577,710	25,154,938,761,216	25,945,969,811,456	22,034,264,555,520	29,685,706,653,696	318,345,994	1,775,026,812	0	0
em-p-ihep51	20260624142423398000000	19	23,073,130,856,448	23,073,725,116,416	14,671,144,689,375	25,154,938,761,216	25,945,969,811,456	22,034,264,555,520	29,685,706,653,696	308,767,783	1,370,050,292	0	0
em-p-ihep51	20260624142433502000000	19	23,065,291,788,288	23,065,401,753,600	14,680,855,081,209	25,154,938,761,216	25,945,969,811,456	22,034,264,555,520	29,685,706,653,696	427,929,685	1,024,791,996	0	0
em-p-ihep51	20260624142443592000000	18	23,066,056,138,752	23,066,167,513,088	14,674,494,074,683	25,154,938,761,216	25,945,969,811,456	22,034,264,555,520	29,685,706,653,696	308,529,059	1,111,836,952	0	0
em-p-ihep51	20260624142453598000000	20	23,069,946,658,816	23,069,324,492,800	14,641,402,859,944	25,154,938,761,216	25,945,969,811,456	22,034,264,555,520	29,685,706,653,696	449,665,630	955,583,599	0	0
em-p-ihep51	20260624142503616000000	20	23,060,581,126,144	23,060,706,906,112	14,619,398,009,120	25,154,938,761,216	25,945,969,811,456	22,034,264,555,520	29,685,706,653,696	160,582,002	749,639,165	0	0
em-p-ihep51	20260624142513641000000	27	23,060,370,997,248	23,060,043,661,312	14,648,629,237,984	25,154,938,761,216	25,945,969,811,456	22,034,264,555,520	29,685,706,653,696	332,054,828	1,342,422,139	0	0
em-p-ihep51	20260624142523661000000	33	23,062,288,076,800	23,062,447,558,656	14,627,887,961,444	25,154,938,761,216	25,945,969,811,456	22,034,264,555,520	29,685,706,653,696	806,100,668	1,356,746,770	0	0
em-p-ihep51	20260624142533702000000	31	23,060,404,662,272	23,061,070,221,312	14,621,810,216,997	25,154,938,761,216	25,945,969,811,456	22,034,264,555,520	29,685,706,653,696	680,596,718	1,418,127,366	0	0
em-p-ihep51	20260624142543693000000	28	23,062,123,712,512	23,062,115,946,496	14,625,690,414,286	25,154,938,761,216	25,945,969,811,456	22,034,264,555,520	29,685,706,653,696	795,503,654	1,769,400,809	0	0
em-p-ihep51	20260624142553703000000	25	23,049,328,271,360	23,050,040,283,136	14,589,248,754,820	25,154,938,761,216	25,945,969,811,456	22,034,264,555,520	29,685,706,653,696	578,249,644	1,553,064,893	0	0
em-p-ihep51	20260624142603717000000	25	23,049,345,810,432	23,050,274,512,896	14,588,904,533,872	25,154,938,761,216	25,945,969,811,456	22,034,264,555,520	29,685,706,653,696	504,501,252	2,311,896,994	0	0
em-p-ihep51	20260624142613702000000	21	23,050,807,652,352	23,050,937,602,048	14,590,396,071,349	25,154,938,761,216	25,945,969,811,456	22,034,264,555,520	29,685,706,653,696	1,270,089,979	2,394,397,440	0	0
em-p-ihep51	20260624142623786000000	25	23,051,031,048,192	23,051,786,141,696	14,590,825,509,387	25,154,938,761,216	25,945,969,811,456	22,034,264,555,520	29,685,706,653,696	898,134,972	1,520,686,196	0	0
em-p-ihep51	20260624142633907000000	20	23,050,115,579,904	23,050,253,201,408	14,592,843,029,853	25,154,938,761,216	25,945,969,811,456	22,034,264,555,520	29,685,706,653,696	401,533,306	841,179,178	0	0
em-p-ihep51	20260624142643999000000	22	23,052,670,889,984	23,052,864,524,288	14,594,391,445,446	25,154,938,761,216	25,945,969,811,456	22,034,264,555,520	29,685,706,653,696	429,024,542	1,110,710,753	0	0
em-p-ihep51	20260624142654000000000	21	23,052,754,542,592	23,053,074,599,936	14,597,344,164,922	25,154,938,761,216	25,945,969,811,456	22,034,264,555,520	29,685,706,653,696	360,395,469	963,034,343	0	0
em-p-ihep51	20260624142704097000000	23	23,054,363,881,472	23,054,495,813,632	14,598,242,611,043	25,154,938,761,216	25,945,969,811,456	22,034,264,555,520	29,685,706,653,696	474,738,491	1,681,836,213	0	0
em-p-ihep51	20260624142714118000000	21	23,054,560,202,752	23,055,166,517,248	14,599,701,380,116	25,154,938,761,216	25,945,969,811,456	22,034,264,555,520	29,685,706,653,696	240,798,269	1,841,454,684	0	0
em-p-ihep51	20260624142724182000000	21	23,053,042,704,384	23,053,179,973,632	14,603,408,319,993	25,154,938,761,216	25,945,969,811,456	22,034,264,555,520	29,685,706,653,696	573,739,205	1,239,686,011	0	0
em-p-ihep51	20260624142734196000000	19	23,053,043,675,136	23,053,182,259,200	14,602,615,123,735	25,154,938,761,216	25,945,969,811,456	22,034,264,555,520	29,685,706,653,696	352,822,293	938,320,303	184,320	0
em-p-ihep51	20260624142744216000000	22	23,053,046,161,408	23,053,195,956,224	14,610,669,567,511	25,154,938,761,216	25,945,969,811,456	22,034,264,555,520	29,685,706,653,696	360,689,146	1,101,339,760	0	0
em-p-ihep51	20260624142754235000000	32	23,054,251,913,216	23,054,221,799,424	14,610,276,747,826	25,154,938,761,216	25,945,969,811,456	22,034,264,555,520	29,685,706,653,696	293,393,356	826,757,319	0	0
em-p-ihep51	20260624142804231000000	17	23,055,253,131,264	23,055,466,242,048	14,604,369,818,623	25,154,938,761,216	25,945,969,811,456	22,034,264,555,520	29,685,706,653,696	436,876,202	979,075,922	0	0
em-p-ihep51	20260624142814240000000	21	23,055,243,517,952	23,055,454,101,504	14,609,297,473,524	25,154,938,761,216	25,945,969,811,456	22,034,264,555,520	29,685,706,653,696	371,677,761	1,001,746,091	0	0
em-p-ihep51	20260624142824351000000	18	23,056,038,453,248	23,056,159,805,440	14,610,737,718,197	25,154,938,761,216	25,945,969,811,456	22,034,264,555,520	29,685,706,653,696	292,113,344	1,285,521,673	0	0
em-p-ihep51	20260624142834397000000	22	23,056,532,619,264	23,056,736,010,240	14,611,831,097,588	25,154,938,761,216	25,945,969,811,456	22,034,264,555,520	29,685,706,653,696	176,222,645	1,255,745,517	0	0
em-p-ihep51	20260624142844378000000	18	23,055,005,556,736	23,055,209,480,192	14,607,236,167,127	25,154,938,761,216	25,945,969,811,456	22,034,264,555,520	29,685,706,653,696	625,736,411	1,522,284,401	0	0
em-p-ihep51	20260624142854401000000	17	23,055,007,887,360	23,055,629,795,328	14,612,424,926,180	25,154,938,761,216	25,945,969,811,456	22,034,264,555,520	29,685,706,653,696	231,744,968	833,153,850	0	0
em-p-ihep51	20260624142904502000000	21	23,055,009,132,544	23,055,209,304,064	14,605,757,651,481	25,154,938,761,216	25,945,969,811,456	22,034,264,555,520	29,685,706,653,696	424,257,702	1,128,038,577	0	0
em-p-ihep51	20260624142914501000000	29	23,053,946,396,672	23,054,239,043,584	14,630,845,869,187	25,154,938,761,216	25,945,969,811,456	22,034,264,555,520	29,685,706,653,696	536,099,790	2,528,776,181	0	0
em-p-ihep51	20260624142924504000000	20	23,057,437,200,384	23,057,588,736,000	14,580,286,671,323	25,154,938,761,216	25,945,969,811,456	22,034,264,555,520	29,685,706,653,696	211,666,552	996,783,216	0	0
em-p-ihep51	20260624142934602000000	16	23,050,409,177,088	23,050,558,386,176	14,571,528,395,524	25,154,938,761,216	25,945,969,811,456	22,034,264,555,520	29,685,706,653,696	344,081,210	906,355,482	0	0
em-p-ihep51	20260624142944714000000	23	23,047,374,794,752	23,047,522,426,880	14,575,992,138,377	25,154,938,761,216	25,945,969,811,456	22,034,264,555,520	29,685,706,653,696	414,747,662	1,167,672,688	0	0
em-p-ihep51	20260624142954837000000	28	23,047,263,920,128	23,047,796,977,664	14,590,745,515,593	25,154,938,761,216	25,945,969,811,456	22,034,264,555,520	29,685,706,653,696	365,066,996	1,678,545,412	0	0
em-p-ihep51	20260624143004934000000	23	23,047,403,266,048	23,047,778,832,384	14,574,401,563,314	25,154,938,761,216	25,945,969,811,456	22,034,264,555,520	29,685,706,653,696	502,167,390	3,721,679,245	0	0
em-p-ihep51	20260624143014931000000	39	23,049,319,190,528	23,049,396,871,168	14,606,872,089,366	25,154,938,761,216	25,945,969,811,456	22,034,264,555,520	29,685,706,653,696	1,255,011,785	2,827,090,423	0	0
em-p-ihep51	20260624143024936000000	31	23,049,579,450,368	23,049,555,931,136	14,585,982,114,848	25,154,938,761,216	25,945,969,811,456	22,034,264,555,520	29,685,706,653,696	852,186,238	1,607,233,968	0	0
em-p-ihep51	20260624143034947000000	33	23,049,910,243,328	23,050,098,647,040	14,587,764,200,385	25,154,938,761,216	25,945,969,811,456	22,034,264,555,520	29,685,706,653,696	578,602,544	1,546,342,518	0	0
em-p-ihep51	20260624143044947000000	28	23,047,663,624,192	23,047,875,788,800	14,579,667,141,603	25,154,938,761,216	25,945,969,811,456	22,034,264,555,520	29,685,706,653,696	764,286,584	1,568,248,620	0	0
em-p-ihep51	20260624143054972000000	26	23,047,655,804,928	23,047,843,729,408	14,578,365,931,594	25,154,938,761,216	25,945,969,811,456	22,034,264,555,520	29,685,706,653,696	583,965,493	1,371,512,965	0	0
em-p-ihep51	20260624143105046000000	31	23,047,659,802,624	23,048,343,773,184	14,580,062,447,208	25,154,938,761,216	25,945,969,811,456	22,034,264,555,520	29,685,706,653,696	547,663,654	1,376,381,743	0	0
em-p-ihep51	20260624143115017000000	33	23,048,686,010,368	23,048,855,666,688	14,584,325,945,618	25,154,938,761,216	25,945,969,811,456	22,034,264,555,520	29,685,706,653,696	716,087,944	2,254,544,641	0	0
em-p-ihep51	20260624143125049000000	40	23,049,115,844,608	23,049,517,703,168	14,579,713,867,636	25,154,938,761,216	25,945,969,811,456	22,034,264,555,520	29,685,706,653,696	1,060,488,277	2,552,122,702	0	0
em-p-ihep51	20260624143135070000000	33	23,049,120,100,352	23,049,302,351,872	14,580,453,974,666	25,154,938,761,216	25,945,969,811,456	22,034,264,555,520	29,685,706,653,696	316,486,859	2,956,400,975	0	0
em-p-ihep51	20260624143145073000000	24	23,049,112,866,816	23,049,310,707,712	14,582,027,434,238	25,154,938,761,216	25,945,969,811,456	22,034,264,555,520	29,685,706,653,696	534,732,056	1,368,527,679	0	0
em-p-ihep51	20260624143155065000000	25	23,050,245,812,224	23,050,589,634,560	14,576,334,880,046	25,154,938,761,216	25,945,969,811,456	22,034,264,555,520	29,685,706,653,696	525,756,965	1,675,763,126	0	0
em-p-ihep51	20260624143205155000000	21	23,048,788,094,976	23,048,982,257,664	14,582,346,149,104	25,154,938,761,216	25,945,969,811,456	22,034,264,555,520	29,685,706,653,696	568,803,792	1,332,913,349	0	0
em-p-ihep51	20260624143215229000000	29	23,048,795,598,848	23,048,969,707,520	14,577,087,115,002	25,154,938,761,216	25,945,969,811,456	22,034,264,555,520	29,685,706,653,696	974,171,068	1,908,556,947	0	0
em-p-ihep51	20260624143225237000000	25	23,048,791,986,176	23,048,968,245,248	14,578,633,929,342	25,154,938,761,216	25,945,969,811,456	22,034,264,555,520	29,685,706,653,696	819,359,451	1,663,744,052	0	0
em-p-ihep51	20260624143235257000000	20	23,048,792,776,704	23,048,971,644,928	14,582,491,571,817	25,154,938,761,216	25,945,969,811,456	22,034,264,555,520	29,685,706,653,696	895,320,408	2,076,605,913	684,032	0
em-p-ihep51	20260624143245289000000	25	23,049,222,385,664	23,049,356,562,432	14,582,983,281,101	25,154,938,761,216	25,945,969,811,456	22,034,264,555,520	29,685,706,653,696	399,791,435	1,991,733,762	0	0
em-p-ihep51	20260624143255308000000	20	23,049,222,553,600	23,049,390,354,432	14,575,479,644,814	25,154,938,761,216	25,945,969,811,456	22,034,264,555,520	29,685,706,653,696	486,774,115	1,452,297,977	0	0
em-p-ihep51	20260624143305300000000	23	23,049,222,447,104	23,049,358,635,008	14,579,262,277,205	25,154,938,761,216	25,945,969,811,456	22,034,264,555,520	29,685,706,653,696	532,244,066	1,623,554,103	45,056	0
em-p-ihep51	20260624143315313000000	19	23,049,221,398,528	23,049,366,237,184	14,578,628,495,526	25,154,938,761,216	25,945,969,811,456	22,034,264,555,520	29,685,706,653,696	485,254,913	1,552,674,524	0	0
em-p-ihep51	20260624143325395000000	19	23,049,209,745,408	23,049,345,232,896	14,571,700,195,787	25,154,938,761,216	25,945,969,811,456	22,034,264,555,520	29,685,706,653,696	394,778,340	1,129,830,168	0	0
em-p-ihep51	20260624143335394000000	15	23,049,209,634,816	23,049,345,216,512	14,572,987,598,792	25,154,938,761,216	25,945,969,811,456	22,034,264,555,520	29,685,706,653,696	550,384,319	1,161,989,615	0	0
em-p-ihep51	20260624143345553000000	17	23,049,211,957,248	23,049,447,202,816	14,575,485,881,759	25,154,938,761,216	25,945,969,811,456	22,034,264,555,520	29,685,706,653,696	367,565,740	1,522,499,143	0	0
em-p-ihep51	20260624143355585000000	21	23,049,211,850,752	23,049,841,319,936	14,577,330,763,236	25,154,938,761,216	25,945,969,811,456	22,034,264,555,520	29,685,706,653,696	324,999,799	946,570,219	0	0
em-p-ihep51	20260624143405582000000	17	23,050,629,840,896	23,050,778,427,392	14,581,020,561,181	25,154,938,761,216	25,945,969,811,456	22,034,264,555,520	29,685,706,653,696	292,244,362	1,435,820,686	0	0
em-p-ihep51	20260624143415714000000	21	23,049,264,267,264	23,049,093,648,384	14,585,567,695,842	25,154,938,761,216	25,945,969,811,456	22,034,264,555,520	29,685,706,653,696	488,361,447	1,734,344,928	0	0
em-p-ihep51	20260624143425694000000	19	23,050,702,880,768	23,050,843,869,184	14,578,194,512,830	25,154,938,761,216	25,945,969,811,456	22,034,264,555,520	29,685,706,653,696	282,216,915	1,428,780,743	0	0
em-p-ihep51	20260624143435704000000	18	23,048,974,233,600	23,049,107,824,640	14,577,937,340,872	25,154,938,761,216	25,945,969,811,456	22,034,264,555,520	29,685,706,653,696	579,945,247	1,350,657,404	0	0
em-p-ihep51	20260624143445704000000	20	23,048,972,652,544	23,049,104,740,352	14,572,214,338,328	25,154,938,761,216	25,945,969,811,456	22,034,264,555,520	29,685,706,653,696	401,591,942	1,104,272,215	0	0
em-p-ihep51	20260624143455808000000	17	23,048,970,276,864	23,049,107,275,776	14,581,530,452,015	25,154,938,761,216	25,945,969,811,456	22,034,264,555,520	29,685,706,653,696	610,955,698	1,286,174,644	0	0
em-p-ihep51	20260624143505830000000	29	23,049,090,801,664	23,049,217,708,032	14,578,924,359,479	25,154,938,761,216	25,945,969,811,456	22,034,264,555,520	29,685,706,653,696	620,029,395	1,295,049,647	0	0
em-p-ihep51	20260624143515917000000	23	23,049,102,327,808	23,049,325,469,696	14,585,172,871,590	25,154,938,761,216	25,945,969,811,456	22,034,264,555,520	29,685,706,653,696	407,274,556	2,186,344,008	0	0
em-p-ihep51	20260624143526017000000	24	23,049,100,333,056	23,049,941,676,032	14,577,873,597,181	25,154,938,761,216	25,945,969,811,456	22,034,264,555,520	29,685,706,653,696	509,623,767	3,526,745,990	0	0
em-p-ihep51	20260624143536033000000	23	23,049,043,832,832	23,048,900,280,320	14,584,346,490,829	25,154,938,761,216	25,945,969,811,456	22,034,264,555,520	29,685,706,653,696	444,812,209	1,691,157,866	0	0
em-p-ihep51	20260624143546016000000	22	23,050,337,820,672	23,050,467,770,368	14,574,349,269,873	25,154,938,761,216	25,945,969,811,456	22,034,264,555,520	29,685,706,653,696	510,275,653	1,571,932,108	0	0
em-p-ihep51	20260624143556047000000	22	23,048,814,067,712	23,048,947,085,312	14,584,191,471,879	25,154,938,761,216	25,945,969,811,456	22,034,264,555,520	29,685,706,653,696	545,438,972	999,018,201	0	0
em-p-ihep51	20260624143606072000000	25	23,048,815,202,304	23,048,993,017,856	14,580,154,674,433	25,154,938,761,216	25,945,969,811,456	22,034,264,555,520	29,685,706,653,696	656,258,234	1,153,019,373	0	0
em-p-ihep51	20260624143616067000000	26	23,050,742,984,704	23,050,369,331,200	14,583,417,048,559	25,154,938,761,216	25,945,969,811,456	22,034,264,555,520	29,685,706,653,696	645,118,850	1,097,301,845	0	0
em-p-ihep51	20260624143626086000000	31	23,051,802,062,848	23,051,930,460,160	14,577,264,003,569	25,154,938,761,216	25,945,969,811,456	22,034,264,555,520	29,685,706,653,696	522,605,997	1,446,465,064	0	0
em-p-ihep51	20260624143636116000000	23	23,052,012,077,056	23,052,161,417,216	14,571,380,846,790	25,154,938,761,216	25,945,969,811,456	22,034,264,555,520	29,685,706,653,696	1,094,653,385	1,291,612,009	0	0
em-p-ihep51	20260624143646130000000	30	23,052,026,028,032	23,052,157,124,608	14,588,875,523,417	25,154,938,761,216	25,945,969,811,456	22,034,264,555,520	29,685,706,653,696	893,828,386	1,674,100,553	0	0
em-p-ihep51	20260624143656129000000	28	23,052,226,981,888	23,052,391,256,064	14,581,755,150,778	25,154,938,761,216	25,945,969,811,456	22,034,264,555,520	29,685,706,653,696	815,425,526	1,444,677,638	118,784	0
em-p-ihep51	20260624143706141000000	26	23,052,233,035,776	23,052,836,737,024	14,582,821,596,799	25,154,938,761,216	25,945,969,811,456	22,034,264,555,520	29,685,706,653,696	520,574,278	1,732,282,783	0	0
em-p-ihep51	20260624143716166000000	25	23,050,697,900,032	23,050,815,959,040	14,584,842,545,069	25,154,938,761,216	25,945,969,811,456	22,034,264,555,520	29,685,706,653,696	1,006,650,032	2,434,973,884	0	0
em-p-ihep51	20260624143726162000000	29	23,050,701,926,400	23,050,816,458,752	14,581,341,383,552	25,154,938,761,216	25,945,969,811,456	22,034,264,555,520	29,685,706,653,696	998,775,415	2,117,727,046	0	0
em-p-ihep51	20260624143736172000000	22	23,050,698,358,784	23,050,829,451,264	14,577,162,497,203	25,154,938,761,216	25,945,969,811,456	22,034,264,555,520	29,685,706,653,696	1,199,543,210	1,787,597,135	0	0
em-p-ihep51	20260624143746172000000	20	23,049,194,799,104	23,050,819,776,512	14,572,644,698,465	25,154,938,761,216	25,945,969,811,456	22,034,264,555,520	29,685,706,653,696	894,949,227	1,426,185,365	69,632	0
em-p-ihep51	20260624143756178000000	21	23,050,816,442,368	23,051,101,925,376	14,575,471,179,877	25,154,938,761,216	25,945,969,811,456	22,034,264,555,520	29,685,706,653,696	569,591,460	2,927,654,351	0	0
em-p-ihep51	20260624143806187000000	23	23,049,282,486,272	23,049,448,710,144	14,578,597,357,230	25,154,938,761,216	25,945,969,811,456	22,034,264,555,520	29,685,706,653,696	724,599,201	2,161,083,951	0	0
em-p-ihep51	20260624143816189000000	26	23,049,273,954,304	23,049,475,362,816	14,573,208,238,459	25,154,938,761,216	25,945,969,811,456	22,034,264,555,520	29,685,706,653,696	402,688,911	1,198,174,714	0	0
em-p-ihep51	20260624143826288000000	20	23,050,802,900,992	23,051,005,923,328	14,576,360,471,105	25,154,938,761,216	25,945,969,811,456	22,034,264,555,520	29,685,706,653,696	672,591,395	1,805,119,636	0	0
em-p-ihep51	20260624143836297000000	20	23,049,296,965,632	23,049,524,166,656	14,580,383,071,606	25,154,938,761,216	25,945,969,811,456	22,034,264,555,520	29,685,706,653,696	375,283,361	1,371,968,905	0	0
em-p-ihep51	20260624143846307000000	23	23,050,223,292,416	23,050,452,340,736	14,585,252,021,551	25,154,938,761,216	25,945,969,811,456	22,034,264,555,520	29,685,706,653,696	301,730,195	915,663,525	0	0
em-p-ihep51	20260624143856312000000	23	23,050,562,064,384	23,050,766,065,664	14,585,241,084,067	25,154,938,761,216	25,945,969,811,456	22,034,264,555,520	29,685,706,653,696	202,405,138	1,008,804,485	0	0
em-p-ihep51	20260624143906315000000	21	23,052,130,484,224	23,052,454,748,160	14,581,096,157,021	25,154,938,761,216	25,945,969,811,456	22,034,264,555,520	29,685,706,653,696	669,144,743	1,695,217,319	0	0
em-p-ihep51	20260624143916413000000	21	23,063,942,397,952	23,064,250,339,328	14,595,031,771,253	25,154,938,761,216	25,945,969,811,456	22,034,264,555,520	29,685,706,653,696	506,969,808	1,843,464,687	143,360	0
em-p-ihep51	20260624143926511000000	21	23,059,494,752,256	23,059,324,506,112	14,578,760,355,944	25,154,938,761,216	25,945,969,811,456	22,034,264,555,520	29,685,706,653,696	351,083,532	1,104,635,065	0	0
em-p-ihep51	20260624143936511000000	23	23,050,596,618,240	23,050,510,807,040	14,582,096,140,472	25,154,938,761,216	25,945,969,811,456	22,034,264,555,520	29,685,706,653,696	638,822,972	1,089,856,271	0	0
em-p-ihep51	20260624143946603000000	21	23,051,069,870,080	23,051,548,585,984	14,590,679,283,879	25,154,938,761,216	25,945,969,811,456	22,034,264,555,520	29,685,706,653,696	715,225,500	1,586,083,620	0	0
em-p-ihep51	20260624143956699000000	22	23,051,078,144,000	23,051,246,112,768	14,579,612,809,575	25,154,938,761,216	25,945,969,811,456	22,034,264,555,520	29,685,706,653,696	533,345,748	1,454,955,996	0	0
em-p-ihep51	20260624144006725000000	25	23,051,082,829,824	23,051,256,512,512	14,601,222,264,203	25,154,938,761,216	25,945,969,811,456	22,034,264,555,520	29,685,706,653,696	396,086,153	2,170,336,358	0	0
em-p-ihep51	20260624144016728000000	37	23,056,411,525,120	23,056,729,690,112	14,624,508,735,262	25,154,938,761,216	25,945,969,811,456	22,034,264,555,520	29,685,706,653,696	1,085,559,664	3,230,809,854	0	0
em-p-ihep51	20260624144026762000000	31	23,050,755,461,120	23,050,942,656,512	14,589,373,610,166	25,154,938,761,216	25,945,969,811,456	22,034,264,555,520	29,685,706,653,696	828,548,561	1,779,569,204	0	0
em-p-ihep51	20260624144036761000000	37	23,050,760,265,728	23,050,956,124,160	14,583,692,073,220	25,154,938,761,216	25,945,969,811,456	22,034,264,555,520	29,685,706,653,696	576,470,286	1,108,430,924	0	0
em-p-ihep51	20260624144046788000000	29	23,050,986,418,176	23,051,155,791,872	14,596,088,773,570	25,154,938,761,216	25,945,969,811,456	22,034,264,555,520	29,685,706,653,696	348,230,989	1,190,096,045	0	0
em-p-ihep51	20260624144056793000000	24	23,050,982,858,752	23,051,155,640,320	14,589,962,970,783	25,154,938,761,216	25,945,969,811,456	22,034,264,555,520	29,685,706,653,696	627,861,633	1,862,931,482	0	0
em-p-ihep51	20260624144106799000000	24	23,050,979,348,480	23,051,151,683,584	14,581,984,143,349	25,154,938,761,216	25,945,969,811,456	22,034,264,555,520	29,685,706,653,696	273,922,861	960,610,801	0	0
em-p-ihep51	20260624144116798000000	26	23,053,113,147,392	23,053,175,033,856	14,585,902,918,685	25,154,938,761,216	25,945,969,811,456	22,034,264,555,520	29,685,706,653,696	503,922,988	1,889,461,812	0	0
em-p-ihep51	20260624144126897000000	20	23,053,437,177,856	23,053,607,432,192	14,575,968,359,593	25,154,938,761,216	25,945,969,811,456	22,034,264,555,520	29,685,706,653,696	695,571,918	1,646,398,137	0	0
em-p-ihep51	20260624144136999000000	25	23,053,437,071,360	23,053,601,886,208	14,578,638,167,651	25,154,938,761,216	25,945,969,811,456	22,034,264,555,520	29,685,706,653,696	693,940,004	1,699,100,399	0	0
em-p-ihep51	20260624144146996000000	33	23,053,439,393,792	23,053,604,503,552	14,580,366,489,490	25,154,938,761,216	25,945,969,811,456	22,034,264,555,520	29,685,706,653,696	513,821,058	1,330,819,589	0	0
em-p-ihep51	20260624144157032000000	17	23,053,442,088,960	23,054,093,524,992	14,572,991,474,854	25,154,938,761,216	25,945,969,811,456	22,034,264,555,520	29,685,706,653,696	410,914,567	979,032,003	0	0
em-p-ihep51	20260624144207065000000	23	23,054,971,469,824	23,055,136,423,936	14,583,211,764,360	25,154,938,761,216	25,945,969,811,456	22,034,264,555,520	29,685,706,653,696	995,635,922	1,829,404,944	0	0
em-p-ihep51	20260624144217058000000	26	23,055,460,020,224	23,055,598,264,320	14,579,704,530,415	25,154,938,761,216	25,945,969,811,456	22,034,264,555,520	29,685,706,653,696	786,439,138	2,002,033,568	0	0
em-p-ihep51	20260624144227056000000	21	23,055,451,648,000	23,055,587,401,728	14,577,292,558,685	25,154,938,761,216	25,945,969,811,456	22,034,264,555,520	29,685,706,653,696	716,573,653	1,133,600,782	0	0
em-p-ihep51	20260624144237069000000	26	23,053,922,729,984	23,054,086,275,072	14,584,667,886,520	25,154,938,761,216	25,945,969,811,456	22,034,264,555,520	29,685,706,653,696	505,202,801	1,298,452,465	0	0
em-p-ihep51	20260624144247074000000	21	23,053,922,893,824	23,054,039,773,184	14,576,796,423,618	25,154,938,761,216	25,945,969,811,456	22,034,264,555,520	29,685,706,653,696	1,222,580,161	2,100,697,252	0	0
em-p-ihep51	20260624144257077000000	23	23,053,919,330,304	23,054,036,566,016	14,575,438,877,306	25,154,938,761,216	25,945,969,811,456	22,034,264,555,520	29,685,706,653,696	424,456,626	1,500,750,479	0	0
em-p-ihep51	20260624144307182000000	22	23,054,716,186,624	23,054,850,183,168	14,580,177,779,925	25,154,938,761,216	25,945,969,811,456	22,034,264,555,520	29,685,706,653,696	479,231,718	1,706,039,573	0	0
em-p-ihep51	20260624144317190000000	25	23,054,799,593,472	23,055,244,349,440	14,576,370,370,515	25,154,938,761,216	25,945,969,811,456	22,034,264,555,520	29,685,706,653,696	446,012,755	2,216,441,178	12,288	0
em-p-ihep51	20260624144327274000000	19	23,053,275,774,976	23,053,390,999,552	14,575,926,776,355	25,154,938,761,216	25,945,969,811,456	22,034,264,555,520	29,685,706,653,696	325,436,422	2,404,451,866	69,632	0
em-p-ihep51	20260624144337358000000	15	23,053,274,550,272	23,053,407,903,744	14,574,774,349,182	25,154,938,761,216	25,945,969,811,456	22,034,264,555,520	29,685,706,653,696	266,985,805	727,283,711	0	0
em-p-ihep51	20260624144347378000000	21	23,054,902,333,440	23,054,901,022,720	14,581,109,637,013	25,154,938,761,216	25,945,969,811,456	22,034,264,555,520	29,685,706,653,696	471,273,492	1,090,477,082	0	0
em-p-ihep51	20260624144357471000000	23	23,053,713,817,600	23,053,826,539,520	14,577,690,323,678	25,154,938,761,216	25,945,969,811,456	22,034,264,555,520	29,685,706,653,696	791,164,889	1,632,247,785	0	0
em-p-ihep51	20260624144407504000000	25	23,053,027,340,288	23,053,149,671,424	14,586,948,044,903	25,154,938,761,216	25,945,969,811,456	22,034,264,555,520	29,685,706,653,696	980,051,866	2,258,028,654	0	0
em-p-ihep51	20260624144417502000000	22	23,063,376,793,600	23,063,505,797,120	14,589,136,628,374	25,154,938,761,216	25,945,969,811,456	22,034,264,555,520	29,685,706,653,696	500,078,763	1,630,466,912	0	0
em-p-ihep51	20260624144427596000000	22	23,052,968,017,920	23,053,154,082,816	14,580,586,018,051	25,154,938,761,216	25,945,969,811,456	22,034,264,555,520	29,685,706,653,696	520,650,466	1,764,283,382	0	0
em-p-ihep51	20260624144437695000000	20	23,052,934,094,848	23,053,119,696,896	14,573,692,896,801	25,154,938,761,216	25,945,969,811,456	22,034,264,555,520	29,685,706,653,696	402,606,078	1,955,303,946	0	0
em-p-ihep51	20260624144447723000000	16	23,053,831,192,576	23,054,040,604,672	14,577,968,557,662	25,154,938,761,216	25,945,969,811,456	22,034,264,555,520	29,685,706,653,696	648,996,729	1,354,308,147	0	0
em-p-ihep51	20260624144457716000000	22	23,053,965,918,208	23,054,150,078,464	14,578,621,442,610	25,154,938,761,216	25,945,969,811,456	22,034,264,555,520	29,685,706,653,696	721,049,820	1,118,767,699	0	0
em-p-ihep51	20260624144507808000000	20	23,053,966,819,328	23,054,149,099,520	14,582,059,918,216	25,154,938,761,216	25,945,969,811,456	22,034,264,555,520	29,685,706,653,696	426,149,755	1,269,916,082	0	0
em-p-ihep51	20260624144517926000000	23	23,053,974,011,904	23,054,395,543,552	14,591,866,945,414	25,154,938,761,216	25,945,969,811,456	22,034,264,555,520	29,685,706,653,696	436,050,316	1,275,145,460	0	0
em-p-ihep51	20260624144527880000000	24	23,054,056,189,952	23,054,230,495,232	14,580,761,545,467	25,154,938,761,216	25,945,969,811,456	22,034,264,555,520	29,685,706,653,696	627,642,937	875,944,062	0	0
em-p-ihep51	20260624144537896000000	22	23,053,006,454,784	23,053,092,184,064	14,586,432,207,657	25,154,938,761,216	25,945,969,811,456	22,034,264,555,520	29,685,706,653,696	329,676,484	1,022,319,347	0	0
em-p-ihep51	20260624144547970000000	27	23,053,401,063,424	23,053,950,369,792	14,577,435,828,419	25,154,938,761,216	25,945,969,811,456	22,034,264,555,520	29,685,706,653,696	613,067,390	2,185,595,215	0	0
em-p-ihep51	20260624144557979000000	29	23,054,252,560,384	23,054,289,240,064	14,578,672,720,062	25,154,938,761,216	25,945,969,811,456	22,034,264,555,520	29,685,706,653,696	692,123,473	1,914,752,559	0	0
em-p-ihep51	20260624144607985000000	27	23,052,719,869,952	23,052,900,073,472	14,581,303,417,009	25,154,938,761,216	25,945,969,811,456	22,034,264,555,520	29,685,706,653,696	823,856,768	1,347,841,155	0	0
em-p-ihep51	20260624144618010000000	31	23,053,874,294,784	23,054,074,359,808	14,591,621,386,660	25,154,938,761,216	25,945,969,811,456	22,034,264,555,520	29,685,706,653,696	510,435,314	1,123,033,155	0	0
em-p-ihep51	20260624144628025000000	29	23,053,858,783,232	23,054,036,164,608	14,583,028,853,059	25,154,938,761,216	25,945,969,811,456	22,034,264,555,520	29,685,706,653,696	651,951,480	1,329,301,486	40,960	0
em-p-ihep51	20260624144638040000000	25	23,053,861,363,712	23,054,050,844,672	14,577,175,911,500	25,154,938,761,216	25,945,969,811,456	22,034,264,555,520	29,685,706,653,696	558,758,120	2,042,908,310	20,480	0
em-p-ihep51	20260624144648037000000	25	23,053,859,086,336	23,054,638,227,456	14,579,359,566,103	25,154,938,761,216	25,945,969,811,456	22,034,264,555,520	29,685,706,653,696	530,667,962	3,315,917,368	0	0
em-p-ihep51	20260624144658051000000	25	23,053,860,679,680	23,054,012,215,296	14,580,220,340,951	25,154,938,761,216	25,945,969,811,456	22,034,264,555,520	29,685,706,653,696	681,338,810	1,287,393,530	0	0
em-p-ihep51	20260624144708031000000	26	23,053,860,573,184	23,054,012,207,104	14,580,882,675,163	25,154,938,761,216	25,945,969,811,456	22,034,264,555,520	29,685,706,653,696	400,513,800	1,213,780,296	0	0
em-p-ihep51	20260624144718046000000	26	23,053,852,446,720	23,054,545,707,008	14,579,162,791,030	25,154,938,761,216	25,945,969,811,456	22,034,264,555,520	29,685,706,653,696	813,907,204	2,715,333,057	57,344	0
em-p-ihep51	20260624144728134000000	24	23,053,858,381,824	23,054,011,375,616	14,574,960,265,378	25,154,938,761,216	25,945,969,811,456	22,034,264,555,520	29,685,706,653,696	643,345,392	2,044,429,903	32,768	0
em-p-ihep51	20260624144738161000000	23	23,054,551,527,424	23,054,710,149,120	14,581,427,700,034	25,154,938,761,216	25,945,969,811,456	22,034,264,555,520	29,685,706,653,696	626,451,745	1,334,407,699	0	0
em-p-ihep51	20260624144748252000000	22	23,054,560,161,792	23,054,713,307,136	14,574,372,894,864	25,154,938,761,216	25,945,969,811,456	22,034,264,555,520	29,685,706,653,696	777,033,263	1,312,563,218	0	0
em-p-ihep51	20260624144758264000000	20	23,054,554,284,032	23,054,723,735,552	14,580,443,236,537	25,154,938,761,216	25,945,969,811,456	22,034,264,555,520	29,685,706,653,696	407,118,638	1,763,792,587	0	0
em-p-ihep51	20260624144808287000000	27	23,054,554,722,304	23,054,708,723,712	14,590,383,730,367	25,154,938,761,216	25,945,969,811,456	22,034,264,555,520	29,685,706,653,696	378,160,835	1,008,591,971	0	0
em-p-ihep51	20260624144818384000000	22	23,054,551,318,528	23,054,793,916,416	14,576,455,230,277	25,154,938,761,216	25,945,969,811,456	22,034,264,555,520	29,685,706,653,696	494,734,605	965,259,135	69,632	0
em-p-ihep51	20260624144828394000000	24	23,054,552,674,304	23,054,942,568,448	14,583,811,296,829	25,154,938,761,216	25,945,969,811,456	22,034,264,555,520	29,685,706,653,696	388,508,627	2,309,471,665	0	0
em-p-ihep51	20260624144838384000000	26	23,054,554,968,064	23,054,739,202,048	14,585,246,524,649	25,154,938,761,216	25,945,969,811,456	22,034,264,555,520	29,685,706,653,696	436,908,251	1,714,258,324	0	0
em-p-ihep51	20260624144848395000000	28	23,054,561,300,480	23,054,739,505,152	14,581,476,774,343	25,154,938,761,216	25,945,969,811,456	22,034,264,555,520	29,685,706,653,696	433,139,966	1,602,119,695	0	0
em-p-ihep51	20260624144858458000000	27	23,054,556,561,408	23,055,135,010,816	14,592,434,194,962	25,154,938,761,216	25,945,969,811,456	22,034,264,555,520	29,685,706,653,696	537,687,199	1,670,527,112	0	0
em-p-ihep51	20260624144908447000000	36	23,054,569,488,384	23,054,715,269,120	14,598,675,022,925	25,154,938,761,216	25,945,969,811,456	22,034,264,555,520	29,685,706,653,696	525,476,725	2,094,543,322	0	0
em-p-ihep51	20260624144918556000000	26	23,054,248,108,032	23,054,392,758,272	14,586,325,767,807	25,154,938,761,216	25,945,969,811,456	22,034,264,555,520	29,685,706,653,696	387,714,285	2,423,227,314	0	0
em-p-ihep51	20260624144928554000000	25	23,052,520,579,072	23,052,713,189,376	14,585,341,420,293	25,154,938,761,216	25,945,969,811,456	22,034,264,555,520	29,685,706,653,696	303,310,341	1,259,377,103	0	0
em-p-ihep51	20260624144938668000000	24	23,052,518,436,864	23,052,653,187,072	14,574,567,695,666	25,154,938,761,216	25,945,969,811,456	22,034,264,555,520	29,685,706,653,696	439,977,825	1,007,374,665	20,480	0
em-p-ihep51	20260624144948658000000	20	23,052,520,058,880	23,052,653,371,392	14,580,341,150,202	25,154,938,761,216	25,945,969,811,456	22,034,264,555,520	29,685,706,653,696	686,648,088	1,152,846,271	0	0
em-p-ihep51	20260624144958753000000	20	23,052,519,985,152	23,052,792,967,168	14,583,671,739,331	25,154,938,761,216	25,945,969,811,456	22,034,264,555,520	29,685,706,653,696	296,119,353	2,117,641,975	0	0
em-p-ihep51	20260624145008786000000	39	23,055,392,120,832	23,056,007,933,952	14,608,502,145,016	25,154,938,761,216	25,945,969,811,456	22,034,264,555,520	29,685,706,653,696	594,788,900	3,533,534,505	0	0
em-p-ihep51	20260624145018862000000	30	23,097,639,268,352	23,090,135,912,448	14,709,219,744,209	25,154,938,761,216	25,945,969,811,456	22,034,264,555,520	29,685,706,653,696	562,232,558	2,698,127,339	0	0
em-p-ihep51	20260624145028888000000	32	23,130,867,884,032	23,131,119,124,480	14,704,170,970,725	25,154,938,761,216	25,945,969,811,456	22,034,264,555,520	29,685,706,653,696	632,009,682	1,297,589,742	0	0
em-p-ihep51	20260624145038912000000	31	23,137,119,928,320	23,134,546,755,584	14,737,600,005,868	25,154,938,761,216	25,945,969,811,456	22,034,264,555,520	29,685,706,653,696	295,249,979	1,454,324,311	0	0
em-p-ihep51	20260624145048996000000	28	23,168,587,870,208	23,168,720,191,488	14,736,413,842,795	25,154,938,761,216	25,945,969,811,456	22,034,264,555,520	29,685,706,653,696	803,746,385	1,416,373,407	0	0
em-p-ihep51	20260624145059010000000	26	23,168,591,351,808	23,168,703,148,032	14,739,930,544,884	25,154,938,761,216	25,945,969,811,456	22,034,264,555,520	29,685,706,653,696	364,998,200	1,561,882,448	0	0
em-p-ihep51	20260624145109059000000	32	23,168,596,267,008	23,168,735,223,808	14,750,479,453,352	25,154,938,761,216	25,945,969,811,456	22,034,264,555,520	29,685,706,653,696	349,545,453	1,644,675,501	0	0
em-p-ihep51	20260624145119041000000	36	23,169,971,859,456	23,170,164,264,960	14,728,668,563,482	25,154,938,761,216	25,945,969,811,456	22,034,264,555,520	29,685,706,653,696	382,882,274	1,692,042,311	0	0
em-p-ihep51	20260624145129053000000	35	23,169,475,338,240	23,170,393,116,672	14,726,376,722,382	25,154,938,761,216	25,945,969,811,456	22,034,264,555,520	29,685,706,653,696	386,243,812	1,749,540,611	0	0
em-p-ihep51	20260624145139056000000	25	23,170,762,616,832	23,171,295,145,984	14,735,783,078,730	25,154,938,761,216	25,945,969,811,456	22,034,264,555,520	29,685,706,653,696	850,104,235	2,151,169,453	0	0
em-p-ihep51	20260624145149082000000	32	23,174,265,094,144	23,174,382,919,680	14,730,117,891,899	25,154,938,761,216	25,945,969,811,456	22,034,264,555,520	29,685,706,653,696	823,927,628	1,824,817,917	0	0
em-p-ihep51	20260624145159087000000	22	23,174,313,127,936	23,174,426,779,648	14,716,606,673,647	25,154,938,761,216	25,945,969,811,456	22,034,264,555,520	29,685,706,653,696	846,165,514	1,878,798,610	0	0
em-p-ihep51	20260624145209096000000	25	23,170,405,675,008	23,170,519,220,224	14,727,136,345,525	25,154,938,761,216	25,945,969,811,456	22,034,264,555,520	29,685,706,653,696	532,838,619	1,376,315,417	0	0
em-p-ihep51	20260624145219107000000	23	23,170,397,855,744	23,170,516,549,632	14,725,143,112,385	25,154,938,761,216	25,945,969,811,456	22,034,264,555,520	29,685,706,653,696	646,421,283	914,534,354	0	0
em-p-ihep51	20260624145229114000000	28	23,169,572,999,168	23,169,681,670,144	14,720,121,220,425	25,154,938,761,216	25,945,969,811,456	22,034,264,555,520	29,685,706,653,696	184,660,193	839,781,785	0	0
em-p-ihep51	20260624145239217000000	22	23,159,166,124,032	23,159,416,479,744	14,704,074,626,740	25,154,938,761,216	25,945,969,811,456	22,034,264,555,520	29,685,706,653,696	452,002,289	2,646,729,489	0	0
em-p-ihep51	20260624145249222000000	25	23,158,894,792,704	23,159,029,624,832	14,707,989,460,241	25,154,938,761,216	25,945,969,811,456	22,034,264,555,520	29,685,706,653,696	249,040,277	1,183,008,191	0	0
em-p-ihep51	20260624145259217000000	24	23,153,794,564,096	23,153,905,139,712	14,713,060,663,763	25,154,938,761,216	25,945,969,811,456	22,034,264,555,520	29,685,706,653,696	299,238,328	975,466,138	0	0
em-p-ihep51	20260624145309233000000	24	23,154,065,592,320	23,154,037,256,192	14,712,358,719,902	25,154,938,761,216	25,945,969,811,456	22,034,264,555,520	29,685,706,653,696	231,215,410	1,476,938,147	0	0
em-p-ihep51	20260624145319252000000	23	23,146,550,505,472	23,146,758,897,664	14,702,217,699,043	25,154,938,761,216	25,945,969,811,456	22,034,264,555,520	29,685,706,653,696	339,595,627	1,287,820,994	0	0
em-p-ihep51	20260624145329246000000	19	23,136,391,032,832	23,136,568,188,928	14,689,515,867,528	25,154,938,761,216	25,945,969,811,456	22,034,264,555,520	29,685,706,653,696	594,311,892	1,037,531,158	0	0
em-p-ihep51	20260624145339378000000	20	23,137,364,570,112	23,137,472,675,840	14,687,220,255,520	25,154,938,761,216	25,945,969,811,456	22,034,264,555,520	29,685,706,653,696	243,328,540	757,622,564	0	0
em-p-ihep51	20260624145349382000000	23	23,137,363,386,368	23,137,474,961,408	14,697,288,117,977	25,154,938,761,216	25,945,969,811,456	22,034,264,555,520	29,685,706,653,696	395,434,878	1,147,394,426	0	0
em-p-ihep51	20260624145359381000000	28	23,137,711,296,512	23,137,879,511,040	14,690,086,313,127	25,154,938,761,216	25,945,969,811,456	22,034,264,555,520	29,685,706,653,696	262,943,121	913,838,987	0	0
em-p-ihep51	20260624145409424000000	20	23,132,948,549,632	23,132,825,370,624	14,705,916,172,834	25,154,938,761,216	25,945,969,811,456	22,034,264,555,520	29,685,706,653,696	505,285,840	1,519,815,518	0	0
em-p-ihep51	20260624145419424000000	24	23,134,167,482,368	23,134,340,743,168	14,660,062,482,683	25,154,938,761,216	25,945,969,811,456	22,034,264,555,520	29,685,706,653,696	423,509,744	990,541,815	0	0
em-p-ihep51	20260624145429444000000	24	23,117,013,860,352	23,117,263,224,832	14,667,803,660,653	25,154,938,761,216	25,945,969,811,456	22,034,264,555,520	29,685,706,653,696	517,704,907	1,643,955,799	0	0
em-p-ihep51	20260624145439452000000	28	23,117,179,764,736	23,117,324,267,520	14,665,518,833,486	25,154,938,761,216	25,945,969,811,456	22,034,264,555,520	29,685,706,653,696	580,825,859	1,325,394,638	0	0
em-p-ihep51	20260624145449541000000	24	23,117,179,568,128	23,117,350,768,640	14,652,153,294,452	25,154,938,761,216	25,945,969,811,456	22,034,264,555,520	29,685,706,653,696	227,093,871	1,540,915,441	0	0
em-p-ihep51	20260624145459475000000	27	23,108,774,043,648	23,108,953,776,128	14,640,206,791,297	25,154,938,761,216	25,945,969,811,456	22,034,264,555,520	29,685,706,653,696	160,072,370	713,867,549	0	0
em-p-ihep51	20260624145509502000000	28	23,100,635,586,560	23,100,808,364,032	14,649,682,684,589	25,154,938,761,216	25,945,969,811,456	22,034,264,555,520	29,685,706,653,696	510,723,142	1,543,137,008	0	0
em-p-ihep51	20260624145519519000000	29	23,100,641,128,448	23,100,817,997,824	14,654,548,400,177	25,154,938,761,216	25,945,969,811,456	22,034,264,555,520	29,685,706,653,696	871,711,404	1,559,864,048	0	0
em-p-ihep51	20260624145529535000000	33	23,100,640,964,608	23,101,354,491,904	14,644,135,121,719	25,154,938,761,216	25,945,969,811,456	22,034,264,555,520	29,685,706,653,696	293,588,712	689,182,731	0	0
em-p-ihep51	20260624145539547000000	29	23,092,158,279,680	23,092,332,965,888	14,633,358,583,507	25,154,938,761,216	25,945,969,811,456	22,034,264,555,520	29,685,706,653,696	257,780,850	742,543,915	0	0
em-p-ihep51	20260624145549558000000	25	23,078,251,151,360	23,078,425,145,344	14,618,453,838,076	25,154,938,761,216	25,945,969,811,456	22,034,264,555,520	29,685,706,653,696	521,013,332	1,699,618,620	0	0
em-p-ihep51	20260624145559562000000	27	23,073,419,276,288	23,073,596,727,296	14,620,738,099,442	25,154,938,761,216	25,945,969,811,456	22,034,264,555,520	29,685,706,653,696	550,468,040	1,574,496,323	0	0
em-p-ihep51	20260624145609676000000	27	23,073,424,035,840	23,073,596,882,944	14,623,627,765,084	25,154,938,761,216	25,945,969,811,456	22,034,264,555,520	29,685,706,653,696	563,686,144	1,320,900,166	0	0
em-p-ihep51	20260624145619671000000	26	23,071,968,407,552	23,072,127,942,656	14,613,537,603,012	25,154,938,761,216	25,945,969,811,456	22,034,264,555,520	29,685,706,653,696	356,658,014	843,026,435	0	0
em-p-ihep51	20260624145629706000000	18	23,071,973,167,104	23,072,132,907,008	14,605,060,316,422	25,154,938,761,216	25,945,969,811,456	22,034,264,555,520	29,685,706,653,696	570,067,382	972,358,841	0	0
em-p-ihep51	20260624145639714000000	23	23,071,966,031,872	23,072,456,044,544	14,611,770,906,442	25,154,938,761,216	25,945,969,811,456	22,034,264,555,520	29,685,706,653,696	414,175,005	1,628,941,126	0	0
em-p-ihep51	20260624145649739000000	26	23,074,247,467,008	23,073,897,435,136	14,616,249,448,178	25,154,938,761,216	25,945,969,811,456	22,034,264,555,520	29,685,706,653,696	360,084,075	1,621,731,856	0	0
em-p-ihep51	20260624145659765000000	22	23,084,751,925,248	23,084,146,700,288	14,620,244,123,670	25,154,938,761,216	25,945,969,811,456	22,034,264,555,520	29,685,706,653,696	600,367,391	2,061,797,975	0	0
em-p-ihep51	20260624145709842000000	20	23,078,490,136,576	23,078,892,654,592	14,603,248,799,608	25,154,938,761,216	25,945,969,811,456	22,034,264,555,520	29,685,706,653,696	431,046,842	1,481,398,667	0	0
em-p-ihep51	20260624145719830000000	21	23,076,018,257,920	23,076,148,371,456	14,592,129,310,394	25,154,938,761,216	25,945,969,811,456	22,034,264,555,520	29,685,706,653,696	414,416,620	1,839,215,781	0	0
em-p-ihep51	20260624145729862000000	19	23,069,091,192,832	23,069,224,157,184	14,571,342,052,613	25,154,938,761,216	25,945,969,811,456	22,034,264,555,520	29,685,706,653,696	850,319,119	1,820,964,924	98,304	0
em-p-ihep51	20260624145739863000000	19	23,067,857,104,896	23,068,418,609,152	14,575,437,727,617	25,154,938,761,216	25,945,969,811,456	22,034,264,555,520	29,685,706,653,696	641,415,879	1,168,610,635	94,208	0
em-p-ihep51	20260624145749869000000	21	23,067,855,839,232	23,067,989,229,568	14,579,503,431,010	25,154,938,761,216	25,945,969,811,456	22,034,264,555,520	29,685,706,653,696	421,252,255	986,210,845	0	0
em-p-ihep51	20260624145759865000000	19	23,067,855,732,736	23,067,989,303,296	14,572,167,957,157	25,154,938,761,216	25,945,969,811,456	22,034,264,555,520	29,685,706,653,696	312,905,523	962,923,602	0	0
em-p-ihep51	20260624145809889000000	20	23,067,881,771,008	23,068,014,862,336	14,595,034,145,299	25,154,938,761,216	25,945,969,811,456	22,034,264,555,520	29,685,706,653,696	851,407,181	1,765,489,007	0	0
em-p-ihep51	20260624145819984000000	17	23,067,887,607,808	23,068,023,599,104	14,574,349,681,467	25,154,938,761,216	25,945,969,811,456	22,034,264,555,520	29,685,706,653,696	460,557,988	877,287,865	0	0
em-p-ihep51	20260624145830090000000	21	23,067,886,956,544	23,068,099,788,800	14,577,596,040,373	25,154,938,761,216	25,945,969,811,456	22,034,264,555,520	29,685,706,653,696	328,811,599	1,052,595,653	0	0
em-p-ihep51	20260624145840096000000	18	23,067,884,720,128	23,068,097,564,672	14,575,292,884,070	25,154,938,761,216	25,945,969,811,456	22,034,264,555,520	29,685,706,653,696	595,536,149	1,387,550,310	0	0
em-p-ihep51	20260624145850106000000	23	23,060,804,550,656	23,060,431,581,184	14,582,540,356,793	25,154,938,761,216	25,945,969,811,456	22,034,264,555,520	29,685,706,653,696	292,733,105	1,338,182,456	0	0
em-p-ihep51	20260624145900106000000	17	23,054,106,574,848	23,054,354,100,224	14,575,859,070,438	25,154,938,761,216	25,945,969,811,456	22,034,264,555,520	29,685,706,653,696	369,715,238	1,006,336,367	0	0
em-p-ihep51	20260624145910104000000	17	23,059,131,904,000	23,057,696,002,048	14,586,665,456,351	25,154,938,761,216	25,945,969,811,456	22,034,264,555,520	29,685,706,653,696	356,569,682	2,222,030,092	0	0
em-p-ihep51	20260624145920224000000	23	23,066,081,435,648	23,066,277,519,360	14,587,223,976,591	25,154,938,761,216	25,945,969,811,456	22,034,264,555,520	29,685,706,653,696	504,422,176	1,686,785,232	0	0
em-p-ihep51	20260624145930277000000	24	23,053,238,304,768	23,053,418,991,616	14,586,962,407,867	25,154,938,761,216	25,945,969,811,456	22,034,264,555,520	29,685,706,653,696	490,838,317	1,565,956,950	0	0
em-p-ihep51	20260624145940275000000	19	23,053,225,144,320	23,053,420,974,080	14,574,897,987,376	25,154,938,761,216	25,945,969,811,456	22,034,264,555,520	29,685,706,653,696	910,435,010	1,574,779,243	0	0
em-p-ihep51	20260624145950378000000	20	23,053,311,639,552	23,053,641,707,520	14,588,351,582,303	25,154,938,761,216	25,945,969,811,456	22,034,264,555,520	29,685,706,653,696	812,644,928	2,998,731,062	0	0
em-p-ihep51	20260624150000391000000	21	23,053,435,686,912	23,053,491,101,696	14,592,896,704,024	25,154,938,761,216	25,945,969,811,456	22,034,264,555,520	29,685,706,653,696	597,715,069	1,624,558,902	0	0
em-p-ihep51	20260624150010494000000	53	23,053,773,508,608	23,053,950,103,552	14,622,771,941,741	25,154,938,761,216	25,945,969,811,456	22,034,264,555,520	29,685,706,653,696	1,017,679,857	4,053,765,215	0	0
em-p-ihep51	20260624150020492000000	48	23,053,755,162,624	23,053,937,192,960	14,624,977,725,139	25,154,938,761,216	25,945,969,811,456	22,034,264,555,520	29,685,706,653,696	1,163,464,299	2,536,403,168	0	0
em-p-ihep51	20260624150030529000000	67	23,054,107,942,912	23,054,279,843,840	14,344,789,654,631	25,154,938,761,216	25,945,969,811,456	22,034,264,555,520	29,685,706,653,696	872,950,243	1,667,625,661	0	0
em-p-ihep51	20260624150040534000000	33	23,055,226,703,872	23,055,396,589,568	14,346,044,051,404	25,154,938,761,216	25,945,969,811,456	22,034,264,555,520	29,685,706,653,696	604,664,948	1,459,023,499	0	0
em-p-ihep51	20260624150050536000000	23	23,053,272,657,920	23,053,622,816,768	14,330,115,832,658	25,154,938,761,216	25,945,969,811,456	22,034,264,555,520	29,685,706,653,696	1,097,648,806	3,507,914,470	0	0
em-p-ihep51	20260624150100579000000	21	23,053,269,549,056	23,053,440,819,200	14,328,539,981,502	25,154,938,761,216	25,945,969,811,456	22,034,264,555,520	29,685,706,653,696	534,372,153	1,329,460,244	0	0
em-p-ihep51	20260624150110672000000	27	23,053,266,640,896	23,053,431,918,592	14,340,203,534,392	25,154,938,761,216	25,945,969,811,456	22,034,264,555,520	29,685,706,653,696	829,471,718	2,337,750,189	65,536	0
em-p-ihep51	20260624150120675000000	29	23,053,268,852,736	23,053,432,750,080	14,325,444,844,550	25,154,938,761,216	25,945,969,811,456	22,034,264,555,520	29,685,706,653,696	941,647,441	1,672,223,680	0	0
em-p-ihep51	20260624150130766000000	17	23,053,272,526,848	23,053,455,077,376	14,326,657,916,607	25,154,938,761,216	25,945,969,811,456	22,034,264,555,520	29,685,706,653,696	393,189,686	1,484,884,046	0	0
em-p-ihep51	20260624150140797000000	20	23,053,273,407,488	23,053,605,044,224	14,326,963,238,026	25,154,938,761,216	25,945,969,811,456	22,034,264,555,520	29,685,706,653,696	555,501,260	2,457,297,310	4,096	0
em-p-ihep51	20260624150150797000000	18	23,053,275,701,248	23,053,441,441,792	14,329,581,616,755	25,154,938,761,216	25,945,969,811,456	22,034,264,555,520	29,685,706,653,696	764,873,723	1,351,831,265	0	0
em-p-ihep51	20260624150200879000000	16	23,053,338,697,728	23,053,517,496,320	14,322,457,516,365	25,154,938,761,216	25,945,969,811,456	22,034,264,555,520	29,685,706,653,696	487,852,523	947,378,089	0	0
em-p-ihep51	20260624150210912000000	19	23,053,339,668,480	23,053,493,719,040	14,325,245,482,324	25,154,938,761,216	25,945,969,811,456	22,034,264,555,520	29,685,706,653,696	355,525,693	1,001,535,388	0	0
em-p-ihep51	20260624150220907000000	16	23,053,340,749,824	23,053,471,969,280	14,319,720,399,397	25,154,938,761,216	25,945,969,811,456	22,034,264,555,520	29,685,706,653,696	540,849,313	1,070,833,125	0	0
em-p-ihep51	20260624150230991000000	21	23,053,344,419,840	23,053,481,730,048	14,321,135,212,504	25,154,938,761,216	25,945,969,811,456	22,034,264,555,520	29,685,706,653,696	856,487,416	1,561,435,365	0	0
em-p-ihep51	20260624150241098000000	11	23,053,344,313,344	23,053,474,656,256	14,319,625,563,197	25,154,938,761,216	25,945,969,811,456	22,034,264,555,520	29,685,706,653,696	669,338,761	1,038,663,748	0	0
em-p-ihep51	20260624150251115000000	15	23,053,344,477,184	23,053,478,813,696	14,320,469,472,585	25,154,938,761,216	25,945,969,811,456	22,034,264,555,520	29,685,706,653,696	244,495,466	1,163,966,721	0	0
em-p-ihep51	20260624150301202000000	13	23,053,344,575,488	23,053,602,353,152	14,319,466,906,149	25,154,938,761,216	25,945,969,811,456	22,034,264,555,520	29,685,706,653,696	947,789,897	3,577,748,156	0	0
em-p-ihep51	20260624150311225000000	16	23,053,344,436,224	23,053,483,982,848	14,327,481,923,124	25,154,938,761,216	25,945,969,811,456	22,034,264,555,520	29,685,706,653,696	331,405,617	2,263,318,779	0	0
em-p-ihep51	20260624150321327000000	16	23,053,343,404,032	23,053,471,698,944	14,320,446,744,578	25,154,938,761,216	25,945,969,811,456	22,034,264,555,520	29,685,706,653,696	489,898,160	1,372,278,903	0	0
em-p-ihep51	20260624150331404000000	14	23,053,346,918,400	23,053,469,351,936	14,318,411,918,752	25,154,938,761,216	25,945,969,811,456	22,034,264,555,520	29,685,706,653,696	406,074,699	1,584,981,686	0	0
em-p-ihep51	20260624150341426000000	15	23,053,347,082,240	23,053,515,874,304	14,322,727,295,798	25,154,938,761,216	25,945,969,811,456	22,034,264,555,520	29,685,706,653,696	628,445,893	1,373,631,538	0	0
em-p-ihep51	20260624150351427000000	17	23,053,348,057,088	23,053,500,436,480	14,322,862,868,519	25,154,938,761,216	25,945,969,811,456	22,034,264,555,520	29,685,706,653,696	505,820,694	1,332,132,074	0	0
em-p-ihep51	20260624150401519000000	16	23,053,344,985,088	23,053,498,400,768	14,323,874,652,649	25,154,938,761,216	25,945,969,811,456	22,034,264,555,520	29,685,706,653,696	562,479,764	1,227,016,750	0	0
em-p-ihep51	20260624150411616000000	19	23,052,882,014,208	23,053,057,667,072	14,335,103,020,213	25,154,938,761,216	25,945,969,811,456	22,034,264,555,520	29,685,706,653,696	476,848,348	1,463,928,926	0	0
em-p-ihep51	20260624150421710000000	18	23,059,793,338,368	23,060,416,098,304	14,321,515,038,659	25,154,938,761,216	25,945,969,811,456	22,034,264,555,520	29,685,706,653,696	592,051,935	1,619,713,115	0	0
em-p-ihep51	20260624150431734000000	19	23,051,142,238,208	23,051,295,543,296	14,321,064,892,900	25,154,938,761,216	25,945,969,811,456	22,034,264,555,520	29,685,706,653,696	649,648,994	1,999,037,225	0	0
em-p-ihep51	20260624150441835000000	14	23,051,144,671,232	23,051,300,397,056	14,321,113,400,110	25,154,938,761,216	25,945,969,811,456	22,034,264,555,520	29,685,706,653,696	836,606,670	1,419,172,570	0	0
em-p-ihep51	20260624150451921000000	12	23,051,143,811,072	23,051,332,681,728	14,318,940,530,148	25,154,938,761,216	25,945,969,811,456	22,034,264,555,520	29,685,706,653,696	686,504,705	1,353,124,039	0	0
em-p-ihep51	20260624150501928000000	15	23,051,143,815,168	23,051,487,047,680	14,322,813,247,615	25,154,938,761,216	25,945,969,811,456	22,034,264,555,520	29,685,706,653,696	730,999,352	2,498,058,180	0	0
em-p-ihep51	20260624150511950000000	22	23,051,136,307,200	23,051,414,327,296	14,333,615,356,440	25,154,938,761,216	25,945,969,811,456	22,034,264,555,520	29,685,706,653,696	706,498,885	2,206,664,854	0	0
em-p-ihep51	20260624150521974000000	21	23,051,137,597,440	23,051,270,283,264	14,320,545,289,222	25,154,938,761,216	25,945,969,811,456	22,034,264,555,520	29,685,706,653,696	1,087,528,724	3,169,914,842	0	0
em-p-ihep51	20260624150531953000000	18	23,051,138,568,192	23,051,274,461,184	14,328,470,034,681	25,154,938,761,216	25,945,969,811,456	22,034,264,555,520	29,685,706,653,696	542,767,778	916,004,577	0	0
em-p-ihep51	20260624150541986000000	15	23,051,140,890,624	23,051,275,358,208	14,325,130,505,779	25,154,938,761,216	25,945,969,811,456	22,034,264,555,520	29,685,706,653,696	407,838,650	1,074,450,460	0	0
em-p-ihep51	20260624150551986000000	16	23,051,147,001,856	23,051,345,424,384	14,322,028,781,634	25,154,938,761,216	25,945,969,811,456	22,034,264,555,520	29,685,706,653,696	807,448,935	1,710,968,059	0	0
em-p-ihep51	20260624150601989000000	22	23,051,146,997,760	23,051,305,861,120	14,329,342,093,118	25,154,938,761,216	25,945,969,811,456	22,034,264,555,520	29,685,706,653,696	735,663,523	1,514,893,828	0	0
em-p-ihep51	20260624150611995000000	23	23,051,211,960,320	23,051,278,532,608	14,330,110,108,512	25,154,938,761,216	25,945,969,811,456	22,034,264,555,520	29,685,706,653,696	654,137,601	1,388,517,541	0	0
em-p-ihep51	20260624150622012000000	26	23,052,221,919,232	23,052,753,014,784	14,324,926,370,673	25,154,938,761,216	25,945,969,811,456	22,034,264,555,520	29,685,706,653,696	453,270,672	2,308,299,518	0	0
em-p-ihep51	20260624150632015000000	18	23,052,218,540,032	23,052,768,739,328	14,332,171,557,291	25,154,938,761,216	25,945,969,811,456	22,034,264,555,520	29,685,706,653,696	877,332,437	1,889,231,547	8,192	0
em-p-ihep51	20260624150642111000000	20	23,052,219,781,120	23,052,356,280,320	14,332,029,715,825	25,154,938,761,216	25,945,969,811,456	22,034,264,555,520	29,685,706,653,696	506,065,194	1,535,413,480	0	0
em-p-ihep51	20260624150652108000000	20	23,053,162,921,984	23,053,302,464,512	14,323,850,710,814	25,154,938,761,216	25,945,969,811,456	22,034,264,555,520	29,685,706,653,696	390,055,688	1,449,305,467	0	0
em-p-ihep51	20260624150702148000000	18	23,053,172,588,544	23,053,312,303,104	14,328,035,818,726	25,154,938,761,216	25,945,969,811,456	22,034,264,555,520	29,685,706,653,696	815,607,699	1,397,323,961	0	0
em-p-ihep51	20260624150712146000000	19	23,053,170,237,440	23,053,303,619,584	14,336,018,043,618	25,154,938,761,216	25,945,969,811,456	22,034,264,555,520	29,685,706,653,696	576,069,931	1,805,793,570	0	0
em-p-ihep51	20260624150722230000000	14	23,053,170,237,440	23,053,291,433,984	14,330,911,560,680	25,154,938,761,216	25,945,969,811,456	22,034,264,555,520	29,685,706,653,696	327,501,040	1,974,216,914	0	0
em-p-ihep51	20260624150732246000000	14	23,053,170,348,032	23,053,293,543,424	14,322,527,081,742	25,154,938,761,216	25,945,969,811,456	22,034,264,555,520	29,685,706,653,696	758,694,602	1,537,224,718	0	0
em-p-ihep51	20260624150742343000000	18	23,053,171,482,624	23,053,296,381,952	14,322,362,853,846	25,154,938,761,216	25,945,969,811,456	22,034,264,555,520	29,685,706,653,696	1,073,439,869	1,675,388,126	0	0
em-p-ihep51	20260624150752445000000	14	23,053,171,486,720	23,053,297,901,568	14,328,366,365,151	25,154,938,761,216	25,945,969,811,456	22,034,264,555,520	29,685,706,653,696	573,042,091	1,070,564,225	0	0
em-p-ihep51	20260624150802436000000	15	23,053,174,083,584	23,053,300,559,872	14,322,384,804,558	25,154,938,761,216	25,945,969,811,456	22,034,264,555,520	29,685,706,653,696	490,802,306	920,019,147	0	0
em-p-ihep51	20260624150812454000000	16	23,052,720,832,512	23,052,856,143,872	14,332,821,935,785	25,154,938,761,216	25,945,969,811,456	22,034,264,555,520	29,685,706,653,696	451,751,654	994,958,877	0	0
em-p-ihep51	20260624150822551000000	14	23,052,723,154,944	23,052,849,512,448	14,320,656,420,011	25,154,938,761,216	25,945,969,811,456	22,034,264,555,520	29,685,706,653,696	529,918,154	960,394,038	0	0
em-p-ihep51	20260624150832658000000	16	23,052,723,466,240	23,053,092,024,320	14,323,456,176,896	25,154,938,761,216	25,945,969,811,456	22,034,264,555,520	29,685,706,653,696	168,018,756	2,175,301,304	0	0
em-p-ihep51	20260624150842655000000	21	23,054,541,254,656	23,054,303,002,624	14,327,808,935,710	25,154,938,761,216	25,945,969,811,456	22,034,264,555,520	29,685,706,653,696	451,868,993	1,732,306,829	0	0
em-p-ihep51	20260624150852687000000	15	23,054,542,336,000	23,054,761,648,128	14,327,305,363,987	25,154,938,761,216	25,945,969,811,456	22,034,264,555,520	29,685,706,653,696	460,180,590	1,431,249,813	0	0
em-p-ihep51	20260624150902680000000	17	23,054,541,312,000	23,054,748,008,448	14,322,650,875,717	25,154,938,761,216	25,945,969,811,456	22,034,264,555,520	29,685,706,653,696	284,492,784	1,578,513,515	0	0
em-p-ihep51	20260624150912776000000	20	23,057,440,120,832	23,057,653,248,000	14,336,408,079,460	25,154,938,761,216	25,945,969,811,456	22,034,264,555,520	29,685,706,653,696	456,325,916	2,747,775,089	0	0
em-p-ihep51	20260624150922876000000	20	23,052,345,073,664	23,052,583,378,944	14,328,676,148,640	25,154,938,761,216	25,945,969,811,456	22,034,264,555,520	29,685,706,653,696	759,348,224	1,795,852,681	0	0
em-p-ihep51	20260624150932958000000	17	23,052,343,992,320	23,052,557,881,344	14,322,598,568,257	25,154,938,761,216	25,945,969,811,456	22,034,264,555,520	29,685,706,653,696	272,324,531	1,311,080,065	0	0
em-p-ihep51	20260624150942968000000	13	23,052,343,054,336	23,052,556,525,568	14,317,980,302,321	25,154,938,761,216	25,945,969,811,456	22,034,264,555,520	29,685,706,653,696	314,364,348	1,350,811,189	0	0
em-p-ihep51	20260624150952977000000	13	23,052,344,025,088	23,052,746,457,088	14,323,195,226,459	25,154,938,761,216	25,945,969,811,456	22,034,264,555,520	29,685,706,653,696	170,652,244	738,796,059	0	0
em-p-ihep51	20260624151003006000000	17	23,052,347,703,296	23,052,560,617,472	14,330,111,898,027	25,154,938,761,216	25,945,969,811,456	22,034,264,555,520	29,685,706,653,696	281,209,395	2,399,393,398	0	0
em-p-ihep51	20260624151013017000000	28	23,053,009,231,872	23,053,222,195,200	14,360,570,303,581	25,154,938,761,216	25,945,969,811,456	22,034,264,555,520	29,685,706,653,696	960,756,739	4,229,104,811	0	0
em-p-ihep51	20260624151023025000000	23	23,053,004,656,640	23,053,353,115,648	14,330,217,616,953	25,154,938,761,216	25,945,969,811,456	22,034,264,555,520	29,685,706,653,696	974,084,351	3,425,056,632	0	0
em-p-ihep51	20260624151033030000000	27	23,053,000,343,552	23,053,212,028,928	14,330,399,338,728	25,154,938,761,216	25,945,969,811,456	22,034,264,555,520	29,685,706,653,696	602,015,556	2,473,914,672	0	0
em-p-ihep51	20260624151043124000000	18	23,053,001,424,896	23,053,217,169,408	14,325,899,768,201	25,154,938,761,216	25,945,969,811,456	22,034,264,555,520	29,685,706,653,696	166,777,351	1,535,154,248	0	0
em-p-ihep51	20260624151053200000000	21	23,053,003,857,920	23,053,218,234,368	14,326,841,105,982	25,154,938,761,216	25,945,969,811,456	22,034,264,555,520	29,685,706,653,696	492,236,162	1,505,160,939	0	0
em-p-ihep51	20260624151103301000000	18	23,053,002,809,344	23,053,209,284,608	14,333,131,842,132	25,154,938,761,216	25,945,969,811,456	22,034,264,555,520	29,685,706,653,696	260,742,352	1,329,504,457	0	0
em-p-ihep51	20260624151113319000000	23	23,056,061,456,384	23,056,272,375,808	14,335,352,170,243	25,154,938,761,216	25,945,969,811,456	22,034,264,555,520	29,685,706,653,696	324,683,890	1,760,553,738	0	0
em-p-ihep51	20260624151123315000000	21	23,056,068,837,376	23,056,271,843,328	14,331,626,905,657	25,154,938,761,216	25,945,969,811,456	22,034,264,555,520	29,685,706,653,696	418,044,644	1,829,399,891	0	0
em-p-ihep51	20260624151133338000000	15	23,056,067,649,536	23,056,369,717,248	14,327,008,580,098	25,154,938,761,216	25,945,969,811,456	22,034,264,555,520	29,685,706,653,696	500,644,436	1,743,155,830	0	0
em-p-ihep51	20260624151143349000000	20	23,056,064,315,392	23,056,269,332,480	14,331,633,773,837	25,154,938,761,216	25,945,969,811,456	22,034,264,555,520	29,685,706,653,696	794,633,767	2,254,560,228	0	0
em-p-ihep51	20260624151153351000000	20	23,056,067,989,504	23,056,271,540,224	14,324,405,622,171	25,154,938,761,216	25,945,969,811,456	22,034,264,555,520	29,685,706,653,696	347,264,919	1,539,097,428	0	0
em-p-ihep51	20260624151203368000000	22	23,056,065,732,608	23,056,294,232,064	14,325,947,879,777	25,154,938,761,216	25,945,969,811,456	22,034,264,555,520	29,685,706,653,696	724,493,809	1,820,481,362	0	0
em-p-ihep51	20260624151213405000000	21	23,054,543,953,920	23,055,066,177,536	14,326,532,906,451	25,154,938,761,216	25,945,969,811,456	22,034,264,555,520	29,685,706,653,696	620,709,180	2,300,259,558	0	0
em-p-ihep51	20260624151223397000000	17	23,054,545,113,088	23,054,729,875,456	14,327,937,875,808	25,154,938,761,216	25,945,969,811,456	22,034,264,555,520	29,685,706,653,696	589,282,266	2,528,107,493	0	0
em-p-ihep51	20260624151233414000000	18	23,054,545,276,928	23,054,733,774,848	14,328,673,291,289	25,154,938,761,216	25,945,969,811,456	22,034,264,555,520	29,685,706,653,696	603,026,358	1,332,342,985	0	0
em-p-ihep51	20260624151243411000000	19	23,054,958,419,968	23,055,143,940,096	14,325,553,284,056	25,154,938,761,216	25,945,969,811,456	22,034,264,555,520	29,685,706,653,696	803,990,361	1,907,835,283	0	0
em-p-ihep51	20260624151253500000000	15	23,055,127,060,480	23,055,312,273,408	14,321,395,012,773	25,154,938,761,216	25,945,969,811,456	22,034,264,555,520	29,685,706,653,696	304,959,862	1,491,369,297	0	0
em-p-ihep51	20260624151303499000000	11	23,055,125,872,640	23,055,311,663,104	14,324,446,827,159	25,154,938,761,216	25,945,969,811,456	22,034,264,555,520	29,685,706,653,696	558,691,851	1,351,656,900	0	0
em-p-ihep51	20260624151313608000000	13	23,054,088,232,960	23,054,292,574,208	14,333,121,471,266	25,154,938,761,216	25,945,969,811,456	22,034,264,555,520	29,685,706,653,696	682,341,143	1,562,258,342	0	0
em-p-ihep51	20260624151323699000000	13	23,054,087,045,120	23,054,220,808,192	14,327,312,501,250	25,154,938,761,216	25,945,969,811,456	22,034,264,555,520	29,685,706,653,696	807,889,174	1,485,260,904	0	0
em-p-ihep51	20260624151333807000000	15	23,054,085,808,128	23,054,269,755,392	14,318,667,268,413	25,154,938,761,216	25,945,969,811,456	22,034,264,555,520	29,685,706,653,696	627,711,577	1,089,502,649	57,344	0
em-p-ihep51	20260624151343808000000	19	23,054,082,674,688	23,054,674,333,696	14,325,762,669,192	25,154,938,761,216	25,945,969,811,456	22,034,264,555,520	29,685,706,653,696	490,917,801	958,388,030	0	0
em-p-ihep51	20260624151353808000000	18	23,054,081,380,352	23,054,270,881,792	14,320,980,609,397	25,154,938,761,216	25,945,969,811,456	22,034,264,555,520	29,685,706,653,696	509,314,870	951,737,234	0	0
em-p-ihep51	20260624151403910000000	19	23,054,085,787,648	23,054,582,120,448	14,329,836,609,212	25,154,938,761,216	25,945,969,811,456	22,034,264,555,520	29,685,706,653,696	604,262,688	2,226,929,030	274,432	0
em-p-ihep51	20260624151413909000000	19	23,064,632,692,736	23,063,281,963,008	14,338,411,236,016	25,154,938,761,216	25,945,969,811,456	22,034,264,555,520	29,685,706,653,696	791,993,787	2,461,733,113	32,768	0
em-p-ihep51	20260624151424014000000	15	23,056,096,444,416	23,059,694,080,000	14,330,623,094,211	25,154,938,761,216	25,945,969,811,456	22,034,264,555,520	29,685,706,653,696	738,734,215	1,894,934,390	0	0
em-p-ihep51	20260624151434010000000	16	23,054,214,688,768	23,054,387,572,736	14,333,841,747,112	25,154,938,761,216	25,945,969,811,456	22,034,264,555,520	29,685,706,653,696	616,393,790	2,248,296,314	4,096	0
em-p-ihep51	20260624151444098000000	13	23,054,215,122,944	23,054,390,829,056	14,338,781,957,148	25,154,938,761,216	25,945,969,811,456	22,034,264,555,520	29,685,706,653,696	682,135,783	1,158,831,236	4,096	0
em-p-ihep51	20260624151454189000000	17	23,054,216,204,288	23,054,387,359,744	14,324,638,442,259	25,154,938,761,216	25,945,969,811,456	22,034,264,555,520	29,685,706,653,696	417,675,571	1,525,914,646	0	0
em-p-ihep51	20260624151504290000000	17	23,054,217,691,136	23,054,402,355,200	14,335,795,426,572	25,154,938,761,216	25,945,969,811,456	22,034,264,555,520	29,685,706,653,696	828,087,532	1,338,626,195	0	0
em-p-ihep51	20260624151514289000000	21	23,054,222,286,848	23,054,402,748,416	14,329,993,484,729	25,154,938,761,216	25,945,969,811,456	22,034,264,555,520	29,685,706,653,696	875,989,756	1,742,670,910	0	0
em-p-ihep51	20260624151524382000000	15	23,054,222,180,352	23,054,406,516,736	14,326,678,914,082	25,154,938,761,216	25,945,969,811,456	22,034,264,555,520	29,685,706,653,696	532,730,087	822,796,681	0	0
em-p-ihep51	20260624151534407000000	15	23,054,226,391,040	23,054,406,881,280	14,328,564,396,557	25,154,938,761,216	25,945,969,811,456	22,034,264,555,520	29,685,706,653,696	261,328,372	583,703,978	0	0
em-p-ihep51	20260624151544486000000	18	23,054,227,636,224	23,054,408,155,136	14,328,764,353,354	25,154,938,761,216	25,945,969,811,456	22,034,264,555,520	29,685,706,653,696	382,046,328	1,244,769,280	0	0
em-p-ihep51	20260624151554492000000	19	23,054,231,044,096	23,054,956,351,488	14,332,066,822,754	25,154,938,761,216	25,945,969,811,456	22,034,264,555,520	29,685,706,653,696	569,743,358	1,482,403,921	0	0
em-p-ihep51	20260624151604510000000	20	23,054,232,395,776	23,054,657,449,984	14,331,676,019,373	25,154,938,761,216	25,945,969,811,456	22,034,264,555,520	29,685,706,653,696	454,491,033	947,815,833	0	0
em-p-ihep51	20260624151614512000000	24	23,055,455,576,064	23,055,637,610,496	14,332,961,956,177	25,154,938,761,216	25,945,969,811,456	22,034,264,555,520	29,685,706,653,696	1,005,443,498	1,507,359,388	0	0
em-p-ihep51	20260624151624524000000	15	23,055,454,531,584	23,055,633,993,728	14,322,088,681,453	25,154,938,761,216	25,945,969,811,456	22,034,264,555,520	29,685,706,653,696	735,343,233	1,093,436,750	0	0
em-p-ihep51	20260624151634532000000	19	23,055,454,531,584	23,055,644,430,336	14,344,575,555,147	25,154,938,761,216	25,945,969,811,456	22,034,264,555,520	29,685,706,653,696	847,280,803	1,145,670,137	0	0
em-p-ihep51	20260624151644545000000	28	23,055,457,210,368	23,055,626,375,168	14,343,398,885,302	25,154,938,761,216	25,945,969,811,456	22,034,264,555,520	29,685,706,653,696	715,480,050	1,202,165,124	0	0
em-p-ihep51	20260624151654547000000	20	23,055,548,203,008	23,055,626,883,072	14,333,080,306,430	25,154,938,761,216	25,945,969,811,456	22,034,264,555,520	29,685,706,653,696	462,496,067	1,510,623,326	0	0
em-p-ihep51	20260624151704660000000	18	23,055,560,290,304	23,056,236,240,896	14,328,024,881,360	25,154,938,761,216	25,945,969,811,456	22,034,264,555,520	29,685,706,653,696	833,487,479	2,226,554,506	0	0
em-p-ihep51	20260624151714654000000	19	23,055,554,375,680	23,055,714,226,176	14,327,448,955,549	25,154,938,761,216	25,945,969,811,456	22,034,264,555,520	29,685,706,653,696	248,042,525	2,092,900,735	0	0
em-p-ihep51	20260624151724737000000	17	23,055,553,245,184	23,055,705,051,136	14,322,560,280,168	25,154,938,761,216	25,945,969,811,456	22,034,264,555,520	29,685,706,653,696	643,219,376	1,372,476,083	0	0
em-p-ihep51	20260624151734752000000	12	23,055,552,057,344	23,056,161,595,392	14,323,765,033,206	25,154,938,761,216	25,945,969,811,456	22,034,264,555,520	29,685,706,653,696	318,820,372	796,597,168	0	0
em-p-ihep51	20260624151744824000000	13	23,055,578,255,360	23,055,734,317,056	14,326,287,200,151	25,154,938,761,216	25,945,969,811,456	22,034,264,555,520	29,685,706,653,696	559,700,569	1,004,478,365	4,096	0
em-p-ihep51	20260624151754933000000	13	23,055,578,451,968	23,055,875,125,248	14,325,087,639,906	25,154,938,761,216	25,945,969,811,456	22,034,264,555,520	29,685,706,653,696	539,737,338	2,451,626,983	0	0
em-p-ihep51	20260624151804951000000	18	23,055,578,202,112	23,055,776,415,744	14,329,832,040,511	25,154,938,761,216	25,945,969,811,456	22,034,264,555,520	29,685,706,653,696	529,622,193	1,383,242,760	0	0
em-p-ihep51	20260624151814965000000	24	23,054,528,069,632	23,055,560,278,016	14,323,954,850,091	25,154,938,761,216	25,945,969,811,456	22,034,264,555,520	29,685,706,653,696	541,026,658	1,152,130,419	32,768	0
em-p-ihep51	20260624151824984000000	19	23,054,530,498,560	23,054,709,174,272	14,331,249,638,906	25,154,938,761,216	25,945,969,811,456	22,034,264,555,520	29,685,706,653,696	652,925,990	836,932,267	0	0
em-p-ihep51	20260624151835075000000	18	23,055,069,884,416	23,055,246,413,824	14,325,835,642,864	25,154,938,761,216	25,945,969,811,456	22,034,264,555,520	29,685,706,653,696	507,436,202	1,452,608,880	0	0
em-p-ihep51	20260624151845093000000	15	23,055,071,379,456	23,055,716,913,152	14,327,438,425,730	25,154,938,761,216	25,945,969,811,456	22,034,264,555,520	29,685,706,653,696	558,935,237	2,023,576,235	0	0
em-p-ihep51	20260624151855191000000	18	23,055,071,543,296	23,055,333,646,336	14,335,509,664,244	25,154,938,761,216	25,945,969,811,456	22,034,264,555,520	29,685,706,653,696	617,392,477	1,187,966,917	0	0
em-p-ihep51	20260624151905300000000	18	23,056,979,316,736	23,056,979,013,632	14,335,411,157,564	25,154,938,761,216	25,945,969,811,456	22,034,264,555,520	29,685,706,653,696	204,858,217	1,322,123,506	0	0
em-p-ihep51	20260624151915286000000	29	23,065,363,955,712	23,065,623,928,832	14,342,809,962,126	25,154,938,761,216	25,945,969,811,456	22,034,264,555,520	29,685,706,653,696	445,516,589	1,770,548,321	0	0
em-p-ihep51	20260624151925379000000	15	23,065,442,340,864	23,066,686,119,936	14,323,745,745,906	25,154,938,761,216	25,945,969,811,456	22,034,264,555,520	29,685,706,653,696	277,641,110	956,593,483	0	0
em-p-ihep51	20260624151935470000000	12	23,055,365,611,520	23,055,624,228,864	14,321,515,709,599	25,154,938,761,216	25,945,969,811,456	22,034,264,555,520	29,685,706,653,696	402,952,632	1,187,297,646	0	0
em-p-ihep51	20260624151945576000000	18	23,055,362,109,440	23,055,785,730,048	14,327,376,991,826	25,154,938,761,216	25,945,969,811,456	22,034,264,555,520	29,685,706,653,696	339,652,150	2,276,712,358	0	0
em-p-ihep51	20260624151955585000000	20	23,055,359,320,064	23,055,629,447,168	14,328,156,686,833	25,154,938,761,216	25,945,969,811,456	22,034,264,555,520	29,685,706,653,696	490,261,253	1,644,848,868	0	0
em-p-ihep51	20260624152005590000000	25	23,055,364,075,520	23,055,624,302,592	14,342,339,295,913	25,154,938,761,216	25,945,969,811,456	22,034,264,555,520	29,685,706,653,696	970,505,769	2,608,917,776	0	0
em-p-ihep51	20260624152015597000000	25	23,056,027,578,368	23,056,495,640,576	14,355,059,788,484	25,154,938,761,216	25,945,969,811,456	22,034,264,555,520	29,685,706,653,696	533,897,484	2,428,868,625	0	0
em-p-ihep51	20260624152025597000000	27	23,056,600,514,560	23,057,190,387,712	14,339,512,414,795	25,154,938,761,216	25,945,969,811,456	22,034,264,555,520	29,685,706,653,696	860,465,752	2,492,129,410	0	0
em-p-ihep51	20260624152035709000000	24	23,056,610,402,304	23,056,867,762,176	14,335,003,281,104	25,154,938,761,216	25,945,969,811,456	22,034,264,555,520	29,685,706,653,696	615,944,205	1,185,996,486	0	0
em-p-ihep51	20260624152045706000000	24	23,056,616,079,360	23,056,880,562,176	14,333,886,836,107	25,154,938,761,216	25,945,969,811,456	22,034,264,555,520	29,685,706,653,696	773,418,331	1,232,940,537	0	0
em-p-ihep51	20260624152055788000000	16	23,056,677,339,136	23,056,942,034,944	14,326,173,579,585	25,154,938,761,216	25,945,969,811,456	22,034,264,555,520	29,685,706,653,696	679,775,294	1,018,350,489	0	0
em-p-ihep51	20260624152105886000000	18	23,056,674,402,304	23,056,859,676,672	14,330,196,178,354	25,154,938,761,216	25,945,969,811,456	22,034,264,555,520	29,685,706,653,696	585,939,471	992,735,312	16,384	0
em-p-ihep51	20260624152115969000000	20	23,056,682,520,576	23,056,824,872,960	14,329,641,564,952	25,154,938,761,216	25,945,969,811,456	22,034,264,555,520	29,685,706,653,696	750,441,765	2,395,203,595	0	0
em-p-ihep51	20260624152125980000000	19	23,056,680,308,736	23,056,822,484,992	14,331,921,727,958	25,154,938,761,216	25,945,969,811,456	22,034,264,555,520	29,685,706,653,696	520,488,404	1,209,928,689	0	0
em-p-ihep51	20260624152135988000000	16	23,056,675,667,968	23,056,835,829,760	14,327,038,201,855	25,154,938,761,216	25,945,969,811,456	22,034,264,555,520	29,685,706,653,696	589,098,088	1,560,420,407	0	0
em-p-ihep51	20260624152146022000000	18	23,056,675,561,472	23,056,810,889,216	14,329,884,677,900	25,154,938,761,216	25,945,969,811,456	22,034,264,555,520	29,685,706,653,696	550,381,361	1,147,376,339	0	0
em-p-ihep51	20260624152156005000000	16	23,056,675,454,976	23,056,818,315,264	14,323,144,673,898	25,154,938,761,216	25,945,969,811,456	22,034,264,555,520	29,685,706,653,696	341,042,929	1,088,468,732	0	0
em-p-ihep51	20260624152206021000000	18	23,056,680,574,976	23,056,839,155,712	14,326,281,227,189	25,154,938,761,216	25,945,969,811,456	22,034,264,555,520	29,685,706,653,696	535,483,615	2,493,503,039	0	0
em-p-ihep51	20260624152216027000000	15	23,056,681,517,056	23,056,821,891,072	14,338,274,976,694	25,154,938,761,216	25,945,969,811,456	22,034,264,555,520	29,685,706,653,696	570,942,952	1,550,737,914	0	0
em-p-ihep51	20260624152226043000000	20	23,056,680,488,960	23,056,822,583,296	14,331,164,424,221	25,154,938,761,216	25,945,969,811,456	22,034,264,555,520	29,685,706,653,696	304,396,429	829,524,054	0	0
em-p-ihep51	20260624152236065000000	15	23,056,680,652,800	23,056,833,867,776	14,329,455,756,326	25,154,938,761,216	25,945,969,811,456	22,034,264,555,520	29,685,706,653,696	609,224,006	1,057,544,504	0	0
em-p-ihep51	20260624152246078000000	14	23,056,675,692,544	23,057,332,465,664	14,321,948,017,619	25,154,938,761,216	25,945,969,811,456	22,034,264,555,520	29,685,706,653,696	942,530,584	2,118,271,792	0	0
em-p-ihep51	20260624152256107000000	11	23,056,675,586,048	23,056,851,636,224	14,330,340,247,668	25,154,938,761,216	25,945,969,811,456	22,034,264,555,520	29,685,706,653,696	563,925,096	1,393,906,857	0	0
em-p-ihep51	20260624152306109000000	18	23,056,675,749,888	23,056,851,578,880	14,342,888,144,271	25,154,938,761,216	25,945,969,811,456	22,034,264,555,520	29,685,706,653,696	442,948,061	1,086,504,633	0	0
em-p-ihep51	20260624152316220000000	17	23,056,675,643,392	23,057,007,362,048	14,341,664,386,789	25,154,938,761,216	25,945,969,811,456	22,034,264,555,520	29,685,706,653,696	428,460,423	1,493,656,812	0	0
em-p-ihep51	20260624152326220000000	18	23,054,973,190,144	23,056,844,423,168	14,344,706,697,544	25,154,938,761,216	25,945,969,811,456	22,034,264,555,520	29,685,706,653,696	280,126,645	813,599,855	0	0
em-p-ihep51	20260624152336315000000	18	23,062,706,417,664	23,062,900,731,904	14,353,368,141,683	25,154,938,761,216	25,945,969,811,456	22,034,264,555,520	29,685,706,653,696	218,382,082	611,912,399	0	0
em-p-ihep51	20260624152346337000000	18	23,053,564,633,088	23,053,731,147,776	14,335,117,517,404	25,154,938,761,216	25,945,969,811,456	22,034,264,555,520	29,685,706,653,696	583,873,894	1,245,124,999	45,056	0
em-p-ihep51	20260624152356379000000	22	23,059,997,577,216	23,058,658,127,872	14,355,049,682,179	25,154,938,761,216	25,945,969,811,456	22,034,264,555,520	29,685,706,653,696	589,972,534	1,001,703,183	0	0
em-p-ihep51	20260624152406362000000	15	23,053,936,656,384	23,055,077,781,504	14,331,485,437,960	25,154,938,761,216	25,945,969,811,456	22,034,264,555,520	29,685,706,653,696	516,835,695	1,463,546,122	0	0
em-p-ihep51	20260624152416395000000	15	23,061,823,496,192	23,061,993,820,160	14,335,634,228,502	25,154,938,761,216	25,945,969,811,456	22,034,264,555,520	29,685,706,653,696	518,484,710	1,659,425,909	0	0
em-p-ihep51	20260624152426386000000	14	23,053,612,548,096	23,054,127,722,496	14,324,721,149,534	25,154,938,761,216	25,945,969,811,456	22,034,264,555,520	29,685,706,653,696	660,585,945	1,400,793,106	12,288	0
em-p-ihep51	20260624152436402000000	12	23,053,614,325,760	23,053,797,552,128	14,326,662,684,174	25,154,938,761,216	25,945,969,811,456	22,034,264,555,520	29,685,706,653,696	396,372,092	839,160,910	0	0
em-p-ihep51	20260624152446487000000	13	23,053,614,489,600	23,053,781,716,992	14,324,511,517,101	25,154,938,761,216	25,945,969,811,456	22,034,264,555,520	29,685,706,653,696	343,863,279	713,513,079	0	0
em-p-ihep51	20260624152456515000000	14	23,053,615,751,168	23,053,779,517,440	14,326,170,672,364	25,154,938,761,216	25,945,969,811,456	22,034,264,555,520	29,685,706,653,696	402,194,459	703,482,438	0	0
em-p-ihep51	20260624152506530000000	20	23,053,616,721,920	23,053,800,816,640	14,331,144,317,478	25,154,938,761,216	25,945,969,811,456	22,034,264,555,520	29,685,706,653,696	420,963,015	854,194,402	0	0
em-p-ihep51	20260624152516551000000	25	23,053,619,343,360	23,053,789,868,032	14,336,556,680,663	25,154,938,761,216	25,945,969,811,456	22,034,264,555,520	29,685,706,653,696	798,446,716	1,792,018,048	0	0
em-p-ihep51	20260624152526577000000	29	23,053,619,625,984	23,053,942,661,120	14,333,084,447,187	25,154,938,761,216	25,945,969,811,456	22,034,264,555,520	29,685,706,653,696	756,227,737	2,609,203,417	0	0
em-p-ihep51	20260624152536595000000	19	23,053,624,713,216	23,053,808,590,848	14,335,871,520,216	25,154,938,761,216	25,945,969,811,456	22,034,264,555,520	29,685,706,653,696	372,664,674	1,629,796,670	0	0
em-p-ihep51	20260624152546588000000	24	23,053,629,571,072	23,054,344,830,976	14,321,958,617,975	25,154,938,761,216	25,945,969,811,456	22,034,264,555,520	29,685,706,653,696	243,532,574	1,617,670,507	0	0
em-p-ihep51	20260624152556622000000	23	23,053,631,688,704	23,053,800,091,648	14,331,209,611,876	25,154,938,761,216	25,945,969,811,456	22,034,264,555,520	29,685,706,653,696	474,016,327	1,339,140,029	0	0
em-p-ihep51	20260624152606612000000	22	23,053,629,890,560	23,054,280,425,472	14,333,428,305,850	25,154,938,761,216	25,945,969,811,456	22,034,264,555,520	29,685,706,653,696	621,549,577	1,331,611,015	0	0
em-p-ihep51	20260624152616631000000	26	23,055,669,985,280	23,055,838,195,712	14,332,564,273,416	25,154,938,761,216	25,945,969,811,456	22,034,264,555,520	29,685,706,653,696	874,665,190	1,388,209,090	0	0
em-p-ihep51	20260624152626661000000	24	23,055,668,961,280	23,055,861,366,784	14,337,627,450,987	25,154,938,761,216	25,945,969,811,456	22,034,264,555,520	29,685,706,653,696	515,482,987	1,122,313,009	0	0
em-p-ihep51	20260624152636661000000	27	23,060,057,387,008	23,060,587,192,320	14,342,387,292,000	25,154,938,761,216	25,945,969,811,456	22,034,264,555,520	29,685,706,653,696	605,496,776	983,571,909	0	0
em-p-ihep51	20260624152646747000000	23	23,060,058,464,256	23,060,229,648,384	14,330,933,893,494	25,154,938,761,216	25,945,969,811,456	22,034,264,555,520	29,685,706,653,696	650,015,278	1,206,475,587	0	0
em-p-ihep51	20260624152656748000000	17	23,058,598,649,856	23,058,770,370,560	14,339,173,163,628	25,154,938,761,216	25,945,969,811,456	22,034,264,555,520	29,685,706,653,696	336,050,155	921,231,902	0	0
em-p-ihep51	20260624152706739000000	16	23,059,135,430,656	23,059,300,868,096	14,335,247,981,705	25,154,938,761,216	25,945,969,811,456	22,034,264,555,520	29,685,706,653,696	195,911,361	1,427,967,684	0	0
em-p-ihep51	20260624152716830000000	17	23,059,135,324,160	23,059,300,184,064	14,332,263,479,083	25,154,938,761,216	25,945,969,811,456	22,034,264,555,520	29,685,706,653,696	269,799,309	2,073,202,048	0	0
em-p-ihep51	20260624152726918000000	15	23,059,131,924,480	23,059,300,548,608	14,329,928,344,170	25,154,938,761,216	25,945,969,811,456	22,034,264,555,520	29,685,706,653,696	281,710,119	847,787,673	0	0
em-p-ihep51	20260624152737037000000	14	23,059,133,169,664	23,059,297,452,032	14,326,060,188,103	25,154,938,761,216	25,945,969,811,456	22,034,264,555,520	29,685,706,653,696	130,780,116	438,339,878	0	0
em-p-ihep51	20260624152747126000000	16	23,059,133,333,504	23,059,787,255,808	14,328,105,173,443	25,154,938,761,216	25,945,969,811,456	22,034,264,555,520	29,685,706,653,696	165,958,378	758,861,916	0	0
em-p-ihep51	20260624152757143000000	13	23,056,402,071,552	23,056,615,305,216	14,323,350,831,585	25,154,938,761,216	25,945,969,811,456	22,034,264,555,520	29,685,706,653,696	175,475,555	750,104,299	0	0
em-p-ihep51	20260624152807228000000	17	23,056,394,903,552	23,056,561,545,216	14,339,175,972,226	25,154,938,761,216	25,945,969,811,456	22,034,264,555,520	29,685,706,653,696	396,478,247	876,013,286	0	0
em-p-ihep51	20260624152817305000000	17	23,056,394,903,552	23,056,565,915,648	14,326,314,406,537	25,154,938,761,216	25,945,969,811,456	22,034,264,555,520	29,685,706,653,696	747,296,624	1,260,412,447	0	0
em-p-ihep51	20260624152827325000000	15	23,056,397,062,144	23,056,563,511,296	14,326,295,250,988	25,154,938,761,216	25,945,969,811,456	22,034,264,555,520	29,685,706,653,696	311,203,661	1,491,185,968	0	0
em-p-ihep51	20260624152837430000000	12	23,056,394,686,464	23,056,560,869,376	14,324,349,711,726	25,154,938,761,216	25,945,969,811,456	22,034,264,555,520	29,685,706,653,696	196,510,696	1,009,322,051	0	0
em-p-ihep51	20260624152847418000000	13	23,056,397,389,824	23,056,631,590,912	14,327,572,778,638	25,154,938,761,216	25,945,969,811,456	22,034,264,555,520	29,685,706,653,696	418,549,967	1,119,351,085	0	0
em-p-ihep51	20260624152857482000000	12	23,056,396,201,984	23,057,123,717,120	14,326,026,660,389	25,154,938,761,216	25,945,969,811,456	22,034,264,555,520	29,685,706,653,696	296,162,055	695,769,795	0	0
em-p-ihep51	20260624152907588000000	13	23,056,397,283,328	23,056,635,891,712	14,335,355,699,605	25,154,938,761,216	25,945,969,811,456	22,034,264,555,520	29,685,706,653,696	302,297,994	1,313,366,598	0	0
em-p-ihep51	20260624152917601000000	15	23,060,219,809,792	23,060,462,018,560	14,341,173,417,260	25,154,938,761,216	25,945,969,811,456	22,034,264,555,520	29,685,706,653,696	564,783,943	1,935,059,160	0	0
em-p-ihep51	20260624152927687000000	14	23,053,305,311,232	23,053,986,578,432	14,328,439,153,422	25,154,938,761,216	25,945,969,811,456	22,034,264,555,520	29,685,706,653,696	754,843,746	1,048,018,918	0	0
em-p-ihep51	20260624152937778000000	16	23,053,302,923,264	23,053,542,440,960	14,322,532,210,771	25,154,938,761,216	25,945,969,811,456	22,034,264,555,520	29,685,706,653,696	406,596,511	965,331,904	0	0
em-p-ihep51	20260624152947874000000	14	23,053,298,212,864	23,053,537,894,400	14,330,295,247,886	25,154,938,761,216	25,945,969,811,456	22,034,264,555,520	29,685,706,653,696	759,850,363	1,472,731,054	0	0
em-p-ihep51	20260624152957968000000	19	23,053,295,128,576	23,053,885,861,888	14,328,492,011,317	25,154,938,761,216	25,945,969,811,456	22,034,264,555,520	29,685,706,653,696	804,848,158	2,725,298,553	8,192	0
em-p-ihep51	20260624153008007000000	27	23,053,306,830,848	23,053,554,266,112	14,346,327,024,237	25,154,938,761,216	25,945,969,811,456	22,034,264,555,520	29,685,706,653,696	915,739,161	3,104,389,699	0	0
em-p-ihep51	20260624153017985000000	29	23,053,303,603,200	23,053,507,346,432	14,347,838,262,422	25,154,938,761,216	25,945,969,811,456	22,034,264,555,520	29,685,706,653,696	957,708,754	1,806,472,995	0	0
em-p-ihep51	20260624153028084000000	22	23,053,305,118,720	23,053,510,975,488	14,336,380,712,763	25,154,938,761,216	25,945,969,811,456	22,034,264,555,520	29,685,706,653,696	1,040,739,141	1,478,900,556	0	0
em-p-ihep51	20260624153038078000000	24	23,053,312,471,040	23,054,008,971,264	14,329,060,141,419	25,154,938,761,216	25,945,969,811,456	22,034,264,555,520	29,685,706,653,696	428,647,337	1,213,683,670	0	0
em-p-ihep51	20260624153048087000000	25	23,053,309,878,272	23,053,513,203,712	14,331,417,558,266	25,154,938,761,216	25,945,969,811,456	22,034,264,555,520	29,685,706,653,696	806,597,694	1,327,631,221	0	0
em-p-ihep51	20260624153058088000000	21	23,053,310,042,112	23,053,512,785,920	14,331,567,389,438	25,154,938,761,216	25,945,969,811,456	22,034,264,555,520	29,685,706,653,696	945,924,565	1,539,223,088	0	0
em-p-ihep51	20260624153108181000000	24	23,053,311,016,960	23,054,063,435,776	14,333,415,913,851	25,154,938,761,216	25,945,969,811,456	22,034,264,555,520	29,685,706,653,696	678,750,651	1,500,161,565	0	0
em-p-ihep51	20260624153118280000000	20	23,053,327,392,768	23,053,470,990,336	14,335,819,148,824	25,154,938,761,216	25,945,969,811,456	22,034,264,555,520	29,685,706,653,696	612,994,334	1,962,061,841	0	0
em-p-ihep51	20260624153128361000000	17	23,053,322,665,984	23,053,760,741,376	14,335,475,031,515	25,154,938,761,216	25,945,969,811,456	22,034,264,555,520	29,685,706,653,696	319,608,277	1,913,380,447	0	0
em-p-ihep51	20260624153138430000000	18	23,053,323,046,912	23,053,465,985,024	14,330,831,771,711	25,154,938,761,216	25,945,969,811,456	22,034,264,555,520	29,685,706,653,696	270,821,170	2,194,561,543	0	0
em-p-ihep51	20260624153148487000000	17	23,053,349,699,584	23,053,486,915,584	14,328,427,276,419	25,154,938,761,216	25,945,969,811,456	22,034,264,555,520	29,685,706,653,696	451,277,022	1,115,363,554	0	0
em-p-ihep51	20260624153158471000000	15	23,053,347,598,336	23,053,499,154,432	14,330,107,044,129	25,154,938,761,216	25,945,969,811,456	22,034,264,555,520	29,685,706,653,696	376,984,792	1,560,451,813	0	0
em-p-ihep51	20260624153208549000000	17	23,053,345,837,056	23,053,497,004,032	14,335,950,085,725	25,154,938,761,216	25,945,969,811,456	22,034,264,555,520	29,685,706,653,696	564,224,536	1,298,745,508	0	0
em-p-ihep51	20260624153218566000000	19	23,053,345,730,560	23,053,836,296,192	14,333,832,076,317	25,154,938,761,216	25,945,969,811,456	22,034,264,555,520	29,685,706,653,696	354,498,380	1,213,791,532	0	0
em-p-ihep51	20260624153228659000000	22	23,053,350,322,176	23,053,501,857,792	14,341,014,026,569	25,154,938,761,216	25,945,969,811,456	22,034,264,555,520	29,685,706,653,696	488,754,922	835,913,199	0	0
em-p-ihep51	20260624153238786000000	29	23,053,349,859,328	23,053,566,894,080	14,336,843,477,974	25,154,938,761,216	25,945,969,811,456	22,034,264,555,520	29,685,706,653,696	669,703,226	1,486,894,513	0	0
em-p-ihep51	20260624153248781000000	32	23,053,346,594,816	23,053,543,755,776	14,335,161,597,410	25,154,938,761,216	25,945,969,811,456	22,034,264,555,520	29,685,706,653,696	265,921,825	1,416,380,622	0	0
em-p-ihep51	20260624153258773000000	28	23,053,345,411,072	23,053,495,939,072	14,333,250,071,006	25,154,938,761,216	25,945,969,811,456	22,034,264,555,520	29,685,706,653,696	419,518,523	1,206,090,977	0	0
em-p-ihep51	20260624153308812000000	22	23,053,344,387,072	23,053,494,841,344	14,342,418,041,646	25,154,938,761,216	25,945,969,811,456	22,034,264,555,520	29,685,706,653,696	709,659,341	1,186,861,146	0	0
em-p-ihep51	20260624153318869000000	11	23,058,931,458,048	23,058,187,665,408	14,350,141,288,052	25,154,938,761,216	25,945,969,811,456	22,034,264,555,520	29,685,706,653,696	462,530,490	1,298,658,992	0	0
em-p-ihep51	20260624153328955000000	14	23,041,458,835,456	23,045,871,878,144	14,328,518,463,368	25,154,938,761,216	25,945,969,811,456	22,034,264,555,520	29,685,706,653,696	421,967,112	1,126,056,279	0	0
em-p-ihep51	20260624153339057000000	15	23,037,208,854,528	23,037,353,750,528	14,328,525,957,471	25,154,938,761,216	25,945,969,811,456	22,034,264,555,520	29,685,706,653,696	316,849,245	704,049,637	0	0
em-p-ihep51	20260624153349144000000	16	23,036,664,348,672	23,036,809,801,728	14,327,872,813,918	25,154,938,761,216	25,945,969,811,456	22,034,264,555,520	29,685,706,653,696	256,178,739	940,227,127	0	0
em-p-ihep51	20260624153359157000000	14	23,036,661,981,184	23,036,994,371,584	14,323,878,844,211	25,154,938,761,216	25,945,969,811,456	22,034,264,555,520	29,685,706,653,696	422,684,027	772,364,975	0	0
em-p-ihep51	20260624153409237000000	11	23,036,664,578,048	23,036,801,339,392	14,336,890,531,373	25,154,938,761,216	25,945,969,811,456	22,034,264,555,520	29,685,706,653,696	931,632,531	2,024,908,849	0	0
em-p-ihep51	20260624153419332000000	16	23,039,404,609,536	23,038,663,585,792	14,333,689,402,296	25,154,938,761,216	25,945,969,811,456	22,034,264,555,520	29,685,706,653,696	432,579,195	1,266,576,405	0	0
em-p-ihep51	20260624153429413000000	14	23,041,253,695,488	23,040,847,769,600	14,345,743,388,267	25,154,938,761,216	25,945,969,811,456	22,034,264,555,520	29,685,706,653,696	478,979,302	1,079,913,808	0	0
em-p-ihep51	20260624153439522000000	11	23,049,695,637,504	23,049,052,426,240	14,350,728,102,082	25,154,938,761,216	25,945,969,811,456	22,034,264,555,520	29,685,706,653,696	439,936,866	785,489,640	0	0
em-p-ihep51	20260624153449600000000	22	23,053,215,576,064	23,053,355,073,536	14,348,253,117,110	25,154,938,761,216	25,945,969,811,456	22,034,264,555,520	29,685,706,653,696	474,218,242	917,522,059	0	0
em-p-ihep51	20260624153459626000000	21	23,048,205,512,704	23,048,347,385,856	14,342,498,694,857	25,154,938,761,216	25,945,969,811,456	22,034,264,555,520	29,685,706,653,696	493,323,112	926,086,309	0	0
em-p-ihep51	20260624153509641000000	24	23,041,263,452,160	23,041,473,249,280	14,349,954,827,263	25,154,938,761,216	25,945,969,811,456	22,034,264,555,520	29,685,706,653,696	945,624,659	1,509,260,748	0	0
em-p-ihep51	20260624153519638000000	27	23,041,262,075,904	23,041,986,453,504	14,350,966,488,625	25,154,938,761,216	25,945,969,811,456	22,034,264,555,520	29,685,706,653,696	1,323,285,593	4,012,404,916	94,208	0
em-p-ihep51	20260624153529640000000	25	23,045,791,039,488	23,045,410,361,344	14,360,609,913,994	25,154,938,761,216	25,945,969,811,456	22,034,264,555,520	29,685,706,653,696	361,226,867	1,844,248,760	81,920	0
em-p-ihep51	20260624153539686000000	18	23,035,429,277,696	23,035,566,473,216	14,338,371,361,354	25,154,938,761,216	25,945,969,811,456	22,034,264,555,520	29,685,706,653,696	514,556,980	1,494,741,374	0	0
em-p-ihep51	20260624153549670000000	16	23,036,824,870,912	23,036,981,874,688	14,342,583,467,712	25,154,938,761,216	25,945,969,811,456	22,034,264,555,520	29,685,706,653,696	541,121,179	1,406,322,902	0	0
em-p-ihep51	20260624153559688000000	20	23,037,004,640,256	23,037,139,791,872	14,343,750,194,765	25,154,938,761,216	25,945,969,811,456	22,034,264,555,520	29,685,706,653,696	282,201,204	598,088,070	0	0
em-p-ihep51	20260624153609808000000	22	23,038,262,628,352	23,038,399,021,056	14,359,341,277,734	25,154,938,761,216	25,945,969,811,456	22,034,264,555,520	29,685,706,653,696	789,360,886	1,472,645,934	0	0
em-p-ihep51	20260624153619886000000	22	23,041,517,092,864	23,041,549,967,360	14,348,757,760,797	25,154,938,761,216	25,945,969,811,456	22,034,264,555,520	29,685,706,653,696	577,392,973	1,757,393,368	0	0
em-p-ihep51	20260624153630010000000	17	23,040,774,135,808	23,041,539,997,696	14,349,357,035,324	25,154,938,761,216	25,945,969,811,456	22,034,264,555,520	29,685,706,653,696	583,845,578	755,594,714	0	0
em-p-ihep51	20260624153639997000000	25	23,043,231,236,096	23,043,366,268,928	14,350,526,756,961	25,154,938,761,216	25,945,969,811,456	22,034,264,555,520	29,685,706,653,696	588,568,333	1,159,392,504	24,576	0
em-p-ihep51	20260624153650011000000	22	23,041,913,737,216	23,042,422,218,752	14,343,258,890,437	25,154,938,761,216	25,945,969,811,456	22,034,264,555,520	29,685,706,653,696	806,518,440	1,291,016,902	0	0
em-p-ihep51	20260624153700104000000	19	23,041,911,517,184	23,042,091,212,800	14,348,415,367,462	25,154,938,761,216	25,945,969,811,456	22,034,264,555,520	29,685,706,653,696	869,690,553	1,471,886,742	0	0
em-p-ihep51	20260624153710151000000	21	23,045,664,907,264	23,045,857,599,488	14,366,609,955,794	25,154,938,761,216	25,945,969,811,456	22,034,264,555,520	29,685,706,653,696	663,938,177	1,905,681,292	28,672	0
em-p-ihep51	20260624153720142000000	13	23,049,062,170,624	23,049,758,785,536	14,338,613,017,223	25,154,938,761,216	25,945,969,811,456	22,034,264,555,520	29,685,706,653,696	344,222,454	1,538,995,869	0	0
em-p-ihep51	20260624153730230000000	13	23,044,964,757,504	23,045,143,711,744	14,348,624,442,446	25,154,938,761,216	25,945,969,811,456	22,034,264,555,520	29,685,706,653,696	933,337,115	856,720,524	0	0
em-p-ihep51	20260624153740318000000	12	23,039,796,170,752	23,039,976,509,440	14,348,219,785,725	25,154,938,761,216	25,945,969,811,456	22,034,264,555,520	29,685,706,653,696	309,619,409	636,627,109	0	0
em-p-ihep51	20260624153750404000000	15	23,039,906,299,904	23,040,083,697,664	14,339,313,980,187	25,154,938,761,216	25,945,969,811,456	22,034,264,555,520	29,685,706,653,696	801,283,286	1,481,981,572	0	0
em-p-ihep51	20260624153800421000000	17	23,039,907,545,088	23,040,568,885,248	14,348,919,876,905	25,154,938,761,216	25,945,969,811,456	22,034,264,555,520	29,685,706,653,696	304,080,582	1,065,128,937	0	0
em-p-ihep51	20260624153810436000000	25	23,039,906,598,912	23,040,085,430,272	14,362,807,659,785	25,154,938,761,216	25,945,969,811,456	22,034,264,555,520	29,685,706,653,696	384,772,480	741,833,978	0	0
em-p-ihep51	20260624153820514000000	13	23,039,913,820,160	23,040,275,415,040	14,341,237,686,166	25,154,938,761,216	25,945,969,811,456	22,034,264,555,520	29,685,706,653,696	235,185,614	2,187,761,182	0	0
em-p-ihep51	20260624153830521000000	8	23,039,915,032,576	23,040,097,386,496	14,345,832,605,082	25,154,938,761,216	25,945,969,811,456	22,034,264,555,520	29,685,706,653,696	401,539,324	1,334,735,358	0	0
em-p-ihep51	20260624153840534000000	13	23,039,915,032,576	23,040,096,321,536	14,345,362,028,174	25,154,938,761,216	25,945,969,811,456	22,034,264,555,520	29,685,706,653,696	468,986,755	1,389,339,645	0	0
em-p-ihep51	20260624153850605000000	9	23,039,913,844,736	23,040,097,497,088	14,345,152,319,721	25,154,938,761,216	25,945,969,811,456	22,034,264,555,520	29,685,706,653,696	421,342,812	751,903,350	0	0
em-p-ihep51	20260624153900614000000	11	23,037,772,693,504	23,038,024,912,896	14,340,337,885,261	25,154,938,761,216	25,945,969,811,456	22,034,264,555,520	29,685,706,653,696	225,194,460	566,656,427	0	0
em-p-ihep51	20260624153910704000000	15	23,040,840,732,672	23,041,090,297,856	14,352,592,359,681	25,154,938,761,216	25,945,969,811,456	22,034,264,555,520	29,685,706,653,696	461,753,210	1,761,980,918	0	0
em-p-ihep51	20260624153920821000000	17	23,051,895,574,528	23,051,910,922,240	14,354,142,487,557	25,154,938,761,216	25,945,969,811,456	22,034,264,555,520	29,685,706,653,696	534,440,432	1,315,768,219	0	0
em-p-ihep51	20260624153930895000000	15	23,044,988,100,608	23,045,229,858,816	14,344,741,875,673	25,154,938,761,216	25,945,969,811,456	22,034,264,555,520	29,685,706,653,696	506,044,431	883,365,316	0	0
em-p-ihep51	20260624153940988000000	15	23,040,620,843,008	23,040,861,028,352	14,349,887,417,273	25,154,938,761,216	25,945,969,811,456	22,034,264,555,520	29,685,706,653,696	454,089,134	780,431,012	0	0
em-p-ihep51	20260624153951075000000	14	23,040,452,255,744	23,040,239,517,696	14,352,302,313,945	25,154,938,761,216	25,945,969,811,456	22,034,264,555,520	29,685,706,653,696	179,198,808	920,120,374	0	0
em-p-ihep51	20260624154001090000000	12	23,052,502,142,976	23,052,266,688,512	14,377,266,133,350	25,154,938,761,216	25,945,969,811,456	22,034,264,555,520	29,685,706,653,696	261,631,247	945,315,885	0	0
em-p-ihep51	20260624154011152000000	33	23,042,376,032,256	23,042,598,002,688	14,396,117,797,081	25,154,938,761,216	25,945,969,811,456	22,034,264,555,520	29,685,706,653,696	898,459,096	2,417,281,708	0	0
em-p-ihep51	20260624154021160000000	35	23,045,016,440,832	23,044,794,384,384	14,386,907,156,418	25,154,938,761,216	25,945,969,811,456	22,034,264,555,520	29,685,706,653,696	1,269,104,084	1,737,205,989	0	0
em-p-ihep51	20260624154031160000000	30	23,047,572,697,088	23,047,957,983,232	14,358,540,853,295	25,154,938,761,216	25,945,969,811,456	22,034,264,555,520	29,685,706,653,696	581,791,923	3,325,462,051	0	0
em-p-ihep51	20260624154041157000000	29	23,049,018,957,824	23,049,162,063,872	14,372,522,022,550	25,154,938,761,216	25,945,969,811,456	22,034,264,555,520	29,685,706,653,696	882,474,976	1,626,818,879	0	0
em-p-ihep51	20260624154051258000000	21	23,048,854,331,392	23,049,072,713,728	14,352,886,495,039	25,154,938,761,216	25,945,969,811,456	22,034,264,555,520	29,685,706,653,696	599,981,279	1,172,562,051	20,480	0
em-p-ihep51	20260624154101285000000	23	23,048,874,074,112	23,049,019,273,216	14,356,350,438,179	25,154,938,761,216	25,945,969,811,456	22,034,264,555,520	29,685,706,653,696	862,420,077	1,256,765,986	32,768	0
em-p-ihep51	20260624154111290000000	31	23,051,941,666,816	23,051,218,685,952	14,361,337,047,012	25,154,938,761,216	25,945,969,811,456	22,034,264,555,520	29,685,706,653,696	951,468,723	1,764,042,663	0	0
em-p-ihep51	20260624154121275000000	27	23,051,944,099,840	23,052,265,570,304	14,359,162,267,544	25,154,938,761,216	25,945,969,811,456	22,034,264,555,520	29,685,706,653,696	561,825,104	1,725,510,544	0	0
em-p-ihep51	20260624154131298000000	23	23,051,946,369,024	23,052,094,631,936	14,354,228,581,698	25,154,938,761,216	25,945,969,811,456	22,034,264,555,520	29,685,706,653,696	803,890,022	1,919,955,079	0	0
em-p-ihep51	20260624154141334000000	29	23,051,944,615,936	23,052,108,230,656	14,354,138,900,062	25,154,938,761,216	25,945,969,811,456	22,034,264,555,520	29,685,706,653,696	653,697,298	1,523,795,831	16,384	0
em-p-ihep51	20260624154151346000000	25	23,051,938,103,296	23,052,469,174,272	14,346,270,845,485	25,154,938,761,216	25,945,969,811,456	22,034,264,555,520	29,685,706,653,696	508,858,862	2,608,972,169	0	0
em-p-ihep51	20260624154201355000000	22	23,051,943,936,000	23,052,276,248,576	14,356,401,596,057	25,154,938,761,216	25,945,969,811,456	22,034,264,555,520	29,685,706,653,696	629,593,152	1,616,425,620	0	0
em-p-ihep51	20260624154211355000000	24	23,051,945,385,984	23,052,137,201,664	14,359,005,903,490	25,154,938,761,216	25,945,969,811,456	22,034,264,555,520	29,685,706,653,696	458,324,712	1,237,990,127	0	0
em-p-ihep51	20260624154221378000000	21	23,051,945,385,984	23,052,126,576,640	14,347,782,529,603	25,154,938,761,216	25,945,969,811,456	22,034,264,555,520	29,685,706,653,696	724,014,552	1,133,326,464	0	0
em-p-ihep51	20260624154231450000000	15	23,055,913,959,424	23,056,063,119,360	14,352,943,559,856	25,154,938,761,216	25,945,969,811,456	22,034,264,555,520	29,685,706,653,696	364,879,811	895,183,961	61,440	0
em-p-ihep51	20260624154241552000000	14	23,056,360,144,896	23,056,545,468,416	14,355,757,347,518	25,154,938,761,216	25,945,969,811,456	22,034,264,555,520	29,685,706,653,696	615,889,529	1,246,021,099	0	0
em-p-ihep51	20260624154251554000000	14	23,054,621,446,144	23,054,804,045,824	14,348,742,450,935	25,154,938,761,216	25,945,969,811,456	22,034,264,555,520	29,685,706,653,696	439,561,196	1,291,222,330	0	0
em-p-ihep51	20260624154301651000000	13	23,054,620,258,304	23,054,812,626,944	14,358,559,736,401	25,154,938,761,216	25,945,969,811,456	22,034,264,555,520	29,685,706,653,696	583,883,075	1,191,900,325	0	0
em-p-ihep51	20260624154311736000000	14	23,056,899,186,688	23,057,070,333,952	14,359,827,555,726	25,154,938,761,216	25,945,969,811,456	22,034,264,555,520	29,685,706,653,696	391,019,293	1,229,899,235	0	0
em-p-ihep51	20260624154321752000000	11	23,052,958,789,632	23,053,152,497,664	14,352,303,127,652	25,154,938,761,216	25,945,969,811,456	22,034,264,555,520	29,685,706,653,696	280,552,374	996,533,486	0	0
em-p-ihep51	20260624154331832000000	11	23,055,365,709,824	23,055,587,602,432	14,351,215,287,876	25,154,938,761,216	25,945,969,811,456	22,034,264,555,520	29,685,706,653,696	625,120,027	892,981,609	0	0
em-p-ihep51	20260624154341917000000	14	23,047,480,340,480	23,047,835,557,888	14,329,413,716,962	25,154,938,761,216	25,945,969,811,456	22,034,264,555,520	29,685,706,653,696	592,632,749	2,846,824,624	0	0
em-p-ihep51	20260624154351923000000	9	23,036,191,584,256	23,036,361,691,136	14,320,826,869,418	25,154,938,761,216	25,945,969,811,456	22,034,264,555,520	29,685,706,653,696	466,201,760	1,018,992,992	0	0
em-p-ihep51	20260624154402008000000	10	23,036,192,018,432	23,036,367,888,384	14,324,567,840,774	25,154,938,761,216	25,945,969,811,456	22,034,264,555,520	29,685,706,653,696	508,800,666	1,027,529,647	0	0
em-p-ihep51	20260624154412082000000	14	23,036,192,182,272	23,036,387,692,544	14,337,479,128,879	25,154,938,761,216	25,945,969,811,456	22,034,264,555,520	29,685,706,653,696	996,416,803	2,558,143,550	0	0
em-p-ihep51	20260624154422183000000	10	23,043,100,295,168	23,043,266,674,688	14,323,859,956,824	25,154,938,761,216	25,945,969,811,456	22,034,264,555,520	29,685,706,653,696	445,961,999	1,270,874,292	0	0
em-p-ihep51	20260624154432175000000	11	23,035,803,967,488	23,035,970,007,040	14,324,583,267,849	25,154,938,761,216	25,945,969,811,456	22,034,264,555,520	29,685,706,653,696	315,020,124	946,772,644	0	0
em-p-ihep51	20260624154442284000000	12	23,035,803,860,992	23,036,450,291,712	14,323,408,780,321	25,154,938,761,216	25,945,969,811,456	22,034,264,555,520	29,685,706,653,696	530,585,937	929,423,929	0	0
em-p-ihep51	20260624154452312000000	14	23,035,805,106,176	23,035,973,185,536	14,329,939,180,484	25,154,938,761,216	25,945,969,811,456	22,034,264,555,520	29,685,706,653,696	285,253,384	581,588,335	0	0
em-p-ihep51	20260624154502318000000	15	23,035,805,888,512	23,035,974,373,376	14,326,409,698,214	25,154,938,761,216	25,945,969,811,456	22,034,264,555,520	29,685,706,653,696	296,787,776	707,825,850	0	0
em-p-ihep51	20260624154512309000000	21	23,035,808,481,280	23,035,977,068,544	14,335,653,744,621	25,154,938,761,216	25,945,969,811,456	22,034,264,555,520	29,685,706,653,696	433,435,030	1,211,790,560	0	0
em-p-ihep51	20260624154522340000000	15	23,035,806,322,688	23,035,983,773,696	14,325,066,950,330	25,154,938,761,216	25,945,969,811,456	22,034,264,555,520	29,685,706,653,696	531,396,283	975,957,851	0	0
em-p-ihep51	20260624154532416000000	13	23,035,813,343,232	23,035,982,979,072	14,334,728,978,210	25,154,938,761,216	25,945,969,811,456	22,034,264,555,520	29,685,706,653,696	481,860,921	1,180,143,712	0	0
em-p-ihep51	20260624154542417000000	16	23,035,821,506,560	23,035,991,404,544	14,329,105,878,142	25,154,938,761,216	25,945,969,811,456	22,034,264,555,520	29,685,706,653,696	303,474,673	1,228,764,431	0	0
em-p-ihep51	20260624154552444000000	16	23,035,832,147,968	23,036,021,215,232	14,337,240,542,053	25,154,938,761,216	25,945,969,811,456	22,034,264,555,520	29,685,706,653,696	517,384,472	1,048,505,994	0	0
em-p-ihep51	20260624154602522000000	14	23,035,832,315,904	23,036,013,039,616	14,331,670,635,146	25,154,938,761,216	25,945,969,811,456	22,034,264,555,520	29,685,706,653,696	533,506,602	893,097,891	0	0
em-p-ihep51	20260624154612622000000	16	23,037,958,549,504	23,038,164,414,464	14,334,742,818,105	25,154,938,761,216	25,945,969,811,456	22,034,264,555,520	29,685,706,653,696	526,045,687	972,810,114	0	0
em-p-ihep51	20260624154622624000000	15	23,037,957,394,432	23,038,141,415,424	14,326,549,587,630	25,154,938,761,216	25,945,969,811,456	22,034,264,555,520	29,685,706,653,696	675,004,758	969,332,895	0	0
em-p-ihep51	20260624154632641000000	15	23,038,770,339,840	23,038,945,435,648	14,334,483,190,958	25,154,938,761,216	25,945,969,811,456	22,034,264,555,520	29,685,706,653,696	457,932,642	855,852,180	0	0
em-p-ihep51	20260624154642658000000	16	23,038,769,152,000	23,038,933,311,488	14,332,652,711,840	25,154,938,761,216	25,945,969,811,456	22,034,264,555,520	29,685,706,653,696	734,256,783	1,490,683,478	0	0
em-p-ihep51	20260624154652691000000	16	23,039,215,034,368	23,039,414,431,744	14,325,904,152,403	25,154,938,761,216	25,945,969,811,456	22,034,264,555,520	29,685,706,653,696	746,181,779	1,504,109,202	0	0
em-p-ihep51	20260624154702760000000	16	23,039,216,386,048	23,039,455,825,920	14,326,182,159,278	25,154,938,761,216	25,945,969,811,456	22,034,264,555,520	29,685,706,653,696	565,730,063	1,232,377,191	0	0
em-p-ihep51	20260624154712826000000	13	23,039,215,198,208	23,039,401,291,776	14,329,553,686,977	25,154,938,761,216	25,945,969,811,456	22,034,264,555,520	29,685,706,653,696	265,389,791	2,187,243,567	0	0
em-p-ihep51	20260624154722836000000	11	23,039,215,091,712	23,039,395,745,792	14,320,435,974,770	25,154,938,761,216	25,945,969,811,456	22,034,264,555,520	29,685,706,653,696	358,124,076	859,090,773	0	0
em-p-ihep51	20260624154732918000000	8	23,039,216,648,192	23,039,590,920,192	14,325,343,198,091	25,154,938,761,216	25,945,969,811,456	22,034,264,555,520	29,685,706,653,696	331,162,233	735,913,639	0	0
em-p-ihep51	20260624154742989000000	11	23,039,214,350,336	23,039,404,003,328	14,329,354,399,400	25,154,938,761,216	25,945,969,811,456	22,034,264,555,520	29,685,706,653,696	157,281,610	562,671,608	0	0
em-p-ihep51	20260624154753080000000	12	23,039,872,708,608	23,039,958,323,200	14,320,240,877,357	25,154,938,761,216	25,945,969,811,456	22,034,264,555,520	29,685,706,653,696	531,909,518	2,093,572,074	0	0
em-p-ihep51	20260624154803171000000	12	23,039,870,496,768	23,040,034,426,880	14,326,330,744,913	25,154,938,761,216	25,945,969,811,456	22,034,264,555,520	29,685,706,653,696	421,336,073	873,586,085	0	0
em-p-ihep51	20260624154813288000000	16	23,039,870,390,272	23,040,472,399,872	14,326,383,363,271	25,154,938,761,216	25,945,969,811,456	22,034,264,555,520	29,685,706,653,696	380,730,545	981,863,576	12,288	0
em-p-ihep51	20260624154823382000000	12	23,039,870,554,112	23,040,039,325,696	14,324,516,234,218	25,154,938,761,216	25,945,969,811,456	22,034,264,555,520	29,685,706,653,696	266,105,725	1,490,378,974	4,096	0
em-p-ihep51	20260624154833401000000	10	23,039,870,447,616	23,040,027,996,160	14,333,089,554,219	25,154,938,761,216	25,945,969,811,456	22,034,264,555,520	29,685,706,653,696	464,455,984	1,542,718,297	0	0
em-p-ihep51	20260624154843391000000	12	23,039,891,427,328	23,040,060,084,224	14,328,317,800,204	25,154,938,761,216	25,945,969,811,456	22,034,264,555,520	29,685,706,653,696	571,909,190	875,551,316	0	0
em-p-ihep51	20260624154853379000000	10	23,039,891,591,168	23,040,048,939,008	14,331,394,730,029	25,154,938,761,216	25,945,969,811,456	22,034,264,555,520	29,685,706,653,696	168,049,143	711,498,869	0	0
em-p-ihep51	20260624154903494000000	12	23,039,887,921,152	23,040,108,560,384	14,330,826,339,661	25,154,938,761,216	25,945,969,811,456	22,034,264,555,520	29,685,706,653,696	212,053,734	1,175,053,384	0	0
em-p-ihep51	20260624154913593000000	15	23,047,550,709,760	23,047,060,811,776	14,343,052,595,689	25,154,938,761,216	25,945,969,811,456	22,034,264,555,520	29,685,706,653,696	769,328,200	2,084,796,787	0	0
em-p-ihep51	20260624154923695000000	10	23,038,233,227,264	23,039,311,433,728	14,323,997,102,377	25,154,938,761,216	25,945,969,811,456	22,034,264,555,520	29,685,706,653,696	373,210,582	1,916,216,623	0	0
em-p-ihep51	20260624154933677000000	8	23,037,195,583,488	23,037,432,713,216	14,323,591,148,218	25,154,938,761,216	25,945,969,811,456	22,034,264,555,520	29,685,706,653,696	218,458,576	1,302,984,996	0	0
em-p-ihep51	20260624154943682000000	7	23,037,195,476,992	23,037,432,999,936	14,322,793,773,922	25,154,938,761,216	25,945,969,811,456	22,034,264,555,520	29,685,706,653,696	279,111,987	1,006,428,087	0	0
em-p-ihep51	20260624154953705000000	15	23,037,194,289,152	23,037,448,343,552	14,330,436,851,988	25,154,938,761,216	25,945,969,811,456	22,034,264,555,520	29,685,706,653,696	393,492,708	1,289,387,228	0	0
em-p-ihep51	20260624155003714000000	21	23,037,206,589,440	23,037,445,488,640	14,336,404,868,425	25,154,938,761,216	25,945,969,811,456	22,034,264,555,520	29,685,706,653,696	690,205,634	1,895,910,061	0	0
em-p-ihep51	20260624155013693000000	26	23,037,323,173,888	23,037,749,817,344	14,344,560,915,819	25,154,938,761,216	25,945,969,811,456	22,034,264,555,520	29,685,706,653,696	567,812,928	1,620,876,394	0	0
em-p-ihep51	20260624155023710000000	17	23,037,321,924,608	23,037,557,592,064	14,331,634,194,272	25,154,938,761,216	25,945,969,811,456	22,034,264,555,520	29,685,706,653,696	492,359,927	1,679,476,984	0	0
em-p-ihep51	20260624155033709000000	19	23,037,326,409,728	23,037,810,511,872	14,330,395,113,916	25,154,938,761,216	25,945,969,811,456	22,034,264,555,520	29,685,706,653,696	143,887,023	493,732,508	0	0
em-p-ihep51	20260624155043808000000	15	23,037,324,210,176	23,037,559,767,040	14,326,799,397,615	25,154,938,761,216	25,945,969,811,456	22,034,264,555,520	29,685,706,653,696	310,661,305	829,034,569	0	0
em-p-ihep51	20260624155053830000000	14	23,037,325,451,264	23,037,561,159,680	14,330,863,073,029	25,154,938,761,216	25,945,969,811,456	22,034,264,555,520	29,685,706,653,696	378,061,493	681,338,813	0	0
em-p-ihep51	20260624155103816000000	18	23,037,323,530,240	23,037,705,584,640	14,331,038,868,502	25,154,938,761,216	25,945,969,811,456	22,034,264,555,520	29,685,706,653,696	553,905,338	1,162,606,784	0	0
em-p-ihep51	20260624155113861000000	16	23,037,323,530,240	23,037,552,586,752	14,328,647,674,889	25,154,938,761,216	25,945,969,811,456	22,034,264,555,520	29,685,706,653,696	456,334,745	1,745,409,970	0	0
em-p-ihep51	20260624155123845000000	21	23,039,728,058,368	23,040,008,396,800	14,340,619,203,674	25,154,938,761,216	25,945,969,811,456	22,034,264,555,520	29,685,706,653,696	585,063,593	1,390,324,407	0	0
em-p-ihep51	20260624155133852000000	18	23,039,725,858,816	23,040,020,770,816	14,330,645,797,817	25,154,938,761,216	25,945,969,811,456	22,034,264,555,520	29,685,706,653,696	571,342,841	955,985,182	0	0
em-p-ihep51	20260624155143975000000	16	23,039,726,022,656	23,039,991,914,496	14,326,758,035,436	25,154,938,761,216	25,945,969,811,456	22,034,264,555,520	29,685,706,653,696	770,075,452	1,028,825,682	0	0
em-p-ihep51	20260624155154052000000	16	23,039,725,916,160	23,039,987,261,440	14,325,834,192,756	25,154,938,761,216	25,945,969,811,456	22,034,264,555,520	29,685,706,653,696	624,428,967	1,130,143,711	0	0
em-p-ihep51	20260624155204077000000	16	23,039,726,080,000	23,039,984,648,192	14,323,201,437,110	25,154,938,761,216	25,945,969,811,456	22,034,264,555,520	29,685,706,653,696	659,005,241	1,002,415,242	0	0
em-p-ihep51	20260624155214057000000	21	23,039,725,973,504	23,040,537,038,848	14,327,407,324,221	25,154,938,761,216	25,945,969,811,456	22,034,264,555,520	29,685,706,653,696	822,071,923	1,453,463,117	0	0
em-p-ihep51	20260624155224169000000	12	23,039,727,480,832	23,039,989,080,064	14,328,755,889,450	25,154,938,761,216	25,945,969,811,456	22,034,264,555,520	29,685,706,653,696	1,039,946,283	1,241,700,519	0	0
em-p-ihep51	20260624155234276000000	16	23,039,727,919,104	23,039,987,748,864	14,323,229,453,982	25,154,938,761,216	25,945,969,811,456	22,034,264,555,520	29,685,706,653,696	423,866,969	1,339,507,819	0	0
em-p-ihep51	20260624155244377000000	13	23,039,728,009,216	23,040,141,230,080	14,327,129,985,823	25,154,938,761,216	25,945,969,811,456	22,034,264,555,520	29,685,706,653,696	412,875,804	3,366,565,232	0	0
em-p-ihep51	20260624155254364000000	15	23,039,728,140,288	23,039,985,778,688	14,325,654,376,767	25,154,938,761,216	25,945,969,811,456	22,034,264,555,520	29,685,706,653,696	594,127,500	1,122,866,755	0	0
em-p-ihep51	20260624155304367000000	17	23,039,728,033,792	23,039,986,573,312	14,325,449,616,934	25,154,938,761,216	25,945,969,811,456	22,034,264,555,520	29,685,706,653,696	598,068,351	1,589,159,491	0	0
em-p-ihep51	20260624155314373000000	11	23,039,865,257,984	23,040,067,907,584	14,320,130,019,228	25,154,938,761,216	25,945,969,811,456	22,034,264,555,520	29,685,706,653,696	238,691,082	1,127,717,348	0	0
em-p-ihep51	20260624155324472000000	10	23,040,087,908,352	23,040,743,743,488	14,321,888,876,444	25,154,938,761,216	25,945,969,811,456	22,034,264,555,520	29,685,706,653,696	305,709,914	870,299,016	0	0
em-p-ihep51	20260624155334559000000	8	23,040,089,014,272	23,040,344,547,328	14,323,183,976,666	25,154,938,761,216	25,945,969,811,456	22,034,264,555,520	29,685,706,653,696	161,582,551	461,535,487	0	0
em-p-ihep51	20260624155344654000000	10	23,040,089,178,112	23,040,389,357,568	14,322,984,649,363	25,154,938,761,216	25,945,969,811,456	22,034,264,555,520	29,685,706,653,696	142,936,283	565,863,399	0	0
em-p-ihep51	20260624155354747000000	9	23,040,087,883,776	23,040,352,063,488	14,322,150,108,648	25,154,938,761,216	25,945,969,811,456	22,034,264,555,520	29,685,706,653,696	312,252,902	895,179,208	0	0
em-p-ihep51	20260624155404830000000	11	23,040,085,618,688	23,040,333,733,888	14,320,472,042,431	25,154,938,761,216	25,945,969,811,456	22,034,264,555,520	29,685,706,653,696	250,985,438	1,574,654,718	0	0
em-p-ihep51	20260624155414926000000	10	23,048,003,735,552	23,048,253,120,512	14,332,711,653,084	25,154,938,761,216	25,945,969,811,456	22,034,264,555,520	29,685,706,653,696	692,225,230	1,573,891,626	0	0
em-p-ihep51	20260624155424929000000	15	23,043,606,949,888	23,043,867,357,184	14,323,601,485,380	25,154,938,761,216	25,945,969,811,456	22,034,264,555,520	29,685,706,653,696	465,916,585	1,084,325,435	0	0
em-p-ihep51	20260624155434947000000	16	23,039,282,827,264	23,039,553,409,024	14,324,348,602,461	25,154,938,761,216	25,945,969,811,456	22,034,264,555,520	29,685,706,653,696	222,871,790	583,117,973	0	0
em-p-ihep51	20260624155444942000000	16	23,039,280,975,872	23,039,524,102,144	14,323,579,861,763	25,154,938,761,216	25,945,969,811,456	22,034,264,555,520	29,685,706,653,696	569,899,572	1,080,653,533	0	0
em-p-ihep51	20260624155455042000000	16	23,039,271,337,984	23,039,510,986,752	14,319,274,391,976	25,154,938,761,216	25,945,969,811,456	22,034,264,555,520	29,685,706,653,696	376,819,753	844,281,743	0	0
em-p-ihep51	20260624155505137000000	20	23,039,464,513,536	23,040,081,014,784	14,332,681,068,727	25,154,938,761,216	25,945,969,811,456	22,034,264,555,520	29,685,706,653,696	572,445,362	939,135,530	0	0
em-p-ihep51	20260624155515235000000	20	23,039,831,601,152	23,040,069,914,624	14,337,264,822,297	25,154,938,761,216	25,945,969,811,456	22,034,264,555,520	29,685,706,653,696	503,992,517	1,514,118,781	0	0
em-p-ihep51	20260624155525334000000	17	23,039,832,576,000	23,040,063,860,736	14,323,958,114,560	25,154,938,761,216	25,945,969,811,456	22,034,264,555,520	29,685,706,653,696	294,418,328	1,337,962,427	0	0
em-p-ihep51	20260624155535423000000	17	23,039,832,469,504	23,040,063,840,256	14,331,843,981,971	25,154,938,761,216	25,945,969,811,456	22,034,264,555,520	29,685,706,653,696	399,227,866	1,096,448,716	0	0
em-p-ihep51	20260624155545534000000	18	23,039,832,633,344	23,040,060,764,160	14,330,529,006,193	25,154,938,761,216	25,945,969,811,456	22,034,264,555,520	29,685,706,653,696	361,706,587	780,950,388	0	0
em-p-ihep51	20260624155555524000000	19	23,039,833,604,096	23,040,066,924,544	14,328,697,289,930	25,154,938,761,216	25,945,969,811,456	22,034,264,555,520	29,685,706,653,696	207,052,094	790,802,563	0	0
em-p-ihep51	20260624155605627000000	21	23,039,833,767,936	23,040,071,217,152	14,331,035,337,459	25,154,938,761,216	25,945,969,811,456	22,034,264,555,520	29,685,706,653,696	168,279,283	686,930,310	0	0
em-p-ihep51	20260624155615714000000	20	23,040,084,013,056	23,040,720,814,080	14,330,085,389,304	25,154,938,761,216	25,945,969,811,456	22,034,264,555,520	29,685,706,653,696	412,209,550	976,202,107	0	0
em-p-ihep51	20260624155625733000000	22	23,041,362,862,080	23,041,658,798,080	14,330,969,853,050	25,154,938,761,216	25,945,969,811,456	22,034,264,555,520	29,685,706,653,696	601,932,558	914,283,290	0	0
em-p-ihep51	20260624155635731000000	18	23,039,838,531,584	23,040,135,208,960	14,329,612,705,486	25,154,938,761,216	25,945,969,811,456	22,034,264,555,520	29,685,706,653,696	280,433,677	745,402,809	0	0
em-p-ihep51	20260624155645828000000	20	23,039,845,830,656	23,040,160,882,688	14,330,842,699,446	25,154,938,761,216	25,945,969,811,456	22,034,264,555,520	29,685,706,653,696	494,177,580	1,463,866,855	0	0
em-p-ihep51	20260624155655939000000	22	23,039,848,529,920	23,040,150,351,872	14,328,861,231,181	25,154,938,761,216	25,945,969,811,456	22,034,264,555,520	29,685,706,653,696	546,240,486	1,572,905,996	0	0
em-p-ihep51	20260624155705931000000	16	23,039,845,249,024	23,040,141,012,992	14,326,842,932,074	25,154,938,761,216	25,945,969,811,456	22,034,264,555,520	29,685,706,653,696	706,835,284	1,501,579,117	0	0
em-p-ihep51	20260624155716014000000	13	23,039,846,903,808	23,040,141,320,192	14,324,589,414,591	25,154,938,761,216	25,945,969,811,456	22,034,264,555,520	29,685,706,653,696	208,017,596	1,174,564,268	0	0
em-p-ihep51	20260624155726042000000	11	23,039,848,955,904	23,040,553,992,192	14,325,596,968,274	25,154,938,761,216	25,945,969,811,456	22,034,264,555,520	29,685,706,653,696	332,049,111	644,732,988	0	0
em-p-ihep51	20260624155736131000000	15	23,039,849,119,744	23,040,145,080,320	14,323,051,380,731	25,154,938,761,216	25,945,969,811,456	22,034,264,555,520	29,685,706,653,696	443,643,043	943,021,651	0	0
em-p-ihep51	20260624155746221000000	13	23,039,848,202,240	23,040,149,872,640	14,327,503,936,371	25,154,938,761,216	25,945,969,811,456	22,034,264,555,520	29,685,706,653,696	544,445,172	1,221,554,720	0	0
em-p-ihep51	20260624155756310000000	16	23,039,847,014,400	23,040,654,635,008	14,324,219,136,513	25,154,938,761,216	25,945,969,811,456	22,034,264,555,520	29,685,706,653,696	405,196,597	1,399,712,287	0	0
em-p-ihep51	20260624155806312000000	8	23,039,847,284,736	23,040,148,824,064	14,321,581,952,326	25,154,938,761,216	25,945,969,811,456	22,034,264,555,520	29,685,706,653,696	114,686,903	681,868,279	0	0
em-p-ihep51	20260624155816317000000	12	23,039,849,713,664	23,040,147,537,920	14,330,828,571,276	25,154,938,761,216	25,945,969,811,456	22,034,264,555,520	29,685,706,653,696	203,218,811	1,140,000,958	0	0
em-p-ihep51	20260624155826331000000	14	23,039,840,104,448	23,040,138,174,464	14,329,661,169,123	25,154,938,761,216	25,945,969,811,456	22,034,264,555,520	29,685,706,653,696	356,076,117	1,592,285,591	0	0
em-p-ihep51	20260624155836419000000	14	23,039,837,057,024	23,040,288,468,992	14,323,665,736,039	25,154,938,761,216	25,945,969,811,456	22,034,264,555,520	29,685,706,653,696	725,556,598	2,485,471,250	0	0
em-p-ihep51	20260624155846517000000	18	23,039,830,081,536	23,040,125,812,736	14,326,663,867,221	25,154,938,761,216	25,945,969,811,456	22,034,264,555,520	29,685,706,653,696	468,463,555	1,904,560,148	36,864	0
em-p-ihep51	20260624155856602000000	13	23,039,831,052,288	23,040,100,515,840	14,329,765,730,062	25,154,938,761,216	25,945,969,811,456	22,034,264,555,520	29,685,706,653,696	249,439,454	854,102,059	0	0
em-p-ihep51	20260624155906700000000	15	23,039,842,570,240	23,040,662,798,336	14,337,741,035,706	25,154,938,761,216	25,945,969,811,456	22,034,264,555,520	29,685,706,653,696	419,818,287	2,370,393,286	0	0
em-p-ihep51	20260624155916796000000	18	23,045,423,484,928	23,045,765,357,568	14,342,863,713,029	25,154,938,761,216	25,945,969,811,456	22,034,264,555,520	29,685,706,653,696	726,384,804	2,181,464,454	0	0
em-p-ihep51	20260624155926884000000	16	23,037,024,387,072	23,037,363,236,864	14,327,488,179,250	25,154,938,761,216	25,945,969,811,456	22,034,264,555,520	29,685,706,653,696	464,737,614	1,022,137,063	0	0
em-p-ihep51	20260624155936972000000	14	23,037,024,387,072	23,037,366,800,384	14,323,975,248,126	25,154,938,761,216	25,945,969,811,456	22,034,264,555,520	29,685,706,653,696	799,708,182	1,766,206,993	0	0
em-p-ihep51	20260624155947062000000	13	23,037,022,142,464	23,037,363,605,504	14,329,255,592,612	25,154,938,761,216	25,945,969,811,456	22,034,264,555,520	29,685,706,653,696	690,750,527	1,582,538,727	0	0
em-p-ihep51	20260624155957089000000	13	23,037,022,035,968	23,037,363,818,496	14,328,693,337,063	25,154,938,761,216	25,945,969,811,456	22,034,264,555,520	29,685,706,653,696	213,410,662	999,596,049	0	0
em-p-ihep51	20260624160007118000000	29	23,037,334,855,680	23,037,676,273,664	14,356,174,107,360	25,154,938,761,216	25,945,969,811,456	22,034,264,555,520	29,685,706,653,696	637,327,044	2,805,397,318	0	0
em-p-ihep51	20260624160017116000000	36	23,037,337,112,576	23,037,675,569,152	14,359,530,692,422	25,154,938,761,216	25,945,969,811,456	22,034,264,555,520	29,685,706,653,696	807,644,017	1,659,305,401	0	0
em-p-ihep51	20260624160027129000000	33	23,037,342,076,928	23,037,712,322,560	14,352,160,464,951	25,154,938,761,216	25,945,969,811,456	22,034,264,555,520	29,685,706,653,696	789,857,354	2,506,915,985	0	0
em-p-ihep51	20260624160037166000000	30	23,038,055,587,840	23,038,339,080,192	14,345,315,332,571	25,154,938,761,216	25,945,969,811,456	22,034,264,555,520	29,685,706,653,696	561,975,790	2,011,096,438	0	0
em-p-ihep51	20260624160047159000000	22	23,038,061,535,232	23,038,541,844,480	14,358,607,431,360	25,154,938,761,216	25,945,969,811,456	22,034,264,555,520	29,685,706,653,696	573,755,124	1,603,530,185	12,288	0
em-p-ihep51	20260624160057172000000	21	23,038,059,208,704	23,038,328,197,120	14,340,116,864,347	25,154,938,761,216	25,945,969,811,456	22,034,264,555,520	29,685,706,653,696	471,160,167	1,304,837,710	0	0
em-p-ihep51	20260624160107164000000	21	23,039,604,887,552	23,039,700,434,944	14,340,152,223,519	25,154,938,761,216	25,945,969,811,456	22,034,264,555,520	29,685,706,653,696	381,144,173	2,058,529,474	0	0
em-p-ihep51	20260624160117187000000	21	23,042,004,217,856	23,042,541,850,624	14,343,752,626,905	25,154,938,761,216	25,945,969,811,456	22,034,264,555,520	29,685,706,653,696	384,528,808	2,466,435,858	0	0
em-p-ihep51	20260624160127183000000	20	23,042,081,697,792	23,042,387,251,200	14,339,213,969,172	25,154,938,761,216	25,945,969,811,456	22,034,264,555,520	29,685,706,653,696	541,958,092	1,443,183,143	0	0
em-p-ihep51	20260624160137280000000	15	23,042,081,591,296	23,042,324,152,320	14,332,538,583,834	25,154,938,761,216	25,945,969,811,456	22,034,264,555,520	29,685,706,653,696	572,628,397	1,350,919,675	0	0
em-p-ihep51	20260624160147284000000	17	23,042,079,215,616	23,042,319,446,016	14,342,524,336,494	25,154,938,761,216	25,945,969,811,456	22,034,264,555,520	29,685,706,653,696	218,556,366	679,252,206	0	0
em-p-ihep51	20260624160157294000000	16	23,042,081,570,816	23,042,659,274,752	14,344,530,580,018	25,154,938,761,216	25,945,969,811,456	22,034,264,555,520	29,685,706,653,696	867,787,966	2,419,219,705	0	0
em-p-ihep51	20260624160207311000000	19	23,042,083,774,464	23,042,345,213,952	14,343,858,194,329	25,154,938,761,216	25,945,969,811,456	22,034,264,555,520	29,685,706,653,696	659,685,034	1,727,391,147	0	0
em-p-ihep51	20260624160217318000000	13	23,042,083,205,120	23,042,323,804,160	14,338,307,131,418	25,154,938,761,216	25,945,969,811,456	22,034,264,555,520	29,685,706,653,696	442,547,878	2,036,073,059	0	0
em-p-ihep51	20260624160227333000000	13	23,042,083,368,960	23,042,735,902,720	14,340,394,702,984	25,154,938,761,216	25,945,969,811,456	22,034,264,555,520	29,685,706,653,696	619,126,330	2,195,684,544	0	0
em-p-ihep51	20260624160237432000000	12	23,042,817,441,792	23,043,095,576,576	14,347,487,333,319	25,154,938,761,216	25,945,969,811,456	22,034,264,555,520	29,685,706,653,696	648,479,930	2,166,099,447	0	0
em-p-ihep51	20260624160247529000000	16	23,043,553,538,048	23,043,797,118,976	14,338,008,114,359	25,154,938,761,216	25,945,969,811,456	22,034,264,555,520	29,685,706,653,696	515,729,626	1,153,301,081	0	0
em-p-ihep51	20260624160257621000000	12	23,043,552,243,712	23,044,340,285,440	14,339,824,970,862	25,154,938,761,216	25,945,969,811,456	22,034,264,555,520	29,685,706,653,696	254,612,985	779,404,273	0	0
em-p-ihep51	20260624160307706000000	13	23,043,552,407,552	23,043,794,714,624	14,345,578,408,602	25,154,938,761,216	25,945,969,811,456	22,034,264,555,520	29,685,706,653,696	284,055,667	1,049,587,932	0	0
em-p-ihep51	20260624160317780000000	13	23,043,552,301,056	23,043,723,399,168	14,341,329,644,688	25,154,938,761,216	25,945,969,811,456	22,034,264,555,520	29,685,706,653,696	167,620,259	861,925,862	0	0
em-p-ihep51	20260624160327783000000	11	23,043,566,735,360	23,043,785,715,712	14,340,913,521,084	25,154,938,761,216	25,945,969,811,456	22,034,264,555,520	29,685,706,653,696	129,728,265	931,506,097	16,384	0
em-p-ihep51	20260624160337789000000	12	23,044,079,046,656	23,044,649,701,376	14,351,386,483,827	25,154,938,761,216	25,945,969,811,456	22,034,264,555,520	29,685,706,653,696	138,855,015	1,525,408,893	0	0
em-p-ihep51	20260624160347792000000	15	23,042,552,115,200	23,042,724,179,968	14,341,509,186,364	25,154,938,761,216	25,945,969,811,456	22,034,264,555,520	29,685,706,653,696	262,210,353	1,478,912,023	0	0
em-p-ihep51	20260624160357807000000	11	23,042,549,940,224	23,042,721,734,656	14,340,244,312,827	25,154,938,761,216	25,945,969,811,456	22,034,264,555,520	29,685,706,653,696	558,462,385	1,633,481,136	0	0
em-p-ihep51	20260624160407928000000	15	23,044,076,793,856	23,044,255,494,144	14,351,849,984,196	25,154,938,761,216	25,945,969,811,456	22,034,264,555,520	29,685,706,653,696	391,415,764	1,282,232,551	0	0
em-p-ihep51	20260624160417927000000	14	23,043,436,498,944	23,043,572,838,400	14,354,058,098,651	25,154,938,761,216	25,945,969,811,456	22,034,264,555,520	29,685,706,653,696	314,074,265	1,438,559,198	0	0
em-p-ihep51	20260624160428016000000	11	23,046,281,768,960	23,046,461,943,808	14,345,720,284,463	25,154,938,761,216	25,945,969,811,456	22,034,264,555,520	29,685,706,653,696	275,670,070	1,324,435,547	0	0
em-p-ihep51	20260624160438114000000	10	23,047,808,512,000	23,047,984,037,888	14,351,904,837,641	25,154,938,761,216	25,945,969,811,456	22,034,264,555,520	29,685,706,653,696	225,950,550	618,224,816	0	0
em-p-ihep51	20260624160448204000000	15	23,048,343,769,088	23,048,521,232,384	14,349,997,742,296	25,154,938,761,216	25,945,969,811,456	22,034,264,555,520	29,685,706,653,696	228,735,267	1,329,047,699	0	0
em-p-ihep51	20260624160458291000000	14	23,048,345,120,768	23,048,508,047,360	14,352,596,129,529	25,154,938,761,216	25,945,969,811,456	22,034,264,555,520	29,685,706,653,696	540,484,237	1,059,259,830	0	0
em-p-ihep51	20260624160508310000000	16	23,046,820,376,576	23,046,984,335,360	14,356,429,809,370	25,154,938,761,216	25,945,969,811,456	22,034,264,555,520	29,685,706,653,696	394,191,843	956,225,036	0	0
em-p-ihep51	20260624160518402000000	14	23,046,820,806,656	23,047,118,385,152	14,354,196,825,015	25,154,938,761,216	25,945,969,811,456	22,034,264,555,520	29,685,706,653,696	514,906,535	2,455,145,101	0	0
em-p-ihep51	20260624160528524000000	16	23,046,823,104,512	23,046,986,641,408	14,359,176,694,865	25,154,938,761,216	25,945,969,811,456	22,034,264,555,520	29,685,706,653,696	614,984,825	2,438,723,481	0	0
em-p-ihep51	20260624160538605000000	18	23,048,348,979,200	23,048,512,577,536	14,349,478,491,340	25,154,938,761,216	25,945,969,811,456	22,034,264,555,520	29,685,706,653,696	610,016,641	1,539,540,411	0	0
em-p-ihep51	20260624160548613000000	17	23,046,818,512,896	23,047,345,516,544	14,353,565,080,789	25,154,938,761,216	25,945,969,811,456	22,034,264,555,520	29,685,706,653,696	455,843,339	1,636,045,317	0	0
em-p-ihep51	20260624160558626000000	22	23,046,819,098,624	23,047,449,128,960	14,348,898,975,825	25,154,938,761,216	25,945,969,811,456	22,034,264,555,520	29,685,706,653,696	461,025,113	2,016,072,884	0	0
em-p-ihep51	20260624160608634000000	20	23,046,818,570,240	23,047,022,231,552	14,357,836,166,839	25,154,938,761,216	25,945,969,811,456	22,034,264,555,520	29,685,706,653,696	750,168,087	1,424,245,272	32,768	0
em-p-ihep51	20260624160618646000000	27	23,046,818,459,648	23,047,015,596,032	14,357,831,788,521	25,154,938,761,216	25,945,969,811,456	22,034,264,555,520	29,685,706,653,696	655,499,071	1,348,322,682	0	0
em-p-ihep51	20260624160628668000000	23	23,046,816,268,288	23,047,265,263,616	14,353,197,365,533	25,154,938,761,216	25,945,969,811,456	22,034,264,555,520	29,685,706,653,696	1,077,907,703	1,206,488,124	0	0
em-p-ihep51	20260624160638758000000	23	23,046,812,110,848	23,047,502,512,128	14,365,804,936,213	25,154,938,761,216	25,945,969,811,456	22,034,264,555,520	29,685,706,653,696	1,064,744,114	2,263,397,896	0	0
em-p-ihep51	20260624160648763000000	29	23,047,736,406,016	23,047,933,517,824	14,362,239,271,350	25,154,938,761,216	25,945,969,811,456	22,034,264,555,520	29,685,706,653,696	588,991,366	2,748,547,712	0	0
em-p-ihep51	20260624160658765000000	22	23,048,555,110,400	23,049,178,435,584	14,350,739,815,016	25,154,938,761,216	25,945,969,811,456	22,034,264,555,520	29,685,706,653,696	634,342,440	2,132,198,713	36,864	0
em-p-ihep51	20260624160708820000000	18	23,047,033,110,528	23,047,216,345,088	14,371,428,529,733	25,154,938,761,216	25,945,969,811,456	22,034,264,555,520	29,685,706,653,696	711,131,352	1,019,861,263	0	0
em-p-ihep51	20260624160718796000000	24	23,047,038,894,080	23,047,224,799,232	14,336,619,720,689	25,154,938,761,216	25,945,969,811,456	22,034,264,555,520	29,685,706,653,696	368,229,388	1,285,730,699	0	0
em-p-ihep51	20260624160728821000000	17	23,047,039,111,168	23,047,224,926,208	14,330,060,418,079	25,154,938,761,216	25,945,969,811,456	22,034,264,555,520	29,685,706,653,696	637,246,373	859,092,417	0	0
em-p-ihep51	20260624160738920000000	16	23,047,116,005,376	23,047,344,103,424	14,340,033,371,201	25,154,938,761,216	25,945,969,811,456	22,034,264,555,520	29,685,706,653,696	490,591,569	1,121,908,477	0	0
em-p-ihep51	20260624160749021000000	16	23,047,116,718,080	23,047,305,846,784	14,331,697,464,379	25,154,938,761,216	25,945,969,811,456	22,034,264,555,520	29,685,706,653,696	534,087,495	1,984,943,748	4,096	0
em-p-ihep51	20260624160759119000000	20	23,047,118,876,672	23,047,304,634,368	14,337,112,634,868	25,154,938,761,216	25,945,969,811,456	22,034,264,555,520	29,685,706,653,696	463,234,277	1,262,976,871	0	0
em-p-ihep51	20260624160809126000000	19	23,047,117,611,008	23,048,138,579,968	14,345,857,659,794	25,154,938,761,216	25,945,969,811,456	22,034,264,555,520	29,685,706,653,696	506,721,137	2,480,214,114	0	0
em-p-ihep51	20260624160819119000000	20	23,047,117,475,840	23,047,293,349,888	14,329,923,502,929	25,154,938,761,216	25,945,969,811,456	22,034,264,555,520	29,685,706,653,696	415,387,453	1,984,537,933	0	0
em-p-ihep51	20260624160829125000000	17	23,047,119,044,608	23,047,294,394,368	14,330,634,367,198	25,154,938,761,216	25,945,969,811,456	22,034,264,555,520	29,685,706,653,696	505,887,779	1,083,666,552	0	0
em-p-ihep51	20260624160839148000000	16	23,048,643,690,496	23,049,291,149,312	14,328,186,250,321	25,154,938,761,216	25,945,969,811,456	22,034,264,555,520	29,685,706,653,696	491,708,859	899,088,893	32,768	0
em-p-ihep51	20260624160849142000000	18	23,048,344,698,880	23,048,502,718,464	14,332,569,915,777	25,154,938,761,216	25,945,969,811,456	22,034,264,555,520	29,685,706,653,696	385,405,213	1,200,750,680	0	0
em-p-ihep51	20260624160859190000000	17	23,047,118,909,440	23,047,283,007,488	14,324,523,812,332	25,154,938,761,216	25,945,969,811,456	22,034,264,555,520	29,685,706,653,696	294,466,623	1,518,760,008	0	0
em-p-ihep51	20260624160909170000000	22	23,046,178,684,928	23,047,291,867,136	14,344,548,290,367	25,154,938,761,216	25,945,969,811,456	22,034,264,555,520	29,685,706,653,696	608,781,314	2,201,104,980	0	0
em-p-ihep51	20260624160919177000000	19	23,053,086,687,232	23,053,306,576,896	14,336,780,526,113	25,154,938,761,216	25,945,969,811,456	22,034,264,555,520	29,685,706,653,696	607,911,789	1,887,080,702	0	0
em-p-ihep51	20260624160929169000000	18	23,046,180,986,880	23,046,408,151,040	14,326,079,200,630	25,154,938,761,216	25,945,969,811,456	22,034,264,555,520	29,685,706,653,696	504,018,532	940,228,950	0	0
em-p-ihep51	20260624160939277000000	16	23,046,180,220,928	23,046,789,595,136	14,330,016,728,561	25,154,938,761,216	25,945,969,811,456	22,034,264,555,520	29,685,706,653,696	452,775,087	2,413,172,235	0	0
em-p-ihep51	20260624160949270000000	17	23,046,179,262,464	23,046,815,969,280	14,327,259,719,795	25,154,938,761,216	25,945,969,811,456	22,034,264,555,520	29,685,706,653,696	493,680,344	2,754,469,859	0	0
em-p-ihep51	20260624160959364000000	13	23,046,179,262,464	23,046,404,448,256	14,323,612,222,247	25,154,938,761,216	25,945,969,811,456	22,034,264,555,520	29,685,706,653,696	479,454,373	1,194,091,847	16,384	0
em-p-ihep51	20260624161009374000000	28	23,046,190,587,904	23,046,415,273,984	14,358,588,509,856	25,154,938,761,216	25,945,969,811,456	22,034,264,555,520	29,685,706,653,696	886,424,025	3,383,813,645	0	0
em-p-ihep51	20260624161019425000000	30	23,047,267,397,632	23,047,363,084,288	14,356,391,258,534	25,154,938,761,216	25,945,969,811,456	22,034,264,555,520	29,685,706,653,696	710,914,883	1,963,383,708	0	0
em-p-ihep51	20260624161029408000000	23	23,047,845,470,208	23,048,033,722,368	14,346,086,968,894	25,154,938,761,216	25,945,969,811,456	22,034,264,555,520	29,685,706,653,696	852,737,635	2,654,748,830	0	0
em-p-ihep51	20260624161039429000000	30	23,047,853,654,016	23,048,043,905,024	14,343,504,193,534	25,154,938,761,216	25,945,969,811,456	22,034,264,555,520	29,685,706,653,696	670,417,484	2,062,092,144	0	0
em-p-ihep51	20260624161049453000000	20	23,047,850,471,424	23,048,086,274,048	14,331,908,863,683	25,154,938,761,216	25,945,969,811,456	22,034,264,555,520	29,685,706,653,696	314,463,277	1,717,777,330	0	0
em-p-ihep51	20260624161059519000000	19	23,047,848,550,400	23,048,039,657,472	14,332,449,976,028	25,154,938,761,216	25,945,969,811,456	22,034,264,555,520	29,685,706,653,696	514,139,771	1,523,397,863	0	0
em-p-ihep51	20260624161109611000000	18	23,048,857,841,664	23,049,047,785,472	14,338,619,059,591	25,154,938,761,216	25,945,969,811,456	22,034,264,555,520	29,685,706,653,696	435,225,182	2,130,425,365	0	0
em-p-ihep51	20260624161119635000000	23	23,048,858,812,416	23,049,048,879,104	14,338,080,199,643	25,154,938,761,216	25,945,969,811,456	22,034,264,555,520	29,685,706,653,696	406,147,580	2,054,800,994	0	0
em-p-ihep51	20260624161129618000000	25	23,048,859,185,152	23,049,079,623,680	14,335,678,749,577	25,154,938,761,216	25,945,969,811,456	22,034,264,555,520	29,685,706,653,696	299,993,935	1,274,593,957	0	0
em-p-ihep51	20260624161139638000000	23	23,048,860,155,904	23,049,047,158,784	14,331,228,558,769	25,154,938,761,216	25,945,969,811,456	22,034,264,555,520	29,685,706,653,696	261,552,107	1,371,044,644	0	0
em-p-ihep51	20260624161149656000000	20	23,048,868,700,160	23,049,055,932,416	14,329,757,319,499	25,154,938,761,216	25,945,969,811,456	22,034,264,555,520	29,685,706,653,696	410,416,694	1,456,121,285	0	0
em-p-ihep51	20260624161159684000000	18	23,048,866,529,280	23,049,072,525,312	14,337,922,537,384	25,154,938,761,216	25,945,969,811,456	22,034,264,555,520	29,685,706,653,696	368,184,699	1,354,530,816	0	0
em-p-ihep51	20260624161209784000000	24	23,048,864,067,584	23,049,053,155,328	14,343,211,667,134	25,154,938,761,216	25,945,969,811,456	22,034,264,555,520	29,685,706,653,696	705,520,942	1,563,275,548	0	0
em-p-ihep51	20260624161219780000000	21	23,048,865,869,824	23,049,054,519,296	14,332,980,392,696	25,154,938,761,216	25,945,969,811,456	22,034,264,555,520	29,685,706,653,696	300,882,578	1,074,606,063	0	0
em-p-ihep51	20260624161229862000000	20	23,048,864,956,416	23,049,380,290,560	14,331,109,096,819	25,154,938,761,216	25,945,969,811,456	22,034,264,555,520	29,685,706,653,696	511,104,021	2,618,162,344	0	0
em-p-ihep51	20260624161239878000000	16	23,048,866,131,968	23,049,055,428,608	14,330,263,433,795	25,154,938,761,216	25,945,969,811,456	22,034,264,555,520	29,685,706,653,696	348,952,629	2,159,127,935	0	0
em-p-ihep51	20260624161249883000000	19	23,049,581,875,200	23,049,771,872,256	14,331,200,717,516	25,154,938,761,216	25,945,969,811,456	22,034,264,555,520	29,685,706,653,696	645,213,432	1,522,904,053	0	0
em-p-ihep51	20260624161259884000000	12	23,048,056,258,560	23,048,244,269,056	14,327,920,477,173	25,154,938,761,216	25,945,969,811,456	22,034,264,555,520	29,685,706,653,696	454,359,141	980,267,521	0	0
em-p-ihep51	20260624161309887000000	15	23,048,054,964,224	23,048,252,698,624	14,334,364,889,192	25,154,938,761,216	25,945,969,811,456	22,034,264,555,520	29,685,706,653,696	463,506,500	1,078,834,928	0	0
em-p-ihep51	20260624161319921000000	20	23,048,057,016,320	23,048,239,894,528	14,330,034,388,966	25,154,938,761,216	25,945,969,811,456	22,034,264,555,520	29,685,706,653,696	332,136,920	1,083,595,185	0	0
em-p-ihep51	20260624161329916000000	20	23,048,057,180,160	23,048,239,050,752	14,331,328,581,839	25,154,938,761,216	25,945,969,811,456	22,034,264,555,520	29,685,706,653,696	209,040,993	504,003,824	0	0
em-p-ihep51	20260624161340021000000	13	23,048,057,073,664	23,048,241,553,408	14,326,441,004,608	25,154,938,761,216	25,945,969,811,456	22,034,264,555,520	29,685,706,653,696	409,366,228	743,358,610	0	0
em-p-ihep51	20260624161350002000000	12	23,048,057,237,504	23,048,284,164,096	14,327,114,703,071	25,154,938,761,216	25,945,969,811,456	22,034,264,555,520	29,685,706,653,696	497,426,479	1,169,961,689	0	0
em-p-ihep51	20260624161400013000000	14	23,048,058,589,184	23,048,240,381,952	14,331,552,096,703	25,154,938,761,216	25,945,969,811,456	22,034,264,555,520	29,685,706,653,696	290,526,748	1,258,598,534	0	0
em-p-ihep51	20260624161410108000000	14	23,048,237,633,536	23,048,445,636,608	14,340,985,530,499	25,154,938,761,216	25,945,969,811,456	22,034,264,555,520	29,685,706,653,696	444,391,524	1,576,426,612	0	0
em-p-ihep51	20260624161420217000000	12	23,048,237,449,216	23,049,136,087,040	14,326,469,241,782	25,154,938,761,216	25,945,969,811,456	22,034,264,555,520	29,685,706,653,696	373,065,253	1,909,221,568	0	0
em-p-ihep51	20260624161430200000000	15	23,048,237,703,168	23,048,419,430,400	14,332,891,304,844	25,154,938,761,216	25,945,969,811,456	22,034,264,555,520	29,685,706,653,696	656,357,915	1,815,875,451	0	0
em-p-ihep51	20260624161440212000000	15	23,048,237,703,168	23,048,418,365,440	14,329,355,433,041	25,154,938,761,216	25,945,969,811,456	22,034,264,555,520	29,685,706,653,696	330,468,569	864,508,697	0	0
em-p-ihep51	20260624161450293000000	12	23,048,781,783,040	23,048,420,429,824	14,327,800,363,485	25,154,938,761,216	25,945,969,811,456	22,034,264,555,520	29,685,706,653,696	570,566,417	930,592,970	0	0
em-p-ihep51	20260624161500311000000	11	23,048,963,883,008	23,049,140,678,656	14,330,921,145,230	25,154,938,761,216	25,945,969,811,456	22,034,264,555,520	29,685,706,653,696	478,250,283	654,888,801	0	0
em-p-ihep51	20260624161510315000000	17	23,048,967,557,120	23,049,143,898,112	14,341,081,462,861	25,154,938,761,216	25,945,969,811,456	22,034,264,555,520	29,685,706,653,696	382,563,963	1,050,762,569	0	0
em-p-ihep51	20260624161520428000000	16	23,048,972,582,912	23,049,145,126,912	14,339,408,348,307	25,154,938,761,216	25,945,969,811,456	22,034,264,555,520	29,685,706,653,696	685,302,213	2,032,469,908	0	0
em-p-ihep51	20260624161530502000000	18	23,048,971,395,072	23,049,140,989,952	14,334,555,800,606	25,154,938,761,216	25,945,969,811,456	22,034,264,555,520	29,685,706,653,696	197,055,418	1,298,957,823	0	0
em-p-ihep51	20260624161540604000000	19	23,048,976,261,120	23,049,148,203,008	14,335,101,641,411	25,154,938,761,216	25,945,969,811,456	22,034,264,555,520	29,685,706,653,696	534,247,576	1,205,207,835	0	0
em-p-ihep51	20260624161550592000000	15	23,048,975,069,184	23,049,146,863,616	14,328,822,783,754	25,154,938,761,216	25,945,969,811,456	22,034,264,555,520	29,685,706,653,696	942,525,075	1,227,216,934	0	0
em-p-ihep51	20260624161600617000000	18	23,048,975,552,512	23,049,190,633,472	14,333,539,436,353	25,154,938,761,216	25,945,969,811,456	22,034,264,555,520	29,685,706,653,696	618,874,157	1,868,548,815	0	0
em-p-ihep51	20260624161610627000000	18	23,049,092,497,408	23,049,270,444,032	14,341,205,230,438	25,154,938,761,216	25,945,969,811,456	22,034,264,555,520	29,685,706,653,696	675,510,316	1,166,978,302	0	0
em-p-ihep51	20260624161620714000000	18	23,049,088,921,600	23,049,269,645,312	14,326,986,543,086	25,154,938,761,216	25,945,969,811,456	22,034,264,555,520	29,685,706,653,696	941,748,198	1,348,381,132	0	0
em-p-ihep51	20260624161630810000000	14	23,049,087,918,080	23,049,679,147,008	14,333,066,923,493	25,154,938,761,216	25,945,969,811,456	22,034,264,555,520	29,685,706,653,696	468,873,336	878,556,539	0	0
em-p-ihep51	20260624161640904000000	16	23,049,837,772,800	23,049,897,504,768	14,336,654,862,537	25,154,938,761,216	25,945,969,811,456	22,034,264,555,520	29,685,706,653,696	705,634,184	1,456,268,348	0	0
em-p-ihep51	20260624161650989000000	18	23,049,088,397,312	23,049,426,804,736	14,327,429,707,820	25,154,938,761,216	25,945,969,811,456	22,034,264,555,520	29,685,706,653,696	225,539,155	1,330,663,609	0	0
em-p-ihep51	20260624161700982000000	14	23,049,088,421,888	23,049,269,092,352	14,331,341,944,387	25,154,938,761,216	25,945,969,811,456	22,034,264,555,520	29,685,706,653,696	269,870,938	2,266,056,310	0	0
em-p-ihep51	20260624161711072000000	15	23,050,487,517,184	23,050,778,062,848	14,336,121,007,413	25,154,938,761,216	25,945,969,811,456	22,034,264,555,520	29,685,706,653,696	540,115,144	2,224,780,592	0	0
em-p-ihep51	20260624161721193000000	14	23,049,090,953,216	23,049,273,298,944	14,331,074,303,229	25,154,938,761,216	25,945,969,811,456	22,034,264,555,520	29,685,706,653,696	740,308,291	1,344,058,602	0	0
em-p-ihep51	20260624161731263000000	12	23,049,092,743,168	23,049,270,607,872	14,330,826,428,001	25,154,938,761,216	25,945,969,811,456	22,034,264,555,520	29,685,706,653,696	352,212,744	716,137,388	0	0
em-p-ihep51	20260624161741370000000	11	23,049,093,554,176	23,049,745,797,120	14,328,490,815,102	25,154,938,761,216	25,945,969,811,456	22,034,264,555,520	29,685,706,653,696	216,736,627	641,162,183	0	0
em-p-ihep51	20260624161751452000000	14	23,049,094,635,520	23,049,276,067,840	14,329,449,295,185	25,154,938,761,216	25,945,969,811,456	22,034,264,555,520	29,685,706,653,696	328,089,542	708,045,644	0	0
em-p-ihep51	20260624161801547000000	15	23,049,094,529,024	23,049,276,313,600	14,330,878,641,688	25,154,938,761,216	25,945,969,811,456	22,034,264,555,520	29,685,706,653,696	466,434,755	1,269,072,249	0	0
em-p-ihep51	20260624161811640000000	15	23,049,094,737,920	23,049,277,767,680	14,335,344,009,159	25,154,938,761,216	25,945,969,811,456	22,034,264,555,520	29,685,706,653,696	541,735,878	1,320,396,711	0	0
em-p-ihep51	20260624161821739000000	15	23,049,088,483,328	23,049,263,058,944	14,322,411,600,679	25,154,938,761,216	25,945,969,811,456	22,034,264,555,520	29,685,706,653,696	587,724,399	1,407,096,861	0	0
em-p-ihep51	20260624161831728000000	18	23,049,085,345,792	23,049,243,557,888	14,326,925,635,562	25,154,938,761,216	25,945,969,811,456	22,034,264,555,520	29,685,706,653,696	512,043,037	965,381,072	28,672	0
em-p-ihep51	20260624161841829000000	14	23,049,086,349,312	23,049,416,630,272	14,325,405,848,580	25,154,938,761,216	25,945,969,811,456	22,034,264,555,520	29,685,706,653,696	274,821,980	2,282,155,571	0	0
em-p-ihep51	20260624161851940000000	14	23,049,085,296,640	23,049,379,557,376	14,330,513,745,532	25,154,938,761,216	25,945,969,811,456	22,034,264,555,520	29,685,706,653,696	334,270,088	771,962,415	0	0
em-p-ihep51	20260624161901918000000	13	23,049,086,541,824	23,049,244,778,496	14,326,204,831,288	25,154,938,761,216	25,945,969,811,456	22,034,264,555,520	29,685,706,653,696	443,854,382	1,005,203,736	0	0
em-p-ihep51	20260624161911935000000	17	23,049,090,174,976	23,049,246,244,864	14,340,653,865,868	25,154,938,761,216	25,945,969,811,456	22,034,264,555,520	29,685,706,653,696	680,134,580	2,057,020,524	0	0
em-p-ihep51	20260624161922019000000	13	23,047,260,839,936	23,047,415,386,112	14,325,623,987,820	25,154,938,761,216	25,945,969,811,456	22,034,264,555,520	29,685,706,653,696	371,641,223	1,033,615,880	0	0
em-p-ihep51	20260624161932035000000	12	23,047,262,191,616	23,047,500,124,160	14,328,872,439,700	25,154,938,761,216	25,945,969,811,456	22,034,264,555,520	29,685,706,653,696	370,613,322	1,126,591,811	0	0
em-p-ihep51	20260624161942118000000	11	23,047,263,436,800	23,047,493,554,176	14,324,996,624,002	25,154,938,761,216	25,945,969,811,456	22,034,264,555,520	29,685,706,653,696	382,186,125	1,149,218,576	0	0
em-p-ihep51	20260624161952202000000	13	23,048,790,183,936	23,049,035,218,944	14,326,954,196,804	25,154,938,761,216	25,945,969,811,456	22,034,264,555,520	29,685,706,653,696	673,284,016	1,306,195,337	0	0
em-p-ihep51	20260624162002311000000	15	23,047,277,740,032	23,047,522,140,160	14,334,001,065,693	25,154,938,761,216	25,945,969,811,456	22,034,264,555,520	29,685,706,653,696	574,027,080	3,265,734,262	0	0
em-p-ihep51	20260624162012306000000	29	23,049,045,114,880	23,048,953,630,720	14,380,309,689,995	25,154,938,761,216	25,945,969,811,456	22,034,264,555,520	29,685,706,653,696	1,014,400,173	2,008,682,703	0	0
em-p-ihep51	20260624162022416000000	23	23,049,731,301,376	23,050,088,099,840	14,353,088,167,088	25,154,938,761,216	25,945,969,811,456	22,034,264,555,520	29,685,706,653,696	474,956,722	1,974,223,423	0	0
em-p-ihep51	20260624162032457000000	24	23,048,213,008,384	23,048,422,862,848	14,339,514,083,102	25,154,938,761,216	25,945,969,811,456	22,034,264,555,520	29,685,706,653,696	334,800,907	896,160,860	0	0
em-p-ihep51	20260624162042459000000	23	23,048,207,327,232	23,048,386,031,616	14,350,755,897,092	25,154,938,761,216	25,945,969,811,456	22,034,264,555,520	29,685,706,653,696	596,886,884	1,129,616,541	12,288	0
em-p-ihep51	20260624162052540000000	21	23,048,566,968,320	23,048,751,202,304	14,330,768,865,711	25,154,938,761,216	25,945,969,811,456	22,034,264,555,520	29,685,706,653,696	966,029,098	1,483,026,617	0	0
em-p-ihep51	20260624162102563000000	22	23,048,797,433,856	23,049,427,259,392	14,334,860,042,181	25,154,938,761,216	25,945,969,811,456	22,034,264,555,520	29,685,706,653,696	851,471,838	1,618,565,175	0	0
em-p-ihep51	20260624162112649000000	19	23,048,700,776,448	23,048,671,477,760	14,336,955,596,510	25,154,938,761,216	25,945,969,811,456	22,034,264,555,520	29,685,706,653,696	421,643,405	1,732,895,502	0	0
em-p-ihep51	20260624162122654000000	19	23,047,271,972,864	23,047,437,471,744	14,335,543,160,752	25,154,938,761,216	25,945,969,811,456	22,034,264,555,520	29,685,706,653,696	956,474,450	2,709,371,387	0	0
em-p-ihep51	20260624162132679000000	16	23,047,274,061,824	23,047,441,879,040	14,332,381,194,923	25,154,938,761,216	25,945,969,811,456	22,034,264,555,520	29,685,706,653,696	475,501,390	1,588,153,035	0	0
em-p-ihep51	20260624162142689000000	18	23,047,299,325,952	23,047,459,180,544	14,338,735,864,039	25,154,938,761,216	25,945,969,811,456	22,034,264,555,520	29,685,706,653,696	596,234,566	1,084,607,970	0	0
em-p-ihep51	20260624162152748000000	19	23,047,421,788,160	23,047,590,723,584	14,337,822,327,969	25,154,938,761,216	25,945,969,811,456	22,034,264,555,520	29,685,706,653,696	304,584,303	785,827,808	0	0
em-p-ihep51	20260624162202821000000	16	23,047,426,818,048	23,047,659,528,192	14,331,043,619,261	25,154,938,761,216	25,945,969,811,456	22,034,264,555,520	29,685,706,653,696	343,052,257	706,491,381	0	0
em-p-ihep51	20260624162212895000000	15	23,047,426,818,048	23,047,600,762,880	14,334,487,052,210	25,154,938,761,216	25,945,969,811,456	22,034,264,555,520	29,685,706,653,696	407,993,917	619,658,686	0	0
em-p-ihep51	20260624162223021000000	15	23,047,426,711,552	23,047,596,556,288	14,340,749,584,819	25,154,938,761,216	25,945,969,811,456	22,034,264,555,520	29,685,706,653,696	534,216,939	1,385,035,925	0	0
em-p-ihep51	20260624162233014000000	15	23,048,155,181,056	23,048,325,115,904	14,347,116,023,810	25,154,938,761,216	25,945,969,811,456	22,034,264,555,520	29,685,706,653,696	448,436,146	1,364,855,631	0	0
em-p-ihep51	20260624162243098000000	12	23,043,926,642,688	23,044,142,501,888	14,329,164,806,370	25,154,938,761,216	25,945,969,811,456	22,034,264,555,520	29,685,706,653,696	562,678,538	1,155,705,618	0	0
em-p-ihep51	20260624162253112000000	11	23,045,448,749,056	23,045,618,520,064	14,331,528,599,067	25,154,938,761,216	25,945,969,811,456	22,034,264,555,520	29,685,706,653,696	664,965,682	967,734,932	0	0
em-p-ihep51	20260624162303133000000	13	23,043,924,418,560	23,044,094,013,440	14,332,103,947,815	25,154,938,761,216	25,945,969,811,456	22,034,264,555,520	29,685,706,653,696	392,800,087	868,961,141	0	0
em-p-ihep51	20260624162313212000000	13	23,043,929,178,112	23,044,099,076,096	14,326,877,096,096	25,154,938,761,216	25,945,969,811,456	22,034,264,555,520	29,685,706,653,696	316,231,870	944,285,696	0	0
em-p-ihep51	20260624162323217000000	13	23,043,930,259,456	23,044,114,685,952	14,331,951,480,732	25,154,938,761,216	25,945,969,811,456	22,034,264,555,520	29,685,706,653,696	334,992,374	862,931,275	0	0
em-p-ihep51	20260624162333224000000	10	23,043,930,423,296	23,044,084,625,408	14,329,121,505,772	25,154,938,761,216	25,945,969,811,456	22,034,264,555,520	29,685,706,653,696	148,909,293	591,031,354	0	0
em-p-ihep51	20260624162343319000000	9	23,043,930,423,296	23,044,084,867,072	14,327,180,104,544	25,154,938,761,216	25,945,969,811,456	22,034,264,555,520	29,685,706,653,696	164,636,832	796,682,664	0	0
em-p-ihep51	20260624162353324000000	10	23,043,930,316,800	23,044,530,905,088	14,330,092,299,990	25,154,938,761,216	25,945,969,811,456	22,034,264,555,520	29,685,706,653,696	264,791,556	1,211,130,000	0	0
em-p-ihep51	20260624162403354000000	9	23,043,931,561,984	23,044,086,726,656	14,330,325,893,148	25,154,938,761,216	25,945,969,811,456	22,034,264,555,520	29,685,706,653,696	597,458,063	1,554,252,939	0	0
em-p-ihep51	20260624162413333000000	13	23,051,836,162,048	23,051,992,375,296	14,342,724,527,186	25,154,938,761,216	25,945,969,811,456	22,034,264,555,520	29,685,706,653,696	441,374,500	786,116,465	0	0
em-p-ihep51	20260624162423336000000	13	23,053,336,510,464	23,055,860,088,832	14,329,666,444,050	25,154,938,761,216	25,945,969,811,456	22,034,264,555,520	29,685,706,653,696	226,837,917	671,739,932	0	0
em-p-ihep51	20260624162433346000000	12	23,048,556,859,392	23,048,737,837,056	14,328,121,302,248	25,154,938,761,216	25,945,969,811,456	22,034,264,555,520	29,685,706,653,696	497,114,708	780,880,166	0	0
em-p-ihep51	20260624162443346000000	10	23,046,829,445,120	23,046,984,658,944	14,333,218,476,377	25,154,938,761,216	25,945,969,811,456	22,034,264,555,520	29,685,706,653,696	194,829,135	584,351,266	0	0
em-p-ihep51	20260624162453463000000	14	23,043,105,820,672	23,043,287,437,312	14,337,946,590,616	25,154,938,761,216	25,945,969,811,456	22,034,264,555,520	29,685,706,653,696	243,241,670	626,116,159	0	0
em-p-ihep51	20260624162503542000000	12	23,043,111,489,536	23,043,843,211,264	14,326,392,251,793	25,154,938,761,216	25,945,969,811,456	22,034,264,555,520	29,685,706,653,696	403,681,923	837,177,723	0	0
em-p-ihep51	20260624162513559000000	15	23,043,110,506,496	23,043,290,275,840	14,352,245,462,286	25,154,938,761,216	25,945,969,811,456	22,034,264,555,520	29,685,706,653,696	399,927,783	3,406,627,699	0	0
em-p-ihep51	20260624162523670000000	15	23,043,114,557,440	23,043,294,089,216	14,332,840,826,734	25,154,938,761,216	25,945,969,811,456	22,034,264,555,520	29,685,706,653,696	436,034,090	1,533,496,070	0	0
em-p-ihep51	20260624162533677000000	19	23,043,106,983,936	23,043,288,465,408	14,339,833,197,244	25,154,938,761,216	25,945,969,811,456	22,034,264,555,520	29,685,706,653,696	320,821,528	893,371,324	0	0
em-p-ihep51	20260624162543660000000	16	23,043,106,877,440	23,043,359,158,272	14,337,138,531,545	25,154,938,761,216	25,945,969,811,456	22,034,264,555,520	29,685,706,653,696	291,957,986	838,485,836	0	0
em-p-ihep51	20260624162553679000000	14	23,043,097,268,224	23,043,277,881,344	14,331,557,283,649	25,154,938,761,216	25,945,969,811,456	22,034,264,555,520	29,685,706,653,696	392,244,006	775,468,800	0	0
em-p-ihep51	20260624162603757000000	18	23,043,097,432,064	23,043,274,756,096	14,337,560,432,608	25,154,938,761,216	25,945,969,811,456	22,034,264,555,520	29,685,706,653,696	405,265,431	861,855,734	0	0
em-p-ihep51	20260624162613749000000	16	23,046,762,733,568	23,046,945,177,600	14,337,737,099,030	25,154,938,761,216	25,945,969,811,456	22,034,264,555,520	29,685,706,653,696	493,784,037	871,177,039	0	0
em-p-ihep51	20260624162623864000000	16	23,046,762,897,408	23,046,938,107,904	14,334,020,921,303	25,154,938,761,216	25,945,969,811,456	22,034,264,555,520	29,685,706,653,696	557,046,417	847,104,855	0	0
em-p-ihep51	20260624162633902000000	16	23,046,763,868,160	23,046,939,258,880	14,334,212,480,550	25,154,938,761,216	25,945,969,811,456	22,034,264,555,520	29,685,706,653,696	236,048,748	870,400,182	0	0
em-p-ihep51	20260624162643911000000	16	23,046,764,843,008	23,046,967,742,464	14,333,105,797,076	25,154,938,761,216	25,945,969,811,456	22,034,264,555,520	29,685,706,653,696	337,061,901	1,122,201,034	0	0
em-p-ihep51	20260624162653967000000	12	23,046,764,843,008	23,046,938,894,336	14,331,061,515,930	25,154,938,761,216	25,945,969,811,456	22,034,264,555,520	29,685,706,653,696	313,848,264	895,139,497	0	0
em-p-ihep51	20260624162703974000000	15	23,046,765,006,848	23,046,958,518,272	14,331,464,424,449	25,154,938,761,216	25,945,969,811,456	22,034,264,555,520	29,685,706,653,696	547,468,887	687,011,692	0	0
em-p-ihep51	20260624162713969000000	12	23,046,766,358,528	23,046,945,320,960	14,330,409,319,727	25,154,938,761,216	25,945,969,811,456	22,034,264,555,520	29,685,706,653,696	377,804,061	1,132,892,322	0	0
em-p-ihep51	20260624162724076000000	14	23,046,766,252,032	23,046,956,453,888	14,327,831,375,380	25,154,938,761,216	25,945,969,811,456	22,034,264,555,520	29,685,706,653,696	173,406,892	659,395,079	0	0
em-p-ihep51	20260624162734078000000	12	23,046,765,334,528	23,046,947,004,416	14,332,740,185,975	25,154,938,761,216	25,945,969,811,456	22,034,264,555,520	29,685,706,653,696	380,522,099	1,023,372,114	0	0
em-p-ihep51	20260624162744073000000	15	23,046,766,686,208	23,046,958,604,288	14,334,171,178,846	25,154,938,761,216	25,945,969,811,456	22,034,264,555,520	29,685,706,653,696	526,665,406	1,118,711,634	0	0
em-p-ihep51	20260624162754169000000	19	23,046,767,661,056	23,046,968,414,208	14,333,507,748,892	25,154,938,761,216	25,945,969,811,456	22,034,264,555,520	29,685,706,653,696	852,320,955	1,384,326,704	0	0
em-p-ihep51	20260624162804285000000	13	23,046,781,882,368	23,046,968,483,840	14,333,987,366,486	25,154,938,761,216	25,945,969,811,456	22,034,264,555,520	29,685,706,653,696	276,996,592	1,107,886,574	0	0
em-p-ihep51	20260624162814278000000	15	23,046,781,018,112	23,046,973,353,984	14,331,879,638,294	25,154,938,761,216	25,945,969,811,456	22,034,264,555,520	29,685,706,653,696	619,578,636	1,328,996,854	0	0
em-p-ihep51	20260624162824390000000	12	23,046,780,911,616	23,046,967,160,832	14,331,436,018,641	25,154,938,761,216	25,945,969,811,456	22,034,264,555,520	29,685,706,653,696	533,452,880	887,391,953	0	0
em-p-ihep51	20260624162834404000000	14	23,046,781,075,456	23,046,975,893,504	14,325,896,851,064	25,154,938,761,216	25,945,969,811,456	22,034,264,555,520	29,685,706,653,696	352,073,013	848,781,525	0	0
em-p-ihep51	20260624162844429000000	15	23,046,780,968,960	23,046,954,262,528	14,339,879,285,469	25,154,938,761,216	25,945,969,811,456	22,034,264,555,520	29,685,706,653,696	347,797,321	712,879,641	0	0
em-p-ihep51	20260624162854409000000	14	23,046,780,862,464	23,046,954,303,488	14,337,613,470,125	25,154,938,761,216	25,945,969,811,456	22,034,264,555,520	29,685,706,653,696	214,097,566	669,042,371	0	0
em-p-ihep51	20260624162904407000000	13	23,046,773,735,424	23,046,950,268,928	14,333,872,423,564	25,154,938,761,216	25,945,969,811,456	22,034,264,555,520	29,685,706,653,696	957,762,511	1,618,289,379	0	0
em-p-ihep51	20260624162914407000000	14	23,050,619,940,864	23,050,840,895,488	14,342,765,373,832	25,154,938,761,216	25,945,969,811,456	22,034,264,555,520	29,685,706,653,696	283,000,740	1,667,888,615	0	0
em-p-ihep51	20260624162924426000000	18	23,047,317,020,672	23,047,492,509,696	14,335,576,593,331	25,154,938,761,216	25,945,969,811,456	22,034,264,555,520	29,685,706,653,696	646,966,147	1,331,313,844	0	0
em-p-ihep51	20260624162934516000000	16	23,043,941,920,768	23,044,228,657,152	14,330,816,762,398	25,154,938,761,216	25,945,969,811,456	22,034,264,555,520	29,685,706,653,696	686,500,035	2,052,952,259	0	0
em-p-ihep51	20260624162944624000000	12	23,044,228,235,264	23,044,989,923,328	14,332,735,878,782	25,154,938,761,216	25,945,969,811,456	22,034,264,555,520	29,685,706,653,696	665,115,149	1,621,492,411	0	0
em-p-ihep51	20260624162954613000000	13	23,044,221,005,824	23,044,500,357,120	14,332,823,171,514	25,154,938,761,216	25,945,969,811,456	22,034,264,555,520	29,685,706,653,696	195,322,223	713,996,295	0	0
em-p-ihep51	20260624163004723000000	19	23,044,218,011,648	23,044,442,476,544	14,341,405,644,484	25,154,938,761,216	25,945,969,811,456	22,034,264,555,520	29,685,706,653,696	579,186,968	2,080,745,465	0	0
em-p-ihep51	20260624163014749000000	26	23,044,218,490,880	23,044,438,310,912	14,355,765,213,384	25,154,938,761,216	25,945,969,811,456	22,034,264,555,520	29,685,706,653,696	863,094,413	2,015,579,253	0	0
em-p-ihep51	20260624163024733000000	21	23,044,223,520,768	23,044,425,940,992	14,342,410,712,983	25,154,938,761,216	25,945,969,811,456	22,034,264,555,520	29,685,706,653,696	970,718,366	1,247,392,612	0	0
em-p-ihep51	20260624163034743000000	20	23,044,224,487,424	23,044,427,689,984	14,339,366,890,660	25,154,938,761,216	25,945,969,811,456	22,034,264,555,520	29,685,706,653,696	375,619,839	916,047,766	0	0
em-p-ihep51	20260624163044750000000	18	23,044,247,879,680	23,044,451,938,304	14,335,296,495,098	25,154,938,761,216	25,945,969,811,456	22,034,264,555,520	29,685,706,653,696	928,268,309	1,208,416,722	0	0
em-p-ihep51	20260624163054852000000	19	23,044,243,623,936	23,044,893,290,496	14,335,324,557,662	25,154,938,761,216	25,945,969,811,456	22,034,264,555,520	29,685,706,653,696	657,423,658	1,224,766,332	0	0
em-p-ihep51	20260624163104863000000	25	23,044,249,845,760	23,044,542,861,312	14,340,117,843,834	25,154,938,761,216	25,945,969,811,456	22,034,264,555,520	29,685,706,653,696	601,475,745	1,220,748,884	0	0
em-p-ihep51	20260624163114888000000	28	23,044,387,848,192	23,044,741,939,200	14,338,073,933,776	25,154,938,761,216	25,945,969,811,456	22,034,264,555,520	29,685,706,653,696	814,222,701	3,073,024,833	0	0
em-p-ihep51	20260624163124896000000	25	23,044,387,815,424	23,044,723,490,816	14,337,043,622,196	25,154,938,761,216	25,945,969,811,456	22,034,264,555,520	29,685,706,653,696	527,943,576	1,609,163,975	16,384	0
em-p-ihep51	20260624163134898000000	27	23,044,391,772,160	23,044,589,850,624	14,339,047,149,006	25,154,938,761,216	25,945,969,811,456	22,034,264,555,520	29,685,706,653,696	573,955,458	1,398,429,566	0	0
em-p-ihep51	20260624163144934000000	24	23,044,381,790,208	23,044,581,900,288	14,344,298,226,281	25,154,938,761,216	25,945,969,811,456	22,034,264,555,520	29,685,706,653,696	696,086,766	1,114,894,315	0	0
em-p-ihep51	20260624163154915000000	25	23,044,378,935,296	23,045,069,176,832	14,335,207,686,785	25,154,938,761,216	25,945,969,811,456	22,034,264,555,520	29,685,706,653,696	396,407,709	1,057,238,131	0	0
em-p-ihep51	20260624163204945000000	19	23,042,850,775,040	23,043,048,230,912	14,336,854,098,154	25,154,938,761,216	25,945,969,811,456	22,034,264,555,520	29,685,706,653,696	529,560,113	780,382,427	0	0
em-p-ihep51	20260624163215016000000	17	23,042,850,156,544	23,043,051,061,248	14,332,775,275,919	25,154,938,761,216	25,945,969,811,456	22,034,264,555,520	29,685,706,653,696	514,762,799	886,636,446	0	0
em-p-ihep51	20260624163225108000000	12	23,042,849,832,960	23,043,048,771,584	14,333,530,569,458	25,154,938,761,216	25,945,969,811,456	22,034,264,555,520	29,685,706,653,696	639,006,612	1,596,775,698	0	0
em-p-ihep51	20260624163235191000000	17	23,042,851,008,512	23,043,406,172,160	14,334,259,555,999	25,154,938,761,216	25,945,969,811,456	22,034,264,555,520	29,685,706,653,696	482,870,318	1,858,922,217	0	0
em-p-ihep51	20260624163245206000000	16	23,042,849,112,064	23,043,044,872,192	14,331,168,773,721	25,154,938,761,216	25,945,969,811,456	22,034,264,555,520	29,685,706,653,696	460,679,684	1,598,320,085	0	0
em-p-ihep51	20260624163255201000000	14	23,042,850,193,408	23,043,046,150,144	14,333,390,691,988	25,154,938,761,216	25,945,969,811,456	22,034,264,555,520	29,685,706,653,696	416,983,453	1,137,265,677	0	0
em-p-ihep51	20260624163305295000000	15	23,042,850,357,248	23,043,074,473,984	14,334,244,039,417	25,154,938,761,216	25,945,969,811,456	22,034,264,555,520	29,685,706,653,696	369,702,538	1,065,289,931	0	0
em-p-ihep51	20260624163315421000000	13	23,042,851,467,264	23,043,050,414,080	14,328,831,342,758	25,154,938,761,216	25,945,969,811,456	22,034,264,555,520	29,685,706,653,696	777,624,085	1,476,776,523	0	0
em-p-ihep51	20260624163325490000000	13	23,042,851,360,768	23,043,051,151,360	14,334,476,840,396	25,154,938,761,216	25,945,969,811,456	22,034,264,555,520	29,685,706,653,696	554,094,719	1,214,843,775	16,384	0
em-p-ihep51	20260624163335513000000	16	23,042,853,081,088	23,043,074,101,248	14,331,074,400,901	25,154,938,761,216	25,945,969,811,456	22,034,264,555,520	29,685,706,653,696	275,985,738	807,666,536	0	0
em-p-ihep51	20260624163345534000000	18	23,042,852,057,088	23,043,053,891,584	14,337,680,159,523	25,154,938,761,216	25,945,969,811,456	22,034,264,555,520	29,685,706,653,696	526,169,562	979,084,971	0	0
em-p-ihep51	20260624163355629000000	14	23,042,852,057,088	23,043,053,903,872	14,333,598,218,450	25,154,938,761,216	25,945,969,811,456	22,034,264,555,520	29,685,706,653,696	452,037,937	764,299,403	0	0
em-p-ihep51	20260624163405644000000	18	23,042,854,215,680	23,043,053,694,976	14,334,399,703,822	25,154,938,761,216	25,945,969,811,456	22,034,264,555,520	29,685,706,653,696	433,737,962	1,196,900,627	0	0
em-p-ihep51	20260624163415636000000	17	23,049,754,546,176	23,050,435,436,544	14,342,594,049,255	25,154,938,761,216	25,945,969,811,456	22,034,264,555,520	29,685,706,653,696	477,484,816	1,617,981,498	0	0
em-p-ihep51	20260624163425658000000	20	23,042,151,141,376	23,042,420,875,264	14,336,213,792,193	25,154,938,761,216	25,945,969,811,456	22,034,264,555,520	29,685,706,653,696	312,951,091	2,244,501,896	0	0
em-p-ihep51	20260624163435755000000	16	23,042,152,153,088	23,042,338,119,680	14,335,389,957,702	25,154,938,761,216	25,945,969,811,456	22,034,264,555,520	29,685,706,653,696	713,509,928	1,929,410,047	0	0
em-p-ihep51	20260624163445880000000	15	23,042,149,834,752	23,042,340,130,816	14,333,624,885,457	25,154,938,761,216	25,945,969,811,456	22,034,264,555,520	29,685,706,653,696	624,783,905	970,243,299	0	0
em-p-ihep51	20260624163455928000000	17	23,042,150,916,096	23,042,336,972,800	14,336,682,013,235	25,154,938,761,216	25,945,969,811,456	22,034,264,555,520	29,685,706,653,696	331,969,908	716,953,333	0	0
em-p-ihep51	20260624163505958000000	18	23,042,145,169,408	23,042,328,604,672	14,336,772,602,237	25,154,938,761,216	25,945,969,811,456	22,034,264,555,520	29,685,706,653,696	347,446,837	940,403,797	0	0
em-p-ihep51	20260624163515972000000	23	23,042,151,182,336	23,042,497,953,792	14,344,657,937,677	25,154,938,761,216	25,945,969,811,456	22,034,264,555,520	29,685,706,653,696	631,884,833	2,095,350,863	0	0
em-p-ihep51	20260624163525990000000	20	23,042,152,333,312	23,042,337,460,224	14,338,550,414,034	25,154,938,761,216	25,945,969,811,456	22,034,264,555,520	29,685,706,653,696	746,048,910	1,721,036,257	0	0
em-p-ihep51	20260624163535993000000	21	23,042,154,659,840	23,042,339,938,304	14,346,137,361,733	25,154,938,761,216	25,945,969,811,456	22,034,264,555,520	29,685,706,653,696	375,895,630	684,581,315	0	0
em-p-ihep51	20260624163546091000000	23	23,042,152,742,912	23,042,327,154,688	14,334,720,854,451	25,154,938,761,216	25,945,969,811,456	22,034,264,555,520	29,685,706,653,696	699,031,774	1,328,967,594	0	0
em-p-ihep51	20260624163556186000000	18	23,042,149,462,016	23,042,346,749,952	14,340,248,041,432	25,154,938,761,216	25,945,969,811,456	22,034,264,555,520	29,685,706,653,696	696,980,935	1,322,349,284	0	0
em-p-ihep51	20260624163606282000000	15	23,042,151,895,040	23,042,334,457,856	14,337,935,850,938	25,154,938,761,216	25,945,969,811,456	22,034,264,555,520	29,685,706,653,696	669,322,832	1,328,037,070	0	0
em-p-ihep51	20260624163616362000000	16	23,042,157,064,192	23,042,338,897,920	14,341,842,320,142	25,154,938,761,216	25,945,969,811,456	22,034,264,555,520	29,685,706,653,696	390,412,173	1,191,243,026	0	0
em-p-ihep51	20260624163626370000000	15	23,042,157,228,032	23,042,628,935,680	14,329,742,384,617	25,154,938,761,216	25,945,969,811,456	22,034,264,555,520	29,685,706,653,696	516,622,340	611,824,398	0	0
em-p-ihep51	20260624163636378000000	11	23,042,155,962,368	23,042,786,213,888	14,343,035,062,354	25,154,938,761,216	25,945,969,811,456	22,034,264,555,520	29,685,706,653,696	422,054,354	1,634,996,282	0	0
em-p-ihep51	20260624163646391000000	17	23,042,157,121,536	23,042,332,606,464	14,335,990,358,568	25,154,938,761,216	25,945,969,811,456	22,034,264,555,520	29,685,706,653,696	441,460,069	1,810,628,617	0	0
em-p-ihep51	20260624163656387000000	11	23,042,157,285,376	23,042,305,961,984	14,328,591,686,355	25,154,938,761,216	25,945,969,811,456	22,034,264,555,520	29,685,706,653,696	235,116,509	532,892,896	0	0
em-p-ihep51	20260624163706494000000	10	23,042,156,150,784	23,042,327,838,720	14,343,469,119,651	25,154,938,761,216	25,945,969,811,456	22,034,264,555,520	29,685,706,653,696	539,618,777	955,313,442	0	0
em-p-ihep51	20260624163716484000000	12	23,042,156,044,288	23,042,315,681,792	14,334,882,470,804	25,154,938,761,216	25,945,969,811,456	22,034,264,555,520	29,685,706,653,696	343,097,028	1,995,440,078	0	0
em-p-ihep51	20260624163726585000000	11	23,042,156,044,288	23,042,314,768,384	14,333,902,766,331	25,154,938,761,216	25,945,969,811,456	22,034,264,555,520	29,685,706,653,696	693,371,110	1,305,289,054	0	0
em-p-ihep51	20260624163736695000000	9	23,042,893,955,072	23,043,263,668,224	14,334,788,329,386	25,154,938,761,216	25,945,969,811,456	22,034,264,555,520	29,685,706,653,696	427,273,973	618,475,506	0	0
em-p-ihep51	20260624163746767000000	11	23,042,165,026,816	23,042,328,145,920	14,332,807,042,225	25,154,938,761,216	25,945,969,811,456	22,034,264,555,520	29,685,706,653,696	194,776,411	684,142,371	0	0
em-p-ihep51	20260624163756864000000	9	23,042,165,026,816	23,042,326,638,592	14,333,453,173,951	25,154,938,761,216	25,945,969,811,456	22,034,264,555,520	29,685,706,653,696	248,021,829	577,377,929	0	0
em-p-ihep51	20260624163806958000000	8	23,042,165,190,656	23,042,326,761,472	14,335,758,843,496	25,154,938,761,216	25,945,969,811,456	22,034,264,555,520	29,685,706,653,696	294,756,488	918,154,023	0	0
em-p-ihep51	20260624163817074000000	9	23,042,165,084,160	23,042,351,890,432	14,329,843,661,020	25,154,938,761,216	25,945,969,811,456	22,034,264,555,520	29,685,706,653,696	525,005,200	997,396,051	0	0
em-p-ihep51	20260624163827155000000	12	23,042,164,977,664	23,042,330,456,064	14,332,522,542,385	25,154,938,761,216	25,945,969,811,456	22,034,264,555,520	29,685,706,653,696	176,982,649	677,007,437	0	0
em-p-ihep51	20260624163837155000000	7	23,042,165,141,504	23,042,330,005,504	14,333,204,939,550	25,154,938,761,216	25,945,969,811,456	22,034,264,555,520	29,685,706,653,696	341,484,746	1,019,148,624	0	0
em-p-ihep51	20260624163847153000000	12	23,042,165,035,008	23,042,779,865,088	14,328,570,490,980	25,154,938,761,216	25,945,969,811,456	22,034,264,555,520	29,685,706,653,696	172,934,566	1,055,428,561	0	0
em-p-ihep51	20260624163857245000000	7	23,042,165,198,848	23,042,350,510,080	14,335,747,509,227	25,154,938,761,216	25,945,969,811,456	22,034,264,555,520	29,685,706,653,696	212,610,928	486,178,550	0	0
em-p-ihep51	20260624163907385000000	11	23,042,775,195,648	23,043,346,620,416	14,342,677,501,529	25,154,938,761,216	25,945,969,811,456	22,034,264,555,520	29,685,706,653,696	200,944,914	1,271,953,084	0	0
em-p-ihep51	20260624163917453000000	19	23,050,702,004,224	23,050,901,643,264	14,349,985,095,062	25,154,938,761,216	25,945,969,811,456	22,034,264,555,520	29,685,706,653,696	530,492,214	1,568,121,536	0	0
em-p-ihep51	20260624163927554000000	18	23,050,348,892,160	23,050,543,935,488	14,335,380,280,214	25,154,938,761,216	25,945,969,811,456	22,034,264,555,520	29,685,706,653,696	445,741,206	1,125,045,587	0	0
em-p-ihep51	20260624163937641000000	14	23,049,558,585,344	23,049,745,309,696	14,333,554,560,140	25,154,938,761,216	25,945,969,811,456	22,034,264,555,520	29,685,706,653,696	622,801,922	1,202,636,979	0	0
em-p-ihep51	20260624163947720000000	17	23,050,296,061,952	23,050,574,417,920	14,332,018,473,034	25,154,938,761,216	25,945,969,811,456	22,034,264,555,520	29,685,706,653,696	665,068,740	1,177,031,983	0	0
em-p-ihep51	20260624163957722000000	10	23,051,086,700,544	23,051,383,283,712	14,332,803,388,519	25,154,938,761,216	25,945,969,811,456	22,034,264,555,520	29,685,706,653,696	359,634,981	1,295,575,798	0	0
em-p-ihep51	20260624164007751000000	20	23,050,688,376,832	23,050,766,966,784	14,371,819,235,567	25,154,938,761,216	25,945,969,811,456	22,034,264,555,520	29,685,706,653,696	822,863,074	2,300,028,337	0	0
em-p-ihep51	20260624164017773000000	24	23,050,350,546,944	23,051,429,359,616	14,373,386,474,453	25,154,938,761,216	25,945,969,811,456	22,034,264,555,520	29,685,706,653,696	474,512,510	2,215,629,553	0	0
em-p-ihep51	20260624164027772000000	20	23,049,294,700,544	23,049,468,436,480	14,345,181,288,543	25,154,938,761,216	25,945,969,811,456	22,034,264,555,520	29,685,706,653,696	267,129,850	1,167,122,548	0	0
em-p-ihep51	20260624164037871000000	17	23,049,351,254,016	23,049,531,236,352	14,347,224,683,891	25,154,938,761,216	25,945,969,811,456	22,034,264,555,520	29,685,706,653,696	207,066,252	621,592,405	0	0
em-p-ihep51	20260624164047957000000	14	23,049,349,955,584	23,049,529,233,408	14,335,164,585,558	25,154,938,761,216	25,945,969,811,456	22,034,264,555,520	29,685,706,653,696	349,450,226	978,449,458	0	0
em-p-ihep51	20260624164058066000000	13	23,049,353,195,520	23,049,573,679,104	14,333,527,172,911	25,154,938,761,216	25,945,969,811,456	22,034,264,555,520	29,685,706,653,696	275,321,296	729,508,056	0	0
em-p-ihep51	20260624164108063000000	16	23,049,345,966,080	23,049,523,793,920	14,342,400,747,164	25,154,938,761,216	25,945,969,811,456	22,034,264,555,520	29,685,706,653,696	626,531,440	955,355,004	0	0
em-p-ihep51	20260624164118071000000	16	23,050,256,306,176	23,049,794,658,304	14,343,665,085,493	25,154,938,761,216	25,945,969,811,456	22,034,264,555,520	29,685,706,653,696	534,464,676	1,017,077,531	0	0
em-p-ihep51	20260624164128169000000	13	23,050,638,290,944	23,050,817,347,584	14,331,075,707,553	25,154,938,761,216	25,945,969,811,456	22,034,264,555,520	29,685,706,653,696	303,954,248	1,957,781,013	0	0
em-p-ihep51	20260624164138260000000	14	23,050,642,853,888	23,051,321,331,712	14,340,160,206,385	25,154,938,761,216	25,945,969,811,456	22,034,264,555,520	29,685,706,653,696	443,043,849	1,217,162,186	0	0
em-p-ihep51	20260624164148364000000	16	23,050,641,666,048	23,050,820,878,336	14,337,803,878,088	25,154,938,761,216	25,945,969,811,456	22,034,264,555,520	29,685,706,653,696	251,421,223	685,176,599	0	0
em-p-ihep51	20260624164158359000000	18	23,050,643,017,728	23,050,813,370,368	14,339,939,755,766	25,154,938,761,216	25,945,969,811,456	22,034,264,555,520	29,685,706,653,696	701,097,360	1,117,502,446	0	0
em-p-ihep51	20260624164208446000000	16	23,050,644,262,912	23,050,830,364,672	14,342,504,925,687	25,154,938,761,216	25,945,969,811,456	22,034,264,555,520	29,685,706,653,696	432,758,806	757,233,944	0	0
em-p-ihep51	20260624164218537000000	15	23,050,992,017,408	23,051,031,408,640	14,339,146,199,470	25,154,938,761,216	25,945,969,811,456	22,034,264,555,520	29,685,706,653,696	238,467,987	652,509,463	0	0
em-p-ihep51	20260624164228545000000	12	23,052,171,223,040	23,052,328,931,328	14,330,185,177,080	25,154,938,761,216	25,945,969,811,456	22,034,264,555,520	29,685,706,653,696	438,603,936	1,197,431,338	0	0
em-p-ihep51	20260624164238647000000	7	23,050,640,654,336	23,050,811,289,600	14,336,198,547,795	25,154,938,761,216	25,945,969,811,456	22,034,264,555,520	29,685,706,653,696	276,817,186	910,999,053	0	0
em-p-ihep51	20260624164248658000000	11	23,051,092,566,016	23,051,192,373,248	14,333,458,943,990	25,154,938,761,216	25,945,969,811,456	22,034,264,555,520	29,685,706,653,696	293,298,744	1,678,029,784	0	0
em-p-ihep51	20260624164258745000000	11	23,052,165,423,104	23,052,324,872,192	14,330,774,117,236	25,154,938,761,216	25,945,969,811,456	22,034,264,555,520	29,685,706,653,696	500,215,727	1,454,885,346	0	0
em-p-ihep51	20260624164308823000000	11	23,050,639,962,112	23,050,794,491,904	14,344,447,731,271	25,154,938,761,216	25,945,969,811,456	22,034,264,555,520	29,685,706,653,696	326,510,562	1,041,622,526	0	0
em-p-ihep51	20260624164318825000000	12	23,050,638,684,160	23,050,795,954,176	14,334,190,500,671	25,154,938,761,216	25,945,969,811,456	22,034,264,555,520	29,685,706,653,696	315,425,284	1,459,276,272	0	0
em-p-ihep51	20260624164328833000000	7	23,050,640,736,256	23,050,793,758,720	14,334,396,689,678	25,154,938,761,216	25,945,969,811,456	22,034,264,555,520	29,685,706,653,696	465,279,893	1,537,722,414	0	0
em-p-ihep51	20260624164338867000000	9	23,050,638,741,504	23,050,794,856,448	14,335,188,208,800	25,154,938,761,216	25,945,969,811,456	22,034,264,555,520	29,685,706,653,696	479,159,033	1,117,788,051	0	0
em-p-ihep51	20260624164348883000000	13	23,051,568,320,512	23,051,409,735,680	14,338,048,563,158	25,154,938,761,216	25,945,969,811,456	22,034,264,555,520	29,685,706,653,696	820,093,435	1,186,774,300	0	0
em-p-ihep51	20260624164358973000000	9	23,050,633,879,552	23,050,858,647,552	14,331,967,351,123	25,154,938,761,216	25,945,969,811,456	22,034,264,555,520	29,685,706,653,696	221,457,607	642,297,267	0	0
em-p-ihep51	20260624164409056000000	9	23,050,635,231,232	23,050,829,598,720	14,342,390,772,073	25,154,938,761,216	25,945,969,811,456	22,034,264,555,520	29,685,706,653,696	600,047,684	1,390,400,737	0	0
em-p-ihep51	20260624164419086000000	12	23,050,490,535,936	23,049,961,160,704	14,350,770,578,674	25,154,938,761,216	25,945,969,811,456	22,034,264,555,520	29,685,706,653,696	266,405,945	1,258,041,560	0	0
em-p-ihep51	20260624164429166000000	10	23,047,420,612,608	23,050,282,213,376	14,335,676,564,279	25,154,938,761,216	25,945,969,811,456	22,034,264,555,520	29,685,706,653,696	394,195,283	1,067,335,782	0	0
em-p-ihep51	20260624164439179000000	11	23,047,723,548,672	23,047,906,492,416	14,334,547,629,192	25,154,938,761,216	25,945,969,811,456	22,034,264,555,520	29,685,706,653,696	316,138,764	711,379,264	0	0
em-p-ihep51	20260624164449263000000	9	23,049,250,676,736	23,049,429,577,728	14,335,004,465,857	25,154,938,761,216	25,945,969,811,456	22,034,264,555,520	29,685,706,653,696	289,251,155	671,040,172	0	0
em-p-ihep51	20260624164459357000000	13	23,047,724,793,856	23,049,429,819,392	14,335,931,645,429	25,154,938,761,216	25,945,969,811,456	22,034,264,555,520	29,685,706,653,696	305,967,314	376,207,552	0	0
em-p-ihep51	20260624164509445000000	15	23,047,725,060,096	23,047,929,683,968	14,347,691,420,460	25,154,938,761,216	25,945,969,811,456	22,034,264,555,520	29,685,706,653,696	457,610,181	836,006,310	0	0
em-p-ihep51	20260624164519545000000	15	23,047,724,072,960	23,048,210,808,832	14,341,595,543,833	25,154,938,761,216	25,945,969,811,456	22,034,264,555,520	29,685,706,653,696	345,976,779	2,308,868,668	0	0
em-p-ihep51	20260624164529634000000	12	23,046,668,451,840	23,047,971,827,712	14,340,786,479,087	25,154,938,761,216	25,945,969,811,456	22,034,264,555,520	29,685,706,653,696	290,536,896	1,496,342,290	4,096	0
em-p-ihep51	20260624164539755000000	15	23,048,084,680,704	23,048,674,697,216	14,335,570,643,050	25,154,938,761,216	25,945,969,811,456	22,034,264,555,520	29,685,706,653,696	165,544,215	1,091,280,903	12,288	0
em-p-ihep51	20260624164549796000000	13	23,048,346,120,192	23,048,527,712,256	14,334,967,702,321	25,154,938,761,216	25,945,969,811,456	22,034,264,555,520	29,685,706,653,696	304,527,443	1,262,822,530	0	0
em-p-ihep51	20260624164559924000000	16	23,047,668,817,920	23,047,566,794,752	14,340,903,381,098	25,154,938,761,216	25,945,969,811,456	22,034,264,555,520	29,685,706,653,696	434,537,428	719,001,378	0	0
em-p-ihep51	20260624164610000000000	18	23,047,456,223,232	23,048,806,526,976	14,339,797,074,652	25,154,938,761,216	25,945,969,811,456	22,034,264,555,520	29,685,706,653,696	556,218,055	744,766,299	0	0
em-p-ihep51	20260624164620000000000	20	23,047,558,029,312	23,047,732,834,304	14,338,860,725,052	25,154,938,761,216	25,945,969,811,456	22,034,264,555,520	29,685,706,653,696	187,817,095	628,582,792	0	0
em-p-ihep51	20260624164630013000000	15	23,047,917,805,568	23,047,900,540,928	14,337,906,546,161	25,154,938,761,216	25,945,969,811,456	22,034,264,555,520	29,685,706,653,696	365,566,812	441,485,902	0	0
em-p-ihep51	20260624164640030000000	14	23,048,078,397,440	23,048,521,265,152	14,334,752,478,658	25,154,938,761,216	25,945,969,811,456	22,034,264,555,520	29,685,706,653,696	207,842,392	435,036,625	0	0
em-p-ihep51	20260624164650040000000	13	23,046,819,864,576	23,047,333,539,840	14,334,143,404,933	25,154,938,761,216	25,945,969,811,456	22,034,264,555,520	29,685,706,653,696	234,464,934	793,583,224	0	0
em-p-ihep51	20260624164700037000000	11	23,046,820,945,920	23,046,996,467,712	14,333,605,840,256	25,154,938,761,216	25,945,969,811,456	22,034,264,555,520	29,685,706,653,696	339,058,880	1,557,045,452	0	0
em-p-ihep51	20260624164710052000000	10	23,047,557,955,584	23,047,902,183,424	14,336,694,867,192	25,154,938,761,216	25,945,969,811,456	22,034,264,555,520	29,685,706,653,696	170,035,542	1,874,585,429	0	0
em-p-ihep51	20260624164720059000000	12	23,048,347,598,848	23,048,528,736,256	14,334,117,245,485	25,154,938,761,216	25,945,969,811,456	22,034,264,555,520	29,685,706,653,696	458,470,055	1,355,803,635	0	0
em-p-ihep51	20260624164730167000000	9	23,048,347,623,424	23,048,543,453,184	14,336,265,112,564	25,154,938,761,216	25,945,969,811,456	22,034,264,555,520	29,685,706,653,696	371,322,410	816,941,880	114,688	0
em-p-ihep51	20260624164740187000000	10	23,048,347,623,424	23,048,533,774,336	14,332,216,123,528	25,154,938,761,216	25,945,969,811,456	22,034,264,555,520	29,685,706,653,696	235,042,440	924,993,735	0	0
em-p-ihep51	20260624164750275000000	11	23,048,345,628,672	23,048,531,922,944	14,335,272,833,124	25,154,938,761,216	25,945,969,811,456	22,034,264,555,520	29,685,706,653,696	309,875,398	875,360,905	0	0
em-p-ihep51	20260624164800376000000	14	23,046,819,848,192	23,047,472,787,456	14,338,105,879,621	25,154,938,761,216	25,945,969,811,456	22,034,264,555,520	29,685,706,653,696	381,744,150	663,930,666	0	0
em-p-ihep51	20260624164810383000000	14	23,046,822,817,792	23,047,009,169,408	14,344,833,609,904	25,154,938,761,216	25,945,969,811,456	22,034,264,555,520	29,685,706,653,696	184,266,081	592,559,836	0	0
em-p-ihep51	20260624164820383000000	11	23,046,821,629,952	23,047,014,453,248	14,333,014,618,688	25,154,938,761,216	25,945,969,811,456	22,034,264,555,520	29,685,706,653,696	137,228,036	1,151,689,265	0	0
em-p-ihep51	20260624164830480000000	9	23,046,823,788,544	23,047,019,962,368	14,333,982,575,899	25,154,938,761,216	25,945,969,811,456	22,034,264,555,520	29,685,706,653,696	145,098,008	1,471,668,001	0	0
em-p-ihep51	20260624164840590000000	10	23,046,822,604,800	23,047,060,652,032	14,333,476,224,397	25,154,938,761,216	25,945,969,811,456	22,034,264,555,520	29,685,706,653,696	266,010,799	1,259,362,732	0	0
em-p-ihep51	20260624164850574000000	10	23,048,348,377,088	23,048,585,297,920	14,332,477,865,954	25,154,938,761,216	25,945,969,811,456	22,034,264,555,520	29,685,706,653,696	390,134,376	1,078,509,863	0	0
em-p-ihep51	20260624164900600000000	8	23,048,347,189,248	23,048,578,695,168	14,334,362,997,723	25,154,938,761,216	25,945,969,811,456	22,034,264,555,520	29,685,706,653,696	332,665,437	1,068,175,468	0	0
em-p-ihep51	20260624164910723000000	13	23,049,772,036,096	23,049,973,518,336	14,348,940,974,068	25,154,938,761,216	25,945,969,811,456	22,034,264,555,520	29,685,706,653,696	359,021,917	2,190,004,619	0	0
em-p-ihep51	20260624164920690000000	12	23,053,427,388,416	23,053,658,812,416	14,334,786,360,066	25,154,938,761,216	25,945,969,811,456	22,034,264,555,520	29,685,706,653,696	177,212,449	863,541,532	0	0
em-p-ihep51	20260624164930716000000	14	23,046,798,245,888	23,046,884,339,712	14,331,696,932,291	25,154,938,761,216	25,945,969,811,456	22,034,264,555,520	29,685,706,653,696	388,708,858	728,191,546	0	0
em-p-ihep51	20260624164940734000000	17	23,048,323,907,584	23,049,045,282,816	14,340,527,317,493	25,154,938,761,216	25,945,969,811,456	22,034,264,555,520	29,685,706,653,696	507,859,805	2,118,526,538	0	0
em-p-ihep51	20260624164950737000000	14	23,047,163,850,752	23,047,433,273,344	14,333,482,052,065	25,154,938,761,216	25,945,969,811,456	22,034,264,555,520	29,685,706,653,696	514,051,827	1,798,922,154	0	0
em-p-ihep51	20260624165000831000000	6	23,047,164,014,592	23,047,443,582,976	14,331,097,714,591	25,154,938,761,216	25,945,969,811,456	22,034,264,555,520	29,685,706,653,696	191,078,272	1,035,129,220	0	0
em-p-ihep51	20260624165010834000000	17	23,047,270,096,896	23,047,560,892,416	14,356,483,511,934	25,154,938,761,216	25,945,969,811,456	22,034,264,555,520	29,685,706,653,696	645,080,344	2,087,651,723	0	0
em-p-ihep51	20260624165020842000000	14	23,047,277,383,680	23,047,567,970,304	14,344,901,411,860	25,154,938,761,216	25,945,969,811,456	22,034,264,555,520	29,685,706,653,696	519,480,689	2,271,547,106	0	0
em-p-ihep51	20260624165030843000000	18	23,047,279,431,680	23,047,556,460,544	14,347,084,044,099	25,154,938,761,216	25,945,969,811,456	22,034,264,555,520	29,685,706,653,696	260,433,328	666,785,144	0	0
em-p-ihep51	20260624165040857000000	16	23,047,279,697,920	23,047,554,207,744	14,336,263,849,274	25,154,938,761,216	25,945,969,811,456	22,034,264,555,520	29,685,706,653,696	245,687,746	1,123,124,397	0	0
em-p-ihep51	20260624165050858000000	12	23,047,282,053,120	23,048,131,940,352	14,337,056,096,550	25,154,938,761,216	25,945,969,811,456	22,034,264,555,520	29,685,706,653,696	424,911,628	684,884,307	0	0
em-p-ihep51	20260624165100862000000	14	23,047,282,184,192	23,047,556,956,160	14,344,203,077,055	25,154,938,761,216	25,945,969,811,456	22,034,264,555,520	29,685,706,653,696	197,461,112	418,251,895	0	0
em-p-ihep51	20260624165110873000000	21	23,047,423,991,808	23,047,700,967,424	14,356,138,641,084	25,154,938,761,216	25,945,969,811,456	22,034,264,555,520	29,685,706,653,696	319,132,943	1,367,468,040	0	0
em-p-ihep51	20260624165120884000000	17	23,047,422,803,968	23,047,699,591,168	14,340,356,746,972	25,154,938,761,216	25,945,969,811,456	22,034,264,555,520	29,685,706,653,696	322,378,506	1,306,550,193	0	0
em-p-ihep51	20260624165130983000000	12	23,047,422,803,968	23,047,880,237,056	14,338,309,055,262	25,154,938,761,216	25,945,969,811,456	22,034,264,555,520	29,685,706,653,696	205,021,066	890,186,325	0	0
em-p-ihep51	20260624165141098000000	16	23,047,427,670,016	23,047,704,391,680	14,340,397,928,303	25,154,938,761,216	25,945,969,811,456	22,034,264,555,520	29,685,706,653,696	418,870,604	729,199,225	0	0
em-p-ihep51	20260624165151106000000	18	23,047,427,563,520	23,047,707,955,200	14,336,287,607,945	25,154,938,761,216	25,945,969,811,456	22,034,264,555,520	29,685,706,653,696	692,044,220	1,124,937,810	0	0
em-p-ihep51	20260624165201097000000	18	23,047,427,727,360	23,048,141,389,824	14,333,717,425,448	25,154,938,761,216	25,945,969,811,456	22,034,264,555,520	29,685,706,653,696	402,394,236	686,738,157	0	0
em-p-ihep51	20260624165211110000000	13	23,047,798,087,680	23,048,072,757,248	14,335,837,709,378	25,154,938,761,216	25,945,969,811,456	22,034,264,555,520	29,685,706,653,696	692,464,633	980,727,949	0	0
em-p-ihep51	20260624165221103000000	13	23,047,798,251,520	23,048,058,335,232	14,339,298,113,686	25,154,938,761,216	25,945,969,811,456	22,034,264,555,520	29,685,706,653,696	521,503,166	847,185,306	0	0
em-p-ihep51	20260624165231198000000	12	23,047,845,232,640	23,048,105,144,320	14,332,622,079,667	25,154,938,761,216	25,945,969,811,456	22,034,264,555,520	29,685,706,653,696	389,966,351	760,032,770	40,960	0
em-p-ihep51	20260624165241317000000	16	23,049,371,205,632	23,049,813,274,624	14,340,571,812,750	25,154,938,761,216	25,945,969,811,456	22,034,264,555,520	29,685,706,653,696	520,520,132	2,631,659,600	0	0
em-p-ihep51	20260624165251323000000	10	23,047,888,269,312	23,048,145,829,888	14,330,343,071,507	25,154,938,761,216	25,945,969,811,456	22,034,264,555,520	29,685,706,653,696	423,657,309	1,684,725,166	8,192	0
em-p-ihep51	20260624165301337000000	11	23,047,890,427,904	23,048,148,254,720	14,335,900,764,301	25,154,938,761,216	25,945,969,811,456	22,034,264,555,520	29,685,706,653,696	310,704,869	712,015,472	0	0
em-p-ihep51	20260624165311426000000	12	23,047,892,213,760	23,048,682,283,008	14,336,950,529,858	25,154,938,761,216	25,945,969,811,456	22,034,264,555,520	29,685,706,653,696	327,269,673	1,074,789,046	0	0
em-p-ihep51	20260624165321438000000	9	23,047,892,377,600	23,048,089,071,616	14,329,466,215,096	25,154,938,761,216	25,945,969,811,456	22,034,264,555,520	29,685,706,653,696	389,984,741	1,003,490,729	0	0
em-p-ihep51	20260624165331523000000	9	23,049,416,966,144	23,049,612,636,160	14,331,480,640,985	25,154,938,761,216	25,945,969,811,456	22,034,264,555,520	29,685,706,653,696	317,413,627	676,730,934	0	0
em-p-ihep51	20260624165341618000000	10	23,049,417,859,072	23,049,591,697,408	14,331,059,901,927	25,154,938,761,216	25,945,969,811,456	22,034,264,555,520	29,685,706,653,696	153,161,828	573,300,615	0	0
em-p-ihep51	20260624165351634000000	8	23,047,893,254,144	23,048,060,616,704	14,331,868,052,297	25,154,938,761,216	25,945,969,811,456	22,034,264,555,520	29,685,706,653,696	245,773,795	783,272,845	0	0
em-p-ihep51	20260624165401697000000	10	23,047,893,417,984	23,048,062,320,640	14,332,698,028,101	25,154,938,761,216	25,945,969,811,456	22,034,264,555,520	29,685,706,653,696	244,747,883	1,213,092,963	0	0
em-p-ihep51	20260624165411806000000	15	23,047,893,311,488	23,048,056,385,536	14,350,480,576,639	25,154,938,761,216	25,945,969,811,456	22,034,264,555,520	29,685,706,653,696	497,101,279	1,732,254,812	0	0
em-p-ihep51	20260624165421921000000	11	23,048,775,831,552	23,047,260,905,472	14,345,819,677,998	25,154,938,761,216	25,945,969,811,456	22,034,264,555,520	29,685,706,653,696	302,620,167	1,034,331,246	0	0
em-p-ihep51	20260624165431938000000	13	23,055,485,325,312	23,055,645,868,032	14,344,926,205,063	25,154,938,761,216	25,945,969,811,456	22,034,264,555,520	29,685,706,653,696	145,300,801	692,955,306	0	0
em-p-ihep51	20260624165442027000000	14	23,048,198,709,248	23,048,359,542,784	14,339,581,954,852	25,154,938,761,216	25,945,969,811,456	22,034,264,555,520	29,685,706,653,696	416,063,404	894,414,699	0	0
em-p-ihep51	20260624165452034000000	10	23,048,197,746,688	23,048,358,449,152	14,331,095,354,079	25,154,938,761,216	25,945,969,811,456	22,034,264,555,520	29,685,706,653,696	234,550,790	765,687,222	8,192	0
em-p-ihep51	20260624165502120000000	9	23,046,672,109,568	23,046,835,634,176	14,338,672,569,817	25,154,938,761,216	25,945,969,811,456	22,034,264,555,520	29,685,706,653,696	111,722,343	608,631,863	0	0
em-p-ihep51	20260624165512201000000	17	23,047,047,041,024	23,047,207,489,536	14,345,009,869,927	25,154,938,761,216	25,945,969,811,456	22,034,264,555,520	29,685,706,653,696	686,958,575	1,200,324,560	0	0
em-p-ihep51	20260624165522217000000	16	23,047,467,732,992	23,047,080,968,192	14,332,781,660,586	25,154,938,761,216	25,945,969,811,456	22,034,264,555,520	29,685,706,653,696	540,051,703	1,461,331,852	0	0
em-p-ihep51	20260624165532219000000	19	23,049,003,753,472	23,049,186,066,432	14,336,176,842,079	25,154,938,761,216	25,945,969,811,456	22,034,264,555,520	29,685,706,653,696	456,527,006	1,823,311,808	0	0
em-p-ihep51	20260624165542225000000	13	23,046,715,068,416	23,046,876,766,208	14,343,235,877,630	25,154,938,761,216	25,945,969,811,456	22,034,264,555,520	29,685,706,653,696	299,394,450	1,177,632,644	0	0
em-p-ihep51	20260624165552233000000	13	23,046,713,884,672	23,046,876,454,912	14,337,389,584,155	25,154,938,761,216	25,945,969,811,456	22,034,264,555,520	29,685,706,653,696	348,452,434	1,106,563,533	0	0
em-p-ihep51	20260624165602270000000	18	23,046,713,667,584	23,046,922,555,392	14,345,333,691,150	25,154,938,761,216	25,945,969,811,456	22,034,264,555,520	29,685,706,653,696	258,865,409	849,660,272	53,248	0
em-p-ihep51	20260624165612259000000	19	23,047,907,360,768	23,048,031,297,536	14,343,169,882,003	25,154,938,761,216	25,945,969,811,456	22,034,264,555,520	29,685,706,653,696	560,602,419	961,108,340	0	0
em-p-ihep51	20260624165622346000000	15	23,050,022,055,936	23,050,185,375,744	14,332,802,604,584	25,154,938,761,216	25,945,969,811,456	22,034,264,555,520	29,685,706,653,696	358,302,548	971,617,108	0	0
em-p-ihep51	20260624165632437000000	13	23,048,504,299,520	23,048,619,462,656	14,332,979,338,579	25,154,938,761,216	25,945,969,811,456	22,034,264,555,520	29,685,706,653,696	538,999,150	805,333,658	0	0
em-p-ihep51	20260624165642527000000	13	23,049,004,150,784	23,049,178,451,968	14,336,170,336,432	25,154,938,761,216	25,945,969,811,456	22,034,264,555,520	29,685,706,653,696	377,016,578	618,920,342	0	0
em-p-ihep51	20260624165652534000000	19	23,046,714,494,976	23,046,879,043,584	14,337,216,456,671	25,154,938,761,216	25,945,969,811,456	22,034,264,555,520	29,685,706,653,696	364,982,385	1,268,863,625	0	0
em-p-ihep51	20260624165702536000000	17	23,052,441,649,152	23,052,627,828,736	14,345,243,523,812	25,154,938,761,216	25,945,969,811,456	22,034,264,555,520	29,685,706,653,696	255,060,088	971,701,872	0	0
em-p-ihep51	20260624165712629000000	10	23,050,731,851,776	23,050,949,427,200	14,335,672,152,112	25,154,938,761,216	25,945,969,811,456	22,034,264,555,520	29,685,706,653,696	311,483,993	950,949,281	16,384	0
em-p-ihep51	20260624165722727000000	10	23,047,908,499,456	23,048,066,727,936	14,333,644,106,313	25,154,938,761,216	25,945,969,811,456	22,034,264,555,520	29,685,706,653,696	363,720,254	937,627,656	4,096	0
em-p-ihep51	20260624165732828000000	12	23,048,688,386,048	23,048,845,520,896	14,335,746,823,975	25,154,938,761,216	25,945,969,811,456	22,034,264,555,520	29,685,706,653,696	164,821,273	537,582,642	0	0
em-p-ihep51	20260624165742921000000	9	23,047,925,424,128	23,048,086,568,960	14,334,248,939,236	25,154,938,761,216	25,945,969,811,456	22,034,264,555,520	29,685,706,653,696	338,272,204	721,385,367	0	0
em-p-ihep51	20260624165753015000000	10	23,047,925,424,128	23,048,096,059,392	14,335,393,314,821	25,154,938,761,216	25,945,969,811,456	22,034,264,555,520	29,685,706,653,696	587,720,506	907,992,419	0	0
em-p-ihep51	20260624165803116000000	10	23,047,961,563,136	23,048,137,576,448	14,332,911,379,149	25,154,938,761,216	25,945,969,811,456	22,034,264,555,520	29,685,706,653,696	320,049,652	1,687,398,927	0	0
em-p-ihep51	20260624165813133000000	10	23,049,451,245,568	23,049,609,302,016	14,333,348,171,896	25,154,938,761,216	25,945,969,811,456	22,034,264,555,520	29,685,706,653,696	222,570,277	1,372,793,151	0	0
em-p-ihep51	20260624165823204000000	10	23,047,992,516,608	23,048,460,435,456	14,334,446,831,410	25,154,938,761,216	25,945,969,811,456	22,034,264,555,520	29,685,706,653,696	450,899,299	1,008,016,269	0	0
em-p-ihep51	20260624165833226000000	13	23,047,991,599,104	23,048,176,316,416	14,333,123,897,504	25,154,938,761,216	25,945,969,811,456	22,034,264,555,520	29,685,706,653,696	365,791,094	827,728,604	0	0
em-p-ihep51	20260624165843250000000	9	23,047,992,950,784	23,048,149,864,448	14,327,731,589,979	25,154,938,761,216	25,945,969,811,456	22,034,264,555,520	29,685,706,653,696	235,760,419	637,751,111	0	0
em-p-ihep51	20260624165853244000000	8	23,047,991,762,944	23,048,148,692,992	14,332,672,891,843	25,154,938,761,216	25,945,969,811,456	22,034,264,555,520	29,685,706,653,696	345,140,809	631,855,795	0	0
em-p-ihep51	20260624165903260000000	12	23,049,518,542,848	23,050,151,923,712	14,334,905,048,857	25,154,938,761,216	25,945,969,811,456	22,034,264,555,520	29,685,706,653,696	561,555,648	1,338,597,601	0	0
em-p-ihep51	20260624165913312000000	18	23,052,741,079,040	23,051,245,932,544	14,353,096,131,674	25,154,938,761,216	25,945,969,811,456	22,034,264,555,520	29,685,706,653,696	897,570,854	1,732,888,067	0	0
em-p-ihep51	20260624165923383000000	16	23,050,366,185,472	23,052,320,903,168	14,335,089,742,165	25,154,938,761,216	25,945,969,811,456	22,034,264,555,520	29,685,706,653,696	638,772,270	1,140,915,629	0	0
em-p-ihep51	20260624165933475000000	10	23,047,621,906,432	23,047,785,676,800	14,335,366,003,921	25,154,938,761,216	25,945,969,811,456	22,034,264,555,520	29,685,706,653,696	622,064,646	674,466,391	0	0
em-p-ihep51	20260624165943573000000	13	23,047,622,070,272	23,047,779,680,256	14,336,728,094,681	25,154,938,761,216	25,945,969,811,456	22,034,264,555,520	29,685,706,653,696	596,448,093	1,439,609,091	0	0
em-p-ihep51	20260624165953652000000	10	23,047,622,070,272	23,047,779,545,088	14,331,720,651,036	25,154,938,761,216	25,945,969,811,456	22,034,264,555,520	29,685,706,653,696	195,962,328	903,754,411	0	0
em-p-ihep51	20260624170003704000000	19	23,048,463,618,048	23,048,615,559,168	14,349,390,945,917	25,154,938,761,216	25,945,969,811,456	22,034,264,555,520	29,685,706,653,696	423,768,778	1,673,708,528	0	0
em-p-ihep51	20260624170013694000000	29	23,050,384,379,904	23,051,000,532,992	14,387,964,278,906	25,154,938,761,216	25,945,969,811,456	22,034,264,555,520	29,685,706,653,696	738,005,908	1,913,118,935	0	0
em-p-ihep51	20260624170023696000000	25	23,050,386,354,176	23,050,921,598,976	14,364,310,685,621	25,154,938,761,216	25,945,969,811,456	22,034,264,555,520	29,685,706,653,696	670,673,114	1,842,151,494	0	0
em-p-ihep51	20260624170033680000000	21	23,050,679,267,328	23,050,911,961,088	14,340,675,304,357	25,154,938,761,216	25,945,969,811,456	22,034,264,555,520	29,685,706,653,696	377,574,833	1,770,898,804	45,056	0
em-p-ihep51	20260624170043690000000	15	23,050,677,706,752	23,050,912,210,944	14,345,859,118,461	25,154,938,761,216	25,945,969,811,456	22,034,264,555,520	29,685,706,653,696	380,665,271	993,126,052	0	0
em-p-ihep51	20260624170053700000000	13	23,050,692,882,432	23,050,924,679,168	14,345,863,657,998	25,154,938,761,216	25,945,969,811,456	22,034,264,555,520	29,685,706,653,696	377,621,475	626,280,322	0	0
em-p-ihep51	20260624170103715000000	14	23,051,180,236,800	23,051,411,423,232	14,338,477,990,643	25,154,938,761,216	25,945,969,811,456	22,034,264,555,520	29,685,706,653,696	227,997,714	1,146,895,541	0	0
em-p-ihep51	20260624170113794000000	15	23,049,163,210,752	23,049,395,945,472	14,342,596,330,905	25,154,938,761,216	25,945,969,811,456	22,034,264,555,520	29,685,706,653,696	316,764,087	1,378,349,822	0	0
em-p-ihep51	20260624170123809000000	15	23,049,164,185,600	23,049,395,367,936	14,336,299,302,321	25,154,938,761,216	25,945,969,811,456	22,034,264,555,520	29,685,706,653,696	470,858,246	1,364,494,516	0	0
em-p-ihep51	20260624170133838000000	12	23,050,005,794,816	23,049,957,945,344	14,336,499,949,765	25,154,938,761,216	25,945,969,811,456	22,034,264,555,520	29,685,706,653,696	186,950,203	574,271,236	0	0
em-p-ihep51	20260624170143836000000	15	23,050,210,467,840	23,050,439,991,296	14,335,696,655,870	25,154,938,761,216	25,945,969,811,456	22,034,264,555,520	29,685,706,653,696	196,258,710	697,158,938	0	0
em-p-ihep51	20260624170153859000000	12	23,048,682,651,648	23,048,943,083,520	14,336,239,658,470	25,154,938,761,216	25,945,969,811,456	22,034,264,555,520	29,685,706,653,696	210,501,003	877,651,881	0	0
em-p-ihep51	20260624170203971000000	10	23,048,686,366,720	23,049,072,594,944	14,334,472,191,399	25,154,938,761,216	25,945,969,811,456	22,034,264,555,520	29,685,706,653,696	207,569,959	1,014,635,424	0	0
em-p-ihep51	20260624170214042000000	13	23,048,685,146,112	23,048,914,604,032	14,339,736,424,437	25,154,938,761,216	25,945,969,811,456	22,034,264,555,520	29,685,706,653,696	337,537,837	1,044,354,038	0	0
em-p-ihep51	20260624170224126000000	7	23,048,686,497,792	23,048,913,408,000	14,337,150,674,911	25,154,938,761,216	25,945,969,811,456	22,034,264,555,520	29,685,706,653,696	541,792,232	726,600,545	0	0
em-p-ihep51	20260624170234139000000	10	23,048,686,391,296	23,048,943,128,576	14,336,441,493,284	25,154,938,761,216	25,945,969,811,456	22,034,264,555,520	29,685,706,653,696	199,519,526	1,006,842,763	0	0
em-p-ihep51	20260624170244218000000	11	23,048,687,366,144	23,048,916,926,464	14,336,738,222,374	25,154,938,761,216	25,945,969,811,456	22,034,264,555,520	29,685,706,653,696	212,577,508	1,049,450,031	0	0
em-p-ihep51	20260624170254324000000	7	23,050,976,448,512	23,051,137,597,440	14,334,027,293,298	25,154,938,761,216	25,945,969,811,456	22,034,264,555,520	29,685,706,653,696	361,007,024	1,104,200,195	0	0
em-p-ihep51	20260624170304343000000	8	23,050,975,477,760	23,051,692,965,888	14,332,012,075,510	25,154,938,761,216	25,945,969,811,456	22,034,264,555,520	29,685,706,653,696	171,847,564	488,662,828	0	0
em-p-ihep51	20260624170314425000000	10	23,048,686,690,304	23,048,929,120,256	14,333,517,995,509	25,154,938,761,216	25,945,969,811,456	22,034,264,555,520	29,685,706,653,696	223,287,364	814,366,512	0	0
em-p-ihep51	20260624170324456000000	12	23,048,685,887,488	23,048,905,715,712	14,342,363,959,724	25,154,938,761,216	25,945,969,811,456	22,034,264,555,520	29,685,706,653,696	284,111,932	939,204,533	0	0
em-p-ihep51	20260624170334452000000	14	23,049,058,418,688	23,049,224,908,800	14,337,300,790,894	25,154,938,761,216	25,945,969,811,456	22,034,264,555,520	29,685,706,653,696	497,008,223	933,070,509	0	0
em-p-ihep51	20260624170344534000000	8	23,050,206,969,856	23,050,847,715,328	14,329,083,139,961	25,154,938,761,216	25,945,969,811,456	22,034,264,555,520	29,685,706,653,696	289,417,401	506,541,264	0	0
em-p-ihep51	20260624170354533000000	7	23,048,680,153,088	23,048,899,272,704	14,333,987,405,132	25,154,938,761,216	25,945,969,811,456	22,034,264,555,520	29,685,706,653,696	354,581,812	886,736,498	0	0
em-p-ihep51	20260624170404635000000	9	23,050,158,645,248	23,050,349,707,264	14,337,174,537,587	25,154,938,761,216	25,945,969,811,456	22,034,264,555,520	29,685,706,653,696	290,194,811	1,412,716,546	0	0
em-p-ihep51	20260624170414617000000	12	23,057,116,229,632	23,057,330,360,320	14,343,238,423,208	25,154,938,761,216	25,945,969,811,456	22,034,264,555,520	29,685,706,653,696	317,613,069	653,215,267	0	0
em-p-ihep51	20260624170424633000000	10	23,064,023,957,504	23,064,388,620,288	14,334,212,863,515	25,154,938,761,216	25,945,969,811,456	22,034,264,555,520	29,685,706,653,696	390,167,116	2,337,197,716	0	0
em-p-ihep51	20260624170434722000000	7	23,050,133,938,176	23,050,322,456,576	14,334,500,495,988	25,154,938,761,216	25,945,969,811,456	22,034,264,555,520	29,685,706,653,696	382,949,169	637,108,556	0	0
em-p-ihep51	20260624170444803000000	9	23,050,135,289,856	23,050,339,926,016	14,333,932,015,751	25,154,938,761,216	25,945,969,811,456	22,034,264,555,520	29,685,706,653,696	237,247,206	686,015,378	0	0
em-p-ihep51	20260624170454889000000	7	23,048,609,538,048	23,049,333,968,896	14,332,008,385,708	25,154,938,761,216	25,945,969,811,456	22,034,264,555,520	29,685,706,653,696	273,196,608	967,342,065	0	0
em-p-ihep51	20260624170505024000000	17	23,048,630,755,328	23,048,817,352,704	14,331,371,800,979	25,154,938,761,216	25,945,969,811,456	22,034,264,555,520	29,685,706,653,696	341,967,287	886,216,397	0	0
em-p-ihep51	20260624170515020000000	21	23,048,625,987,584	23,049,007,525,888	14,342,028,173,924	25,154,938,761,216	25,945,969,811,456	22,034,264,555,520	29,685,706,653,696	479,489,540	2,331,934,053	0	0
em-p-ihep51	20260624170525106000000	13	23,048,622,702,592	23,048,830,312,448	14,335,596,324,898	25,154,938,761,216	25,945,969,811,456	22,034,264,555,520	29,685,706,653,696	366,806,338	1,758,776,319	0	0
em-p-ihep51	20260624170535102000000	12	23,048,622,563,328	23,048,810,033,152	14,337,444,981,818	25,154,938,761,216	25,945,969,811,456	22,034,264,555,520	29,685,706,653,696	299,254,543	1,433,185,180	0	0
em-p-ihep51	20260624170545214000000	9	23,048,626,401,280	23,048,813,989,888	14,335,263,491,845	25,154,938,761,216	25,945,969,811,456	22,034,264,555,520	29,685,706,653,696	446,397,486	846,076,330	0	0
em-p-ihep51	20260624170555233000000	9	23,049,369,034,752	23,049,555,689,472	14,340,313,066,271	25,154,938,761,216	25,945,969,811,456	22,034,264,555,520	29,685,706,653,696	273,111,508	520,363,787	0	0
em-p-ihep51	20260624170605331000000	13	23,049,369,034,752	23,049,828,409,344	14,333,210,018,225	25,154,938,761,216	25,945,969,811,456	22,034,264,555,520	29,685,706,653,696	324,014,878	710,084,320	0	0
em-p-ihep51	20260624170615418000000	13	23,053,440,118,784	23,053,630,304,256	14,338,285,312,784	25,154,938,761,216	25,945,969,811,456	22,034,264,555,520	29,685,706,653,696	418,847,235	1,137,516,076	0	0
em-p-ihep51	20260624170625427000000	12	23,051,915,436,032	23,052,091,297,792	14,340,760,379,169	25,154,938,761,216	25,945,969,811,456	22,034,264,555,520	29,685,706,653,696	344,199,664	633,807,029	0	0
em-p-ihep51	20260624170635519000000	11	23,051,917,488,128	23,052,096,864,256	14,347,606,615,231	25,154,938,761,216	25,945,969,811,456	22,034,264,555,520	29,685,706,653,696	381,193,490	554,636,164	0	0
em-p-ihep51	20260624170645612000000	16	23,051,916,300,288	23,052,079,362,048	14,341,418,022,180	25,154,938,761,216	25,945,969,811,456	22,034,264,555,520	29,685,706,653,696	376,959,079	1,523,914,684	0	0
em-p-ihep51	20260624170655614000000	13	23,051,917,651,968	23,052,077,998,080	14,340,476,992,951	25,154,938,761,216	25,945,969,811,456	22,034,264,555,520	29,685,706,653,696	348,526,971	1,043,190,176	0	0
em-p-ihep51	20260624170705630000000	10	23,051,917,545,472	23,052,087,406,592	14,341,738,938,612	25,154,938,761,216	25,945,969,811,456	22,034,264,555,520	29,685,706,653,696	488,028,202	612,341,336	0	0
em-p-ihep51	20260624170715715000000	10	23,051,917,709,312	23,052,128,985,088	14,335,712,053,139	25,154,938,761,216	25,945,969,811,456	22,034,264,555,520	29,685,706,653,696	168,712,218	1,293,071,811	0	0
em-p-ihep51	20260624170725786000000	6	23,053,069,770,752	23,053,103,714,304	14,334,884,658,535	25,154,938,761,216	25,945,969,811,456	22,034,264,555,520	29,685,706,653,696	472,883,877	707,049,255	0	0
em-p-ihep51	20260624170735876000000	6	23,053,443,547,136	23,053,614,473,216	14,335,832,981,158	25,154,938,761,216	25,945,969,811,456	22,034,264,555,520	29,685,706,653,696	166,492,493	2,107,861,446	0	0
em-p-ihep51	20260624170745973000000	6	23,051,917,897,728	23,052,092,899,328	14,335,506,478,492	25,154,938,761,216	25,945,969,811,456	22,034,264,555,520	29,685,706,653,696	150,711,693	523,357,898	0	0
em-p-ihep51	20260624170756063000000	6	23,051,917,897,728	23,052,137,885,696	14,329,589,255,699	25,154,938,761,216	25,945,969,811,456	22,034,264,555,520	29,685,706,653,696	112,329,761	574,040,275	0	0
em-p-ihep51	20260624170806160000000	7	23,053,448,433,664	23,053,616,922,624	14,340,664,869,215	25,154,938,761,216	25,945,969,811,456	22,034,264,555,520	29,685,706,653,696	156,796,517	825,687,637	0	0
em-p-ihep51	20260624170816259000000	9	23,051,926,274,048	23,052,145,164,288	14,341,403,104,862	25,154,938,761,216	25,945,969,811,456	22,034,264,555,520	29,685,706,653,696	241,504,366	1,199,479,419	0	0
em-p-ihep51	20260624170826355000000	7	23,051,925,086,208	23,052,147,404,800	14,333,951,835,547	25,154,938,761,216	25,945,969,811,456	22,034,264,555,520	29,685,706,653,696	159,602,379	530,562,719	0	0
em-p-ihep51	20260624170836450000000	6	23,051,995,799,552	23,052,218,556,416	14,334,849,253,991	25,154,938,761,216	25,945,969,811,456	22,034,264,555,520	29,685,706,653,696	117,343,042	488,386,701	0	0
em-p-ihep51	20260624170846548000000	8	23,051,995,906,048	23,052,218,875,904	14,335,118,343,410	25,154,938,761,216	25,945,969,811,456	22,034,264,555,520	29,685,706,653,696	242,825,176	640,048,190	32,768	0
em-p-ihep51	20260624170856646000000	7	23,051,995,799,552	23,052,215,173,120	14,333,700,888,707	25,154,938,761,216	25,945,969,811,456	22,034,264,555,520	29,685,706,653,696	201,087,319	325,670,198	0	0
em-p-ihep51	20260624170906655000000	8	23,053,039,198,208	23,053,498,466,304	14,343,332,800,410	25,154,938,761,216	25,945,969,811,456	22,034,264,555,520	29,685,706,653,696	212,061,453	1,362,751,496	0	0
em-p-ihep51	20260624170916732000000	11	23,063,084,990,464	23,063,307,304,960	14,346,702,118,269	25,154,938,761,216	25,945,969,811,456	22,034,264,555,520	29,685,706,653,696	366,941,807	1,224,050,686	12,288	0
em-p-ihep51	20260624170926740000000	9	23,051,190,939,648	23,051,414,822,912	14,339,971,904,457	25,154,938,761,216	25,945,969,811,456	22,034,264,555,520	29,685,706,653,696	431,165,865	1,411,262,442	0	0
em-p-ihep51	20260624170936820000000	8	23,052,091,179,008	23,052,163,751,936	14,337,995,738,491	25,154,938,761,216	25,945,969,811,456	22,034,264,555,520	29,685,706,653,696	277,461,477	1,156,665,154	0	0
em-p-ihep51	20260624170946910000000	12	23,052,717,981,696	23,052,944,318,464	14,331,617,741,591	25,154,938,761,216	25,945,969,811,456	22,034,264,555,520	29,685,706,653,696	524,870,638	788,517,293	0	0
em-p-ihep51	20260624170957022000000	8	23,051,192,094,720	23,051,416,395,776	14,339,566,603,448	25,154,938,761,216	25,945,969,811,456	22,034,264,555,520	29,685,706,653,696	100,912,154	314,758,917	0	0
em-p-ihep51	20260624171007022000000	33	23,051,221,118,976	23,051,560,210,432	14,355,024,729,243	25,154,938,761,216	25,945,969,811,456	22,034,264,555,520	29,685,706,653,696	472,595,788	1,785,403,450	0	0
em-p-ihep51	20260624171017130000000	18	23,051,218,993,152	23,051,510,571,008	14,352,418,963,589	25,154,938,761,216	25,945,969,811,456	22,034,264,555,520	29,685,706,653,696	671,469,144	1,671,245,787	0	0
em-p-ihep51	20260624171027222000000	13	23,051,210,227,712	23,051,511,435,264	14,340,784,910,261	25,154,938,761,216	25,945,969,811,456	22,034,264,555,520	29,685,706,653,696	378,997,145	2,286,811,915	0	0
em-p-ihep51	20260624171037306000000	15	23,052,737,085,440	23,053,060,411,392	14,344,550,721,700	25,154,938,761,216	25,945,969,811,456	22,034,264,555,520	29,685,706,653,696	282,937,062	1,832,762,443	0	0
em-p-ihep51	20260624171047389000000	18	23,051,205,459,968	23,051,504,451,584	14,339,563,709,727	25,154,938,761,216	25,945,969,811,456	22,034,264,555,520	29,685,706,653,696	462,185,324	1,997,263,778	0	0
em-p-ihep51	20260624171057424000000	11	23,051,205,353,472	23,051,493,122,048	14,341,910,350,097	25,154,938,761,216	25,945,969,811,456	22,034,264,555,520	29,685,706,653,696	337,141,730	1,780,363,159	0	0
em-p-ihep51	20260624171107416000000	13	23,050,933,362,688	23,051,221,176,320	14,343,116,742,582	25,154,938,761,216	25,945,969,811,456	22,034,264,555,520	29,685,706,653,696	544,237,103	2,124,104,339	0	0
em-p-ihep51	20260624171117448000000	14	23,051,770,814,464	23,052,041,682,944	14,338,765,054,158	25,154,938,761,216	25,945,969,811,456	22,034,264,555,520	29,685,706,653,696	197,080,477	1,637,560,490	0	0
em-p-ihep51	20260624171127535000000	12	23,051,769,626,624	23,051,979,194,368	14,338,290,993,885	25,154,938,761,216	25,945,969,811,456	22,034,264,555,520	29,685,706,653,696	360,767,319	1,328,310,489	0	0
em-p-ihep51	20260624171137613000000	15	23,051,766,149,120	23,051,963,924,480	14,350,219,521,383	25,154,938,761,216	25,945,969,811,456	22,034,264,555,520	29,685,706,653,696	295,988,039	1,128,712,177	0	0
em-p-ihep51	20260624171147663000000	15	23,051,767,664,640	23,051,964,055,552	14,337,058,771,570	25,154,938,761,216	25,945,969,811,456	22,034,264,555,520	29,685,706,653,696	309,673,228	1,271,895,361	0	0
em-p-ihep51	20260624171157748000000	9	23,051,767,558,144	23,051,964,084,224	14,336,510,401,446	25,154,938,761,216	25,945,969,811,456	22,034,264,555,520	29,685,706,653,696	338,935,100	1,324,788,589	0	0
em-p-ihep51	20260624171207845000000	11	23,051,774,246,912	23,051,970,269,184	14,340,744,467,809	25,154,938,761,216	25,945,969,811,456	22,034,264,555,520	29,685,706,653,696	471,593,383	1,305,889,136	0	0
em-p-ihep51	20260624171217921000000	11	23,051,774,410,752	23,051,967,766,528	14,335,345,148,389	25,154,938,761,216	25,945,969,811,456	22,034,264,555,520	29,685,706,653,696	208,046,203	1,345,442,177	0	0
em-p-ihep51	20260624171227948000000	11	23,051,775,655,936	23,051,968,913,408	14,339,392,920,666	25,154,938,761,216	25,945,969,811,456	22,034,264,555,520	29,685,706,653,696	257,505,245	1,089,783,988	0	0
em-p-ihep51	20260624171238041000000	8	23,051,776,843,776	23,052,334,841,856	14,337,240,536,867	25,154,938,761,216	25,945,969,811,456	22,034,264,555,520	29,685,706,653,696	420,939,208	898,133,371	0	0
em-p-ihep51	20260624171248127000000	6	23,051,774,636,032	23,051,958,890,496	14,339,215,680,984	25,154,938,761,216	25,945,969,811,456	22,034,264,555,520	29,685,706,653,696	171,959,935	446,558,814	0	0
em-p-ihep51	20260624171258217000000	6	23,052,838,764,544	23,052,971,077,632	14,336,595,194,895	25,154,938,761,216	25,945,969,811,456	22,034,264,555,520	29,685,706,653,696	275,671,549	702,566,651	0	0
em-p-ihep51	20260624171308300000000	6	23,054,045,003,776	23,054,219,677,696	14,337,747,504,222	25,154,938,761,216	25,945,969,811,456	22,034,264,555,520	29,685,706,653,696	173,574,142	553,499,043	0	0
em-p-ihep51	20260624171318387000000	7	23,052,537,528,320	23,052,892,532,736	14,341,433,549,930	25,154,938,761,216	25,945,969,811,456	22,034,264,555,520	29,685,706,653,696	259,011,504	1,042,617,244	0	0
em-p-ihep51	20260624171328478000000	8	23,052,538,769,408	23,052,738,670,592	14,336,353,652,861	25,154,938,761,216	25,945,969,811,456	22,034,264,555,520	29,685,706,653,696	87,544,936	445,809,819	0	0
em-p-ihep51	20260624171338581000000	9	23,051,549,913,088	23,051,723,874,304	14,337,563,833,415	25,154,938,761,216	25,945,969,811,456	22,034,264,555,520	29,685,706,653,696	115,853,717	853,625,767	0	0
em-p-ihep51	20260624171348651000000	9	23,051,548,729,344	23,051,728,281,600	14,340,257,105,940	25,154,938,761,216	25,945,969,811,456	22,034,264,555,520	29,685,706,653,696	553,503,220	1,399,801,491	0	0
em-p-ihep51	20260624171358744000000	8	23,051,549,310,976	23,051,726,000,128	14,336,464,255,356	25,154,938,761,216	25,945,969,811,456	22,034,264,555,520	29,685,706,653,696	334,186,458	470,198,278	0	0
em-p-ihep51	20260624171408837000000	6	23,051,549,474,816	23,051,726,008,320	14,337,869,433,289	25,154,938,761,216	25,945,969,811,456	22,034,264,555,520	29,685,706,653,696	262,699,032	1,141,544,869	0	0
em-p-ihep51	20260624171418930000000	6	23,063,438,766,080	23,063,617,675,264	14,347,874,037,992	25,154,938,761,216	25,945,969,811,456	22,034,264,555,520	29,685,706,653,696	320,802,930	542,231,968	0	0
em-p-ihep51	20260624171428997000000	8	23,051,707,056,128	23,051,888,242,688	14,339,212,335,635	25,154,938,761,216	25,945,969,811,456	22,034,264,555,520	29,685,706,653,696	119,576,909	393,370,405	0	0
em-p-ihep51	20260624171439122000000	8	23,051,707,219,968	23,051,884,888,064	14,332,274,695,477	25,154,938,761,216	25,945,969,811,456	22,034,264,555,520	29,685,706,653,696	132,290,343	433,303,619	0	0
em-p-ihep51	20260624171449185000000	7	23,051,707,113,472	23,051,884,937,216	14,344,385,236,236	25,154,938,761,216	25,945,969,811,456	22,034,264,555,520	29,685,706,653,696	512,847,870	619,861,751	0	0
em-p-ihep51	20260624171459248000000	7	23,051,708,194,816	23,051,883,823,104	14,336,760,722,559	25,154,938,761,216	25,945,969,811,456	22,034,264,555,520	29,685,706,653,696	251,654,847	987,052,371	0	0
em-p-ihep51	20260624171509263000000	24	23,051,718,897,664	23,051,892,965,376	14,346,874,664,163	25,154,938,761,216	25,945,969,811,456	22,034,264,555,520	29,685,706,653,696	456,186,033	1,423,861,068	0	0
em-p-ihep51	20260624171519345000000	13	23,051,718,004,736	23,051,893,719,040	14,340,920,352,404	25,154,938,761,216	25,945,969,811,456	22,034,264,555,520	29,685,706,653,696	687,004,101	1,592,842,170	0	0
em-p-ihep51	20260624171529356000000	11	23,052,037,730,304	23,052,651,855,872	14,345,138,689,527	25,154,938,761,216	25,945,969,811,456	22,034,264,555,520	29,685,706,653,696	223,295,793	1,010,705,913	0	0
em-p-ihep51	20260624171539433000000	10	23,052,037,009,408	23,052,536,987,648	14,337,812,060,566	25,154,938,761,216	25,945,969,811,456	22,034,264,555,520	29,685,706,653,696	80,581,955	1,300,248,399	0	0
em-p-ihep51	20260624171549430000000	7	23,052,035,072,000	23,052,214,771,712	14,334,623,470,459	25,154,938,761,216	25,945,969,811,456	22,034,264,555,520	29,685,706,653,696	160,683,888	560,063,284	0	0
em-p-ihep51	20260624171559529000000	10	23,052,034,965,504	23,052,214,951,936	14,343,800,109,196	25,154,938,761,216	25,945,969,811,456	22,034,264,555,520	29,685,706,653,696	337,498,874	474,337,449	0	0
em-p-ihep51	20260624171609607000000	15	23,052,035,235,840	23,052,213,288,960	14,356,646,683,975	25,154,938,761,216	25,945,969,811,456	22,034,264,555,520	29,685,706,653,696	409,101,044	711,139,487	0	0
em-p-ihep51	20260624171619684000000	13	23,052,177,051,648	23,052,358,578,176	14,339,206,761,703	25,154,938,761,216	25,945,969,811,456	22,034,264,555,520	29,685,706,653,696	298,802,328	1,113,549,578	0	0
em-p-ihep51	20260624171629768000000	9	23,052,177,088,512	23,052,355,137,536	14,339,075,282,379	25,154,938,761,216	25,945,969,811,456	22,034,264,555,520	29,685,706,653,696	257,870,880	1,620,330,190	0	0
em-p-ihep51	20260624171639860000000	10	23,052,177,252,352	23,052,353,323,008	14,339,082,888,313	25,154,938,761,216	25,945,969,811,456	22,034,264,555,520	29,685,706,653,696	281,430,382	622,443,106	0	0
em-p-ihep51	20260624171649948000000	7	23,052,177,145,856	23,052,762,071,040	14,337,154,196,167	25,154,938,761,216	25,945,969,811,456	22,034,264,555,520	29,685,706,653,696	282,498,020	686,385,944	0	0
em-p-ihep51	20260624171700056000000	9	23,052,175,142,912	23,052,353,662,976	14,336,467,000,141	25,154,938,761,216	25,945,969,811,456	22,034,264,555,520	29,685,706,653,696	188,823,645	579,863,032	0	0
em-p-ihep51	20260624171710142000000	12	23,052,171,612,160	23,052,363,345,920	14,344,965,700,359	25,154,938,761,216	25,945,969,811,456	22,034,264,555,520	29,685,706,653,696	256,109,962	637,567,286	0	0
em-p-ihep51	20260624171720218000000	9	23,052,172,693,504	23,052,350,390,272	14,337,444,637,385	25,154,938,761,216	25,945,969,811,456	22,034,264,555,520	29,685,706,653,696	101,575,420	1,074,952,279	0	0
em-p-ihep51	20260624171730328000000	7	23,052,171,505,664	23,052,372,299,776	14,333,842,069,967	25,154,938,761,216	25,945,969,811,456	22,034,264,555,520	29,685,706,653,696	273,745,856	411,038,473	0	0
em-p-ihep51	20260624171740421000000	9	23,052,522,856,448	23,052,714,512,384	14,339,691,773,771	25,154,938,761,216	25,945,969,811,456	22,034,264,555,520	29,685,706,653,696	265,029,900	616,612,525	0	0
em-p-ihep51	20260624171750528000000	8	23,052,523,020,288	23,052,754,591,744	14,341,380,624,072	25,154,938,761,216	25,945,969,811,456	22,034,264,555,520	29,685,706,653,696	328,174,364	1,225,317,738	0	0
em-p-ihep51	20260624171800600000000	7	23,052,667,404,288	23,053,052,588,032	14,339,292,089,394	25,154,938,761,216	25,945,969,811,456	22,034,264,555,520	29,685,706,653,696	345,445,869	941,320,075	0	0
em-p-ihep51	20260624171810689000000	9	23,052,936,785,920	23,053,172,256,768	14,347,963,014,358	25,154,938,761,216	25,945,969,811,456	22,034,264,555,520	29,685,706,653,696	339,581,437	582,957,558	0	0
em-p-ihep51	20260624171820794000000	10	23,052,008,542,208	23,052,238,589,952	14,342,338,754,341	25,154,938,761,216	25,945,969,811,456	22,034,264,555,520	29,685,706,653,696	244,832,625	563,029,508	0	0
em-p-ihep51	20260624171830792000000	8	23,052,073,492,480	23,052,241,952,768	14,344,967,944,053	25,154,938,761,216	25,945,969,811,456	22,034,264,555,520	29,685,706,653,696	285,749,301	463,596,068	0	0
em-p-ihep51	20260624171840877000000	9	23,052,201,635,840	23,052,859,834,368	14,332,513,644,113	25,154,938,761,216	25,945,969,811,456	22,034,264,555,520	29,685,706,653,696	284,673,053	604,373,194	0	0
em-p-ihep51	20260624171850975000000	10	23,051,944,075,264	23,052,173,766,656	14,337,531,114,115	25,154,938,761,216	25,945,969,811,456	22,034,264,555,520	29,685,706,653,696	233,089,924	491,915,610	0	0
em-p-ihep51	20260624171901064000000	9	23,052,104,003,584	23,052,334,379,008	14,338,374,830,740	25,154,938,761,216	25,945,969,811,456	22,034,264,555,520	29,685,706,653,696	301,001,695	575,606,903	0	0
em-p-ihep51	20260624171911154000000	11	23,054,217,728,000	23,053,665,275,904	14,347,653,866,562	25,154,938,761,216	25,945,969,811,456	22,034,264,555,520	29,685,706,653,696	310,705,597	2,213,343,339	0	0
em-p-ihep51	20260624171921272000000	9	23,059,406,430,208	23,059,640,455,168	14,337,615,415,992	25,154,938,761,216	25,945,969,811,456	22,034,264,555,520	29,685,706,653,696	261,197,434	1,540,300,605	0	0
em-p-ihep51	20260624171931341000000	10	23,049,040,867,328	23,049,274,814,464	14,338,361,706,361	25,154,938,761,216	25,945,969,811,456	22,034,264,555,520	29,685,706,653,696	220,355,900	343,415,028	0	0
em-p-ihep51	20260624171941438000000	11	23,049,787,969,536	23,050,027,278,336	14,334,822,104,599	25,154,938,761,216	25,945,969,811,456	22,034,264,555,520	29,685,706,653,696	235,962,785	515,830,201	0	0
em-p-ihep51	20260624171951527000000	7	23,049,787,052,032	23,050,471,698,432	14,332,934,315,525	25,154,938,761,216	25,945,969,811,456	22,034,264,555,520	29,685,706,653,696	185,727,982	632,077,063	0	0
em-p-ihep51	20260624172001641000000	7	23,049,788,403,712	23,050,024,181,760	14,338,583,519,744	25,154,938,761,216	25,945,969,811,456	22,034,264,555,520	29,685,706,653,696	114,668,179	537,339,026	0	0
em-p-ihep51	20260624172011635000000	22	23,050,619,764,736	23,050,949,189,632	14,383,032,726,390	25,154,938,761,216	25,945,969,811,456	22,034,264,555,520	29,685,706,653,696	526,002,240	1,966,763,216	0	0
em-p-ihep51	20260624172021637000000	17	23,050,616,168,448	23,051,474,808,832	14,359,063,100,417	25,154,938,761,216	25,945,969,811,456	22,034,264,555,520	29,685,706,653,696	473,877,733	3,193,920,878	0	0
em-p-ihep51	20260624172031748000000	14	23,049,949,794,304	23,050,238,095,360	14,355,808,382,781	25,154,938,761,216	25,945,969,811,456	22,034,264,555,520	29,685,706,653,696	326,258,649	1,607,744,817	0	0
em-p-ihep51	20260624172041829000000	13	23,051,233,136,640	23,051,525,701,632	14,357,684,269,256	25,154,938,761,216	25,945,969,811,456	22,034,264,555,520	29,685,706,653,696	193,065,497	2,092,314,257	0	0
em-p-ihep51	20260624172051911000000	11	23,053,387,124,736	23,053,593,870,336	14,339,983,717,676	25,154,938,761,216	25,945,969,811,456	22,034,264,555,520	29,685,706,653,696	340,686,476	1,103,171,851	0	0
em-p-ihep51	20260624172101984000000	12	23,048,935,800,832	23,049,174,417,408	14,338,787,539,279	25,154,938,761,216	25,945,969,811,456	22,034,264,555,520	29,685,706,653,696	161,091,772	879,476,461	0	0
em-p-ihep51	20260624172112072000000	13	23,049,077,080,064	23,049,292,197,888	14,347,989,198,081	25,154,938,761,216	25,945,969,811,456	22,034,264,555,520	29,685,706,653,696	561,428,867	1,466,851,263	0	0
em-p-ihep51	20260624172122088000000	14	23,050,832,789,504	23,051,029,962,752	14,344,262,788,337	25,154,938,761,216	25,945,969,811,456	22,034,264,555,520	29,685,706,653,696	590,388,190	1,129,831,929	0	0
em-p-ihep51	20260624172132083000000	12	23,051,611,688,960	23,051,815,718,912	14,338,166,542,689	25,154,938,761,216	25,945,969,811,456	22,034,264,555,520	29,685,706,653,696	396,013,120	651,260,134	0	0
em-p-ihep51	20260624172142188000000	13	23,050,085,801,984	23,050,315,587,584	14,344,745,770,117	25,154,938,761,216	25,945,969,811,456	22,034,264,555,520	29,685,706,653,696	595,089,078	890,929,919	0	0
em-p-ihep51	20260624172152281000000	12	23,051,640,119,296	23,051,876,319,232	14,340,007,122,945	25,154,938,761,216	25,945,969,811,456	22,034,264,555,520	29,685,706,653,696	330,804,230	787,072,931	0	0
em-p-ihep51	20260624172202395000000	9	23,049,947,938,816	23,050,143,158,272	14,335,160,820,940	25,154,938,761,216	25,945,969,811,456	22,034,264,555,520	29,685,706,653,696	692,228,360	1,361,674,071	0	0
em-p-ihep51	20260624172212490000000	10	23,049,946,644,480	23,050,524,844,032	14,342,144,108,659	25,154,938,761,216	25,945,969,811,456	22,034,264,555,520	29,685,706,653,696	546,051,828	1,220,586,819	0	0
em-p-ihep51	20260624172222567000000	10	23,050,106,568,704	23,050,294,272,000	14,343,137,584,685	25,154,938,761,216	25,945,969,811,456	22,034,264,555,520	29,685,706,653,696	297,458,526	450,394,641	0	0
em-p-ihep51	20260624172232627000000	7	23,051,349,671,936	23,050,920,919,040	14,336,315,163,187	25,154,938,761,216	25,945,969,811,456	22,034,264,555,520	29,685,706,653,696	260,567,914	591,311,327	0	0
em-p-ihep51	20260624172242742000000	8	23,055,908,241,408	23,056,167,899,136	14,340,028,955,491	25,154,938,761,216	25,945,969,811,456	22,034,264,555,520	29,685,706,653,696	211,342,129	546,970,987	0	0
em-p-ihep51	20260624172252814000000	6	23,053,619,671,040	23,053,839,269,888	14,338,381,996,115	25,154,938,761,216	25,945,969,811,456	22,034,264,555,520	29,685,706,653,696	305,581,408	445,515,594	0	0
em-p-ihep51	20260624172302919000000	7	23,053,621,022,720	23,053,839,409,152	14,334,062,768,795	25,154,938,761,216	25,945,969,811,456	22,034,264,555,520	29,685,706,653,696	164,077,197	384,381,886	0	0
em-p-ihep51	20260624172312993000000	7	23,053,619,834,880	23,053,825,789,952	14,339,277,288,636	25,154,938,761,216	25,945,969,811,456	22,034,264,555,520	29,685,706,653,696	168,463,483	660,381,495	0	0
em-p-ihep51	20260624172323085000000	8	23,053,620,916,224	23,053,849,128,960	14,338,124,365,553	25,154,938,761,216	25,945,969,811,456	22,034,264,555,520	29,685,706,653,696	306,809,101	1,265,343,668	0	0
em-p-ihep51	20260624172333183000000	8	23,053,619,728,384	23,053,822,951,424	14,338,169,095,444	25,154,938,761,216	25,945,969,811,456	22,034,264,555,520	29,685,706,653,696	313,199,171	1,178,150,469	0	0
em-p-ihep51	20260624172343279000000	7	23,053,620,809,728	23,053,826,883,584	14,337,225,116,783	25,154,938,761,216	25,945,969,811,456	22,034,264,555,520	29,685,706,653,696	215,321,204	522,581,650	0	0
em-p-ihep51	20260624172353372000000	6	23,053,620,973,568	23,053,826,318,336	14,338,335,625,385	25,154,938,761,216	25,945,969,811,456	22,034,264,555,520	29,685,706,653,696	331,817,769	707,068,766	0	0
em-p-ihep51	20260624172403471000000	7	23,053,620,973,568	23,053,843,955,712	14,333,996,979,768	25,154,938,761,216	25,945,969,811,456	22,034,264,555,520	29,685,706,653,696	404,017,012	966,913,381	0	0
em-p-ihep51	20260624172413571000000	8	23,060,527,030,272	23,060,645,953,536	14,347,400,439,818	25,154,938,761,216	25,945,969,811,456	22,034,264,555,520	29,685,706,653,696	238,449,940	531,884,764	0	0
em-p-ihep51	20260624172423668000000	9	23,054,039,093,248	23,054,238,744,576	14,338,201,274,136	25,154,938,761,216	25,945,969,811,456	22,034,264,555,520	29,685,706,653,696	166,921,673	415,811,143	0	0
em-p-ihep51	20260624172433765000000	6	23,052,512,337,920	23,053,168,791,552	14,336,539,812,511	25,154,938,761,216	25,945,969,811,456	22,034,264,555,520	29,685,706,653,696	120,319,712	426,235,101	0	0
em-p-ihep51	20260624172443841000000	8	23,052,511,518,720	23,052,709,732,352	14,337,347,699,080	25,154,938,761,216	25,945,969,811,456	22,034,264,555,520	29,685,706,653,696	376,259,188	1,151,905,083	0	0
em-p-ihep51	20260624172453922000000	7	23,052,511,412,224	23,052,709,752,832	14,340,036,910,675	25,154,938,761,216	25,945,969,811,456	22,034,264,555,520	29,685,706,653,696	130,029,284	936,315,661	0	0
em-p-ihep51	20260624172503991000000	9	23,052,092,506,112	23,052,155,830,272	14,338,418,431,076	25,154,938,761,216	25,945,969,811,456	22,034,264,555,520	29,685,706,653,696	271,429,137	785,634,639	0	0
em-p-ihep51	20260624172514110000000	12	23,052,593,225,728	23,053,197,242,368	14,358,095,478,211	25,154,938,761,216	25,945,969,811,456	22,034,264,555,520	29,685,706,653,696	177,457,631	1,761,789,760	0	0
em-p-ihep51	20260624172524216000000	10	23,050,305,683,456	23,050,502,250,496	14,343,277,938,209	25,154,938,761,216	25,945,969,811,456	22,034,264,555,520	29,685,706,653,696	241,152,011	1,606,776,352	0	0
em-p-ihep51	20260624172534283000000	11	23,050,305,847,296	23,050,504,384,512	14,343,357,455,488	25,154,938,761,216	25,945,969,811,456	22,034,264,555,520	29,685,706,653,696	271,873,703	367,777,342	0	0
em-p-ihep51	20260624172544351000000	10	23,050,306,822,144	23,050,508,877,824	14,340,809,143,392	25,154,938,761,216	25,945,969,811,456	22,034,264,555,520	29,685,706,653,696	143,857,489	398,165,775	0	0
em-p-ihep51	20260624172554448000000	9	23,052,595,486,720	23,052,711,137,280	14,341,901,876,907	25,154,938,761,216	25,945,969,811,456	22,034,264,555,520	29,685,706,653,696	211,475,406	466,547,299	0	0
em-p-ihep51	20260624172604560000000	12	23,050,306,953,216	23,050,504,429,568	14,341,203,963,558	25,154,938,761,216	25,945,969,811,456	22,034,264,555,520	29,685,706,653,696	265,719,211	742,870,838	0	0
em-p-ihep51	20260624172614638000000	13	23,050,305,765,376	23,050,503,155,712	14,337,162,911,119	25,154,938,761,216	25,945,969,811,456	22,034,264,555,520	29,685,706,653,696	375,574,143	1,085,464,746	0	0
em-p-ihep51	20260624172624647000000	9	23,052,595,904,512	23,053,279,272,960	14,341,112,260,860	25,154,938,761,216	25,945,969,811,456	22,034,264,555,520	29,685,706,653,696	171,515,330	583,592,242	0	0
em-p-ihep51	20260624172634653000000	9	23,050,308,190,208	23,050,501,844,992	14,342,114,964,525	25,154,938,761,216	25,945,969,811,456	22,034,264,555,520	29,685,706,653,696	100,155,528	247,740,913	0	0
em-p-ihep51	20260624172644660000000	10	23,050,308,354,048	23,050,501,275,648	14,336,760,220,524	25,154,938,761,216	25,945,969,811,456	22,034,264,555,520	29,685,706,653,696	207,300,940	515,806,641	0	0
em-p-ihep51	20260624172654672000000	9	23,050,308,247,552	23,050,548,068,352	14,340,886,415,626	25,154,938,761,216	25,945,969,811,456	22,034,264,555,520	29,685,706,653,696	265,786,802	493,602,736	0	0
em-p-ihep51	20260624172704669000000	9	23,052,597,092,352	23,052,790,091,776	14,341,241,576,766	25,154,938,761,216	25,945,969,811,456	22,034,264,555,520	29,685,706,653,696	320,610,631	526,208,520	0	0
em-p-ihep51	20260624172714667000000	10	23,050,308,472,832	23,052,801,605,632	14,337,556,682,553	25,154,938,761,216	25,945,969,811,456	22,034,264,555,520	29,685,706,653,696	343,621,871	1,037,553,459	0	0
em-p-ihep51	20260624172724672000000	7	23,050,308,636,672	23,050,525,351,936	14,338,950,247,038	25,154,938,761,216	25,945,969,811,456	22,034,264,555,520	29,685,706,653,696	319,532,016	805,002,675	0	0
em-p-ihep51	20260624172734677000000	8	23,050,308,530,176	23,050,775,257,088	14,339,332,161,156	25,154,938,761,216	25,945,969,811,456	22,034,264,555,520	29,685,706,653,696	278,602,465	1,155,658,519	53,248	0
em-p-ihep51	20260624172744777000000	8	23,050,308,530,176	23,050,527,547,392	14,336,374,212,215	25,154,938,761,216	25,945,969,811,456	22,034,264,555,520	29,685,706,653,696	173,569,927	950,021,933	0	0
em-p-ihep51	20260624172754784000000	8	23,050,308,530,176	23,050,534,453,248	14,339,219,520,810	25,154,938,761,216	25,945,969,811,456	22,034,264,555,520	29,685,706,653,696	187,317,132	317,920,131	0	0
em-p-ihep51	20260624172804794000000	9	23,050,308,694,016	23,050,539,876,352	14,343,362,074,736	25,154,938,761,216	25,945,969,811,456	22,034,264,555,520	29,685,706,653,696	537,071,855	870,008,359	0	0
em-p-ihep51	20260624172814869000000	8	23,050,308,587,520	23,050,507,034,624	14,335,276,869,796	25,154,938,761,216	25,945,969,811,456	22,034,264,555,520	29,685,706,653,696	145,905,122	483,367,650	0	0
em-p-ihep51	20260624172824954000000	6	23,050,428,235,776	23,050,604,531,712	14,336,336,111,116	25,154,938,761,216	25,945,969,811,456	22,034,264,555,520	29,685,706,653,696	109,988,254	518,771,269	0	0
em-p-ihep51	20260624172835037000000	6	23,050,425,970,688	23,050,606,399,488	14,339,248,484,790	25,154,938,761,216	25,945,969,811,456	22,034,264,555,520	29,685,706,653,696	280,149,757	709,338,542	0	0
em-p-ihep51	20260624172845123000000	7	23,050,427,322,368	23,050,616,434,688	14,339,651,197,069	25,154,938,761,216	25,945,969,811,456	22,034,264,555,520	29,685,706,653,696	413,480,604	813,699,137	0	0
em-p-ihep51	20260624172855226000000	7	23,050,427,215,872	23,050,610,487,296	14,337,896,725,268	25,154,938,761,216	25,945,969,811,456	22,034,264,555,520	29,685,706,653,696	320,341,348	1,051,585,802	0	0
em-p-ihep51	20260624172905324000000	7	23,052,964,016,128	23,052,898,992,128	14,342,392,082,027	25,154,938,761,216	25,945,969,811,456	22,034,264,555,520	29,685,706,653,696	271,050,604	1,823,912,664	0	0
em-p-ihep51	20260624172915430000000	9	23,063,238,533,120	23,063,251,304,448	14,353,333,063,269	25,154,938,761,216	25,945,969,811,456	22,034,264,555,520	29,685,706,653,696	417,984,290	1,539,098,856	0	0
em-p-ihep51	20260624172925513000000	9	23,049,925,107,712	23,050,169,233,408	14,335,111,076,180	25,154,938,761,216	25,945,969,811,456	22,034,264,555,520	29,685,706,653,696	461,429,513	1,001,500,866	0	0
em-p-ihep51	20260624172935591000000	8	23,052,077,912,064	23,052,262,916,096	14,340,602,903,150	25,154,938,761,216	25,945,969,811,456	22,034,264,555,520	29,685,706,653,696	665,940,506	910,033,097	0	0
em-p-ihep51	20260624172945669000000	10	23,052,199,780,352	23,052,386,549,760	14,342,186,589,082	25,154,938,761,216	25,945,969,811,456	22,034,264,555,520	29,685,706,653,696	888,212,015	1,147,938,968	0	0
em-p-ihep51	20260624172955775000000	10	23,053,738,037,248	23,054,204,198,912	14,340,139,333,307	25,154,938,761,216	25,945,969,811,456	22,034,264,555,520	29,685,706,653,696	597,788,584	1,026,053,179	0	0
em-p-ihep51	20260624173005878000000	18	23,051,261,480,960	23,051,756,253,184	14,362,981,136,641	25,154,938,761,216	25,945,969,811,456	22,034,264,555,520	29,685,706,653,696	721,237,987	2,765,258,339	0	0
em-p-ihep51	20260624173015981000000	27	23,050,221,273,088	23,050,164,920,320	14,365,589,290,480	25,154,938,761,216	25,945,969,811,456	22,034,264,555,520	29,685,706,653,696	917,880,043	3,201,087,686	0	0
em-p-ihep51	20260624173025988000000	24	23,051,505,041,408	23,051,794,849,792	14,346,071,413,791	25,154,938,761,216	25,945,969,811,456	22,034,264,555,520	29,685,706,653,696	905,498,698	2,020,879,032	0	0
em-p-ihep51	20260624173036001000000	23	23,050,969,362,432	23,051,246,399,488	14,344,588,836,349	25,154,938,761,216	25,945,969,811,456	22,034,264,555,520	29,685,706,653,696	566,132,589	1,379,579,239	0	0
em-p-ihep51	20260624173046029000000	24	23,049,979,068,416	23,050,410,860,544	14,345,603,812,168	25,154,938,761,216	25,945,969,811,456	22,034,264,555,520	29,685,706,653,696	649,612,376	3,198,665,708	0	0
em-p-ihep51	20260624173056003000000	22	23,050,346,479,616	23,050,549,493,760	14,341,400,590,360	25,154,938,761,216	25,945,969,811,456	22,034,264,555,520	29,685,706,653,696	674,287,321	1,260,324,679	0	0
em-p-ihep51	20260624173106102000000	21	23,052,259,889,152	23,052,841,508,864	14,350,504,789,229	25,154,938,761,216	25,945,969,811,456	22,034,264,555,520	29,685,706,653,696	375,980,428	954,082,833	0	0
em-p-ihep51	20260624173116107000000	22	23,053,027,090,432	23,053,287,751,680	14,342,954,796,248	25,154,938,761,216	25,945,969,811,456	22,034,264,555,520	29,685,706,653,696	382,950,225	1,337,914,008	0	0
em-p-ihep51	20260624173126207000000	21	23,053,032,853,504	23,053,885,186,048	14,343,640,319,894	25,154,938,761,216	25,945,969,811,456	22,034,264,555,520	29,685,706,653,696	181,593,334	2,234,547,218	0	0
em-p-ihep51	20260624173136216000000	19	23,053,406,773,248	23,054,119,919,616	14,344,973,559,118	25,154,938,761,216	25,945,969,811,456	22,034,264,555,520	29,685,706,653,696	196,864,165	1,690,914,108	0	0
em-p-ihep51	20260624173146220000000	22	23,053,409,095,680	23,053,669,998,592	14,342,802,474,588	25,154,938,761,216	25,945,969,811,456	22,034,264,555,520	29,685,706,653,696	154,487,128	621,590,900	0	0
em-p-ihep51	20260624173156310000000	20	23,050,376,876,032	23,050,694,160,384	14,345,154,001,075	25,154,938,761,216	25,945,969,811,456	22,034,264,555,520	29,685,706,653,696	167,613,668	836,234,061	0	0
em-p-ihep51	20260624173206399000000	17	23,056,951,308,288	23,057,276,489,728	14,357,778,092,553	25,154,938,761,216	25,945,969,811,456	22,034,264,555,520	29,685,706,653,696	304,507,831	1,313,566,434	0	0
em-p-ihep51	20260624173216486000000	16	23,061,879,697,408	23,062,104,911,872	14,358,607,517,515	25,154,938,761,216	25,945,969,811,456	22,034,264,555,520	29,685,706,653,696	383,765,833	1,358,275,158	0	0
em-p-ihep51	20260624173226583000000	17	23,058,620,162,048	23,059,139,948,544	14,354,426,408,074	25,154,938,761,216	25,945,969,811,456	22,034,264,555,520	29,685,706,653,696	438,310,144	1,833,593,322	0	0
em-p-ihep51	20260624173236665000000	17	23,053,927,768,064	23,054,591,008,768	14,350,153,841,906	25,154,938,761,216	25,945,969,811,456	22,034,264,555,520	29,685,706,653,696	216,439,792	1,671,322,214	0	0
em-p-ihep51	20260624173246760000000	10	23,053,929,009,152	23,054,174,146,560	14,352,580,695,844	25,154,938,761,216	25,945,969,811,456	22,034,264,555,520	29,685,706,653,696	227,429,863	759,946,229	0	0
em-p-ihep51	20260624173256759000000	11	23,053,964,312,576	23,054,190,383,104	14,354,582,068,758	25,154,938,761,216	25,945,969,811,456	22,034,264,555,520	29,685,706,653,696	300,765,980	695,397,619	0	0
em-p-ihep51	20260624173306859000000	10	23,053,965,393,920	23,054,190,493,696	14,357,613,281,770	25,154,938,761,216	25,945,969,811,456	22,034,264,555,520	29,685,706,653,696	168,290,488	599,175,277	0	0
em-p-ihep51	20260624173316965000000	12	23,055,010,873,344	23,055,334,502,400	14,358,423,354,435	25,154,938,761,216	25,945,969,811,456	22,034,264,555,520	29,685,706,653,696	130,923,587	1,015,994,298	0	0
em-p-ihep51	20260624173327041000000	12	23,057,827,418,112	23,058,037,084,160	14,358,545,143,101	25,154,938,761,216	25,945,969,811,456	22,034,264,555,520	29,685,706,653,696	277,424,322	967,909,106	0	0
em-p-ihep51	20260624173337039000000	11	23,062,503,354,368	23,062,724,964,352	14,358,908,587,728	25,154,938,761,216	25,945,969,811,456	22,034,264,555,520	29,685,706,653,696	223,873,644	1,018,748,093	0	0
em-p-ihep51	20260624173347039000000	11	23,055,418,175,488	23,055,608,766,464	14,355,167,533,826	25,154,938,761,216	25,945,969,811,456	22,034,264,555,520	29,685,706,653,696	568,063,569	1,445,171,755	0	0
em-p-ihep51	20260624173357045000000	10	23,053,680,353,280	23,054,174,253,056	14,351,113,644,718	25,154,938,761,216	25,945,969,811,456	22,034,264,555,520	29,685,706,653,696	511,017,137	821,124,754	0	0
em-p-ihep51	20260624173407072000000	9	23,054,613,782,528	23,054,037,610,496	14,360,880,889,322	25,154,938,761,216	25,945,969,811,456	22,034,264,555,520	29,685,706,653,696	222,673,254	989,836,692	0	0
em-p-ihep51	20260624173417149000000	10	23,068,350,447,616	23,066,981,818,368	14,367,534,202,330	25,154,938,761,216	25,945,969,811,456	22,034,264,555,520	29,685,706,653,696	193,582,447	1,743,000,090	0	0
em-p-ihep51	20260624173427251000000	10	23,063,626,481,664	23,063,823,503,360	14,357,676,657,647	25,154,938,761,216	25,945,969,811,456	22,034,264,555,520	29,685,706,653,696	473,634,775	1,947,845,763	0	0
em-p-ihep51	20260624173437340000000	9	23,056,333,991,936	23,056,555,114,496	14,356,929,684,821	25,154,938,761,216	25,945,969,811,456	22,034,264,555,520	29,685,706,653,696	167,162,177	792,930,361	0	0
em-p-ihep51	20260624173447414000000	8	23,056,832,077,824	23,057,027,153,920	14,353,197,239,222	25,154,938,761,216	25,945,969,811,456	22,034,264,555,520	29,685,706,653,696	131,332,595	592,127,611	0	0
em-p-ihep51	20260624173457489000000	7	23,050,564,460,544	23,050,749,640,704	14,341,278,428,160	25,154,938,761,216	25,945,969,811,456	22,034,264,555,520	29,685,706,653,696	97,745,454	601,862,104	0	0
em-p-ihep51	20260624173507563000000	11	23,050,564,894,720	23,051,228,848,128	14,342,181,356,702	25,154,938,761,216	25,945,969,811,456	22,034,264,555,520	29,685,706,653,696	244,375,428	1,109,652,738	0	0
em-p-ihep51	20260624173517662000000	9	23,050,565,005,312	23,050,781,085,696	14,345,181,141,088	25,154,938,761,216	25,945,969,811,456	22,034,264,555,520	29,685,706,653,696	217,418,311	2,011,884,570	0	0
em-p-ihep51	20260624173527770000000	10	23,052,705,849,344	23,052,893,069,312	14,348,993,784,579	25,154,938,761,216	25,945,969,811,456	22,034,264,555,520	29,685,706,653,696	228,839,968	1,221,416,971	0	0
em-p-ihep51	20260624173537838000000	11	23,050,842,640,384	23,051,045,093,376	14,342,331,628,172	25,154,938,761,216	25,945,969,811,456	22,034,264,555,520	29,685,706,653,696	139,236,256	557,760,703	0	0
em-p-ihep51	20260624173547937000000	10	23,050,843,275,264	23,051,027,398,656	14,339,938,687,515	25,154,938,761,216	25,945,969,811,456	22,034,264,555,520	29,685,706,653,696	569,001,376	956,292,604	0	0
em-p-ihep51	20260624173558012000000	12	23,050,845,102,080	23,051,016,413,184	14,348,184,582,524	25,154,938,761,216	25,945,969,811,456	22,034,264,555,520	29,685,706,653,696	324,808,922	545,102,722	0	0
em-p-ihep51	20260624173608098000000	10	23,052,371,935,232	23,052,544,745,472	14,348,231,308,775	25,154,938,761,216	25,945,969,811,456	22,034,264,555,520	29,685,706,653,696	195,793,794	374,301,767	0	0
em-p-ihep51	20260624173618191000000	11	23,051,189,227,520	23,051,358,851,072	14,345,516,127,042	25,154,938,761,216	25,945,969,811,456	22,034,264,555,520	29,685,706,653,696	385,559,408	955,146,011	0	0
em-p-ihep51	20260624173628333000000	13	23,054,250,106,880	23,054,800,478,208	14,349,373,571,719	25,154,938,761,216	25,945,969,811,456	22,034,264,555,520	29,685,706,653,696	347,245,592	2,434,838,443	0	0
em-p-ihep51	20260624173638381000000	11	23,053,490,061,312	23,053,657,841,664	14,345,279,271,359	25,154,938,761,216	25,945,969,811,456	22,034,264,555,520	29,685,706,653,696	390,698,077	1,414,619,210	0	0
em-p-ihep51	20260624173648476000000	11	23,053,489,954,816	23,053,703,577,600	14,348,224,446,328	25,154,938,761,216	25,945,969,811,456	22,034,264,555,520	29,685,706,653,696	382,741,465	605,100,878	0	0
em-p-ihep51	20260624173658561000000	9	23,055,778,619,392	23,055,944,347,648	14,342,712,791,071	25,154,938,761,216	25,945,969,811,456	22,034,264,555,520	29,685,706,653,696	168,982,912	366,572,604	0	0
em-p-ihep51	20260624173708654000000	11	23,053,488,738,304	23,053,689,409,536	14,348,641,068,719	25,154,938,761,216	25,945,969,811,456	22,034,264,555,520	29,685,706,653,696	197,351,176	451,145,398	0	0
em-p-ihep51	20260624173718762000000	8	23,053,488,902,144	23,053,689,917,440	14,346,174,578,656	25,154,938,761,216	25,945,969,811,456	22,034,264,555,520	29,685,706,653,696	291,352,361	848,226,505	0	0
em-p-ihep51	20260624173728838000000	9	23,055,777,370,112	23,056,243,007,488	14,343,037,100,852	25,154,938,761,216	25,945,969,811,456	22,034,264,555,520	29,685,706,653,696	179,541,762	950,122,915	0	0
em-p-ihep51	20260624173738925000000	8	23,053,484,937,216	23,053,316,939,776	14,343,864,152,916	25,154,938,761,216	25,945,969,811,456	22,034,264,555,520	29,685,706,653,696	456,022,296	426,315,995	0	0
em-p-ihep51	20260624173749015000000	8	23,052,496,211,968	23,052,701,118,464	14,338,901,460,662	25,154,938,761,216	25,945,969,811,456	22,034,264,555,520	29,685,706,653,696	153,521,078	913,433,822	0	0
em-p-ihep51	20260624173759112000000	7	23,052,495,024,128	23,053,164,032,000	14,343,718,171,755	25,154,938,761,216	25,945,969,811,456	22,034,264,555,520	29,685,706,653,696	108,579,219	834,139,797	0	0
em-p-ihep51	20260624173809175000000	7	23,052,496,105,472	23,052,771,254,272	14,350,195,733,457	25,154,938,761,216	25,945,969,811,456	22,034,264,555,520	29,685,706,653,696	219,039,456	546,663,894	0	0
em-p-ihep51	20260624173819271000000	11	23,052,089,442,304	23,052,293,103,616	14,343,838,727,251	25,154,938,761,216	25,945,969,811,456	22,034,264,555,520	29,685,706,653,696	133,155,098	545,780,936	0	0
em-p-ihep51	20260624173829273000000	9	23,052,087,230,464	23,052,289,314,816	14,341,151,227,899	25,154,938,761,216	25,945,969,811,456	22,034,264,555,520	29,685,706,653,696	128,157,060	346,370,049	0	0
em-p-ihep51	20260624173839283000000	8	23,052,086,079,488	23,052,843,503,616	14,341,721,053,734	25,154,938,761,216	25,945,969,811,456	22,034,264,555,520	29,685,706,653,696	109,044,933	353,239,133	0	0
em-p-ihep51	20260624173849379000000	7	23,052,085,972,992	23,052,291,358,720	14,341,163,074,224	25,154,938,761,216	25,945,969,811,456	22,034,264,555,520	29,685,706,653,696	210,565,223	661,837,345	0	0
em-p-ihep51	20260624173859381000000	9	23,052,084,785,152	23,052,290,170,880	14,334,583,521,168	25,154,938,761,216	25,945,969,811,456	22,034,264,555,520	29,685,706,653,696	427,848,250	814,349,154	0	0
em-p-ihep51	20260624173909411000000	13	23,052,091,944,960	23,052,458,135,552	14,352,363,462,463	25,154,938,761,216	25,945,969,811,456	22,034,264,555,520	29,685,706,653,696	293,187,096	2,939,384,982	0	0
em-p-ihep51	20260624173919494000000	11	23,053,013,299,200	23,053,442,732,032	14,353,417,163,418	25,154,938,761,216	25,945,969,811,456	22,034,264,555,520	29,685,706,653,696	204,354,524	1,730,749,837	0	0
em-p-ihep51	20260624173929593000000	10	23,050,869,325,824	23,051,079,225,344	14,341,869,632,408	25,154,938,761,216	25,945,969,811,456	22,034,264,555,520	29,685,706,653,696	165,558,810	920,694,115	0	0
em-p-ihep51	20260624173939677000000	9	23,050,868,142,080	23,051,075,796,992	14,335,356,872,631	25,154,938,761,216	25,945,969,811,456	22,034,264,555,520	29,685,706,653,696	144,533,661	479,821,022	0	0
em-p-ihep51	20260624173949787000000	8	23,050,868,305,920	23,051,080,245,248	14,339,727,777,688	25,154,938,761,216	25,945,969,811,456	22,034,264,555,520	29,685,706,653,696	540,556,494	822,924,725	0	0
em-p-ihep51	20260624173959877000000	8	23,050,874,028,032	23,051,082,444,800	14,339,416,997,878	25,154,938,761,216	25,945,969,811,456	22,034,264,555,520	29,685,706,653,696	250,116,533	457,570,736	0	0
em-p-ihep51	20260624174009977000000	21	23,051,718,692,864	23,051,923,415,040	14,392,334,546,893	25,154,938,761,216	25,945,969,811,456	22,034,264,555,520	29,685,706,653,696	501,056,108	1,584,561,812	0	0
em-p-ihep51	20260624174020072000000	19	23,051,716,542,464	23,051,922,780,160	14,371,195,833,734	25,154,938,761,216	25,945,969,811,456	22,034,264,555,520	29,685,706,653,696	420,444,372	719,495,605	0	0
em-p-ihep51	20260624174030176000000	15	23,051,757,449,216	23,052,161,015,808	14,358,028,743,268	25,154,938,761,216	25,945,969,811,456	22,034,264,555,520	29,685,706,653,696	378,692,302	2,288,034,480	77,824	0
em-p-ihep51	20260624174040290000000	16	23,052,138,909,696	23,052,429,922,304	14,366,900,892,341	25,154,938,761,216	25,945,969,811,456	22,034,264,555,520	29,685,706,653,696	169,063,955	1,085,565,219	12,288	0
em-p-ihep51	20260624174050280000000	19	23,052,126,294,016	23,052,409,401,344	14,341,873,287,805	25,154,938,761,216	25,945,969,811,456	22,034,264,555,520	29,685,706,653,696	490,404,312	1,721,053,921	0	0
em-p-ihep51	20260624174100284000000	14	23,052,117,086,208	23,052,833,939,456	14,346,296,415,591	25,154,938,761,216	25,945,969,811,456	22,034,264,555,520	29,685,706,653,696	360,491,938	686,482,209	0	0
em-p-ihep51	20260624174110312000000	23	23,052,301,348,864	23,052,476,080,128	14,352,254,065,679	25,154,938,761,216	25,945,969,811,456	22,034,264,555,520	29,685,706,653,696	372,100,057	1,113,475,104	0	0
em-p-ihep51	20260624174120327000000	24	23,054,258,987,008	23,054,662,492,160	14,354,565,236,556	25,154,938,761,216	25,945,969,811,456	22,034,264,555,520	29,685,706,653,696	282,299,416	3,021,017,207	0	0
em-p-ihep51	20260624174130315000000	21	23,054,256,521,216	23,054,475,456,512	14,350,083,005,700	25,154,938,761,216	25,945,969,811,456	22,034,264,555,520	29,685,706,653,696	108,606,335	838,323,543	0	0
em-p-ihep51	20260624174140318000000	25	23,052,727,488,512	23,052,980,133,888	14,352,532,272,360	25,154,938,761,216	25,945,969,811,456	22,034,264,555,520	29,685,706,653,696	346,460,978	872,417,671	0	0
em-p-ihep51	20260624174150342000000	25	23,052,730,101,760	23,053,018,140,672	14,347,721,495,104	25,154,938,761,216	25,945,969,811,456	22,034,264,555,520	29,685,706,653,696	241,599,901	2,229,387,803	0	0
em-p-ihep51	20260624174200418000000	20	23,053,327,548,416	23,053,147,848,704	14,351,279,806,258	25,154,938,761,216	25,945,969,811,456	22,034,264,555,520	29,685,706,653,696	407,841,874	1,675,737,544	0	0
em-p-ihep51	20260624174210444000000	26	23,054,264,848,384	23,054,528,667,648	14,349,651,398,453	25,154,938,761,216	25,945,969,811,456	22,034,264,555,520	29,685,706,653,696	446,609,845	1,628,149,220	0	0
em-p-ihep51	20260624174220453000000	20	23,054,057,791,488	23,054,318,366,720	14,348,120,158,427	25,154,938,761,216	25,945,969,811,456	22,034,264,555,520	29,685,706,653,696	503,673,809	1,345,930,742	0	0
em-p-ihep51	20260624174230490000000	20	23,051,762,847,744	23,052,005,015,552	14,351,728,531,059	25,154,938,761,216	25,945,969,811,456	22,034,264,555,520	29,685,706,653,696	257,310,995	2,334,977,883	0	0
em-p-ihep51	20260624174240501000000	27	23,051,767,582,720	23,052,012,720,128	14,348,788,534,021	25,154,938,761,216	25,945,969,811,456	22,034,264,555,520	29,685,706,653,696	323,760,107	722,636,817	0	0
em-p-ihep51	20260624174250513000000	21	23,054,056,587,264	23,054,287,507,456	14,347,993,289,909	25,154,938,761,216	25,945,969,811,456	22,034,264,555,520	29,685,706,653,696	257,917,842	1,025,979,739	0	0
em-p-ihep51	20260624174300514000000	19	23,054,062,997,504	23,054,473,539,584	14,348,809,170,252	25,154,938,761,216	25,945,969,811,456	22,034,264,555,520	29,685,706,653,696	118,128,942	2,262,231,722	0	0
em-p-ihep51	20260624174310606000000	18	23,051,774,582,784	23,052,003,217,408	14,353,215,777,951	25,154,938,761,216	25,945,969,811,456	22,034,264,555,520	29,685,706,653,696	291,751,713	1,191,014,400	0	0
em-p-ihep51	20260624174320695000000	21	23,052,695,674,880	23,052,767,670,272	14,348,527,020,415	25,154,938,761,216	25,945,969,811,456	22,034,264,555,520	29,685,706,653,696	97,262,594	1,001,681,843	0	0
em-p-ihep51	20260624174330777000000	11	23,058,639,777,792	23,058,363,662,336	14,368,774,285,354	25,154,938,761,216	25,945,969,811,456	22,034,264,555,520	29,685,706,653,696	102,080,390	1,188,284,597	0	0
em-p-ihep51	20260624174340871000000	19	23,060,983,824,384	23,061,212,164,096	14,364,852,921,653	25,154,938,761,216	25,945,969,811,456	22,034,264,555,520	29,685,706,653,696	89,556,732	2,431,877,416	0	0
em-p-ihep51	20260624174350951000000	20	23,060,986,150,912	23,061,229,912,064	14,381,977,298,283	25,154,938,761,216	25,945,969,811,456	22,034,264,555,520	29,685,706,653,696	358,724,315	1,253,828,111	0	0
em-p-ihep51	20260624174400955000000	20	23,061,272,911,872	23,061,215,096,832	14,380,905,150,001	25,154,938,761,216	25,945,969,811,456	22,034,264,555,520	29,685,706,653,696	483,057,322	866,822,934	0	0
em-p-ihep51	20260624174410966000000	17	23,063,374,934,016	23,063,606,091,776	14,377,024,032,147	25,154,938,761,216	25,945,969,811,456	22,034,264,555,520	29,685,706,653,696	362,174,620	1,052,203,509	0	0
em-p-ihep51	20260624174421053000000	20	23,067,738,275,840	23,067,781,853,184	14,390,368,860,566	25,154,938,761,216	25,945,969,811,456	22,034,264,555,520	29,685,706,653,696	142,625,591	618,984,776	0	0
em-p-ihep51	20260624174431135000000	18	23,069,295,882,240	23,069,513,064,448	14,378,092,134,634	25,154,938,761,216	25,945,969,811,456	22,034,264,555,520	29,685,706,653,696	92,710,745	391,094,418	0	0
em-p-ihep51	20260624174441149000000	18	23,066,453,213,184	23,066,670,895,104	14,375,059,020,172	25,154,938,761,216	25,945,969,811,456	22,034,264,555,520	29,685,706,653,696	205,092,783	594,120,475	0	0
em-p-ihep51	20260624174451249000000	20	23,066,453,106,688	23,066,699,960,320	14,380,882,757,520	25,154,938,761,216	25,945,969,811,456	22,034,264,555,520	29,685,706,653,696	464,601,362	738,064,189	0	0
em-p-ihep51	20260624174501353000000	21	23,068,397,891,584	23,068,613,570,560	14,368,032,746,393	25,154,938,761,216	25,945,969,811,456	22,034,264,555,520	29,685,706,653,696	260,263,256	762,668,490	0	0
em-p-ihep51	20260624174511365000000	31	23,052,297,883,648	23,052,514,095,104	14,365,098,942,411	25,154,938,761,216	25,945,969,811,456	22,034,264,555,520	29,685,706,653,696	460,379,336	1,162,974,633	0	0
em-p-ihep51	20260624174521359000000	25	23,053,068,525,568	23,053,285,003,264	14,357,756,086,801	25,154,938,761,216	25,945,969,811,456	22,034,264,555,520	29,685,706,653,696	293,008,840	1,483,791,384	0	0
em-p-ihep51	20260624174531344000000	25	23,049,602,084,864	23,050,291,085,312	14,363,264,074,467	25,154,938,761,216	25,945,969,811,456	22,034,264,555,520	29,685,706,653,696	377,360,749	656,783,271	0	0
em-p-ihep51	20260624174541368000000	25	23,049,603,055,616	23,049,820,602,368	14,350,382,461,400	25,154,938,761,216	25,945,969,811,456	22,034,264,555,520	29,685,706,653,696	301,848,716	583,979,689	0	0
em-p-ihep51	20260624174551372000000	21	23,049,602,949,120	23,049,820,422,144	14,354,352,073,498	25,154,938,761,216	25,945,969,811,456	22,034,264,555,520	29,685,706,653,696	158,430,054	462,611,481	0	0
em-p-ihep51	20260624174601394000000	21	23,051,543,580,672	23,051,772,575,744	14,353,376,237,544	25,154,938,761,216	25,945,969,811,456	22,034,264,555,520	29,685,706,653,696	201,780,544	508,667,586	0	0
em-p-ihep51	20260624174611430000000	25	23,052,074,672,128	23,051,794,968,576	14,353,281,668,752	25,154,938,761,216	25,945,969,811,456	22,034,264,555,520	29,685,706,653,696	329,400,790	592,874,630	0	0
em-p-ihep51	20260624174621388000000	26	23,053,469,237,248	23,053,684,957,184	14,351,039,974,756	25,154,938,761,216	25,945,969,811,456	22,034,264,555,520	29,685,706,653,696	142,335,117	1,227,048,150	0	0
em-p-ihep51	20260624174631422000000	21	23,053,475,102,720	23,054,087,680,000	14,348,317,726,267	25,154,938,761,216	25,945,969,811,456	22,034,264,555,520	29,685,706,653,696	324,737,821	1,916,273,912	0	0
em-p-ihep51	20260624174641399000000	21	23,051,535,523,840	23,051,739,320,320	14,354,181,349,513	25,154,938,761,216	25,945,969,811,456	22,034,264,555,520	29,685,706,653,696	156,376,529	1,734,315,513	0	0
em-p-ihep51	20260624174651505000000	22	23,052,438,441,984	23,052,576,641,024	14,348,392,095,028	25,154,938,761,216	25,945,969,811,456	22,034,264,555,520	29,685,706,653,696	385,101,041	868,288,128	0	0
em-p-ihep51	20260624174701522000000	17	23,053,862,842,368	23,054,093,742,080	14,347,149,334,914	25,154,938,761,216	25,945,969,811,456	22,034,264,555,520	29,685,706,653,696	124,595,889	426,907,699	0	0
em-p-ihep51	20260624174711518000000	16	23,052,868,280,320	23,053,112,205,312	14,354,455,196,505	25,154,938,761,216	25,945,969,811,456	22,034,264,555,520	29,685,706,653,696	132,454,108	659,690,585	0	0
em-p-ihep51	20260624174721551000000	14	23,057,112,416,256	23,056,682,979,328	14,352,839,295,203	25,154,938,761,216	25,945,969,811,456	22,034,264,555,520	29,685,706,653,696	284,768,413	1,004,457,644	0	0
em-p-ihep51	20260624174731539000000	17	23,055,230,566,400	23,055,055,282,176	14,354,255,440,796	25,154,938,761,216	25,945,969,811,456	22,034,264,555,520	29,685,706,653,696	132,121,150	602,587,417	0	0
em-p-ihep51	20260624174741537000000	16	23,056,215,670,784	23,056,443,559,936	14,355,552,940,849	25,154,938,761,216	25,945,969,811,456	22,034,264,555,520	29,685,706,653,696	272,093,078	758,727,108	0	0
em-p-ihep51	20260624174751643000000	20	23,053,706,063,872	23,053,913,223,168	14,366,531,152,304	25,154,938,761,216	25,945,969,811,456	22,034,264,555,520	29,685,706,653,696	196,496,401	842,350,557	0	0
em-p-ihep51	20260624174801659000000	17	23,053,707,415,552	23,053,914,378,240	14,355,456,638,963	25,154,938,761,216	25,945,969,811,456	22,034,264,555,520	29,685,706,653,696	563,136,110	1,314,721,163	0	0
em-p-ihep51	20260624174811668000000	16	23,056,533,123,072	23,057,242,722,304	14,365,281,948,739	25,154,938,761,216	25,945,969,811,456	22,034,264,555,520	29,685,706,653,696	235,972,715	983,943,079	0	0
em-p-ihep51	20260624174821681000000	14	23,054,243,389,440	23,054,455,480,320	14,360,071,120,611	25,154,938,761,216	25,945,969,811,456	22,034,264,555,520	29,685,706,653,696	137,023,502	410,227,877	0	0
em-p-ihep51	20260624174831727000000	17	23,054,627,143,680	23,054,841,999,360	14,355,049,097,007	25,154,938,761,216	25,945,969,811,456	22,034,264,555,520	29,685,706,653,696	228,986,489	597,292,417	0	0
em-p-ihep51	20260624174841719000000	19	23,056,540,692,480	23,057,293,238,272	14,361,478,826,153	25,154,938,761,216	25,945,969,811,456	22,034,264,555,520	29,685,706,653,696	288,234,561	1,295,129,816	0	0
em-p-ihep51	20260624174851768000000	19	23,056,536,748,032	23,056,748,470,272	14,364,156,528,251	25,154,938,761,216	25,945,969,811,456	22,034,264,555,520	29,685,706,653,696	364,060,540	741,953,979	0	0
em-p-ihep51	20260624174901768000000	17	23,058,484,633,600	23,058,696,466,432	14,357,643,108,088	25,154,938,761,216	25,945,969,811,456	22,034,264,555,520	29,685,706,653,696	221,962,892	599,285,946	0	0
em-p-ihep51	20260624174911803000000	23	23,056,442,998,784	23,056,654,729,216	14,374,599,005,420	25,154,938,761,216	25,945,969,811,456	22,034,264,555,520	29,685,706,653,696	644,780,651	1,603,111,606	0	0
em-p-ihep51	20260624174921770000000	17	23,059,385,405,440	23,063,043,215,360	14,360,481,406,888	25,154,938,761,216	25,945,969,811,456	22,034,264,555,520	29,685,706,653,696	178,484,616	1,555,473,181	0	0
em-p-ihep51	20260624174931782000000	16	23,052,267,081,728	23,052,497,776,640	14,356,144,025,764	25,154,938,761,216	25,945,969,811,456	22,034,264,555,520	29,685,706,653,696	341,863,595	1,289,941,975	0	0
em-p-ihep51	20260624174941802000000	14	23,053,481,594,880	23,053,682,319,360	14,348,314,128,252	25,154,938,761,216	25,945,969,811,456	22,034,264,555,520	29,685,706,653,696	449,804,156	777,379,445	0	0
em-p-ihep51	20260624174951819000000	16	23,051,446,571,008	23,052,067,000,320	14,364,272,401,431	25,154,938,761,216	25,945,969,811,456	22,034,264,555,520	29,685,706,653,696	336,036,093	2,377,171,647	0	0
em-p-ihep51	20260624175001908000000	14	23,051,450,757,120	23,051,653,103,616	14,349,894,592,081	25,154,938,761,216	25,945,969,811,456	22,034,264,555,520	29,685,706,653,696	177,109,718	1,263,690,330	0	0
em-p-ihep51	20260624175011947000000	20	23,051,458,019,328	23,051,686,174,720	14,371,096,346,213	25,154,938,761,216	25,945,969,811,456	22,034,264,555,520	29,685,706,653,696	168,324,675	1,328,405,498	0	0
em-p-ihep51	20260624175021956000000	21	23,048,053,121,024	23,048,845,295,616	14,352,723,916,408	25,154,938,761,216	25,945,969,811,456	22,034,264,555,520	29,685,706,653,696	669,437,124	2,619,186,896	0	0
em-p-ihep51	20260624175031971000000	23	23,048,055,390,208	23,048,274,882,560	14,349,803,767,650	25,154,938,761,216	25,945,969,811,456	22,034,264,555,520	29,685,706,653,696	390,915,731	610,669,368	0	0
em-p-ihep51	20260624175042025000000	20	23,048,054,456,320	23,048,315,973,632	14,350,237,066,735	25,154,938,761,216	25,945,969,811,456	22,034,264,555,520	29,685,706,653,696	122,937,713	843,512,905	0	0
em-p-ihep51	20260624175051986000000	18	23,048,055,779,328	23,048,352,366,592	14,341,294,575,811	25,154,938,761,216	25,945,969,811,456	22,034,264,555,520	29,685,706,653,696	230,842,522	1,659,064,350	0	0
em-p-ihep51	20260624175101989000000	16	23,048,054,558,720	23,048,339,763,200	14,344,715,526,893	25,154,938,761,216	25,945,969,811,456	22,034,264,555,520	29,685,706,653,696	140,453,528	461,629,670	20,480	0
em-p-ihep51	20260624175112024000000	15	23,048,054,722,560	23,048,325,136,384	14,345,995,046,874	25,154,938,761,216	25,945,969,811,456	22,034,264,555,520	29,685,706,653,696	298,427,239	923,772,308	0	0
em-p-ihep51	20260624175122085000000	18	23,049,584,422,912	23,049,795,850,240	14,342,959,888,632	25,154,938,761,216	25,945,969,811,456	22,034,264,555,520	29,685,706,653,696	280,492,296	1,025,760,651	0	0
em-p-ihep51	20260624175132170000000	17	23,049,583,325,184	23,049,823,506,432	14,345,975,800,215	25,154,938,761,216	25,945,969,811,456	22,034,264,555,520	29,685,706,653,696	120,108,996	282,350,329	0	0
em-p-ihep51	20260624175142193000000	17	23,049,583,325,184	23,049,798,225,920	14,345,507,847,664	25,154,938,761,216	25,945,969,811,456	22,034,264,555,520	29,685,706,653,696	555,229,010	833,743,613	0	0
em-p-ihep51	20260624175152275000000	15	23,049,584,406,528	23,049,798,361,088	14,334,395,706,740	25,154,938,761,216	25,945,969,811,456	22,034,264,555,520	29,685,706,653,696	331,565,511	632,753,395	0	0
em-p-ihep51	20260624175202276000000	13	23,049,584,570,368	23,049,788,563,456	14,339,657,279,581	25,154,938,761,216	25,945,969,811,456	22,034,264,555,520	29,685,706,653,696	436,699,276	1,091,684,168	0	0
em-p-ihep51	20260624175212284000000	15	23,050,274,807,808	23,050,477,436,928	14,339,595,592,719	25,154,938,761,216	25,945,969,811,456	22,034,264,555,520	29,685,706,653,696	459,170,736	1,432,366,694	0	0
em-p-ihep51	20260624175222300000000	14	23,050,272,579,584	23,050,475,761,664	14,341,116,737,909	25,154,938,761,216	25,945,969,811,456	22,034,264,555,520	29,685,706,653,696	368,802,201	801,772,350	0	0
em-p-ihep51	20260624175232379000000	15	23,051,880,697,856	23,051,828,572,160	14,336,065,933,839	25,154,938,761,216	25,945,969,811,456	22,034,264,555,520	29,685,706,653,696	189,639,692	641,596,713	0	0
em-p-ihep51	20260624175242387000000	11	23,052,223,647,744	23,052,442,611,712	14,344,587,178,752	25,154,938,761,216	25,945,969,811,456	22,034,264,555,520	29,685,706,653,696	361,156,335	826,507,664	0	0
em-p-ihep51	20260624175252472000000	11	23,049,934,823,424	23,050,137,067,520	14,336,065,904,353	25,154,938,761,216	25,945,969,811,456	22,034,264,555,520	29,685,706,653,696	369,273,054	848,071,095	0	0
em-p-ihep51	20260624175302548000000	11	23,049,934,987,264	23,050,140,282,880	14,335,079,354,856	25,154,938,761,216	25,945,969,811,456	22,034,264,555,520	29,685,706,653,696	313,182,541	547,619,748	0	0
em-p-ihep51	20260624175312561000000	13	23,049,945,153,536	23,050,524,368,896	14,332,521,055,450	25,154,938,761,216	25,945,969,811,456	22,034,264,555,520	29,685,706,653,696	71,498,558	1,228,947,717	0	0
em-p-ihep51	20260624175322631000000	11	23,049,956,143,104	23,050,159,239,168	14,335,263,944,635	25,154,938,761,216	25,945,969,811,456	22,034,264,555,520	29,685,706,653,696	144,759,566	1,227,881,203	8,192	0
em-p-ihep51	20260624175332736000000	10	23,049,954,955,264	23,050,129,002,496	14,336,632,707,980	25,154,938,761,216	25,945,969,811,456	22,034,264,555,520	29,685,706,653,696	273,033,729	946,672,540	0	0
em-p-ihep51	20260624175342735000000	11	23,049,957,654,528	23,050,132,140,032	14,330,565,021,426	25,154,938,761,216	25,945,969,811,456	22,034,264,555,520	29,685,706,653,696	167,065,978	893,827,827	0	0
em-p-ihep51	20260624175352827000000	10	23,050,946,572,288	23,051,125,960,704	14,336,343,568,276	25,154,938,761,216	25,945,969,811,456	22,034,264,555,520	29,685,706,653,696	79,257,815	778,557,239	0	0
em-p-ihep51	20260624175402917000000	11	23,049,486,827,520	23,049,631,297,536	14,335,507,302,844	25,154,938,761,216	25,945,969,811,456	22,034,264,555,520	29,685,706,653,696	130,183,726	824,798,115	0	0
em-p-ihep51	20260624175413021000000	13	23,049,486,721,024	23,049,628,110,848	14,330,311,972,106	25,154,938,761,216	25,945,969,811,456	22,034,264,555,520	29,685,706,653,696	124,668,669	870,234,420	0	0
em-p-ihep51	20260624175423029000000	11	23,049,486,610,432	23,049,646,182,400	14,351,417,859,853	25,154,938,761,216	25,945,969,811,456	22,034,264,555,520	29,685,706,653,696	76,532,978	416,870,496	0	0
em-p-ihep51	20260624175433036000000	14	23,049,490,120,704	23,049,634,611,200	14,335,893,726,497	25,154,938,761,216	25,945,969,811,456	22,034,264,555,520	29,685,706,653,696	79,844,654	396,700,447	0	0
em-p-ihep51	20260624175443115000000	14	23,049,490,014,208	23,049,634,664,448	14,334,567,265,474	25,154,938,761,216	25,945,969,811,456	22,034,264,555,520	29,685,706,653,696	273,090,864	1,184,046,957	0	0
em-p-ihep51	20260624175453104000000	12	23,050,271,412,224	23,050,458,324,992	14,332,911,962,200	25,154,938,761,216	25,945,969,811,456	22,034,264,555,520	29,685,706,653,696	106,095,174	768,496,857	0	0
em-p-ihep51	20260624175503209000000	13	23,051,805,605,888	23,051,947,581,440	14,336,022,851,225	25,154,938,761,216	25,945,969,811,456	22,034,264,555,520	29,685,706,653,696	210,348,340	898,464,606	0	0
em-p-ihep51	20260624175513295000000	17	23,049,518,166,016	23,049,846,579,200	14,354,216,997,906	25,154,938,761,216	25,945,969,811,456	22,034,264,555,520	29,685,706,653,696	368,571,877	2,756,859,959	0	0
em-p-ihep51	20260624175523373000000	17	23,049,519,378,432	23,049,661,763,584	14,338,031,074,588	25,154,938,761,216	25,945,969,811,456	22,034,264,555,520	29,685,706,653,696	324,266,515	1,116,615,847	0	0
em-p-ihep51	20260624175533507000000	17	23,049,519,542,272	23,050,064,687,104	14,335,701,055,251	25,154,938,761,216	25,945,969,811,456	22,034,264,555,520	29,685,706,653,696	359,266,710	833,348,196	0	0
em-p-ihep51	20260624175543569000000	14	23,049,520,242,688	23,049,662,918,656	14,343,049,167,850	25,154,938,761,216	25,945,969,811,456	22,034,264,555,520	29,685,706,653,696	103,592,334	481,140,341	0	0
em-p-ihep51	20260624175553666000000	14	23,049,521,848,320	23,049,688,825,856	14,337,656,937,550	25,154,938,761,216	25,945,969,811,456	22,034,264,555,520	29,685,706,653,696	515,377,817	811,872,175	0	0
em-p-ihep51	20260624175603665000000	17	23,049,522,929,664	23,050,243,588,096	14,341,313,659,721	25,154,938,761,216	25,945,969,811,456	22,034,264,555,520	29,685,706,653,696	345,691,803	627,478,153	0	0
em-p-ihep51	20260624175613750000000	19	23,050,033,217,536	23,050,202,750,976	14,343,439,922,654	25,154,938,761,216	25,945,969,811,456	22,034,264,555,520	29,685,706,653,696	287,131,346	512,451,107	0	0
em-p-ihep51	20260624175623842000000	13	23,050,033,381,376	23,050,178,052,096	14,334,662,593,211	25,154,938,761,216	25,945,969,811,456	22,034,264,555,520	29,685,706,653,696	170,235,278	1,025,844,243	0	0
em-p-ihep51	20260624175633948000000	16	23,050,034,626,560	23,050,174,758,912	14,338,272,096,607	25,154,938,761,216	25,945,969,811,456	22,034,264,555,520	29,685,706,653,696	322,244,823	935,286,059	0	0
em-p-ihep51	20260624175643971000000	21	23,050,034,790,400	23,050,192,465,920	14,340,148,527,198	25,154,938,761,216	25,945,969,811,456	22,034,264,555,520	29,685,706,653,696	448,171,108	690,945,325	0	0
em-p-ihep51	20260624175654034000000	19	23,050,033,602,560	23,050,176,573,440	14,337,289,234,416	25,154,938,761,216	25,945,969,811,456	22,034,264,555,520	29,685,706,653,696	199,032,163	648,582,593	0	0
em-p-ihep51	20260624175704119000000	14	23,050,034,683,904	23,050,178,170,880	14,335,154,603,268	25,154,938,761,216	25,945,969,811,456	22,034,264,555,520	29,685,706,653,696	503,141,161	653,527,472	0	0
em-p-ihep51	20260624175714219000000	14	23,050,034,577,408	23,050,199,089,152	14,335,941,671,650	25,154,938,761,216	25,945,969,811,456	22,034,264,555,520	29,685,706,653,696	494,713,495	1,138,211,989	0	0
em-p-ihep51	20260624175724350000000	12	23,050,840,244,224	23,050,947,829,760	14,337,316,441,997	25,154,938,761,216	25,945,969,811,456	22,034,264,555,520	29,685,706,653,696	463,831,184	1,395,930,484	0	0
em-p-ihep51	20260624175734425000000	12	23,051,943,976,960	23,052,093,149,184	14,331,569,941,419	25,154,938,761,216	25,945,969,811,456	22,034,264,555,520	29,685,706,653,696	84,487,567	321,440,654	0	0
em-p-ihep51	20260624175744447000000	16	23,051,558,891,520	23,051,761,688,576	14,336,328,106,907	25,154,938,761,216	25,945,969,811,456	22,034,264,555,520	29,685,706,653,696	466,907,335	1,281,900,300	0	0
em-p-ihep51	20260624175754536000000	14	23,050,033,004,544	23,050,188,500,992	14,336,158,335,995	25,154,938,761,216	25,945,969,811,456	22,034,264,555,520	29,685,706,653,696	749,046,829	1,344,451,017	0	0
em-p-ihep51	20260624175804619000000	12	23,050,032,898,048	23,050,188,767,232	14,335,289,548,463	25,154,938,761,216	25,945,969,811,456	22,034,264,555,520	29,685,706,653,696	407,866,984	808,334,404	0	0
em-p-ihep51	20260624175814626000000	15	23,050,033,975,296	23,050,192,809,984	14,337,570,122,835	25,154,938,761,216	25,945,969,811,456	22,034,264,555,520	29,685,706,653,696	623,773,601	929,778,286	0	0
em-p-ihep51	20260624175824680000000	12	23,050,038,734,848	23,050,691,915,776	14,335,684,425,119	25,154,938,761,216	25,945,969,811,456	22,034,264,555,520	29,685,706,653,696	606,682,150	676,890,781	0	0
em-p-ihep51	20260624175834727000000	11	23,050,038,628,352	23,050,199,994,368	14,336,060,268,083	25,154,938,761,216	25,945,969,811,456	22,034,264,555,520	29,685,706,653,696	223,616,336	816,769,530	0	0
em-p-ihep51	20260624175844727000000	12	23,050,038,792,192	23,050,200,473,600	14,336,857,611,479	25,154,938,761,216	25,945,969,811,456	22,034,264,555,520	29,685,706,653,696	170,262,601	920,218,320	0	0
em-p-ihep51	20260624175854741000000	13	23,050,038,951,936	23,050,453,630,976	14,332,857,705,589	25,154,938,761,216	25,945,969,811,456	22,034,264,555,520	29,685,706,653,696	116,566,178	870,512,169	0	0
em-p-ihep51	20260624175904827000000	13	23,050,038,845,440	23,050,197,991,424	14,335,919,271,623	25,154,938,761,216	25,945,969,811,456	22,034,264,555,520	29,685,706,653,696	344,199,047	1,229,120,461	0	0
em-p-ihep51	20260624175914916000000	15	23,058,681,102,336	23,057,134,141,440	14,347,727,306,032	25,154,938,761,216	25,945,969,811,456	22,034,264,555,520	29,685,706,653,696	369,969,882	1,864,153,987	0	0
em-p-ihep51	20260624175925026000000	14	23,049,996,001,280	23,050,157,010,944	14,331,704,969,469	25,154,938,761,216	25,945,969,811,456	22,034,264,555,520	29,685,706,653,696	347,806,829	1,639,718,812	0	0
em-p-ihep51	20260624175935066000000	12	23,051,521,671,168	23,051,685,879,808	14,338,152,411,421	25,154,938,761,216	25,945,969,811,456	22,034,264,555,520	29,685,706,653,696	97,915,857	621,498,055	0	0
em-p-ihep51	20260624175945160000000	14	23,050,062,655,488	23,050,223,042,560	14,337,338,197,320	25,154,938,761,216	25,945,969,811,456	22,034,264,555,520	29,685,706,653,696	505,854,501	1,087,102,758	0	0
em-p-ihep51	20260624175955257000000	12	23,050,821,382,144	23,050,985,447,424	14,335,747,267,888	25,154,938,761,216	25,945,969,811,456	22,034,264,555,520	29,685,706,653,696	432,967,533	597,236,466	0	0
em-p-ihep51	20260624180005291000000	23	23,051,607,908,352	23,052,238,565,376	14,356,604,049,043	25,154,938,761,216	25,945,969,811,456	22,034,264,555,520	29,685,706,653,696	713,565,686	2,383,989,110	0	0
em-p-ihep51	20260624180015305000000	33	23,052,922,720,256	23,052,922,155,008	14,399,071,004,602	25,154,938,761,216	25,945,969,811,456	22,034,264,555,520	29,685,706,653,696	885,205,943	3,107,994,109	0	0
em-p-ihep51	20260624180025295000000	27	23,053,576,052,736	23,053,426,384,896	14,366,007,078,335	25,154,938,761,216	25,945,969,811,456	22,034,264,555,520	29,685,706,653,696	621,213,705	1,645,997,815	0	0
em-p-ihep51	20260624180035325000000	25	23,058,594,570,240	23,058,819,543,040	14,393,369,633,167	25,154,938,761,216	25,945,969,811,456	22,034,264,555,520	29,685,706,653,696	349,085,311	1,153,855,585	0	0
em-p-ihep51	20260624180045347000000	25	23,060,276,752,384	23,060,101,308,416	14,419,644,481,745	25,154,938,761,216	25,945,969,811,456	22,034,264,555,520	29,685,706,653,696	307,903,613	1,101,371,286	0	0
em-p-ihep51	20260624180055397000000	34	23,060,457,046,016	23,060,740,960,256	14,407,891,078,917	25,154,938,761,216	25,945,969,811,456	22,034,264,555,520	29,685,706,653,696	510,739,160	949,258,028	0	0
em-p-ihep51	20260624180105427000000	44	23,061,477,371,904	23,061,774,315,520	14,404,548,409,456	25,154,938,761,216	25,945,969,811,456	22,034,264,555,520	29,685,706,653,696	570,454,270	957,622,754	0	0
em-p-ihep51	20260624180115430000000	43	23,061,627,191,296	23,062,065,455,104	14,386,519,210,380	25,154,938,761,216	25,945,969,811,456	22,034,264,555,520	29,685,706,653,696	739,986,754	1,958,088,323	0	0
em-p-ihep51	20260624180125493000000	39	23,061,372,936,192	23,061,646,958,592	14,386,347,134,178	25,154,938,761,216	25,945,969,811,456	22,034,264,555,520	29,685,706,653,696	627,813,599	1,412,993,833	16,384	0
em-p-ihep51	20260624180135513000000	33	23,062,354,468,864	23,062,693,203,968	14,384,155,143,267	25,154,938,761,216	25,945,969,811,456	22,034,264,555,520	29,685,706,653,696	577,828,603	841,037,602	0	0
em-p-ihep51	20260624180145484000000	26	23,063,673,655,296	23,064,083,628,032	14,396,569,536,165	25,154,938,761,216	25,945,969,811,456	22,034,264,555,520	29,685,706,653,696	571,057,715	2,384,854,110	0	0
em-p-ihep51	20260624180155563000000	25	23,064,150,999,040	23,064,424,484,864	14,401,042,058,102	25,154,938,761,216	25,945,969,811,456	22,034,264,555,520	29,685,706,653,696	700,438,165	1,147,127,219	0	0
em-p-ihep51	20260624180205611000000	48	23,064,174,321,664	23,064,713,945,088	14,410,299,244,989	25,154,938,761,216	25,945,969,811,456	22,034,264,555,520	29,685,706,653,696	772,312,634	1,774,221,234	0	0
em-p-ihep51	20260624180215641000000	50	23,064,783,699,968	23,064,969,273,344	14,418,549,566,841	25,154,938,761,216	25,945,969,811,456	22,034,264,555,520	29,685,706,653,696	822,227,825	1,619,920,959	0	0
em-p-ihep51	20260624180225664000000	43	23,065,817,870,336	23,066,055,532,544	14,419,980,740,514	25,154,938,761,216	25,945,969,811,456	22,034,264,555,520	29,685,706,653,696	882,119,294	2,041,462,676	0	0
em-p-ihep51	20260624180235706000000	43	23,065,894,260,736	23,066,086,547,456	14,426,740,674,778	25,154,938,761,216	25,945,969,811,456	22,034,264,555,520	29,685,706,653,696	837,394,957	1,425,848,365	0	0
em-p-ihep51	20260624180245732000000	36	23,065,891,508,224	23,066,505,236,480	14,426,548,672,821	25,154,938,761,216	25,945,969,811,456	22,034,264,555,520	29,685,706,653,696	913,308,573	1,266,755,729	0	0
em-p-ihep51	20260624180255812000000	23	23,066,589,114,368	23,066,854,993,920	14,441,736,549,754	25,154,938,761,216	25,945,969,811,456	22,034,264,555,520	29,685,706,653,696	655,472,959	1,023,015,396	0	0
em-p-ihep51	20260624180305891000000	19	23,067,025,444,864	23,066,886,639,616	14,446,351,228,882	25,154,938,761,216	25,945,969,811,456	22,034,264,555,520	29,685,706,653,696	569,382,750	930,061,919	0	0
em-p-ihep51	20260624180315882000000	17	23,072,647,700,480	23,072,387,559,424	14,450,001,293,722	25,154,938,761,216	25,945,969,811,456	22,034,264,555,520	29,685,706,653,696	375,667,761	992,762,330	0	0
em-p-ihep51	20260624180325964000000	14	23,074,230,333,440	23,074,409,127,936	14,460,773,742,441	25,154,938,761,216	25,945,969,811,456	22,034,264,555,520	29,685,706,653,696	299,393,287	1,212,750,108	0	0
em-p-ihep51	20260624180335982000000	15	23,078,025,269,248	23,078,216,470,528	14,461,796,764,249	25,154,938,761,216	25,945,969,811,456	22,034,264,555,520	29,685,706,653,696	353,561,363	1,145,291,252	0	0
em-p-ihep51	20260624180346068000000	14	23,083,610,402,816	23,083,825,000,448	14,470,202,875,294	25,154,938,761,216	25,945,969,811,456	22,034,264,555,520	29,685,706,653,696	436,088,230	941,189,406	0	0
em-p-ihep51	20260624180356200000000	14	23,086,400,876,544	23,086,369,660,928	14,479,576,256,445	25,154,938,761,216	25,945,969,811,456	22,034,264,555,520	29,685,706,653,696	554,206,074	787,143,829	0	0
em-p-ihep51	20260624180406248000000	14	23,090,679,476,224	23,090,841,550,848	14,487,133,309,945	25,154,938,761,216	25,945,969,811,456	22,034,264,555,520	29,685,706,653,696	316,871,819	1,122,855,515	0	0
em-p-ihep51	20260624180416347000000	14	23,100,367,257,600	23,100,298,555,392	14,496,645,838,664	25,154,938,761,216	25,945,969,811,456	22,034,264,555,520	29,685,706,653,696	457,297,454	883,345,216	0	0
em-p-ihep51	20260624180426348000000	16	23,103,331,917,824	23,103,499,845,632	14,499,726,638,925	25,154,938,761,216	25,945,969,811,456	22,034,264,555,520	29,685,706,653,696	333,809,304	750,169,205	0	0
em-p-ihep51	20260624180436346000000	14	23,109,596,573,696	23,109,782,962,176	14,509,999,090,496	25,154,938,761,216	25,945,969,811,456	22,034,264,555,520	29,685,706,653,696	422,565,439	969,331,724	0	0
em-p-ihep51	20260624180446441000000	18	23,118,037,389,312	23,118,230,155,264	14,509,412,391,524	25,154,938,761,216	25,945,969,811,456	22,034,264,555,520	29,685,706,653,696	679,814,865	1,183,567,619	0	0
em-p-ihep51	20260624180456523000000	16	23,122,655,596,544	23,122,883,219,456	14,497,600,008,310	25,154,938,761,216	25,945,969,811,456	22,034,264,555,520	29,685,706,653,696	563,071,271	1,594,789,768	0	0
em-p-ihep51	20260624180506548000000	16	23,131,209,781,248	23,130,922,991,616	14,508,884,943,084	25,154,938,761,216	25,945,969,811,456	22,034,264,555,520	29,685,706,653,696	626,185,067	1,433,048,261	0	0
em-p-ihep51	20260624180516634000000	17	23,132,538,429,440	23,132,762,615,808	14,507,126,989,911	25,154,938,761,216	25,945,969,811,456	22,034,264,555,520	29,685,706,653,696	432,000,509	2,393,758,978	0	0
em-p-ihep51	20260624180526716000000	14	23,132,539,723,776	23,133,448,065,024	14,505,443,479,701	25,154,938,761,216	25,945,969,811,456	22,034,264,555,520	29,685,706,653,696	460,315,918	3,666,695,947	0	0
em-p-ihep51	20260624180536726000000	12	23,129,471,639,552	23,129,692,606,464	14,498,686,846,331	25,154,938,761,216	25,945,969,811,456	22,034,264,555,520	29,685,706,653,696	443,783,701	874,499,981	0	0
em-p-ihep51	20260624180546823000000	11	23,127,592,701,952	23,127,788,498,944	14,499,175,986,024	25,154,938,761,216	25,945,969,811,456	22,034,264,555,520	29,685,706,653,696	479,129,532	1,066,757,529	0	0
em-p-ihep51	20260624180556920000000	14	23,127,261,667,328	23,127,450,128,384	14,490,288,970,748	25,154,938,761,216	25,945,969,811,456	22,034,264,555,520	29,685,706,653,696	389,277,658	755,372,756	0	0
em-p-ihep51	20260624180607014000000	13	23,118,186,778,624	23,118,365,388,800	14,479,248,383,805	25,154,938,761,216	25,945,969,811,456	22,034,264,555,520	29,685,706,653,696	212,853,655	618,034,510	0	0
em-p-ihep51	20260624180617116000000	13	23,125,327,790,080	23,125,080,928,256	14,478,223,907,944	25,154,938,761,216	25,945,969,811,456	22,034,264,555,520	29,685,706,653,696	565,969,092	1,607,354,398	0	0
em-p-ihep51	20260624180627209000000	11	23,125,435,158,528	23,125,615,329,280	14,471,200,096,404	25,154,938,761,216	25,945,969,811,456	22,034,264,555,520	29,685,706,653,696	555,820,696	1,392,474,101	0	0
em-p-ihep51	20260624180637320000000	13	23,125,432,139,776	23,125,631,221,760	14,485,464,394,988	25,154,938,761,216	25,945,969,811,456	22,034,264,555,520	29,685,706,653,696	879,207,991	1,487,810,912	0	0
em-p-ihep51	20260624180647405000000	15	23,125,434,568,704	23,125,614,571,520	14,475,134,167,604	25,154,938,761,216	25,945,969,811,456	22,034,264,555,520	29,685,706,653,696	216,995,648	642,089,406	0	0
em-p-ihep51	20260624180657499000000	13	23,125,433,380,864	23,125,607,133,184	14,478,110,319,735	25,154,938,761,216	25,945,969,811,456	22,034,264,555,520	29,685,706,653,696	411,193,582	673,022,982	0	0
em-p-ihep51	20260624180707508000000	13	23,125,434,462,208	23,125,611,470,848	14,491,933,319,247	25,154,938,761,216	25,945,969,811,456	22,034,264,555,520	29,685,706,653,696	374,530,409	482,191,402	0	0
em-p-ihep51	20260624180717590000000	13	23,125,513,834,496	23,125,683,695,616	14,480,168,074,189	25,154,938,761,216	25,945,969,811,456	22,034,264,555,520	29,685,706,653,696	161,832,752	689,677,418	0	0
em-p-ihep51	20260624180727593000000	9	23,126,051,799,040	23,126,228,893,696	14,476,241,325,715	25,154,938,761,216	25,945,969,811,456	22,034,264,555,520	29,685,706,653,696	418,080,064	896,414,670	0	0
em-p-ihep51	20260624180737672000000	12	23,126,050,611,200	23,126,227,988,480	14,475,929,886,337	25,154,938,761,216	25,945,969,811,456	22,034,264,555,520	29,685,706,653,696	426,807,700	1,076,464,330	0	0
em-p-ihep51	20260624180747673000000	9	23,126,051,692,544	23,126,234,398,720	14,471,371,804,144	25,154,938,761,216	25,945,969,811,456	22,034,264,555,520	29,685,706,653,696	288,681,740	1,209,800,687	0	0
em-p-ihep51	20260624180757800000000	9	23,126,123,495,424	23,126,303,334,400	14,477,059,221,481	25,154,938,761,216	25,945,969,811,456	22,034,264,555,520	29,685,706,653,696	246,384,429	405,353,515	0	0
em-p-ihep51	20260624180807866000000	12	23,126,123,495,424	23,126,308,372,480	14,488,719,474,166	25,154,938,761,216	25,945,969,811,456	22,034,264,555,520	29,685,706,653,696	138,266,440	590,885,302	0	0
em-p-ihep51	20260624180817949000000	12	23,126,123,659,264	23,126,351,585,280	14,475,233,463,399	25,154,938,761,216	25,945,969,811,456	22,034,264,555,520	29,685,706,653,696	118,198,877	325,394,021	0	0
em-p-ihep51	20260624180828048000000	12	23,126,370,058,240	23,126,550,642,688	14,477,732,071,283	25,154,938,761,216	25,945,969,811,456	22,034,264,555,520	29,685,706,653,696	171,286,010	506,917,175	0	0
em-p-ihep51	20260624180838141000000	9	23,127,477,350,400	23,127,293,353,984	14,472,089,423,228	25,154,938,761,216	25,945,969,811,456	22,034,264,555,520	29,685,706,653,696	354,628,079	482,584,146	0	0
em-p-ihep51	20260624180848229000000	11	23,129,342,828,544	23,129,518,206,976	14,468,931,011,212	25,154,938,761,216	25,945,969,811,456	22,034,264,555,520	29,685,706,653,696	424,327,326	669,480,164	0	0
em-p-ihep51	20260624180858300000000	8	23,129,342,722,048	23,129,541,742,592	14,472,233,832,918	25,154,938,761,216	25,945,969,811,456	22,034,264,555,520	29,685,706,653,696	244,584,294	1,275,861,576	0	0
em-p-ihep51	20260624180908412000000	10	23,129,343,696,896	23,129,534,111,744	14,482,463,467,136	25,154,938,761,216	25,945,969,811,456	22,034,264,555,520	29,685,706,653,696	407,203,267	1,970,817,048	0	0
em-p-ihep51	20260624180918505000000	11	23,129,347,645,440	23,129,531,060,224	14,472,189,837,219	25,154,938,761,216	25,945,969,811,456	22,034,264,555,520	29,685,706,653,696	270,179,746	1,358,390,027	0	0
em-p-ihep51	20260624180928588000000	11	23,129,350,774,784	23,129,533,956,096	14,472,472,662,163	25,154,938,761,216	25,945,969,811,456	22,034,264,555,520	29,685,706,653,696	105,135,912	348,198,452	0	0
em-p-ihep51	20260624180938673000000	9	23,130,113,638,400	23,130,308,001,792	14,469,609,274,923	25,154,938,761,216	25,945,969,811,456	22,034,264,555,520	29,685,706,653,696	153,683,581	350,066,986	0	0
em-p-ihep51	20260624180948770000000	8	23,130,876,829,696	23,131,206,070,272	14,466,108,855,273	25,154,938,761,216	25,945,969,811,456	22,034,264,555,520	29,685,706,653,696	233,581,164	1,932,580,081	0	0
em-p-ihep51	20260624180958856000000	8	23,130,874,814,464	23,131,047,862,272	14,469,846,619,901	25,154,938,761,216	25,945,969,811,456	22,034,264,555,520	29,685,706,653,696	254,329,203	643,431,799	0	0
em-p-ihep51	20260624181008966000000	19	23,131,186,405,376	23,131,855,167,488	14,496,647,174,547	25,154,938,761,216	25,945,969,811,456	22,034,264,555,520	29,685,706,653,696	555,535,899	2,094,480,533	0	0
em-p-ihep51	20260624181019006000000	21	23,131,764,002,816	23,131,880,579,072	14,486,615,637,351	25,154,938,761,216	25,945,969,811,456	22,034,264,555,520	29,685,706,653,696	637,591,380	1,731,073,351	0	0
em-p-ihep51	20260624181029051000000	16	23,131,973,783,552	23,132,170,272,768	14,479,611,623,519	25,154,938,761,216	25,945,969,811,456	22,034,264,555,520	29,685,706,653,696	418,494,715	1,927,881,083	0	0
em-p-ihep51	20260624181039152000000	15	23,132,365,438,976	23,132,532,965,376	14,475,945,496,686	25,154,938,761,216	25,945,969,811,456	22,034,264,555,520	29,685,706,653,696	485,306,405	1,564,114,821	0	0
em-p-ihep51	20260624181049231000000	12	23,132,365,332,480	23,132,553,453,568	14,475,497,923,506	25,154,938,761,216	25,945,969,811,456	22,034,264,555,520	29,685,706,653,696	295,116,896	1,247,050,913	0	0
em-p-ihep51	20260624181059251000000	15	23,132,440,645,632	23,132,680,736,768	14,479,163,479,105	25,154,938,761,216	25,945,969,811,456	22,034,264,555,520	29,685,706,653,696	401,391,172	1,510,093,972	0	0
em-p-ihep51	20260624181109356000000	16	23,132,440,809,472	23,132,724,441,088	14,480,356,575,766	25,154,938,761,216	25,945,969,811,456	22,034,264,555,520	29,685,706,653,696	447,906,131	1,710,114,918	0	0
em-p-ihep51	20260624181119360000000	13	23,134,481,408,000	23,135,144,345,600	14,469,466,424,340	25,154,938,761,216	25,945,969,811,456	22,034,264,555,520	29,685,706,653,696	220,159,341	1,622,318,726	0	0
em-p-ihep51	20260624181129361000000	11	23,134,481,518,592	23,134,725,156,864	14,468,488,650,048	25,154,938,761,216	25,945,969,811,456	22,034,264,555,520	29,685,706,653,696	170,637,061	1,023,641,788	0	0
em-p-ihep51	20260624181139454000000	11	23,134,481,682,432	23,134,722,707,456	14,471,136,443,718	25,154,938,761,216	25,945,969,811,456	22,034,264,555,520	29,685,706,653,696	336,831,511	1,267,864,619	0	0
em-p-ihep51	20260624181149458000000	13	23,134,481,575,936	23,134,722,899,968	14,470,992,291,667	25,154,938,761,216	25,945,969,811,456	22,034,264,555,520	29,685,706,653,696	193,955,684	1,694,283,528	0	0
em-p-ihep51	20260624181159553000000	10	23,134,481,092,608	23,134,897,446,912	14,466,216,524,228	25,154,938,761,216	25,945,969,811,456	22,034,264,555,520	29,685,706,653,696	418,650,976	1,695,849,418	0	0
em-p-ihep51	20260624181209655000000	14	23,134,484,811,776	23,134,717,415,424	14,476,714,810,840	25,154,938,761,216	25,945,969,811,456	22,034,264,555,520	29,685,706,653,696	593,749,603	1,208,362,119	0	0
em-p-ihep51	20260624181219657000000	10	23,134,484,004,864	23,134,641,336,320	14,470,642,282,084	25,154,938,761,216	25,945,969,811,456	22,034,264,555,520	29,685,706,653,696	386,678,628	831,522,728	0	0
em-p-ihep51	20260624181229758000000	9	23,134,483,361,792	23,135,377,899,520	14,467,671,001,272	25,154,938,761,216	25,945,969,811,456	22,034,264,555,520	29,685,706,653,696	313,256,918	2,574,384,009	0	0
em-p-ihep51	20260624181239773000000	8	23,134,482,173,952	23,134,642,327,552	14,465,990,414,499	25,154,938,761,216	25,945,969,811,456	22,034,264,555,520	29,685,706,653,696	281,271,506	614,882,370	0	0
em-p-ihep51	20260624181249853000000	12	23,134,755,213,312	23,134,918,172,672	14,476,795,296,761	25,154,938,761,216	25,945,969,811,456	22,034,264,555,520	29,685,706,653,696	184,646,000	520,807,312	0	0
em-p-ihep51	20260624181259955000000	10	23,134,804,836,352	23,134,968,492,032	14,477,770,351,507	25,154,938,761,216	25,945,969,811,456	22,034,264,555,520	29,685,706,653,696	215,287,431	360,821,603	0	0
em-p-ihep51	20260624181310047000000	13	23,135,077,359,616	23,135,257,186,304	14,489,934,141,810	25,154,938,761,216	25,945,969,811,456	22,034,264,555,520	29,685,706,653,696	179,425,258	787,668,538	0	0
em-p-ihep51	20260624181320117000000	12	23,135,077,359,616	23,135,237,910,528	14,479,541,776,280	25,154,938,761,216	25,945,969,811,456	22,034,264,555,520	29,685,706,653,696	506,782,482	1,872,610,179	0	0
em-p-ihep51	20260624181330226000000	10	23,135,078,600,704	23,135,264,329,728	14,472,270,258,793	25,154,938,761,216	25,945,969,811,456	22,034,264,555,520	29,685,706,653,696	391,008,934	845,845,919	0	0
em-p-ihep51	20260624181340236000000	8	23,135,077,416,960	23,135,650,959,360	14,468,303,125,228	25,154,938,761,216	25,945,969,811,456	22,034,264,555,520	29,685,706,653,696	88,150,962	209,772,317	0	0
em-p-ihep51	20260624181350312000000	10	23,135,077,679,104	23,135,236,423,680	14,472,339,378,564	25,154,938,761,216	25,945,969,811,456	22,034,264,555,520	29,685,706,653,696	293,646,150	634,620,367	0	0
em-p-ihep51	20260624181400405000000	8	23,135,077,842,944	23,135,236,608,000	14,472,873,096,504	25,154,938,761,216	25,945,969,811,456	22,034,264,555,520	29,685,706,653,696	314,298,795	426,319,243	0	0
em-p-ihep51	20260624181410512000000	12	23,135,078,817,792	23,135,247,355,904	14,478,839,064,949	25,154,938,761,216	25,945,969,811,456	22,034,264,555,520	29,685,706,653,696	554,116,746	1,526,562,929	0	0
em-p-ihep51	20260624181420526000000	10	23,139,899,944,960	23,140,090,781,696	14,489,475,476,824	25,154,938,761,216	25,945,969,811,456	22,034,264,555,520	29,685,706,653,696	265,410,168	834,458,232	0	0
em-p-ihep51	20260624181430604000000	9	23,137,099,972,608	23,137,270,136,832	14,467,086,949,812	25,154,938,761,216	25,945,969,811,456	22,034,264,555,520	29,685,706,653,696	121,846,209	681,151,328	0	0
em-p-ihep51	20260624181440622000000	10	23,137,098,784,768	23,137,298,022,400	14,465,976,395,268	25,154,938,761,216	25,945,969,811,456	22,034,264,555,520	29,685,706,653,696	245,291,612	1,083,748,675	0	0
em-p-ihep51	20260624181450629000000	9	23,137,099,866,112	23,137,593,085,952	14,473,706,150,931	25,154,938,761,216	25,945,969,811,456	22,034,264,555,520	29,685,706,653,696	442,715,660	647,786,505	0	0
em-p-ihep51	20260624181500629000000	8	23,137,102,467,072	23,137,297,518,592	14,467,651,780,137	25,154,938,761,216	25,945,969,811,456	22,034,264,555,520	29,685,706,653,696	214,347,667	289,174,334	0	0
em-p-ihep51	20260624181510644000000	14	23,137,101,279,232	23,137,295,204,352	14,475,664,862,303	25,154,938,761,216	25,945,969,811,456	22,034,264,555,520	29,685,706,653,696	349,878,701	1,304,794,234	0	0
em-p-ihep51	20260624181520728000000	13	23,137,102,360,576	23,137,304,203,264	14,469,924,656,806	25,154,938,761,216	25,945,969,811,456	22,034,264,555,520	29,685,706,653,696	583,472,834	1,361,024,512	0	0
em-p-ihep51	20260624181530734000000	11	23,137,103,331,328	23,137,289,351,168	14,473,970,002,269	25,154,938,761,216	25,945,969,811,456	22,034,264,555,520	29,685,706,653,696	292,686,361	658,693,731	0	0
em-p-ihep51	20260624181540741000000	12	23,137,098,399,744	23,137,287,536,640	14,468,447,895,507	25,154,938,761,216	25,945,969,811,456	22,034,264,555,520	29,685,706,653,696	238,738,721	1,131,107,103	0	0
em-p-ihep51	20260624181550754000000	11	23,137,098,833,920	23,137,283,170,304	14,467,761,279,865	25,154,938,761,216	25,945,969,811,456	22,034,264,555,520	29,685,706,653,696	591,894,549	1,167,252,921	0	0
em-p-ihep51	20260624181600760000000	16	23,137,099,915,264	23,137,691,308,032	14,471,264,930,931	25,154,938,761,216	25,945,969,811,456	22,034,264,555,520	29,685,706,653,696	439,339,085	1,094,503,239	0	0
em-p-ihep51	20260624181610851000000	15	23,137,100,025,856	23,137,300,226,048	14,478,645,486,912	25,154,938,761,216	25,945,969,811,456	22,034,264,555,520	29,685,706,653,696	356,178,791	850,570,853	0	0
em-p-ihep51	20260624181620951000000	13	23,138,085,072,896	23,138,270,285,824	14,474,743,127,618	25,154,938,761,216	25,945,969,811,456	22,034,264,555,520	29,685,706,653,696	171,028,411	978,182,236	0	0
em-p-ihep51	20260624181631021000000	12	23,138,083,885,056	23,138,308,116,480	14,468,567,510,462	25,154,938,761,216	25,945,969,811,456	22,034,264,555,520	29,685,706,653,696	102,165,408	292,550,580	0	0
em-p-ihep51	20260624181641027000000	14	23,138,085,236,736	23,138,270,289,920	14,471,037,571,231	25,154,938,761,216	25,945,969,811,456	22,034,264,555,520	29,685,706,653,696	92,655,258	264,056,021	0	0
em-p-ihep51	20260624181651026000000	15	23,138,085,236,736	23,138,266,599,424	14,468,523,049,545	25,154,938,761,216	25,945,969,811,456	22,034,264,555,520	29,685,706,653,696	110,478,454	394,827,493	0	0
em-p-ihep51	20260624181701028000000	12	23,138,086,588,416	23,138,267,930,624	14,467,634,295,986	25,154,938,761,216	25,945,969,811,456	22,034,264,555,520	29,685,706,653,696	118,026,159	313,656,153	0	0
em-p-ihep51	20260624181711120000000	10	23,138,085,400,576	23,138,294,444,032	14,470,641,281,903	25,154,938,761,216	25,945,969,811,456	22,034,264,555,520	29,685,706,653,696	102,614,666	433,755,339	0	0
em-p-ihep51	20260624181721125000000	10	23,138,086,481,920	23,138,273,079,296	14,467,479,223,346	25,154,938,761,216	25,945,969,811,456	22,034,264,555,520	29,685,706,653,696	114,656,127	1,548,009,757	0	0
em-p-ihep51	20260624181731116000000	9	23,138,084,339,712	23,138,264,760,320	14,463,626,003,275	25,154,938,761,216	25,945,969,811,456	22,034,264,555,520	29,685,706,653,696	105,067,517	981,626,345	0	0
em-p-ihep51	20260624181741211000000	9	23,138,086,662,144	23,138,746,376,192	14,466,997,261,032	25,154,938,761,216	25,945,969,811,456	22,034,264,555,520	29,685,706,653,696	199,660,028	391,109,310	0	0
em-p-ihep51	20260624181751313000000	9	23,138,085,474,304	23,138,247,385,088	14,466,630,114,120	25,154,938,761,216	25,945,969,811,456	22,034,264,555,520	29,685,706,653,696	215,549,832	495,360,300	0	0
em-p-ihep51	20260624181801382000000	10	23,138,086,555,648	23,138,246,647,808	14,463,518,452,294	25,154,938,761,216	25,945,969,811,456	22,034,264,555,520	29,685,706,653,696	320,806,371	542,098,550	106,496	0
em-p-ihep51	20260624181811478000000	11	23,138,086,481,920	23,138,453,753,856	14,477,022,666,002	25,154,938,761,216	25,945,969,811,456	22,034,264,555,520	29,685,706,653,696	573,568,525	2,251,028,458	0	0
em-p-ihep51	20260624181821578000000	9	23,138,087,964,672	23,138,435,407,872	14,463,396,193,999	25,154,938,761,216	25,945,969,811,456	22,034,264,555,520	29,685,706,653,696	247,360,512	701,924,123	0	0
em-p-ihep51	20260624181831570000000	10	23,138,164,465,664	23,138,323,734,528	14,469,453,477,827	25,154,938,761,216	25,945,969,811,456	22,034,264,555,520	29,685,706,653,696	632,092,454	687,128,282	0	0
em-p-ihep51	20260624181841674000000	9	23,138,164,629,504	23,138,326,487,040	14,470,596,419,959	25,154,938,761,216	25,945,969,811,456	22,034,264,555,520	29,685,706,653,696	185,509,611	903,365,063	0	0
em-p-ihep51	20260624181851679000000	12	23,138,164,523,008	23,138,332,483,584	14,466,424,359,108	25,154,938,761,216	25,945,969,811,456	22,034,264,555,520	29,685,706,653,696	394,516,446	936,582,741	0	0
em-p-ihep51	20260624181901761000000	10	23,138,164,416,512	23,138,324,742,144	14,465,761,987,707	25,154,938,761,216	25,945,969,811,456	22,034,264,555,520	29,685,706,653,696	486,603,424	1,143,552,333	0	0
em-p-ihep51	20260624181911841000000	12	23,138,164,580,352	23,138,334,535,680	14,482,234,319,918	25,154,938,761,216	25,945,969,811,456	22,034,264,555,520	29,685,706,653,696	848,846,757	1,807,426,318	0	0
em-p-ihep51	20260624181921844000000	11	23,138,164,740,096	23,138,372,542,464	14,467,237,368,337	25,154,938,761,216	25,945,969,811,456	22,034,264,555,520	29,685,706,653,696	313,535,316	816,317,920	0	0
em-p-ihep51	20260624181931843000000	9	23,138,157,613,056	23,138,825,908,224	14,466,539,147,688	25,154,938,761,216	25,945,969,811,456	22,034,264,555,520	29,685,706,653,696	358,398,181	967,769,577	0	0
em-p-ihep51	20260624181941951000000	10	23,138,157,670,400	23,138,369,449,984	14,464,212,667,946	25,154,938,761,216	25,945,969,811,456	22,034,264,555,520	29,685,706,653,696	640,350,446	826,545,806	0	0
em-p-ihep51	20260624181952024000000	9	23,138,157,563,904	23,138,368,950,272	14,467,179,627,037	25,154,938,761,216	25,945,969,811,456	22,034,264,555,520	29,685,706,653,696	403,907,900	702,101,022	0	0
em-p-ihep51	20260624182002115000000	12	23,138,164,527,104	23,138,377,719,808	14,472,702,182,292	25,154,938,761,216	25,945,969,811,456	22,034,264,555,520	29,685,706,653,696	294,568,563	1,196,631,874	0	0
em-p-ihep51	20260624182012204000000	23	23,138,943,074,304	23,139,281,719,296	14,508,468,380,685	25,154,938,761,216	25,945,969,811,456	22,034,264,555,520	29,685,706,653,696	707,667,863	1,817,949,071	0	0
em-p-ihep51	20260624182022216000000	19	23,138,940,936,192	23,139,319,590,912	14,489,783,294,034	25,154,938,761,216	25,945,969,811,456	22,034,264,555,520	29,685,706,653,696	612,013,240	2,388,482,471	0	0
em-p-ihep51	20260624182032294000000	20	23,138,967,310,336	23,139,171,328,000	14,477,585,059,471	25,154,938,761,216	25,945,969,811,456	22,034,264,555,520	29,685,706,653,696	349,253,231	529,513,430	0	0
em-p-ihep51	20260624182042399000000	14	23,139,085,778,944	23,139,284,340,736	14,487,734,901,383	25,154,938,761,216	25,945,969,811,456	22,034,264,555,520	29,685,706,653,696	342,181,544	587,375,092	0	0
em-p-ihep51	20260624182052482000000	12	23,139,087,196,160	23,139,696,041,984	14,472,297,915,236	25,154,938,761,216	25,945,969,811,456	22,034,264,555,520	29,685,706,653,696	534,844,967	1,762,077,517	0	0
em-p-ihep51	20260624182102557000000	15	23,139,084,754,944	23,139,689,304,064	14,472,821,431,575	25,154,938,761,216	25,945,969,811,456	22,034,264,555,520	29,685,706,653,696	182,922,693	1,052,815,467	0	0
em-p-ihep51	20260624182112562000000	15	23,139,252,355,072	23,139,416,203,264	14,476,410,429,100	25,154,938,761,216	25,945,969,811,456	22,034,264,555,520	29,685,706,653,696	353,077,324	1,066,985,645	0	0
em-p-ihep51	20260624182122562000000	13	23,140,932,100,096	23,141,208,231,936	14,473,470,490,459	25,154,938,761,216	25,945,969,811,456	22,034,264,555,520	29,685,706,653,696	423,400,109	1,101,645,188	0	0
em-p-ihep51	20260624182132671000000	10	23,140,937,777,152	23,141,213,425,664	14,472,164,266,893	25,154,938,761,216	25,945,969,811,456	22,034,264,555,520	29,685,706,653,696	322,531,888	1,241,818,663	0	0
em-p-ihep51	20260624182142777000000	13	23,140,937,940,992	23,141,222,236,160	14,483,183,612,354	25,154,938,761,216	25,945,969,811,456	22,034,264,555,520	29,685,706,653,696	309,197,729	1,114,214,396	0	0
em-p-ihep51	20260624182152827000000	11	23,143,561,445,376	23,143,246,532,608	14,486,693,562,449	25,154,938,761,216	25,945,969,811,456	22,034,264,555,520	29,685,706,653,696	234,098,767	437,396,398	0	0
em-p-ihep51	20260624182202824000000	12	23,147,977,682,944	23,147,909,492,736	14,487,946,072,704	25,154,938,761,216	25,945,969,811,456	22,034,264,555,520	29,685,706,653,696	298,242,871	864,943,500	0	0
em-p-ihep51	20260624182212926000000	13	23,152,627,712,000	23,152,896,049,152	14,503,818,535,900	25,154,938,761,216	25,945,969,811,456	22,034,264,555,520	29,685,706,653,696	565,133,222	581,924,979	0	0
em-p-ihep51	20260624182222931000000	10	23,152,632,307,712	23,153,370,472,448	14,508,999,815,812	25,154,938,761,216	25,945,969,811,456	22,034,264,555,520	29,685,706,653,696	249,591,452	610,957,875	0	0
em-p-ihep51	20260624182232932000000	11	23,154,909,241,344	23,155,177,873,408	14,521,882,691,782	25,154,938,761,216	25,945,969,811,456	22,034,264,555,520	29,685,706,653,696	428,989,542	556,064,811	0	0
em-p-ihep51	20260624182243038000000	13	23,157,351,870,464	23,157,615,927,296	14,512,955,909,125	25,154,938,761,216	25,945,969,811,456	22,034,264,555,520	29,685,706,653,696	316,242,408	584,949,926	0	0
em-p-ihep51	20260624182253122000000	8	23,157,352,034,304	23,157,563,449,344	14,514,660,346,430	25,154,938,761,216	25,945,969,811,456	22,034,264,555,520	29,685,706,653,696	507,405,957	1,061,356,723	0	0
em-p-ihep51	20260624182303204000000	10	23,157,352,468,480	23,157,561,327,616	14,514,828,932,304	25,154,938,761,216	25,945,969,811,456	22,034,264,555,520	29,685,706,653,696	362,820,504	1,212,521,465	0	0
em-p-ihep51	20260624182313338000000	12	23,157,353,709,568	23,157,588,062,208	14,467,570,404,138	25,154,938,761,216	25,945,969,811,456	22,034,264,555,520	29,685,706,653,696	496,258,703	993,565,063	0	0
em-p-ihep51	20260624182323393000000	10	23,157,353,603,072	23,157,564,313,600	14,467,318,431,146	25,154,938,761,216	25,945,969,811,456	22,034,264,555,520	29,685,706,653,696	219,231,339	816,320,342	0	0
em-p-ihep51	20260624182333402000000	10	23,157,355,872,256	23,158,026,981,376	14,464,976,407,794	25,154,938,761,216	25,945,969,811,456	22,034,264,555,520	29,685,706,653,696	195,695,727	404,682,246	0	0
em-p-ihep51	20260624182343508000000	11	23,157,354,577,920	23,157,566,803,968	14,466,941,531,488	25,154,938,761,216	25,945,969,811,456	22,034,264,555,520	29,685,706,653,696	190,808,285	473,204,210	0	0
em-p-ihep51	20260624182353502000000	8	23,157,353,390,080	23,157,561,864,192	14,465,257,416,694	25,154,938,761,216	25,945,969,811,456	22,034,264,555,520	29,685,706,653,696	268,817,582	470,928,232	0	0
em-p-ihep51	20260624182403597000000	7	23,157,357,174,784	23,157,582,569,472	14,466,361,068,427	25,154,938,761,216	25,945,969,811,456	22,034,264,555,520	29,685,706,653,696	209,312,510	737,148,324	0	0
em-p-ihep51	20260624182413601000000	11	23,157,365,985,280	23,157,574,574,080	14,477,316,924,535	25,154,938,761,216	25,945,969,811,456	22,034,264,555,520	29,685,706,653,696	312,618,984	966,526,268	0	0
em-p-ihep51	20260624182423605000000	11	23,157,366,149,120	23,157,574,991,872	14,467,129,903,310	25,154,938,761,216	25,945,969,811,456	22,034,264,555,520	29,685,706,653,696	176,177,983	992,233,312	0	0
em-p-ihep51	20260624182433618000000	10	23,157,406,048,256	23,157,637,320,704	14,467,464,706,629	25,154,938,761,216	25,945,969,811,456	22,034,264,555,520	29,685,706,653,696	397,184,820	793,131,186	0	0
em-p-ihep51	20260624182443704000000	11	23,157,408,210,944	23,158,114,435,072	14,468,017,114,496	25,154,938,761,216	25,945,969,811,456	22,034,264,555,520	29,685,706,653,696	330,691,694	551,575,394	0	0
em-p-ihep51	20260624182453786000000	11	23,157,409,185,792	23,157,643,354,112	14,463,782,403,568	25,154,938,761,216	25,945,969,811,456	22,034,264,555,520	29,685,706,653,696	376,984,028	429,970,897	0	0
em-p-ihep51	20260624182503871000000	11	23,157,412,864,000	23,157,617,061,888	14,473,456,007,077	25,154,938,761,216	25,945,969,811,456	22,034,264,555,520	29,685,706,653,696	354,758,576	600,248,977	0	0
em-p-ihep51	20260624182513977000000	14	23,157,412,757,504	23,157,613,768,704	14,483,279,598,399	25,154,938,761,216	25,945,969,811,456	22,034,264,555,520	29,685,706,653,696	333,971,207	903,038,636	0	0
em-p-ihep51	20260624182524058000000	12	23,157,413,732,352	23,157,613,228,032	14,466,481,290,303	25,154,938,761,216	25,945,969,811,456	22,034,264,555,520	29,685,706,653,696	372,657,544	893,665,317	0	0
em-p-ihep51	20260624182534074000000	15	23,157,412,151,296	23,157,620,342,784	14,472,720,130,656	25,154,938,761,216	25,945,969,811,456	22,034,264,555,520	29,685,706,653,696	514,374,713	992,049,979	0	0
em-p-ihep51	20260624182544163000000	10	23,157,411,233,792	23,157,611,585,536	14,466,152,836,187	25,154,938,761,216	25,945,969,811,456	22,034,264,555,520	29,685,706,653,696	321,347,308	1,123,049,350	0	0
em-p-ihep51	20260624182554227000000	10	23,157,412,741,120	23,158,004,928,512	14,466,168,118,918	25,154,938,761,216	25,945,969,811,456	22,034,264,555,520	29,685,706,653,696	493,190,326	941,615,048	163,840	0
em-p-ihep51	20260624182604340000000	15	23,157,410,562,048	23,157,610,491,904	14,466,252,635,573	25,154,938,761,216	25,945,969,811,456	22,034,264,555,520	29,685,706,653,696	246,296,574	473,730,719	0	0
em-p-ihep51	20260624182614424000000	15	23,158,438,563,840	23,158,352,912,384	14,471,553,710,337	25,154,938,761,216	25,945,969,811,456	22,034,264,555,520	29,685,706,653,696	256,582,587	488,342,698	0	0
em-p-ihep51	20260624182624442000000	14	23,159,458,164,736	23,160,704,331,776	14,470,268,108,038	25,154,938,761,216	25,945,969,811,456	22,034,264,555,520	29,685,706,653,696	100,012,097	1,506,640,977	0	0
em-p-ihep51	20260624182634535000000	13	23,159,459,106,816	23,159,665,049,600	14,468,266,664,348	25,154,938,761,216	25,945,969,811,456	22,034,264,555,520	29,685,706,653,696	97,576,824	859,689,798	0	0
em-p-ihep51	20260624182644617000000	13	23,159,459,270,656	23,159,655,682,048	14,469,842,194,286	25,154,938,761,216	25,945,969,811,456	22,034,264,555,520	29,685,706,653,696	135,490,193	355,903,792	0	0
em-p-ihep51	20260624182654618000000	14	23,159,459,270,656	23,159,653,289,984	14,468,564,023,586	25,154,938,761,216	25,945,969,811,456	22,034,264,555,520	29,685,706,653,696	121,733,957	379,740,930	0	0
em-p-ihep51	20260624182704721000000	11	23,159,458,082,816	23,159,679,963,136	14,463,742,645,762	25,154,938,761,216	25,945,969,811,456	22,034,264,555,520	29,685,706,653,696	124,507,257	907,970,280	0	0
em-p-ihep51	20260624182714733000000	10	23,159,458,140,160	23,159,655,034,880	14,464,466,428,841	25,154,938,761,216	25,945,969,811,456	22,034,264,555,520	29,685,706,653,696	543,532,941	1,465,923,626	0	0
em-p-ihep51	20260624182724806000000	8	23,159,458,304,000	23,159,640,756,224	14,466,591,392,087	25,154,938,761,216	25,945,969,811,456	22,034,264,555,520	29,685,706,653,696	361,230,634	850,787,713	0	0
em-p-ihep51	20260624182734911000000	10	23,159,458,304,000	23,159,654,486,016	14,461,990,602,952	25,154,938,761,216	25,945,969,811,456	22,034,264,555,520	29,685,706,653,696	129,975,312	449,077,151	0	0
em-p-ihep51	20260624182744999000000	10	23,159,458,197,504	23,159,647,096,832	14,464,916,414,257	25,154,938,761,216	25,945,969,811,456	22,034,264,555,520	29,685,706,653,696	321,133,113	587,592,525	0	0
em-p-ihep51	20260624182755089000000	9	23,159,458,091,008	23,159,644,917,760	14,462,045,995,249	25,154,938,761,216	25,945,969,811,456	22,034,264,555,520	29,685,706,653,696	260,497,216	418,270,294	0	0
em-p-ihep51	20260624182805165000000	9	23,159,459,172,352	23,159,660,720,128	14,467,171,473,867	25,154,938,761,216	25,945,969,811,456	22,034,264,555,520	29,685,706,653,696	128,626,114	300,045,666	0	0
em-p-ihep51	20260624182815236000000	9	23,159,459,336,192	23,159,645,798,400	14,464,190,345,717	25,154,938,761,216	25,945,969,811,456	22,034,264,555,520	29,685,706,653,696	96,622,602	496,492,036	0	0
em-p-ihep51	20260624182825332000000	7	23,159,459,229,696	23,159,633,371,136	14,462,542,057,222	25,154,938,761,216	25,945,969,811,456	22,034,264,555,520	29,685,706,653,696	80,530,400	747,223,111	0	0
em-p-ihep51	20260624182835331000000	8	23,159,459,123,200	23,159,638,663,168	14,463,046,067,015	25,154,938,761,216	25,945,969,811,456	22,034,264,555,520	29,685,706,653,696	141,605,185	688,867,265	0	0
em-p-ihep51	20260624182845337000000	9	23,159,465,611,264	23,159,654,420,480	14,464,214,366,799	25,154,938,761,216	25,945,969,811,456	22,034,264,555,520	29,685,706,653,696	134,078,641	372,010,391	0	0
em-p-ihep51	20260624182855337000000	9	23,159,465,504,768	23,159,638,851,584	14,462,027,199,361	25,154,938,761,216	25,945,969,811,456	22,034,264,555,520	29,685,706,653,696	147,984,439	402,444,574	0	0
em-p-ihep51	20260624182905343000000	10	23,159,465,398,272	23,159,640,403,968	14,463,168,994,315	25,154,938,761,216	25,945,969,811,456	22,034,264,555,520	29,685,706,653,696	276,044,763	944,913,484	0	0
em-p-ihep51	20260624182915345000000	13	23,159,465,525,248	23,159,051,255,808	14,478,758,281,181	25,154,938,761,216	25,945,969,811,456	22,034,264,555,520	29,685,706,653,696	402,921,674	1,433,666,536	0	0
em-p-ihep51	20260624182925345000000	12	23,156,711,075,840	23,156,940,312,576	14,463,881,439,265	25,154,938,761,216	25,945,969,811,456	22,034,264,555,520	29,685,706,653,696	504,382,511	946,220,493	0	0
em-p-ihep51	20260624182935446000000	9	23,156,704,919,552	23,156,939,685,888	14,463,288,698,765	25,154,938,761,216	25,945,969,811,456	22,034,264,555,520	29,685,706,653,696	102,323,250	391,477,604	0	0
em-p-ihep51	20260624182945453000000	11	23,156,703,731,712	23,156,935,237,632	14,466,011,774,400	25,154,938,761,216	25,945,969,811,456	22,034,264,555,520	29,685,706,653,696	415,050,552	1,043,384,337	0	0
em-p-ihep51	20260624182955464000000	11	23,156,705,353,728	23,156,950,761,472	14,465,945,051,180	25,154,938,761,216	25,945,969,811,456	22,034,264,555,520	29,685,706,653,696	116,845,710	728,294,415	0	0
em-p-ihep51	20260624183005556000000	20	23,156,399,919,104	23,156,634,808,320	14,482,552,694,319	25,154,938,761,216	25,945,969,811,456	22,034,264,555,520	29,685,706,653,696	576,826,785	1,897,439,142	0	0
em-p-ihep51	20260624183015674000000	22	23,156,537,204,736	23,156,771,172,352	14,486,607,412,980	25,154,938,761,216	25,945,969,811,456	22,034,264,555,520	29,685,706,653,696	629,132,623	2,079,690,178	0	0
em-p-ihep51	20260624183025677000000	26	23,156,535,943,168	23,156,770,934,784	14,476,487,522,163	25,154,938,761,216	25,945,969,811,456	22,034,264,555,520	29,685,706,653,696	924,709,494	1,782,575,285	0	0
em-p-ihep51	20260624183035691000000	29	23,156,530,626,560	23,156,763,320,320	14,472,402,448,354	25,154,938,761,216	25,945,969,811,456	22,034,264,555,520	29,685,706,653,696	560,547,787	964,854,458	0	0
em-p-ihep51	20260624183045694000000	22	23,156,538,896,384	23,156,771,864,576	14,473,148,876,523	25,154,938,761,216	25,945,969,811,456	22,034,264,555,520	29,685,706,653,696	696,444,609	944,930,547	0	0
em-p-ihep51	20260624183055814000000	21	23,156,538,982,400	23,156,904,103,936	14,468,171,247,310	25,154,938,761,216	25,945,969,811,456	22,034,264,555,520	29,685,706,653,696	742,568,712	1,154,819,897	0	0
em-p-ihep51	20260624183105815000000	25	23,156,542,062,592	23,156,777,050,112	14,468,377,935,360	25,154,938,761,216	25,945,969,811,456	22,034,264,555,520	29,685,706,653,696	1,175,826,597	2,615,344,968	0	0
em-p-ihep51	20260624183115819000000	23	23,156,537,872,384	23,156,840,071,168	14,475,035,599,948	25,154,938,761,216	25,945,969,811,456	22,034,264,555,520	29,685,706,653,696	741,101,630	1,791,720,593	0	0
em-p-ihep51	20260624183125830000000	21	23,156,540,030,976	23,156,855,939,072	14,469,760,055,055	25,154,938,761,216	25,945,969,811,456	22,034,264,555,520	29,685,706,653,696	534,205,800	1,828,334,035	0	0
em-p-ihep51	20260624183135840000000	18	23,156,552,282,112	23,156,989,177,856	14,465,478,164,330	25,154,938,761,216	25,945,969,811,456	22,034,264,555,520	29,685,706,653,696	521,455,767	1,136,975,418	0	0
em-p-ihep51	20260624183145820000000	15	23,156,547,362,816	23,156,873,424,896	14,466,101,687,861	25,154,938,761,216	25,945,969,811,456	22,034,264,555,520	29,685,706,653,696	254,877,563	1,610,303,314	0	0
em-p-ihep51	20260624183155857000000	14	23,156,545,040,384	23,157,136,744,448	14,467,303,104,751	25,154,938,761,216	25,945,969,811,456	22,034,264,555,520	29,685,706,653,696	336,159,150	982,737,363	0	0
em-p-ihep51	20260624183205927000000	16	23,156,554,907,648	23,156,882,264,064	14,469,099,142,280	25,154,938,761,216	25,945,969,811,456	22,034,264,555,520	29,685,706,653,696	517,202,647	2,058,599,638	0	0
em-p-ihep51	20260624183216001000000	10	23,156,554,801,152	23,156,860,137,472	14,462,806,544,027	25,154,938,761,216	25,945,969,811,456	22,034,264,555,520	29,685,706,653,696	303,881,899	663,784,591	0	0
em-p-ihep51	20260624183226147000000	9	23,156,556,316,672	23,156,860,731,392	14,465,907,064,453	25,154,938,761,216	25,945,969,811,456	22,034,264,555,520	29,685,706,653,696	238,552,795	427,186,655	0	0
em-p-ihep51	20260624183236104000000	10	23,156,942,508,032	23,157,262,798,848	14,464,241,439,456	25,154,938,761,216	25,945,969,811,456	22,034,264,555,520	29,685,706,653,696	143,529,300	771,277,183	0	0
em-p-ihep51	20260624183246114000000	10	23,156,942,401,536	23,157,248,004,096	14,465,686,882,868	25,154,938,761,216	25,945,969,811,456	22,034,264,555,520	29,685,706,653,696	128,884,699	870,474,395	0	0
em-p-ihep51	20260624183256123000000	8	23,156,952,027,136	23,157,252,079,616	14,466,598,793,248	25,154,938,761,216	25,945,969,811,456	22,034,264,555,520	29,685,706,653,696	142,286,995	430,562,817	0	0
em-p-ihep51	20260624183306109000000	7	23,156,951,920,640	23,157,253,877,760	14,465,117,488,437	25,154,938,761,216	25,945,969,811,456	22,034,264,555,520	29,685,706,653,696	93,660,454	362,601,593	0	0
em-p-ihep51	20260624183316201000000	8	23,156,953,001,984	23,157,280,415,744	14,464,902,219,685	25,154,938,761,216	25,945,969,811,456	22,034,264,555,520	29,685,706,653,696	113,772,347	891,836,803	0	0
em-p-ihep51	20260624183326287000000	7	23,156,952,895,488	23,157,255,204,864	14,464,546,574,219	25,154,938,761,216	25,945,969,811,456	22,034,264,555,520	29,685,706,653,696	95,528,515	558,871,144	0	0
em-p-ihep51	20260624183336365000000	8	23,156,952,895,488	23,157,273,554,944	14,465,223,987,349	25,154,938,761,216	25,945,969,811,456	22,034,264,555,520	29,685,706,653,696	187,834,274	573,669,464	0	0
em-p-ihep51	20260624183346384000000	11	23,156,953,059,328	23,157,316,460,544	14,465,036,209,981	25,154,938,761,216	25,945,969,811,456	22,034,264,555,520	29,685,706,653,696	235,884,726	844,432,437	0	0
em-p-ihep51	20260624183356485000000	11	23,156,952,952,832	23,157,305,311,232	14,466,179,161,058	25,154,938,761,216	25,945,969,811,456	22,034,264,555,520	29,685,706,653,696	88,209,151	511,903,437	0	0
em-p-ihep51	20260624183406615000000	10	23,156,951,134,208	23,157,252,153,344	14,471,799,387,996	25,154,938,761,216	25,945,969,811,456	22,034,264,555,520	29,685,706,653,696	120,246,354	1,369,579,897	0	0
em-p-ihep51	20260624183416610000000	13	23,156,575,301,632	23,156,854,853,632	14,477,117,713,199	25,154,938,761,216	25,945,969,811,456	22,034,264,555,520	29,685,706,653,696	197,111,531	665,135,596	0	0
em-p-ihep51	20260624183426693000000	12	23,153,165,697,024	23,153,844,617,216	14,462,796,365,070	25,154,938,761,216	25,945,969,811,456	22,034,264,555,520	29,685,706,653,696	298,753,314	512,290,445	0	0
em-p-ihep51	20260624183436699000000	10	23,150,130,487,296	23,150,410,383,360	14,464,714,682,168	25,154,938,761,216	25,945,969,811,456	22,034,264,555,520	29,685,706,653,696	120,415,389	300,688,724	0	0
em-p-ihep51	20260624183446708000000	9	23,150,130,380,800	23,150,410,293,248	14,464,684,095,672	25,154,938,761,216	25,945,969,811,456	22,034,264,555,520	29,685,706,653,696	176,601,742	641,609,101	0	0
em-p-ihep51	20260624183456791000000	10	23,150,132,703,232	23,150,414,516,224	14,461,982,870,853	25,154,938,761,216	25,945,969,811,456	22,034,264,555,520	29,685,706,653,696	235,230,207	403,321,479	0	0
em-p-ihep51	20260624183506807000000	12	23,150,131,679,232	23,150,409,383,936	14,469,593,761,497	25,154,938,761,216	25,945,969,811,456	22,034,264,555,520	29,685,706,653,696	229,682,923	686,760,318	0	0
em-p-ihep51	20260624183516802000000	13	23,150,130,683,904	23,150,328,344,576	14,471,025,232,943	25,154,938,761,216	25,945,969,811,456	22,034,264,555,520	29,685,706,653,696	124,397,170	1,737,015,889	0	0
em-p-ihep51	20260624183526895000000	11	23,150,131,732,480	23,150,330,392,576	14,470,962,520,669	25,154,938,761,216	25,945,969,811,456	22,034,264,555,520	29,685,706,653,696	185,228,852	1,839,131,270	0	0
em-p-ihep51	20260624183536986000000	11	23,150,132,514,816	23,150,713,659,392	14,466,938,914,586	25,154,938,761,216	25,945,969,811,456	22,034,264,555,520	29,685,706,653,696	141,591,676	615,199,250	0	0
em-p-ihep51	20260624183547077000000	10	23,150,131,326,976	23,150,329,778,176	14,462,331,521,690	25,154,938,761,216	25,945,969,811,456	22,034,264,555,520	29,685,706,653,696	155,957,968	553,489,742	0	0
em-p-ihep51	20260624183557165000000	11	23,150,130,139,136	23,150,329,409,536	14,468,743,195,153	25,154,938,761,216	25,945,969,811,456	22,034,264,555,520	29,685,706,653,696	330,525,400	469,093,813	0	0
em-p-ihep51	20260624183607260000000	14	23,150,131,490,816	23,150,378,323,968	14,472,417,809,667	25,154,938,761,216	25,945,969,811,456	22,034,264,555,520	29,685,706,653,696	298,591,607	540,852,547	0	0
em-p-ihep51	20260624183617275000000	14	23,153,527,586,816	23,153,458,319,360	14,467,174,682,608	25,154,938,761,216	25,945,969,811,456	22,034,264,555,520	29,685,706,653,696	159,831,955	716,539,010	0	0
em-p-ihep51	20260624183627345000000	11	23,153,528,668,160	23,153,724,579,840	14,463,804,460,244	25,154,938,761,216	25,945,969,811,456	22,034,264,555,520	29,685,706,653,696	218,390,200	416,602,697	0	0
em-p-ihep51	20260624183637448000000	12	23,153,528,832,000	23,153,722,994,688	14,476,012,551,553	25,154,938,761,216	25,945,969,811,456	22,034,264,555,520	29,685,706,653,696	288,971,108	257,580,185	0	0
em-p-ihep51	20260624183647457000000	14	23,153,528,725,504	23,154,122,289,152	14,470,318,798,145	25,154,938,761,216	25,945,969,811,456	22,034,264,555,520	29,685,706,653,696	258,312,227	1,191,647,154	0	0
em-p-ihep51	20260624183657455000000	10	23,153,528,619,008	23,153,725,460,480	14,461,383,764,332	25,154,938,761,216	25,945,969,811,456	22,034,264,555,520	29,685,706,653,696	190,535,147	1,152,046,960	0	0
em-p-ihep51	20260624183707563000000	10	23,153,528,705,024	23,153,910,796,288	14,479,093,251,945	25,154,938,761,216	25,945,969,811,456	22,034,264,555,520	29,685,706,653,696	594,299,991	1,086,092,088	0	0
em-p-ihep51	20260624183717647000000	12	23,153,524,154,368	23,153,724,219,392	14,463,528,050,057	25,154,938,761,216	25,945,969,811,456	22,034,264,555,520	29,685,706,653,696	563,774,753	2,887,790,226	0	0
em-p-ihep51	20260624183727653000000	11	23,153,223,471,104	23,153,420,156,928	14,465,215,904,158	25,154,938,761,216	25,945,969,811,456	22,034,264,555,520	29,685,706,653,696	416,402,448	591,829,398	0	0
em-p-ihep51	20260624183737659000000	9	23,153,223,364,608	23,153,420,140,544	14,461,581,621,177	25,154,938,761,216	25,945,969,811,456	22,034,264,555,520	29,685,706,653,696	124,726,642	456,755,046	0	0
em-p-ihep51	20260624183747729000000	9	23,153,223,528,448	23,153,420,599,296	14,463,616,634,247	25,154,938,761,216	25,945,969,811,456	22,034,264,555,520	29,685,706,653,696	297,498,724	565,738,746	0	0
em-p-ihep51	20260624183757826000000	8	23,153,224,609,792	23,153,858,719,744	14,463,176,635,970	25,154,938,761,216	25,945,969,811,456	22,034,264,555,520	29,685,706,653,696	198,805,813	336,223,040	0	0
em-p-ihep51	20260624183807926000000	8	23,152,640,995,328	23,153,153,953,792	14,475,251,897,587	25,154,938,761,216	25,945,969,811,456	22,034,264,555,520	29,685,706,653,696	426,102,010	884,901,703	0	0
em-p-ihep51	20260624183818024000000	8	23,152,976,777,216	23,153,175,814,144	14,462,386,402,426	25,154,938,761,216	25,945,969,811,456	22,034,264,555,520	29,685,706,653,696	498,890,517	1,176,497,508	0	0
em-p-ihep51	20260624183828025000000	9	23,152,978,022,400	23,153,181,401,088	14,463,073,756,053	25,154,938,761,216	25,945,969,811,456	22,034,264,555,520	29,685,706,653,696	433,635,699	965,471,723	0	0
em-p-ihep51	20260624183838137000000	8	23,152,977,915,904	23,153,177,464,832	14,463,382,003,753	25,154,938,761,216	25,945,969,811,456	22,034,264,555,520	29,685,706,653,696	263,602,270	448,629,157	0	0
em-p-ihep51	20260624183848222000000	9	23,152,976,728,064	23,153,176,690,688	14,466,084,025,998	25,154,938,761,216	25,945,969,811,456	22,034,264,555,520	29,685,706,653,696	491,078,494	792,401,726	0	0
em-p-ihep51	20260624183858233000000	10	23,152,977,809,408	23,153,154,797,568	14,463,092,659,938	25,154,938,761,216	25,945,969,811,456	22,034,264,555,520	29,685,706,653,696	439,352,999	785,565,748	0	0
em-p-ihep51	20260624183908241000000	10	23,153,015,279,616	23,153,638,064,128	14,475,016,950,929	25,154,938,761,216	25,945,969,811,456	22,034,264,555,520	29,685,706,653,696	602,161,029	1,561,274,173	0	0
em-p-ihep51	20260624183918247000000	13	23,157,962,891,264	23,158,593,785,856	14,477,353,025,761	25,154,938,761,216	25,945,969,811,456	22,034,264,555,520	29,685,706,653,696	287,222,234	1,049,435,572	0	0
em-p-ihep51	20260624183928251000000	11	23,151,057,149,952	23,151,222,951,936	14,464,399,128,282	25,154,938,761,216	25,945,969,811,456	22,034,264,555,520	29,685,706,653,696	283,555,459	809,832,971	0	0
em-p-ihep51	20260624183938361000000	9	23,151,055,855,616	23,151,223,336,960	14,461,311,715,658	25,154,938,761,216	25,945,969,811,456	22,034,264,555,520	29,685,706,653,696	349,898,281	1,090,062,649	0	0
em-p-ihep51	20260624183948434000000	8	23,151,055,749,120	23,151,220,736,000	14,465,449,721,092	25,154,938,761,216	25,945,969,811,456	22,034,264,555,520	29,685,706,653,696	379,565,259	1,081,412,856	0	0
em-p-ihep51	20260624183958537000000	8	23,151,054,954,496	23,151,228,624,896	14,466,604,959,691	25,154,938,761,216	25,945,969,811,456	22,034,264,555,520	29,685,706,653,696	287,089,665	496,923,393	0	0
em-p-ihep51	20260624184008558000000	22	23,151,094,779,904	23,151,263,657,984	14,509,448,970,304	25,154,938,761,216	25,945,969,811,456	22,034,264,555,520	29,685,706,653,696	524,611,879	1,580,699,221	0	0
em-p-ihep51	20260624184018644000000	23	23,151,121,055,744	23,151,325,356,032	14,490,919,371,750	25,154,938,761,216	25,945,969,811,456	22,034,264,555,520	29,685,706,653,696	549,939,566	904,096,142	0	0
em-p-ihep51	20260624184028676000000	16	23,151,121,018,880	23,151,283,744,768	14,477,637,592,899	25,154,938,761,216	25,945,969,811,456	22,034,264,555,520	29,685,706,653,696	349,757,869	2,289,812,976	0	0
em-p-ihep51	20260624184038766000000	15	23,151,659,540,480	23,151,825,735,680	14,488,645,250,269	25,154,938,761,216	25,945,969,811,456	22,034,264,555,520	29,685,706,653,696	445,479,759	755,393,922	0	0
em-p-ihep51	20260624184048834000000	11	23,147,901,648,896	23,148,110,434,304	14,465,379,518,323	25,154,938,761,216	25,945,969,811,456	22,034,264,555,520	29,685,706,653,696	379,788,491	704,120,779	0	0
em-p-ihep51	20260624184058942000000	13	23,147,901,542,400	23,148,069,105,664	14,464,511,364,265	25,154,938,761,216	25,945,969,811,456	22,034,264,555,520	29,685,706,653,696	297,573,364	811,767,768	0	0
em-p-ihep51	20260624184109008000000	13	23,150,357,794,816	23,150,419,734,528	14,477,276,084,072	25,154,938,761,216	25,945,969,811,456	22,034,264,555,520	29,685,706,653,696	402,966,971	1,201,798,935	0	0
em-p-ihep51	20260624184119102000000	12	23,152,398,991,360	23,152,586,469,376	14,464,606,751,092	25,154,938,761,216	25,945,969,811,456	22,034,264,555,520	29,685,706,653,696	276,872,058	1,241,112,642	0	0
em-p-ihep51	20260624184129207000000	11	23,152,398,880,768	23,152,724,938,752	14,463,796,465,427	25,154,938,761,216	25,945,969,811,456	22,034,264,555,520	29,685,706,653,696	108,263,642	506,532,494	0	0
em-p-ihep51	20260624184139294000000	13	23,152,399,962,112	23,152,659,103,744	14,463,175,756,603	25,154,938,761,216	25,945,969,811,456	22,034,264,555,520	29,685,706,653,696	264,515,521	598,627,888	0	0
em-p-ihep51	20260624184149372000000	13	23,152,396,566,528	23,152,657,555,456	14,464,525,268,433	25,154,938,761,216	25,945,969,811,456	22,034,264,555,520	29,685,706,653,696	372,229,315	675,973,904	0	0
em-p-ihep51	20260624184159470000000	8	23,152,396,460,032	23,153,222,033,408	14,460,853,643,619	25,154,938,761,216	25,945,969,811,456	22,034,264,555,520	29,685,706,653,696	118,317,970	382,329,319	0	0
em-p-ihep51	20260624184209547000000	12	23,152,398,618,624	23,152,656,097,280	14,469,715,524,325	25,154,938,761,216	25,945,969,811,456	22,034,264,555,520	29,685,706,653,696	337,118,877	784,690,385	0	0
em-p-ihep51	20260624184219623000000	11	23,152,398,782,464	23,152,598,355,968	14,467,667,724,790	25,154,938,761,216	25,945,969,811,456	22,034,264,555,520	29,685,706,653,696	453,799,875	951,178,420	0	0
em-p-ihep51	20260624184229630000000	9	23,152,397,594,624	23,152,642,150,400	14,460,170,667,223	25,154,938,761,216	25,945,969,811,456	22,034,264,555,520	29,685,706,653,696	169,358,307	1,157,930,187	0	0
em-p-ihep51	20260624184239706000000	9	23,152,398,675,968	23,152,596,721,664	14,462,873,768,733	25,154,938,761,216	25,945,969,811,456	22,034,264,555,520	29,685,706,653,696	592,596,969	1,020,718,604	0	0
em-p-ihep51	20260624184249774000000	8	23,152,396,193,792	23,152,594,620,416	14,462,786,715,786	25,154,938,761,216	25,945,969,811,456	22,034,264,555,520	29,685,706,653,696	314,774,717	524,146,148	0	0
em-p-ihep51	20260624184259874000000	7	23,152,396,357,632	23,152,594,673,664	14,463,034,409,913	25,154,938,761,216	25,945,969,811,456	22,034,264,555,520	29,685,706,653,696	275,840,250	489,734,787	0	0
em-p-ihep51	20260624184309885000000	8	23,152,397,332,480	23,152,706,998,272	14,464,885,467,284	25,154,938,761,216	25,945,969,811,456	22,034,264,555,520	29,685,706,653,696	199,388,252	536,683,582	0	0
em-p-ihep51	20260624184319940000000	8	23,152,397,496,320	23,152,593,391,616	14,462,511,280,844	25,154,938,761,216	25,945,969,811,456	22,034,264,555,520	29,685,706,653,696	228,879,132	1,056,332,358	0	0
em-p-ihep51	20260624184330034000000	8	23,152,398,688,256	23,152,594,595,840	14,463,854,853,419	25,154,938,761,216	25,945,969,811,456	22,034,264,555,520	29,685,706,653,696	301,417,458	561,097,508	0	0
em-p-ihep51	20260624184340026000000	11	23,152,396,312,576	23,152,653,070,336	14,464,314,748,374	25,154,938,761,216	25,945,969,811,456	22,034,264,555,520	29,685,706,653,696	297,905,258	741,231,451	0	0
em-p-ihep51	20260624184350134000000	9	23,152,394,113,024	23,152,611,840,000	14,464,784,622,834	25,154,938,761,216	25,945,969,811,456	22,034,264,555,520	29,685,706,653,696	112,889,810	1,079,285,520	0	0
em-p-ihep51	20260624184400225000000	8	23,152,394,276,864	23,152,611,835,904	14,463,814,125,591	25,154,938,761,216	25,945,969,811,456	22,034,264,555,520	29,685,706,653,696	147,829,054	666,894,964	0	0
em-p-ihep51	20260624184410328000000	8	23,150,670,761,984	23,150,865,743,872	14,473,398,349,796	25,154,938,761,216	25,945,969,811,456	22,034,264,555,520	29,685,706,653,696	133,194,937	835,193,386	0	0
em-p-ihep51	20260624184420418000000	12	23,151,799,353,344	23,152,316,420,096	14,478,332,841,300	25,154,938,761,216	25,945,969,811,456	22,034,264,555,520	29,685,706,653,696	92,343,354	393,828,907	0	0
em-p-ihep51	20260624184430505000000	7	23,143,160,958,976	23,143,370,190,848	14,461,134,632,933	25,154,938,761,216	25,945,969,811,456	22,034,264,555,520	29,685,706,653,696	114,760,961	397,926,664	0	0
em-p-ihep51	20260624184440514000000	7	23,143,160,852,480	23,143,383,552,000	14,462,444,658,498	25,154,938,761,216	25,945,969,811,456	22,034,264,555,520	29,685,706,653,696	184,666,370	413,220,405	0	0
em-p-ihep51	20260624184450618000000	9	23,143,164,792,832	23,143,403,188,224	14,464,499,126,394	25,154,938,761,216	25,945,969,811,456	22,034,264,555,520	29,685,706,653,696	260,913,438	475,374,340	0	0
em-p-ihep51	20260624184500616000000	10	23,143,163,768,832	23,143,373,275,136	14,467,997,891,591	25,154,938,761,216	25,945,969,811,456	22,034,264,555,520	29,685,706,653,696	616,399,891	982,372,944	0	0
em-p-ihep51	20260624184510702000000	18	23,143,165,284,352	23,143,373,967,360	14,476,984,408,547	25,154,938,761,216	25,945,969,811,456	22,034,264,555,520	29,685,706,653,696	286,849,926	1,096,236,927	0	0
em-p-ihep51	20260624184520801000000	15	23,143,165,177,856	23,143,368,093,696	14,468,236,634,910	25,154,938,761,216	25,945,969,811,456	22,034,264,555,520	29,685,706,653,696	480,317,641	1,562,220,562	0	0
em-p-ihep51	20260624184530896000000	13	23,143,163,990,016	23,143,805,243,392	14,466,208,903,850	25,154,938,761,216	25,945,969,811,456	22,034,264,555,520	29,685,706,653,696	96,805,693	615,984,314	0	0
em-p-ihep51	20260624184540985000000	10	23,143,163,990,016	23,143,365,140,480	14,462,925,524,621	25,154,938,761,216	25,945,969,811,456	22,034,264,555,520	29,685,706,653,696	141,368,803	413,033,195	0	0
em-p-ihep51	20260624184551073000000	9	23,143,165,263,872	23,143,455,592,448	14,462,286,062,335	25,154,938,761,216	25,945,969,811,456	22,034,264,555,520	29,685,706,653,696	246,486,419	800,408,307	0	0
em-p-ihep51	20260624184601158000000	10	23,143,165,276,160	23,143,370,362,880	14,463,827,872,369	25,154,938,761,216	25,945,969,811,456	22,034,264,555,520	29,685,706,653,696	291,400,907	2,000,129,329	0	0
em-p-ihep51	20260624184611255000000	11	23,143,165,095,936	23,143,539,572,736	14,469,821,471,661	25,154,938,761,216	25,945,969,811,456	22,034,264,555,520	29,685,706,653,696	400,793,305	925,054,358	0	0
em-p-ihep51	20260624184621406000000	14	23,143,165,063,168	23,143,366,959,104	14,467,413,314,741	25,154,938,761,216	25,945,969,811,456	22,034,264,555,520	29,685,706,653,696	191,975,145	918,781,373	0	0
em-p-ihep51	20260624184631371000000	15	23,143,163,875,328	23,143,365,984,256	14,465,372,259,215	25,154,938,761,216	25,945,969,811,456	22,034,264,555,520	29,685,706,653,696	411,754,061	1,275,639,602	0	0
em-p-ihep51	20260624184641440000000	14	23,143,166,566,400	23,143,684,038,656	14,466,113,487,392	25,154,938,761,216	25,945,969,811,456	22,034,264,555,520	29,685,706,653,696	197,120,283	779,672,447	0	0
em-p-ihep51	20260624184651539000000	11	23,143,167,918,080	23,143,364,710,400	14,463,301,692,008	25,154,938,761,216	25,945,969,811,456	22,034,264,555,520	29,685,706,653,696	428,167,318	550,230,154	0	0
em-p-ihep51	20260624184701643000000	8	23,143,167,811,584	23,143,359,139,840	14,461,748,433,136	25,154,938,761,216	25,945,969,811,456	22,034,264,555,520	29,685,706,653,696	273,202,995	520,246,283	0	0
em-p-ihep51	20260624184711671000000	8	23,143,019,511,808	23,143,225,159,680	14,462,615,065,905	25,154,938,761,216	25,945,969,811,456	22,034,264,555,520	29,685,706,653,696	207,850,767	777,310,929	0	0
em-p-ihep51	20260624184721756000000	8	23,143,019,511,808	23,143,210,594,304	14,462,715,609,539	25,154,938,761,216	25,945,969,811,456	22,034,264,555,520	29,685,706,653,696	444,875,530	1,123,935,260	0	0
em-p-ihep51	20260624184731835000000	8	23,143,019,405,312	23,143,205,912,576	14,461,567,693,322	25,154,938,761,216	25,945,969,811,456	22,034,264,555,520	29,685,706,653,696	166,411,655	450,012,748	0	0
em-p-ihep51	20260624184741840000000	9	23,143,019,298,816	23,143,204,483,072	14,461,429,199,969	25,154,938,761,216	25,945,969,811,456	22,034,264,555,520	29,685,706,653,696	251,338,554	576,139,062	0	0
em-p-ihep51	20260624184751838000000	8	23,143,019,462,656	23,143,235,969,024	14,459,613,706,093	25,154,938,761,216	25,945,969,811,456	22,034,264,555,520	29,685,706,653,696	362,981,515	1,091,487,164	0	0
em-p-ihep51	20260624184801942000000	9	23,143,016,980,480	23,143,197,511,680	14,458,026,842,257	25,154,938,761,216	25,945,969,811,456	22,034,264,555,520	29,685,706,653,696	148,141,237	1,042,045,853	0	0
em-p-ihep51	20260624184811960000000	10	23,143,016,058,880	23,143,247,228,928	14,465,616,806,247	25,154,938,761,216	25,945,969,811,456	22,034,264,555,520	29,685,706,653,696	404,869,716	544,532,266	0	0
em-p-ihep51	20260624184822039000000	7	23,143,017,140,224	23,143,259,803,648	14,461,171,568,333	25,154,938,761,216	25,945,969,811,456	22,034,264,555,520	29,685,706,653,696	132,538,263	449,590,655	0	0
em-p-ihep51	20260624184832131000000	7	23,143,017,304,064	23,143,243,116,544	14,458,036,023,242	25,154,938,761,216	25,945,969,811,456	22,034,264,555,520	29,685,706,653,696	91,589,815	288,437,950	0	0
em-p-ihep51	20260624184842231000000	8	23,143,017,197,568	23,143,238,410,240	14,461,488,663,330	25,154,938,761,216	25,945,969,811,456	22,034,264,555,520	29,685,706,653,696	311,243,333	593,984,070	0	0
em-p-ihep51	20260624184852231000000	9	23,143,018,438,656	23,143,237,652,480	14,460,945,229,717	25,154,938,761,216	25,945,969,811,456	22,034,264,555,520	29,685,706,653,696	91,561,734	454,732,685	0	0
em-p-ihep51	20260624184902242000000	8	23,143,018,332,160	23,143,256,395,776	14,459,478,842,282	25,154,938,761,216	25,945,969,811,456	22,034,264,555,520	29,685,706,653,696	121,839,646	313,079,676	0	0
em-p-ihep51	20260624184912244000000	11	23,143,018,225,664	23,143,235,792,896	14,465,045,647,492	25,154,938,761,216	25,945,969,811,456	22,034,264,555,520	29,685,706,653,696	118,091,329	1,104,848,676	0	0
em-p-ihep51	20260624184922347000000	10	23,143,018,225,664	23,143,236,481,024	14,475,309,202,867	25,154,938,761,216	25,945,969,811,456	22,034,264,555,520	29,685,706,653,696	247,812,807	1,465,868,854	0	0
em-p-ihep51	20260624184932348000000	10	23,143,020,548,096	23,143,783,161,856	14,459,532,997,661	25,154,938,761,216	25,945,969,811,456	22,034,264,555,520	29,685,706,653,696	364,256,420	1,315,375,800	0	0
em-p-ihep51	20260624184942349000000	8	23,143,020,441,600	23,143,240,187,904	14,460,986,335,081	25,154,938,761,216	25,945,969,811,456	22,034,264,555,520	29,685,706,653,696	123,136,701	409,485,744	0	0
em-p-ihep51	20260624184952346000000	8	23,143,025,577,984	23,143,245,561,856	14,461,775,089,679	25,154,938,761,216	25,945,969,811,456	22,034,264,555,520	29,685,706,653,696	368,166,374	665,939,283	0	0
em-p-ihep51	20260624185002457000000	11	23,143,029,256,192	23,143,249,981,440	14,461,933,165,020	25,154,938,761,216	25,945,969,811,456	22,034,264,555,520	29,685,706,653,696	421,007,325	1,315,274,711	0	0
em-p-ihep51	20260624185012550000000	19	23,143,029,678,080	23,143,952,138,240	14,483,234,532,077	25,154,938,761,216	25,945,969,811,456	22,034,264,555,520	29,685,706,653,696	499,620,166	1,842,123,303	0	0
em-p-ihep51	20260624185022637000000	12	23,143,029,690,368	23,143,256,043,520	14,465,986,274,794	25,154,938,761,216	25,945,969,811,456	22,034,264,555,520	29,685,706,653,696	549,464,575	2,432,003,620	0	0
em-p-ihep51	20260624185032651000000	14	23,142,877,835,264	23,143,105,699,840	14,463,714,191,753	25,154,938,761,216	25,945,969,811,456	22,034,264,555,520	29,685,706,653,696	419,837,143	1,001,667,651	0	0
em-p-ihep51	20260624185042652000000	9	23,142,877,999,104	23,143,109,025,792	14,465,641,482,638	25,154,938,761,216	25,945,969,811,456	22,034,264,555,520	29,685,706,653,696	170,347,136	956,206,023	0	0
em-p-ihep51	20260624185052727000000	7	23,142,876,844,032	23,143,122,235,392	14,462,110,947,391	25,154,938,761,216	25,945,969,811,456	22,034,264,555,520	29,685,706,653,696	261,065,760	805,931,179	0	0
em-p-ihep51	20260624185102733000000	10	23,142,876,811,264	23,143,104,761,856	14,464,060,156,455	25,154,938,761,216	25,945,969,811,456	22,034,264,555,520	29,685,706,653,696	113,841,031	302,154,322	0	0
em-p-ihep51	20260624185112740000000	9	23,142,877,892,608	23,143,107,305,472	14,459,162,478,883	25,154,938,761,216	25,945,969,811,456	22,034,264,555,520	29,685,706,653,696	367,205,714	737,316,289	0	0
em-p-ihep51	20260624185122844000000	11	23,142,895,898,624	23,143,471,448,064	14,464,977,111,093	25,154,938,761,216	25,945,969,811,456	22,034,264,555,520	29,685,706,653,696	783,632,603	1,283,700,539	0	0
em-p-ihep51	20260624185132856000000	9	23,142,912,552,960	23,143,213,600,768	14,464,013,241,270	25,154,938,761,216	25,945,969,811,456	22,034,264,555,520	29,685,706,653,696	272,218,412	817,896,023	0	0
em-p-ihep51	20260624185142953000000	12	23,143,055,831,040	23,143,343,845,376	14,462,016,808,792	25,154,938,761,216	25,945,969,811,456	22,034,264,555,520	29,685,706,653,696	155,538,535	437,960,322	0	0
em-p-ihep51	20260624185153033000000	17	23,143,055,724,544	23,143,832,608,768	14,465,758,759,605	25,154,938,761,216	25,945,969,811,456	22,034,264,555,520	29,685,706,653,696	345,682,190	679,160,021	0	0
em-p-ihep51	20260624185203038000000	15	23,143,055,888,384	23,143,348,867,072	14,458,235,489,960	25,154,938,761,216	25,945,969,811,456	22,034,264,555,520	29,685,706,653,696	273,010,674	1,002,190,281	0	0
em-p-ihep51	20260624185213138000000	15	23,143,055,781,888	23,143,380,729,856	14,461,812,297,385	25,154,938,761,216	25,945,969,811,456	22,034,264,555,520	29,685,706,653,696	369,260,421	1,314,563,373	0	0
em-p-ihep51	20260624185223147000000	9	23,143,054,594,048	23,143,340,519,424	14,462,396,722,643	25,154,938,761,216	25,945,969,811,456	22,034,264,555,520	29,685,706,653,696	431,858,192	375,336,108	0	0
em-p-ihep51	20260624185233226000000	10	23,143,055,953,920	23,143,359,242,240	14,456,200,231,370	25,154,938,761,216	25,945,969,811,456	22,034,264,555,520	29,685,706,653,696	241,547,614	561,152,287	0	0
em-p-ihep51	20260624185243310000000	10	23,143,055,847,424	23,143,341,355,008	14,464,424,408,414	25,154,938,761,216	25,945,969,811,456	22,034,264,555,520	29,685,706,653,696	356,939,791	604,730,845	0	0
em-p-ihep51	20260624185253400000000	10	23,142,605,357,056	23,142,815,920,128	14,458,805,514,250	25,154,938,761,216	25,945,969,811,456	22,034,264,555,520	29,685,706,653,696	106,011,077	290,508,199	0	0
em-p-ihep51	20260624185303479000000	7	23,142,605,520,896	23,143,269,081,088	14,458,191,131,143	25,154,938,761,216	25,945,969,811,456	22,034,264,555,520	29,685,706,653,696	235,484,151	417,250,838	0	0
em-p-ihep51	20260624185313502000000	9	23,142,605,520,896	23,142,821,462,016	14,459,179,570,303	25,154,938,761,216	25,945,969,811,456	22,034,264,555,520	29,685,706,653,696	78,338,529	277,245,351	0	0
em-p-ihep51	20260624185323507000000	9	23,142,604,333,056	23,142,821,093,376	14,461,209,338,392	25,154,938,761,216	25,945,969,811,456	22,034,264,555,520	29,685,706,653,696	98,817,905	1,384,432,709	0	0
em-p-ihep51	20260624185333620000000	8	23,142,605,684,736	23,142,823,915,520	14,456,446,480,821	25,154,938,761,216	25,945,969,811,456	22,034,264,555,520	29,685,706,653,696	92,815,884	965,525,011	0	0
em-p-ihep51	20260624185343705000000	8	23,142,604,496,896	23,142,947,844,096	14,458,931,830,121	25,154,938,761,216	25,945,969,811,456	22,034,264,555,520	29,685,706,653,696	175,611,071	541,366,382	0	0
em-p-ihep51	20260624185353736000000	8	23,142,605,848,576	23,142,807,642,112	14,458,691,371,601	25,154,938,761,216	25,945,969,811,456	22,034,264,555,520	29,685,706,653,696	95,534,188	472,171,818	0	0
em-p-ihep51	20260624185403831000000	8	23,142,605,742,080	23,142,807,670,784	14,458,564,028,141	25,154,938,761,216	25,945,969,811,456	22,034,264,555,520	29,685,706,653,696	262,449,029	482,283,014	0	0
em-p-ihep51	20260624185413917000000	9	23,142,605,635,584	23,142,811,521,024	14,467,156,547,056	25,154,938,761,216	25,945,969,811,456	22,034,264,555,520	29,685,706,653,696	207,852,676	764,096,938	0	0
em-p-ihep51	20260624185424002000000	10	23,142,909,751,296	23,143,101,288,448	14,457,024,999,863	25,154,938,761,216	25,945,969,811,456	22,034,264,555,520	29,685,706,653,696	349,296,296	670,455,575	0	0
em-p-ihep51	20260624185434108000000	12	23,143,594,119,168	23,143,789,776,896	14,460,290,623,039	25,154,938,761,216	25,945,969,811,456	22,034,264,555,520	29,685,706,653,696	183,406,554	341,786,719	0	0
em-p-ihep51	20260624185444245000000	11	23,144,375,119,872	23,144,567,246,848	14,456,415,978,993	25,154,938,761,216	25,945,969,811,456	22,034,264,555,520	29,685,706,653,696	68,524,853	476,681,374	0	0
em-p-ihep51	20260624185454313000000	10	23,144,375,283,712	23,145,103,929,344	14,463,163,131,126	25,154,938,761,216	25,945,969,811,456	22,034,264,555,520	29,685,706,653,696	304,823,130	1,070,889,028	0	0
em-p-ihep51	20260624185504383000000	10	23,143,325,253,632	23,143,520,305,152	14,458,648,845,113	25,154,938,761,216	25,945,969,811,456	22,034,264,555,520	29,685,706,653,696	348,167,574	853,700,833	0	0
em-p-ihep51	20260624185514491000000	16	23,143,324,065,792	23,143,519,440,896	14,474,884,074,824	25,154,938,761,216	25,945,969,811,456	22,034,264,555,520	29,685,706,653,696	228,341,374	960,316,987	0	0
em-p-ihep51	20260624185524585000000	15	23,143,323,455,488	23,143,548,293,120	14,458,285,409,612	25,154,938,761,216	25,945,969,811,456	22,034,264,555,520	29,685,706,653,696	201,957,315	683,094,325	0	0
em-p-ihep51	20260624185534690000000	11	23,143,323,348,992	23,143,517,212,672	14,461,000,565,322	25,154,938,761,216	25,945,969,811,456	22,034,264,555,520	29,685,706,653,696	240,187,892	463,767,600	0	0
em-p-ihep51	20260624185544682000000	10	23,143,323,348,992	23,143,518,703,616	14,459,943,736,072	25,154,938,761,216	25,945,969,811,456	22,034,264,555,520	29,685,706,653,696	159,551,851	542,286,339	0	0
em-p-ihep51	20260624185554778000000	9	23,143,323,242,496	23,143,516,172,288	14,454,793,390,385	25,154,938,761,216	25,945,969,811,456	22,034,264,555,520	29,685,706,653,696	342,499,368	660,573,765	0	0
em-p-ihep51	20260624185604873000000	11	23,143,323,406,336	23,143,554,818,048	14,459,607,994,923	25,154,938,761,216	25,945,969,811,456	22,034,264,555,520	29,685,706,653,696	208,734,816	722,027,534	0	0
em-p-ihep51	20260624185614968000000	12	23,143,323,406,336	23,143,516,827,648	14,461,894,264,171	25,154,938,761,216	25,945,969,811,456	22,034,264,555,520	29,685,706,653,696	378,857,160	1,105,554,478	0	0
em-p-ihep51	20260624185624970000000	14	23,143,323,344,896	23,143,764,455,424	14,458,177,315,279	25,154,938,761,216	25,945,969,811,456	22,034,264,555,520	29,685,706,653,696	232,342,020	2,375,064,672	0	0
em-p-ihep51	20260624185635068000000	12	23,143,323,205,632	23,144,010,670,080	14,461,705,630,058	25,154,938,761,216	25,945,969,811,456	22,034,264,555,520	29,685,706,653,696	271,325,681	652,895,387	0	0
em-p-ihep51	20260624185645076000000	16	23,143,404,470,272	23,143,518,093,312	14,460,746,309,661	25,154,938,761,216	25,945,969,811,456	22,034,264,555,520	29,685,706,653,696	312,706,706	505,412,486	0	0
em-p-ihep51	20260624185655088000000	14	23,143,404,470,272	23,143,599,276,032	14,460,845,532,400	25,154,938,761,216	25,945,969,811,456	22,034,264,555,520	29,685,706,653,696	111,025,506	502,581,216	0	0
em-p-ihep51	20260624185705189000000	9	23,143,404,363,776	23,143,598,292,992	14,458,753,190,126	25,154,938,761,216	25,945,969,811,456	22,034,264,555,520	29,685,706,653,696	225,952,868	342,115,964	0	0
em-p-ihep51	20260624185715192000000	8	23,143,404,527,616	23,143,730,896,896	14,457,640,658,736	25,154,938,761,216	25,945,969,811,456	22,034,264,555,520	29,685,706,653,696	88,166,536	717,811,292	0	0
em-p-ihep51	20260624185725187000000	10	23,143,404,421,120	23,143,600,955,392	14,459,397,738,036	25,154,938,761,216	25,945,969,811,456	22,034,264,555,520	29,685,706,653,696	120,563,939	711,552,048	0	0
em-p-ihep51	20260624185735191000000	10	23,143,404,314,624	23,143,616,974,848	14,457,888,835,193	25,154,938,761,216	25,945,969,811,456	22,034,264,555,520	29,685,706,653,696	324,692,602	1,010,465,627	0	0
em-p-ihep51	20260624185745302000000	11	23,143,404,371,968	23,143,607,644,160	14,459,135,630,921	25,154,938,761,216	25,945,969,811,456	22,034,264,555,520	29,685,706,653,696	118,314,428	850,056,745	0	0
em-p-ihep51	20260624185755297000000	10	23,143,403,184,128	23,143,627,853,824	14,460,727,969,915	25,154,938,761,216	25,945,969,811,456	22,034,264,555,520	29,685,706,653,696	137,207,750	293,531,149	0	0
em-p-ihep51	20260624185805303000000	11	23,143,404,535,808	23,143,627,685,888	14,459,654,772,304	25,154,938,761,216	25,945,969,811,456	22,034,264,555,520	29,685,706,653,696	97,917,974	274,775,762	0	0
em-p-ihep51	20260624185815295000000	12	23,143,404,429,312	23,143,625,768,960	14,461,315,188,886	25,154,938,761,216	25,945,969,811,456	22,034,264,555,520	29,685,706,653,696	122,587,713	341,054,949	0	0
em-p-ihep51	20260624185825299000000	8	23,143,404,322,816	23,144,119,357,440	14,455,196,445,730	25,154,938,761,216	25,945,969,811,456	22,034,264,555,520	29,685,706,653,696	138,650,081	266,080,716	0	0
em-p-ihep51	20260624185835310000000	9	23,143,405,674,496	23,143,634,632,704	14,456,318,541,971	25,154,938,761,216	25,945,969,811,456	22,034,264,555,520	29,685,706,653,696	194,926,472	392,856,472	0	0
em-p-ihep51	20260624185845396000000	11	23,143,404,380,160	23,143,627,522,048	14,460,391,760,635	25,154,938,761,216	25,945,969,811,456	22,034,264,555,520	29,685,706,653,696	234,342,318	575,894,132	0	0
em-p-ihep51	20260624185855495000000	12	23,143,404,544,000	23,143,641,362,432	14,458,862,571,380	25,154,938,761,216	25,945,969,811,456	22,034,264,555,520	29,685,706,653,696	314,225,949	854,228,068	0	0
em-p-ihep51	20260624185905579000000	10	23,143,404,437,504	23,143,628,820,480	14,457,748,302,856	25,154,938,761,216	25,945,969,811,456	22,034,264,555,520	29,685,706,653,696	350,998,757	1,764,136,775	0	0
em-p-ihep51	20260624185915671000000	12	23,146,209,525,760	23,146,397,999,104	14,470,610,522,702	25,154,938,761,216	25,945,969,811,456	22,034,264,555,520	29,685,706,653,696	507,534,021	1,464,626,358	0	0
em-p-ihep51	20260624185925754000000	11	23,143,457,492,992	23,143,882,780,672	14,454,824,746,258	25,154,938,761,216	25,945,969,811,456	22,034,264,555,520	29,685,706,653,696	236,713,536	838,514,650	0	0
em-p-ihep51	20260624185935849000000	9	23,141,363,052,544	23,141,603,508,224	14,453,848,201,184	25,154,938,761,216	25,945,969,811,456	22,034,264,555,520	29,685,706,653,696	111,171,450	364,844,313	0	0
em-p-ihep51	20260624185945958000000	8	23,141,363,052,544	23,141,591,666,688	14,459,311,978,945	25,154,938,761,216	25,945,969,811,456	22,034,264,555,520	29,685,706,653,696	644,340,688	785,146,999	0	0
em-p-ihep51	20260624185956028000000	9	23,142,455,996,416	23,142,670,073,856	14,456,037,463,245	25,154,938,761,216	25,945,969,811,456	22,034,264,555,520	29,685,706,653,696	273,579,864	376,057,458	0	0
